animal,session,roi_id,plane,n_trials,carma_suite_r,raw_consistency_r,carma_raw_bg_r,suite_raw_neu_r,carma_raw_corrected_r,suite_raw_corrected_r,carma_snr,suite_snr,raw_snr,carma_removed_std_fraction,suite_removed_std_fraction,carma_bg_npix,suite_neu_npix,roi_npix,suite_minus_carma_snr,suite_better_snr
112,112_D1,1,1,5,0.9951124065134292,1.0,0.1694562897550906,0.1108876607134909,0.9924240659348594,0.995971111619022,3.1536422683146585,3.008406063718856,3.17305164199673,0.1232075701888364,0.0896762602443927,1178.0,470.0,33.0,-0.1452362045958026,0
112,112_D1,2,1,5,0.9985298269469683,1.0,0.0671839394079395,0.0408215353370821,0.9967896716558332,0.99796856244208,3.6316225105579223,3.476289855423058,3.4296107643815024,0.0815688027591272,0.0638439326464452,1124.0,398.0,14.0,-0.1553326551348646,0
112,112_D1,3,1,5,0.9979488106301408,1.0,0.116812808587842,0.0851071533250794,0.9963934644599128,0.9982714446390132,3.2262268669420964,3.1383263819939464,3.107566640145241,0.0854963552423046,0.0588119147942886,1216.0,390.0,11.0,-0.0879004849481499,0
112,112_D1,4,1,5,0.998074896704275,1.0,0.0367027310055564,0.0102049588769022,0.9967489391318718,0.9981653284360604,3.318349258930115,3.353517081221112,3.3725551627289927,0.080970739584098,0.0615343987406743,1178.0,378.0,9.0,0.035167822290997,1
112,112_D1,5,1,5,0.998569135716443,1.0,0.111651806810308,0.1025041409234863,0.9958199377976666,0.9955386055093264,3.061117905930154,3.0076761791854043,3.1810177127934955,0.0913571622536784,0.094358263864597,1095.0,530.0,52.0,-0.0534417267447495,0
112,112_D1,6,1,5,0.9965629061226184,1.0,0.1386406474938745,0.0965091009816692,0.9921043039189428,0.9943036693309404,3.1327622062186595,3.3204653322555013,3.4520064388901064,0.1257781789690884,0.1065850658611312,1064.0,437.0,25.0,0.1877031260368418,1
112,112_D1,7,1,5,0.9917478984752238,1.0,0.1650218255481662,0.2097878411240105,0.9885951622677188,0.9928596284312444,3.142895593634039,2.976501835733651,3.132118490689307,0.1515983248087684,0.1192895645112381,1155.0,440.0,25.0,-0.166393757900388,0
112,112_D1,8,1,5,0.99553240985372,1.0,0.1398455952930655,0.0756956436174254,0.9924539829422137,0.996338775252825,3.118172931538409,3.287646704022368,3.0387412758517187,0.1226361830763336,0.0859498072965264,1128.0,445.0,23.0,0.1694737724839585,1
112,112_D1,9,1,5,0.997287409798615,1.0,0.0575423925369836,0.0423629275356635,0.993499721568182,0.9950902719787332,3.4287079036231263,3.457041813448001,3.599308214336698,0.1138490794261277,0.0996276996027261,1142.0,500.0,44.0,0.0283339098248749,1
112,112_D1,10,1,5,0.9966199978977464,1.0,0.083793003678276,0.1110420020302688,0.9911993289052572,0.9920325420809796,3.0645722740406627,2.945862203936219,2.970192640772924,0.132536107734221,0.1259998855101932,1151.0,490.0,39.0,-0.1187100701044436,0
112,112_D1,11,1,5,0.9975970179420732,1.0,0.4310692460554548,0.3946536523917399,0.9954189659543774,0.9969132938126122,3.728586782595941,3.7560938739332217,3.902197201971928,0.0978254763387051,0.0817603317275639,1068.0,566.0,76.0,0.0275070913372812,1
112,112_D1,12,1,5,0.9974804320616956,1.0,0.2119714725138343,0.1658629281606501,0.9943704154850986,0.9933217161161586,3.276143323872596,3.366316242345499,2.9219566705706272,0.1067606662263202,0.115527702458082,1046.0,430.0,23.0,0.0901729184729029,1
112,112_D1,13,1,5,0.9985791685827454,1.0,0.0482507521323575,0.0368370251689925,0.9969437567664042,0.997791822523173,3.31323422176521,3.355315099022568,3.044914740754621,0.078362377714011,0.0664481167376039,1027.0,492.0,43.0,0.0420808772573577,1
112,112_D1,14,1,5,0.999241713193872,1.0,0.1973825896478453,0.2317714440895852,0.9989666635490482,0.999074196412994,3.249653795127116,3.404164408464519,3.409342401612013,0.047446306385521,0.0439739414271307,1149.0,520.0,52.0,0.1545106133374032,1
112,112_D1,15,1,5,0.9983915606390852,1.0,0.1299578702448106,0.0737855103617894,0.9977494578592948,0.9976774294274506,3.2123862539237438,3.355985959516047,3.3195915725331746,0.067086683231649,0.0681473467055358,1098.0,406.0,15.0,0.1435997055923037,1
112,112_D1,16,1,5,0.9993242022189538,1.0,0.0310458121244992,0.1158991283514016,0.9981290813060693,0.9986200757139766,3.59780348686354,3.737366652078783,3.683770464308101,0.0612970529442678,0.0526225927428162,957.0,621.0,8.0,0.1395631652152431,1
112,112_D1,17,1,5,0.9970347659386712,1.0,0.1054965758961045,0.0794570082438928,0.994541888745224,0.99492217809193,3.1237460713833607,3.142056774054778,3.091924039213194,0.1045035507704979,0.1012776899488654,996.0,468.0,36.0,0.0183107026714171,1
112,112_D1,18,1,5,0.9975554837090996,1.0,0.1171761285892751,0.1712782222478072,0.9957194852864916,0.9967932264345688,3.193528052644795,2.892968029637162,3.3206768040724364,0.0924269601526635,0.0803603947772391,1165.0,450.0,26.0,-0.300560023007633,0
112,112_D1,19,1,5,0.9978011838307768,1.0,0.1806713872865105,0.1772804527459477,0.9967401711142008,0.996939595620172,3.193769879293828,3.3133080144850062,3.2249307286331925,0.0810910249210237,0.0786959884821068,1099.0,396.0,17.0,0.1195381351911781,1
112,112_D1,20,2,5,0.9981907280819896,1.0,0.0263824915040976,-0.0823475561164104,0.9978328574897356,0.9973922254734352,3.255144736752383,3.2457180718166314,3.2522560233193483,0.0661384304915236,0.0727794271220555,1200.0,420.0,22.0,-0.0094266649357517,0
112,112_D1,21,2,5,0.9985370652731316,1.0,0.0231269607650412,-0.0019392082704673,0.9973314789936352,0.9976631113873592,3.020069410485655,3.110847496209482,3.109989096662134,0.0730593000716375,0.0702750477598534,1218.0,400.0,14.0,0.0907780857238269,1
112,112_D1,22,2,5,0.998267676510929,1.0,0.0905803609781901,0.1238144209272415,0.995391345263838,0.995871331293222,3.553701685751843,3.5907991288308403,3.369422846301676,0.096036557536365,0.0913805457317306,1185.0,450.0,30.0,0.0370974430789972,1
112,112_D1,23,2,5,0.9966460932316396,1.0,0.341545571392313,0.3622325856902882,0.9919667495504096,0.996390124559304,3.4330035046350806,3.552135646937189,4.032002795468977,0.1296732622187177,0.0884780793004075,1198.0,430.0,22.0,0.1191321423021083,1
112,112_D1,24,2,5,0.9899486229530718,1.0,0.0996558133686834,0.150215427304815,0.987617521488562,0.9939572777332968,3.2944359452751404,3.2762116224874664,3.079846542595604,0.1571425524163135,0.1102408175454665,1192.0,440.0,24.0,-0.0182243227876739,0
112,112_D1,25,2,5,0.999246326915932,1.0,0.0869848883360686,0.1999333712417219,0.9986349527953988,0.9985340123153552,4.075927234078872,4.235389667538084,4.332417565250066,0.0522641861990634,0.0542938138537829,1186.0,440.0,26.0,0.159462433459212,1
112,112_D1,26,2,5,0.9985353038432324,1.0,0.1167408932007892,0.0785505202067871,0.9975711031538232,0.9974468608967992,2.981118555634923,3.039073499437533,3.126515382768154,0.0696587355630627,0.0714144312845094,1185.0,440.0,27.0,0.0579549438026103,1
112,112_D1,27,2,5,0.9990827337731768,1.0,-0.0992965823126301,-0.0411694884234025,0.997883390339372,0.998829325804585,3.754289014805465,3.976100698391365,3.974802957824173,0.065608537506016,0.0483923038616834,1141.0,510.0,47.0,0.2218116835859005,1
112,112_D1,28,2,5,0.999071871149529,1.0,-0.0395884424939892,-0.0085090638816394,0.9979026606419502,0.9978589115170904,3.6431770604574862,3.787271933801489,3.8723221141606095,0.0677150137588958,0.0682423653151409,1153.0,480.0,39.0,0.1440948733440028,1
112,112_D1,29,2,5,0.9986860288090036,1.0,0.2509060925785679,0.1652916559159652,0.9976155379981276,0.99775319349681,3.4686070353293683,3.571791368737576,3.7136342628907735,0.0694427005387332,0.0673264614887656,1122.0,451.0,32.0,0.1031843334082074,1
112,112_D1,30,2,5,0.9987610006530192,1.0,0.1382793653528375,0.1213445894077318,0.9972798175761962,0.9972623082071532,3.40597548150164,3.3776578994751945,3.389557325296166,0.0747989097942975,0.0741028721530206,1157.0,450.0,30.0,-0.0283175820264451,0
112,112_D1,31,2,5,0.9985457695323018,1.0,0.1163306458403115,0.1526956755038667,0.998071848535929,0.99787949695787,3.312777900896654,3.151844408061418,3.0918732244023697,0.0622773626065306,0.065088624483061,1120.0,399.0,19.0,-0.1609334928352357,0
112,112_D1,32,2,5,0.9984575508680162,1.0,0.0743204762344079,-0.0822938694463206,0.99743820636917,0.9968682526431132,2.800951407668646,2.825601706279872,2.653339226166048,0.0716754252024865,0.0795847824849903,1216.0,390.0,13.0,0.0246502986112262,1
112,112_D1,33,2,5,0.9985652817486051,1.0,0.1087986636129675,0.0271887656353841,0.9974663048437512,0.9972834902829668,3.4271766944834927,3.2017588293413266,3.464134181894916,0.0718423930291461,0.0744092316358305,1117.0,470.0,32.0,-0.2254178651421661,0
112,112_D1,34,2,5,0.9991051105295188,1.0,-0.0176723727177253,-0.0585998595845622,0.9984183977473252,0.99824512950303,2.877914430337161,3.096027522963072,2.902908999312553,0.0568458269507846,0.060363211476443,1196.0,430.0,20.0,0.2181130926259107,1
112,112_D1,35,2,5,0.9986618510613264,1.0,-0.0379707096825312,0.0821538424478055,0.9978651690728632,0.9980999186670196,3.177450451768877,3.065965354493165,3.168324835984524,0.0656579995735003,0.0616785398114678,1158.0,430.0,22.0,-0.1114850972757119,0
112,112_D1,36,3,5,0.9976587800145562,1.0,0.0611275025331545,0.050696457093068,0.9971948655824024,0.9958491090221566,3.3333831740436044,3.441450283022137,3.3557359697371054,0.0748562618569536,0.0912842053388903,1188.0,400.0,16.0,0.1080671089785325,1
112,112_D1,37,3,5,0.9983164149640932,1.0,0.1131791863136034,0.0574770802841833,0.9966042171472248,0.9964185536154354,2.95029825510676,3.0737336031057154,2.917017642956667,0.0824246766953109,0.0847146128607802,1146.0,433.0,23.0,0.1234353479989551,1
112,112_D1,38,3,5,0.9981453926794902,1.0,0.0459659071251494,0.0179444821113943,0.9973366598668804,0.9974785211512516,3.521522727591424,3.2248347734393774,3.589597023346349,0.0729621269936305,0.0719101150105373,1146.0,392.0,13.0,-0.2966879541520462,0
112,112_D1,39,3,5,0.9979972215147268,1.0,0.0748899718333728,0.1034795983343624,0.9969371594991184,0.9966805287419308,3.3967467652780665,3.410898635829624,3.4491031677707813,0.0794368221429699,0.0849408892147255,1027.0,380.0,18.0,0.0141518705515575,1
112,112_D1,40,3,5,0.9968594367267116,1.0,0.0643568594952678,0.0585636831342221,0.9932797401647884,0.9956207451475492,2.951326171003985,3.1698857291072926,3.065022755763484,0.1164489792919886,0.0935481564579357,1046.0,449.0,38.0,0.2185595581033075,1
112,112_D1,41,3,5,0.9972039053466945,1.0,0.1179325323852274,0.0824691881508028,0.9954703026189538,0.9952759451299386,3.5583019617343568,3.43592278797537,3.59444855858516,0.1029491054719744,0.099892346386206,977.0,425.0,29.0,-0.1223791737589867,0
112,112_D1,42,3,5,0.9957542023443372,1.0,0.1182380498363484,0.064693662563626,0.9900291616275328,0.9902088045451792,3.4648000728420367,3.2929605570915426,3.1397506885566377,0.1435864550842551,0.1399420403318234,1136.0,540.0,58.0,-0.1718395157504941,0
112,112_D1,43,3,5,0.9964064543720942,1.0,0.2091753158770853,0.324150437030376,0.9928902071922564,0.9945695984996092,3.427628897182692,3.4786313754921627,3.4985751116342705,0.1238079620108899,0.1069027351179611,1115.0,457.0,36.0,0.0510024783094706,1
112,112_D1,44,3,5,0.9983685287594828,1.0,0.3257739745860755,0.3206614030444089,0.9951670989826372,0.995809429663285,3.806707069133735,4.199739522604503,4.193009321350324,0.1016924030527459,0.1069929825801824,1127.0,490.0,40.0,0.3930324534707679,1
112,112_D1,45,3,5,0.99804040276839,1.0,0.0914488669101039,0.1056188236671747,0.9966070370467236,0.9960459896930616,3.187755071672788,3.3921233954335808,3.220469520480705,0.0834710994190184,0.0896284797089731,1169.0,420.0,17.0,0.2043683237607934,1
112,112_D1,46,3,5,0.9973245337741778,1.0,0.0435349561595177,0.1210093816052857,0.9922772695115064,0.99569876362177,4.359427833288101,4.466090211975726,4.647552071887219,0.1265178035573949,0.0926509455357422,1123.0,520.0,57.0,0.1066623786876252,1
112,112_D1,47,3,5,0.9967962618797176,1.0,0.1496220308865527,0.1418380851101968,0.995356656827601,0.996629296931386,2.793695631968317,2.8330100030118524,2.849313525506029,0.0967519129670432,0.0826799469265757,1206.0,410.0,18.0,0.0393143710435355,1
112,112_D1,48,3,5,0.9979039411723956,1.0,0.1843574799595392,0.1714643599232644,0.9947931921063432,0.9974577686530592,3.4582113349407813,3.285604979335385,3.3703543923659454,0.1022690418768957,0.0719284019668458,1091.0,493.0,43.0,-0.1726063556053958,0
112,112_D1,49,3,5,0.9969828830918978,1.0,-0.0711756822029914,-0.0224071441237155,0.9934568414380344,0.9951817305748412,3.3294204683327253,3.4440511740925333,3.486457648831842,0.1143127579632459,0.0981698776482556,1095.0,463.0,29.0,0.1146307057598079,1
112,112_D1,50,3,5,0.9970946486793312,1.0,0.1037383921417029,0.136963679345286,0.9945245626947102,0.9957989089893702,3.615144279455437,3.5179765991120715,3.4368751040329117,0.1073308358093079,0.0934473930845846,1193.0,440.0,25.0,-0.0971676803433649,0
112,112_D1,51,3,5,0.9975539242075157,1.0,0.1900655297394398,0.181570047578832,0.9958292411767315,0.9957355297693308,3.1402442888726143,3.2174955570928714,3.3884008343595604,0.0921915804339044,0.093597621325438,1182.0,470.0,34.0,0.077251268220257,1
112,112_D1,52,3,5,0.993590006958736,1.0,0.2625535578214839,0.2425487187523828,0.9884341080760474,0.9919240283065152,2.943822488445057,3.0237875824031097,3.0702445837802594,0.1526318049180242,0.1278455989329137,1181.0,480.0,33.0,0.0799650939580529,1
112,112_D1,53,3,5,0.9971204871047078,1.0,-0.0018935595189924,-0.0329653531156987,0.9954433774864644,0.9953348356918664,3.205286846369824,3.074597058371996,3.209413027750163,0.0953712840816472,0.0972969010395878,1058.0,456.0,32.0,-0.1306897879978281,0
112,112_D1,54,3,5,0.9984229922588708,1.0,0.028340264247476,0.0168873107973191,0.9975308989090272,0.9974316650809468,3.381755510879537,3.419898750396549,3.436313136817269,0.0702637178332785,0.071732202671833,1118.0,432.0,21.0,0.0381432395170118,1
112,112_D1,55,3,5,0.9980397562225256,1.0,-0.0244475487186205,-0.0669736774437486,0.9974225378145024,0.9974183529328988,3.3028380833450384,3.267985786437376,3.317517970302826,0.072031181528625,0.0721342402988882,1126.0,422.0,21.0,-0.0348522969076623,0
112,112_D1,56,3,5,0.99735414220032,1.0,0.0611645876668757,0.0511150334724408,0.9960506657825792,0.9963360828289236,3.5654711416073783,3.474262568549696,3.294320934955203,0.0888981267597248,0.0858802849699197,1167.0,500.0,35.0,-0.0912085730576826,0
112,112_D1,57,4,5,0.9989307122189918,1.0,-0.0771657296996822,0.0002042390826382,0.9986456116625816,0.9986234419807076,3.3738741104379364,3.296736808272896,3.3768532235852757,0.0523030003567572,0.0525238243264695,1149.0,380.0,11.0,-0.0771373021650405,0
112,112_D1,58,4,5,0.9968070543658476,1.0,-0.0134561914863643,0.0948066063703502,0.99540432623201,0.9950263241147924,3.3664259710787463,3.4778481209374776,3.4709512575356225,0.095795377048514,0.099612570469312,1168.0,480.0,40.0,0.1114221498587313,1
112,112_D1,59,4,5,0.9980689668933584,1.0,0.0858516902695108,0.0817074996011347,0.996736251583592,0.9964058135223705,3.137988218754709,3.099157557178821,3.0199317170124287,0.0807280442080944,0.0847080602982768,1148.0,450.0,27.0,-0.0388306615758877,0
112,112_D1,60,4,5,0.9965783898658686,1.0,0.1388503542324212,0.1206456300413449,0.9925764219663586,0.9926234729795128,3.547273576171821,3.4546231012788278,3.4323131190232177,0.121668404408248,0.1212379730968067,1120.0,470.0,34.0,-0.0926504748929937,0
112,112_D1,61,4,5,0.996985414218099,1.0,0.0786694858892027,0.0913533843262413,0.993862118327444,0.9962224367804994,3.0435896530386968,3.28561106862512,3.254683802844477,0.1119966133872516,0.0869559791659517,1117.0,420.0,19.0,0.2420214155864228,1
112,112_D1,62,4,5,0.9974588463176236,1.0,0.0397350672703022,0.0155882742198139,0.9925062213981768,0.9941613625749398,3.202151216266607,3.17220488134343,3.1910557103130883,0.1230159773055554,0.108367121625013,1171.0,490.0,36.0,-0.0299463349231769,0
112,112_D1,63,4,5,0.9980195871289856,1.0,0.1581588170446035,0.1171367042292062,0.9941355040467852,0.994732414442014,3.4685680811794746,3.562645567886727,3.307593939239677,0.1082794604941859,0.1025168315486369,1206.0,420.0,17.0,0.0940774867072522,1
112,112_D1,64,4,5,0.9919678849721624,1.0,0.070598344660966,0.2373392089826469,0.9868061502236104,0.9911087078826674,2.969787303089084,3.059920548860082,2.997523479799134,0.170907621886762,0.1361922565812227,1172.0,460.0,37.0,0.0901332457709975,1
112,112_D1,65,4,5,0.9926955037654958,1.0,0.0709547732175493,0.0657308118382975,0.9800381003770974,0.98955573330298,3.2751646770760114,3.450685190850248,3.4715302655465856,0.1989622360586199,0.1442255176619153,1143.0,520.0,56.0,0.1755205137742366,1
112,112_D1,66,4,5,0.9964559047558116,1.0,0.0362089457030284,0.0185742729896932,0.9916225898263832,0.9940358641277992,3.1055857249339374,2.9835048678100837,3.1763153424262227,0.1292953028431546,0.1095037262479067,1165.0,500.0,37.0,-0.122080857123854,0
112,112_D1,67,4,5,0.9977934495712594,1.0,0.1177207098815738,0.024124217839919,0.9968734871454622,0.9969021468782292,3.0648093917498587,3.1945846770488364,3.271140525968215,0.079074055357593,0.0788684691716932,1153.0,394.0,14.0,0.1297752852989777,1
112,112_D1,68,4,5,0.997023796032669,1.0,0.0832464695650487,0.0593959619012886,0.994685280754307,0.9954288447496183,3.4277848246422926,3.19675293924848,3.2120504419916447,0.104603861687903,0.0956413299805537,1145.0,434.0,25.0,-0.2310318853938127,0
112,112_D1,69,4,5,0.9960121076901562,1.0,-0.010736649530018,0.0383057960974938,0.9907650943209144,0.9945743881452204,3.2349593024701497,3.113084753769096,3.113531195406689,0.1370626773220972,0.1045053683238251,1084.0,477.0,39.0,-0.1218745487010535,0
112,112_D1,70,4,5,0.9974655196999918,1.0,0.1173236640136601,0.1677307740316832,0.9930803783744356,0.9948374553111832,3.312419120854087,3.396374719662684,3.5110814146668425,0.1202827070450712,0.1052974440672365,1079.0,477.0,42.0,0.0839555988085969,1
112,112_D1,71,4,5,0.9940323965137324,1.0,0.1031554680587877,0.0671639398372911,0.9885682101541357,0.991249597925232,3.417793353013065,3.544400946845657,3.2516310755680413,0.1508482182507421,0.1332258842016127,1115.0,450.0,27.0,0.1266075938325923,1
112,112_D1,72,4,5,0.997463959875858,1.0,0.1514630086487174,0.1535283223747231,0.99377561486093,0.99508952021592,3.6870154307604026,3.684465920638559,3.892262263615121,0.1182429604812073,0.1039369676701287,1099.0,480.0,38.0,-0.002549510121844,0
112,112_D1,73,4,5,0.9977684758748728,1.0,0.0583847117148956,0.0709341681991296,0.9960977037491588,0.995973461544495,3.911443668510222,3.852207214838221,3.954241073521296,0.088445746040487,0.0900357326560062,1058.0,480.0,36.0,-0.0592364536720011,0
112,112_D1,74,4,5,0.9952071420269332,1.0,0.1234659299860694,0.0158849230417118,0.9915076980552912,0.9956026646777232,3.9159360570950414,3.748851829629891,3.600233488482835,0.1319283026455868,0.0966398585409568,1161.0,490.0,38.0,-0.1670842274651502,0
112,112_D1,75,4,5,0.996939617685036,1.0,0.0300422817570098,-0.0062493566919263,0.993914474921742,0.9954978247017504,3.4557579373148397,3.2114862806933018,3.0890841951647183,0.110523602978705,0.0973312174383291,1057.0,516.0,50.0,-0.2442716566215375,0
112,112_D1,76,4,5,0.9984459814947032,1.0,-0.0917343115775842,-0.0561394521438472,0.9967395984122456,0.9973351504566236,3.185886687488643,2.955667313037499,3.096375735006837,0.0806907074860274,0.0735692193506262,1051.0,488.0,43.0,-0.2302193744511438,0
112,112_D1,77,4,5,0.9984759068622064,1.0,0.1085021075381368,-0.0135225621033681,0.9975103415453492,0.9968964345207524,3.1418582190688387,3.172844914586774,3.458303658739548,0.0706356058560631,0.079139014951433,1183.0,460.0,30.0,0.0309866955179352,1
112,112_D1,78,5,5,0.999073307812543,1.0,0.1151610230959752,0.1179987203686288,0.9985950208068366,0.9977590150764202,3.024108914484374,3.099009922306368,3.0268921624002334,0.0530937582348368,0.0682176746540079,1216.0,390.0,12.0,0.0749010078219938,1
112,112_D1,79,5,5,0.9970590447784315,1.0,0.0367616895671504,0.0573968370351065,0.9917837279480196,0.9950198896001688,3.938369613282793,3.910963688322188,4.002825740596001,0.127925933608726,0.1028880943208731,1118.0,419.0,19.0,-0.0274059249606049,0
112,112_D1,80,5,5,0.9964479239555516,1.0,0.1437927479039969,0.1712437417410225,0.9933259974243356,0.9947440956629024,3.626468262565052,3.579346778084864,3.639638052295456,0.1154104175450181,0.1044605800478997,1148.0,460.0,31.0,-0.0471214844801886,0
112,112_D1,81,5,5,0.9976508601200864,1.0,0.3813067460323243,0.272352845174988,0.9936243775594588,0.992622204177293,3.305041224214861,3.30315626198267,3.368216804102214,0.1205688538890257,0.1219131792628028,1116.0,477.0,36.0,-0.0018849622321908,0
112,112_D1,82,5,5,0.9960919183882958,1.0,0.1253832685527236,0.1267795809417497,0.9893293325326556,0.9896836286768104,3.4875481990843564,3.487391541825868,3.5490043035011025,0.1459467314023603,0.1435920786949529,1156.0,510.0,48.0,-0.0001566572584885,0
112,112_D1,83,5,5,0.997556902519223,1.0,0.1581287556646301,0.1707983159726033,0.995063643314292,0.9959707065394598,3.314706642028646,3.327396128816306,3.402548851375812,0.101100077077732,0.0897105218413922,1081.0,428.0,20.0,0.0126894867876599,1
112,112_D1,84,5,5,0.9993241842444324,1.0,0.5994619277301736,0.7205064165560998,0.9974313952075896,0.9968396910907262,3.749158222785922,3.600583150217777,3.791774556986873,0.0865618550732805,0.1089613987401697,1165.0,490.0,39.0,-0.1485750725681449,0
112,112_D1,85,5,5,0.997193691390634,1.0,0.1551345326661184,0.1128291141055022,0.9943312829546193,0.9956260116449012,2.894766307507598,2.800338526813148,2.891585187979251,0.1067596594439609,0.09412813196239,1131.0,459.0,34.0,-0.09442778069445,0
112,112_D1,86,5,5,0.9965487531486832,1.0,0.2211561533832266,0.1036931071485152,0.9904721189415348,0.9931292310108556,4.4400766785223,4.184610981402434,4.574414160735411,0.1382106010234332,0.1170307573093939,1142.0,540.0,53.0,-0.2554656971198659,0
112,112_D1,87,5,5,0.99796416689894,1.0,0.2399019048365868,0.2560517245633141,0.9940807069741622,0.995747816665783,3.514307775643116,3.4460694873700826,3.5155772095397424,0.1086456711772136,0.0934013175368633,1133.0,540.0,63.0,-0.0682382882730334,0
112,112_D1,88,5,5,0.9982379325663926,1.0,0.3753480568758302,0.3260315764474661,0.995059374102506,0.9921216467224794,3.693078151761792,3.581432339420766,3.8631495501970536,0.1057371416822282,0.1331583455311914,1204.0,410.0,20.0,-0.1116458123410253,0
112,112_D1,89,5,5,0.9981544693789356,1.0,0.010431092922579,0.0070965489744348,0.996729072209554,0.9962957101940166,3.642263549182537,3.421173812877333,3.522299170079345,0.0810839012657164,0.0872637660864211,1172.0,390.0,12.0,-0.2210897363052044,0
112,112_D1,90,5,5,0.9981785748714772,1.0,0.1095106086974684,0.1123809519273908,0.9954805071772318,0.9955467866208332,3.218663756738592,3.185383615319915,3.3050912958733503,0.0954848214292505,0.0946073966847043,1079.0,393.0,14.0,-0.0332801414186771,0
112,112_D1,91,5,5,0.9963111277052058,1.0,0.1259111254045312,0.1328368582123008,0.9931655743449236,0.9955265458190544,2.998631604024824,3.068233381964377,3.171631477255516,0.1178884903632771,0.0967061286690538,1180.0,420.0,17.0,0.0696017779395532,1
112,112_D1,92,5,5,0.9975939170839676,1.0,0.1370647717187343,0.1695521027339899,0.9938171737609006,0.993342902829276,3.7246565144697983,3.68053135570663,3.66167428406239,0.1114593276754516,0.1157885989578646,1082.0,462.0,23.0,-0.0441251587631681,0
112,112_D1,93,5,5,0.9965532804388172,1.0,0.0760001556139857,-0.0168402435517329,0.991620896098846,0.993165962521714,3.2384780834789044,3.262905507500367,3.3830542410167177,0.1314985719026203,0.1187725672925633,1167.0,490.0,37.0,0.0244274240214625,1
112,112_D1,94,5,5,0.9948288703097792,1.0,-0.0147533053035892,0.0858289527561676,0.9847545290897745,0.9921927532749846,3.5079853784976693,3.4864998162100838,3.583503931383767,0.1767177504420337,0.1255356025339762,1117.0,490.0,39.0,-0.021485562287586,0
112,112_D1,95,5,5,0.997615941809336,1.0,0.1302555850596673,0.1132011504249436,0.9960719074496068,0.9967455696964768,3.819560236125431,3.8763494367145257,3.557934867465333,0.0890409909276028,0.0812512590319615,1174.0,470.0,36.0,0.0567892005890948,1
112,112_D1,96,5,5,0.9978765205794612,1.0,0.1883601085018022,0.1378312895395715,0.9952667161378774,0.9956544505490914,3.136186452601619,2.966491692595996,3.007161080722291,0.0975680338889847,0.0939879519532784,1174.0,440.0,26.0,-0.1696947600056231,0
112,112_D1,97,5,5,0.995413832747488,1.0,0.156247623008593,0.2472420738098405,0.9905105343930936,0.9932846388958744,2.703626626708411,2.900459437954791,2.8647580988417887,0.1385210986962384,0.1170835867816657,1131.0,550.0,62.0,0.1968328112463804,1
112,112_D1,98,6,5,0.9985036315975504,1.0,0.196679598079814,0.2476320344484322,0.996665040248876,0.9964880975684564,3.758471869361194,3.9967567569959535,3.320084015436458,0.087228213482558,0.0900496404423942,1113.0,494.0,47.0,0.2382848876347596,1
112,112_D1,99,6,5,0.9987310543861168,1.0,0.0632181713857552,0.0928859921533733,0.9962847849405824,0.996393390307826,3.1873774171786184,3.222632581606723,3.363573918829953,0.0990819123467212,0.0971423657589236,1192.0,450.0,23.0,0.0352551644281047,1
112,112_D1,100,6,5,0.9983600104723525,1.0,0.0423323250442354,0.0295701175028646,0.99637873720051,0.9967568159165816,3.0963413919723037,3.041079856954426,2.9982577111464384,0.0852821090036562,0.0855051423659093,1092.0,390.0,14.0,-0.0552615350178773,0
112,112_D1,101,6,5,0.9963704084721504,1.0,0.0376741296958407,0.0639698567831562,0.9911650493598054,0.9914978331881208,3.4092851230065664,3.4782355394276503,3.471778070223754,0.134213247618004,0.1317477437309993,1151.0,450.0,29.0,0.0689504164210839,1
112,112_D1,102,6,5,0.997686798491191,1.0,0.0468072828349655,0.0385649448495042,0.9952446671971944,0.9941979565389728,3.077316369376376,3.0043602729110024,3.1893242153484427,0.0975321446232816,0.107823961923398,1108.0,398.0,19.0,-0.0729560964653734,0
112,112_D1,103,6,5,0.9981336701689072,1.0,0.3102394397400806,0.2703874897313914,0.9941768380916356,0.995369116419692,3.6371110575586063,3.5795198351785507,3.7408452048605567,0.1106468748522373,0.0984670085042755,1093.0,508.0,49.0,-0.0575912223800556,0
112,112_D1,104,6,5,0.9974788659500912,1.0,0.1423123152299329,0.1730966998674747,0.9915574562193707,0.9910843074765502,3.779417874897331,3.727151646684245,3.81201229728712,0.1297465145398635,0.1333153359849308,1157.0,440.0,21.0,-0.0522662282130865,0
112,112_D1,105,6,5,0.9963726811194656,1.0,0.1557658510516139,0.1147889629605181,0.9880349985784048,0.9929171170993089,3.5994317861828438,3.5995667256351704,3.742314997672495,0.1586276428298585,0.1189192746225129,1157.0,500.0,46.0,0.0001349394523271,1
112,112_D1,106,6,5,0.9951959707695638,1.0,0.22764339530934,0.2179787632139021,0.9861016867242816,0.9907094836624284,3.469826304150794,3.279423405252428,3.541334558921001,0.1664704313102716,0.1366825054654563,1162.0,490.0,46.0,-0.1904028988983666,0
112,112_D1,107,6,5,0.9945315365445364,1.0,0.1511004482968017,0.1497183682039407,0.9794917307594342,0.9871815849669092,3.3914426653796355,3.599619024407354,3.524072839040933,0.2017486585483636,0.1596091079206006,1058.0,529.0,57.0,0.2081763590277185,1
112,112_D1,108,6,5,0.9957274702432722,1.0,0.1536010689028762,0.1398001880605018,0.9894352140984052,0.9921184246283572,2.822455195064636,2.9510621106989694,3.2009297355938746,0.1449812279828738,0.1253068998316142,1094.0,479.0,38.0,0.1286069156343332,1
112,112_D1,109,6,5,0.9976585009859212,1.0,0.2731140538551097,0.1519114677898446,0.9932842032002496,0.9938736992200322,3.286925743852473,3.4508303825761866,3.463698401108183,0.1159851443170531,0.1115543287745348,1200.0,430.0,20.0,0.163904638723713,1
112,112_D1,110,6,5,0.9984871516309116,1.0,0.1689217492884503,0.0404322058856544,0.9965508262796632,0.995551961785828,3.3954771843375946,3.249359810860112,3.146906334435357,0.0840043072069245,0.0944513513749012,1199.0,430.0,21.0,-0.1461173734774825,0
112,112_D1,111,6,5,0.997761996120738,1.0,0.0975904909883053,0.1446310860889671,0.9953567286688988,0.9958238184077,3.3263560888144035,3.424371452177746,3.327379248463559,0.0974058495649767,0.0917034343633478,1165.0,490.0,43.0,0.0980153633633431,1
112,112_D1,112,7,5,0.998511321739296,1.0,0.0795204116989118,0.0447226251981801,0.9974279069002036,0.997430951875364,3.116993174875376,3.316333981791118,3.117540971195265,0.0729887199139311,0.0729723393866353,1185.0,390.0,13.0,0.199340806915742,1
112,112_D1,113,7,5,0.9972933096665362,1.0,0.1744535233419137,0.1887784831195854,0.9950137139061918,0.9961099848149012,3.312223018205827,3.350629745214915,3.159707774722142,0.1039814841788526,0.0885575326473183,1152.0,470.0,33.0,0.0384067270090882,1
112,112_D1,114,7,5,0.9955466001940332,1.0,-0.0169762934076984,-0.0056278281274004,0.9899737601365372,0.9921928696541756,3.342774159234693,3.186108841025769,3.328265443352864,0.1434903422270679,0.1263578787316661,1191.0,440.0,23.0,-0.1566653182089239,0
112,112_D1,115,7,5,0.9982708531014676,1.0,0.0991662355952045,0.1578146122425199,0.995305765315728,0.9939711231636496,3.358513360343866,3.4473917013807447,3.50671203770002,0.0968196838939794,0.1103951019315483,1207.0,400.0,15.0,0.0888783410368785,1
112,112_D1,116,7,5,0.9989005397560676,1.0,0.0768489364231116,0.1042363446769529,0.9979518495349272,0.9970719940233104,3.150831345097117,3.1248645686694685,3.17117382915835,0.0658571106765426,0.078928307824328,1203.0,400.0,15.0,-0.0259667764276483,0
112,112_D1,117,7,5,0.9975705078154676,1.0,0.0126849977327105,0.1027849860022154,0.9947535814633992,0.9944445398340248,3.8905095145452,3.86185355572559,3.785078833794605,0.1025164925230424,0.1053515814642158,1170.0,490.0,41.0,-0.0286559588196095,0
112,112_D1,118,7,5,0.9968415192576864,1.0,0.1241641413974399,0.0569662890274225,0.9929611266621898,0.9938603878078132,3.3060096598231903,3.239753167075585,3.35423022302174,0.1184588778191921,0.1108021870180945,1140.0,530.0,58.0,-0.066256492747605,0
112,112_D1,119,7,5,0.9976679695360496,1.0,0.0226462590326526,-0.0227574261044652,0.9939829410897626,0.9928925034892816,3.0613495065040213,3.1436132513816157,2.9344413803731184,0.1099518572327741,0.1206199098009973,1193.0,450.0,23.0,0.082263744877594,1
112,112_D1,120,7,5,0.9975804382169512,1.0,-0.0474143627905555,-0.065829688773088,0.9917808403031428,0.9926155566286562,3.26014340842209,3.413054448383248,3.2736563936409104,0.127992123447202,0.1213730238771329,1191.0,430.0,25.0,0.1529110399611579,1
112,112_D1,121,7,5,0.9990098617467528,1.0,0.3161104997199339,0.2043572185620015,0.9979875910648662,0.997567573588624,3.910920339744096,3.949995143999914,3.823758395952993,0.0669721727736456,0.0746680220628849,1168.0,420.0,20.0,0.0390748042558177,1
112,112_D1,122,7,5,0.9964248238818404,1.0,0.0741138307241233,0.1334931395349413,0.989433599413094,0.9931889816410526,3.5466718499310783,3.279500714873256,3.163551143505672,0.1450471408777281,0.1165316403621749,1094.0,530.0,58.0,-0.2671711350578225,0
112,112_D1,123,8,5,0.99766453483226,1.0,0.122993316442389,0.0940349620549781,0.9960799759482968,0.9962551158460422,3.2997862136582228,3.28224470858847,3.320427386423572,0.0898938608722075,0.0865522063816264,1015.0,398.0,15.0,-0.0175415050697527,0
112,112_D1,124,8,5,0.9965097110946568,1.0,0.1305194162579901,0.1134539275847767,0.9934193972919864,0.9947316321925868,3.2667401064908126,3.1570641052939554,3.3128261475670624,0.114548265121658,0.1026502122231749,1089.0,459.0,28.0,-0.1096760011968571,0
112,112_D1,125,8,5,0.9951937159119384,1.0,0.0345455196917418,0.0164016135734633,0.9865503218523962,0.9915195878298384,2.9996638900091264,3.1150631083676354,3.2267152258345537,0.1653003166933843,0.1302988419268849,1142.0,520.0,52.0,0.115399218358509,1
112,112_D1,126,8,5,0.9951789367666416,1.0,0.1132044332500928,0.0441300237240098,0.9909875623957508,0.9946605748054992,3.4865112136197176,3.495363996123491,3.2693664569610377,0.134148716898412,0.1032407653884361,1164.0,480.0,38.0,0.0088527825037734,1
112,112_D1,127,8,5,0.9981850714640288,1.0,0.009819658880612,-0.0478661290545278,0.9956591203816824,0.9956676723877552,3.0234675050323125,2.9792411308702573,3.1084011625797063,0.0931618341788393,0.0958449653659355,1219.0,390.0,13.0,-0.0442263741620552,0
112,112_D1,128,8,5,0.9987689110845912,1.0,0.1842770850434793,0.2635974533821884,0.9955751362243028,0.9920779322930184,3.408182761791348,3.3175594237935573,3.442256834887078,0.1023885532428019,0.1336567369680294,1206.0,410.0,18.0,-0.0906233379977905,0
112,112_D1,129,8,5,0.9958369016664446,1.0,0.2033131903107126,0.1860569656897546,0.989790074536456,0.9911459377448764,3.73586035815234,3.70178702013064,3.678509903686245,0.1441338108700595,0.1339470242472335,1154.0,500.0,51.0,-0.0340733380216993,0
112,112_D1,130,8,5,0.998707869833368,1.0,0.1968823237274297,0.1852783392411434,0.9982530916865132,0.9965577344016402,2.9551936549901767,3.020833484237027,3.177578107172295,0.0598613979688186,0.0850844160557642,1203.0,390.0,13.0,0.0656398292468503,1
112,112_D1,131,9,5,0.997061938495226,1.0,0.1225640999753578,0.0897774826088111,0.9954074535187668,0.995970054934982,3.070819413017868,2.915730588361064,3.041566699822979,0.0966534470568172,0.0898032943795155,1081.0,400.0,15.0,-0.1550888246568038,0
112,112_D1,132,9,5,0.9962003714284215,1.0,0.0392371725143635,-0.0033375254201669,0.9918947513940888,0.9927957646202736,2.9749234630101267,3.1747345116968715,3.296045203545936,0.1292344941117881,0.120720703365557,1163.0,450.0,27.0,0.1998110486867448,1
112,112_D1,133,9,5,0.995270703197336,1.0,0.1923473958243577,0.2080189016738445,0.9875287178838242,0.9866902848909008,3.069063364136017,2.9919699818888867,2.8527963690768963,0.1608536495500341,0.1627846223769834,1167.0,480.0,39.0,-0.0770933822471304,0
112,112_D1,134,9,5,0.9967227817867838,1.0,0.0974664142391019,0.0699986262476814,0.9949738298909266,0.9961922972506406,3.292582583620194,3.0417531303954446,3.136420971251224,0.1021408572235423,0.0884526250561034,1164.0,450.0,26.0,-0.2508294532247492,0
112,112_D1,135,9,5,0.998652814070578,1.0,0.3104109520497383,0.295390063340441,0.996005791898729,0.9969376794726102,3.6025692001611573,3.640873819889803,3.717868555762192,0.0961754096971344,0.0822709252347699,1091.0,540.0,55.0,0.0383046197286458,1
112,112_D1,136,9,5,0.9988901938103336,1.0,0.2154544071707194,0.234169328712319,0.9951476146839624,0.9952888831404452,3.631957593101161,3.636758223809244,3.553284406678822,0.1095034023517683,0.1071258007058612,976.0,453.0,32.0,0.0048006307080825,1
112,112_D1,137,9,5,0.9964559912930612,1.0,0.2336128268991477,0.1966101894187733,0.9829558741913496,0.9880818086269204,3.4230640494533224,3.503559805291633,3.256328474762457,0.2013946117690515,0.1636390229122472,1161.0,500.0,44.0,0.080495755838311,1
112,112_D1,138,10,5,0.9963710461658936,1.0,0.1050362189963049,0.0601823711086004,0.9914698445060288,0.9945257136150945,3.6862163111498014,3.703333855781868,3.818959171113359,0.1308626365850468,0.1044922246405129,1084.0,480.0,36.0,0.0171175446320659,1
112,112_D1,139,10,5,0.9961311872087354,1.0,0.08650554176365,-0.0274533459344134,0.9931213020094642,0.9931201723843756,3.1138098121909854,2.979697724865285,2.892374801828266,0.1170956024567621,0.1178740451870993,1174.0,470.0,34.0,-0.1341120873257004,0
112,112_D1,140,10,5,0.9987316778673244,1.0,0.1339333012370505,0.1118632636110551,0.9952083064766596,0.9946325511696432,3.3076458444743397,3.293947458065559,3.517376497718643,0.1001112827542374,0.1057075646277683,1210.0,400.0,13.0,-0.0136983864087802,0
112,112_D1,141,10,5,0.9975000297956024,1.0,0.0324816601836046,-0.0110824022603023,0.9947780355528328,0.9943804489105452,3.2599149222824737,3.2594337463175527,3.3476558269104006,0.1023861381625383,0.1069775940815851,1212.0,400.0,14.0,-0.000481175964921,0
112,112_D1,142,10,5,0.995157345077567,1.0,0.2510074665169436,0.2555218132111735,0.9836062271364704,0.9859495736680188,3.5808996338258368,3.5546231573319984,3.7937464435606527,0.1853655311424639,0.1680030610013324,1120.0,439.0,27.0,-0.0262764764938383,0
112,112_D1,143,10,5,0.995711866271132,1.0,0.2772034059825762,0.2168610529701092,0.9855927783346394,0.9909568198918888,3.2331253840188743,3.2627609193018907,3.139996892080645,0.1697494960976737,0.1371505941587097,1058.0,436.0,23.0,0.0296355352830164,1
112,112_D1,144,10,5,0.9928524718567656,1.0,0.3013081652308763,0.379050776230334,0.9864949853074956,0.9916087126888068,3.3221554977803907,3.418061636824109,3.551514125176644,0.1641792431811304,0.1351693416268036,1047.0,517.0,50.0,0.0959061390437185,1
112,112_D1,145,11,5,0.9975930748562462,1.0,0.1311825963960592,0.0138975638815256,0.993960711693392,0.9947211143109306,2.97574731175796,3.1571872503042604,3.232441972616892,0.109942422693934,0.1031252790613978,1210.0,400.0,12.0,0.1814399385463003,1
112,112_D1,146,12,5,0.9967311076591692,1.0,0.0710274466873924,-3.842413150037375e-05,0.9928210124210434,0.9927989335727334,3.4914252225568045,3.699392707558159,3.378271225564904,0.1197521383436858,0.121145661851537,1166.0,490.0,39.0,0.2079674850013542,1
112,112_D1,147,12,5,0.9977611672774812,1.0,0.2112283764940221,0.2034264549125795,0.9932890827763672,0.9927040703014292,3.228504934487729,3.347916732047442,3.560751715460497,0.1218776711755503,0.1257371999731468,1160.0,510.0,43.0,0.1194117975597128,1
112,112_D1,148,12,5,0.9957030821643436,1.0,0.0256722439500132,-0.050673343223235,0.9931345591904068,0.9924167932571056,3.351259439386452,3.2524309339654414,3.2227313120924794,0.117001705833995,0.1252096883697926,1198.0,430.0,22.0,-0.0988285054210105,0
112,112_D1,149,12,5,0.9960974199676308,1.0,0.0772006709007362,0.1259556782897529,0.9839428187509094,0.986323260459508,3.001248443830624,3.174469462378968,2.9667100861920668,0.1797114695484162,0.1648632367681521,1024.0,438.0,23.0,0.1732210185483444,1
112,112_D1,150,12,5,0.9975687877936812,1.0,0.0435167206120839,-0.1032512217117391,0.9945691537061588,0.9954962916041744,3.189280874687345,3.128518183525867,3.066528063791028,0.1043230640019296,0.0953643869746586,1107.0,440.0,21.0,-0.0607626911614778,0
113,113_D1,1,1,5,0.9998743887464564,1.0,0.1489355543940719,0.1655931930247411,0.9998940321730818,0.9998744433143396,4.208207301860332,4.149065510371394,4.250457068120241,0.0146911656271436,0.0162006237272557,1191.0,450.0,29.0,-0.0591417914889378,0
113,113_D1,2,1,5,0.9957898826932317,1.0,0.1371846429202484,0.0404906534603115,0.9915333867612854,0.9931445499011118,3.1923513645756905,3.077769727295302,3.276656135988193,0.1302203349038097,0.1170250505963254,1120.0,593.0,65.0,-0.1145816372803882,0
113,113_D1,3,1,5,0.9974850062239756,1.0,-0.0426942047569133,-0.0008746539181862,0.997448078571597,0.9967220073945116,3.463017047464365,3.603573201623752,3.557535189597319,0.0716924634651312,0.0809497938407054,1216.0,400.0,13.0,0.1405561541593871,1
113,113_D1,4,1,5,0.9962749350712492,1.0,-0.0713580285813727,-0.0505206999190455,0.9948591892304448,0.9940242579950924,3.110524997998962,3.022315734883079,3.2836989823003075,0.103499133770988,0.1105702659184697,1200.0,420.0,21.0,-0.0882092631158828,0
113,113_D1,5,1,5,0.994480276716773,1.0,0.0675328476888717,0.0646106470783761,0.9944675088745628,0.9941624032758032,3.16339413533496,3.302259151266982,3.190394558548233,0.1051770743928784,0.1081315218723842,1126.0,437.0,23.0,0.1388650159320219,1
113,113_D1,6,1,5,0.9981160824999196,1.0,0.0478958790478182,0.0323750583114532,0.9973779557852092,0.9982342101011272,3.1312327353337324,3.158577267535388,2.911755755734577,0.0734580258081231,0.0596957369823298,1053.0,473.0,41.0,0.027344532201655,1
113,113_D1,7,1,5,0.9995376830526944,1.0,0.0753131102337093,0.0406291914344833,0.9991908007223108,0.9986568734505512,3.363973332916647,3.185430158125498,3.5477676360942447,0.0414675861671097,0.0527771528189174,985.0,436.0,25.0,-0.178543174791149,0
113,113_D1,8,1,5,0.9993763274671004,1.0,0.0522316872997995,-0.0366641619440268,0.999119807833312,0.9992921235952132,3.790823837904376,3.9289979862759874,3.748980743079037,0.0419499237715774,0.0377014962541333,992.0,365.0,14.0,0.1381741483716112,1
113,113_D1,9,1,5,0.9961166250041232,1.0,0.1176015234804832,0.0121540949136868,0.9943515937992288,0.993600156582598,3.2356473339553227,3.232139139074091,3.1399655007064955,0.1062505816867206,0.1136236368577468,1148.0,500.0,42.0,-0.0035081948812316,0
113,113_D1,10,1,5,0.9985475414379624,1.0,0.0898831781762261,0.0458644318698215,0.9983357951029584,0.9970544645860656,3.0821565356152,3.0316103451247174,3.124830809573925,0.0580208365826361,0.0780197441898797,1186.0,450.0,28.0,-0.0505461904904822,0
113,113_D1,11,1,5,0.995571850623928,1.0,0.0419885494963304,0.0715606924280212,0.9941222981827552,0.9956837778425032,3.4324060902476115,3.435020221459997,3.549867511525896,0.1277960338622546,0.0929092808782477,1058.0,529.0,62.0,0.0026141312123857,1
113,113_D1,12,1,5,0.9989633342193464,1.0,0.1781057829759331,0.0372273662976123,0.9976964633327496,0.9975870508178524,4.163269414196175,4.09774616700618,4.072109882933991,0.0687107336949671,0.0695425777260568,985.0,477.0,40.0,-0.0655232471899944,0
113,113_D1,13,1,5,0.9974936965972504,1.0,0.0868284293402081,-0.0175619701391146,0.9970862843942592,0.9980064276569922,2.9691278347421526,3.0102547510816904,3.117162422866817,0.0771056599838123,0.0658143109597311,1053.0,438.0,24.0,0.0411269163395378,1
113,113_D1,14,1,5,0.993108213394872,1.0,-0.023601288242889,-0.0075831252030121,0.9887324662768316,0.9932185450084838,3.502386245953692,3.464579037730618,3.225256194064384,0.1519846928771894,0.1179317785978604,1191.0,430.0,22.0,-0.0378072082230742,0
113,113_D1,15,1,5,0.9947395488486048,1.0,0.1499710270087194,0.0731010601557778,0.9941097541591728,0.9943226563033906,3.219257327495174,3.1473716905574087,3.18186219069203,0.1083786461550568,0.1065406920481343,1181.0,440.0,24.0,-0.0718856369377651,0
113,113_D1,16,1,5,0.9899324619842816,1.0,0.0933919894454883,-0.0279180092092421,0.9876711063123648,0.9935176170967532,3.52980640953471,3.524431072772782,3.441379379778321,0.1568609930384283,0.1175340719511035,990.0,432.0,25.0,-0.005375336761928,0
113,113_D1,17,1,5,0.9961156535206682,1.0,0.0040871344692359,-0.0007347681883476,0.9942596151275848,0.996328285700804,3.50691110288853,3.680603614616983,3.846697746189824,0.1069983727207341,0.0859647893499267,1135.0,430.0,24.0,0.1736925117284533,1
113,113_D1,18,1,5,0.9994359102617738,1.0,0.0070976093375242,0.0354118356551876,0.998829207417504,0.9984985726870492,3.707829455146831,3.642164649736647,3.670211560319947,0.0484170446832247,0.0548470869614626,1148.0,520.0,46.0,-0.0656648054101842,0
113,113_D1,19,1,5,0.999362850709552,1.0,0.1751745368246251,0.0415428350648271,0.999249542902054,0.9990279963532464,3.06178891518684,3.057316878981785,3.150428892243858,0.0396765055628052,0.0443715686518201,1167.0,450.0,33.0,-0.0044720362050552,0
113,113_D1,20,1,5,0.9958818682399672,1.0,-0.0113230145558309,0.030706217224646,0.9938919814181472,0.9939901167252908,3.1723251031490154,3.075293126497748,3.187177756519528,0.1108059906847215,0.1111486895064995,1165.0,460.0,29.0,-0.0970319766512677,0
113,113_D1,21,1,5,0.9952451508224202,1.0,0.0208768032995805,0.0083120963782165,0.9952845153192272,0.996434034620714,3.3506420250639515,3.393996293150352,3.5155526813665894,0.0974316366068274,0.0861595903252943,1208.0,400.0,14.0,0.0433542680864,1
113,113_D1,22,1,5,0.9986153327558503,1.0,0.1037898872146069,0.130402720696864,0.9977783454759674,0.9951150560230902,3.306410480358464,3.2313315460852463,3.180165296205777,0.0666675053501131,0.0987821684517091,1188.0,440.0,26.0,-0.0750789342732178,0
113,113_D1,23,1,5,0.998643974172638,1.0,0.0288819918161165,0.1206964166844341,0.9975827844362966,0.9977312371202314,2.8178851296994414,2.951964568328011,2.6803267772198613,0.0701391106831586,0.0674198297654454,1171.0,490.0,33.0,0.1340794386285697,1
113,113_D1,24,1,5,0.9995070842275748,1.0,0.0283192841026566,0.0468474680531186,0.9993581218467632,0.9992401537332508,3.7101639619277145,3.722413522993806,3.804877978491081,0.0361110674126508,0.0392295226631148,1145.0,470.0,32.0,0.0122495610660915,1
113,113_D1,25,1,5,0.9995732016346088,1.0,0.1022454800298259,0.024741483456118,0.9994582689269862,0.9994129177882763,3.317954537627142,3.2707982581694623,3.176584866441256,0.0339458088612747,0.0347014461749643,1150.0,490.0,36.0,-0.0471562794576798,0
113,113_D1,26,1,5,0.9974939655805158,1.0,0.0295971702021907,-0.0492843845334038,0.9971869560140372,0.9989648685233016,3.1240079331137167,3.198717575391393,3.1003071632651387,0.0750852210460825,0.0457954997412353,1060.0,436.0,24.0,0.0747096422776762,1
113,113_D1,27,1,5,0.9998743925123916,1.0,0.0770451867593542,0.0549614666077898,0.9998521115354636,0.9998100014030572,3.095288483995338,3.189209480986547,3.174112693466266,0.0173337709741471,0.0195048756890854,1165.0,470.0,33.0,0.0939209969912089,1
113,113_D1,28,1,5,0.9968012515413984,1.0,0.0330573809615229,-0.0388438181822768,0.9963524766865536,0.998621738494824,3.1203433325133285,3.337454358487131,3.323153191013641,0.0855318269216359,0.0528228910575912,1059.0,432.0,24.0,0.2171110259738022,1
113,113_D1,29,1,5,0.9968666919890692,1.0,0.02876129362103,-0.0394989235753655,0.9961844725215728,0.9956519166905656,3.769046635790382,3.8688581379628415,3.5099072110269502,0.0873443685153173,0.0939792547426306,1119.0,470.0,35.0,0.0998115021724594,1
113,113_D1,30,1,5,0.999710507474434,1.0,-0.0677198148993299,0.0439241323962815,0.9997612664943738,0.9995083412760444,3.276667457423721,3.2463577597749773,3.1828469903766874,0.0219377594505196,0.0317245764642816,1058.0,431.0,27.0,-0.0303096976487435,0
113,113_D1,31,1,5,0.997509669562708,1.0,-0.0299812861603813,-0.002001059892526,0.9969337714129294,0.9956874013389384,3.1850569672717066,3.257221110129361,3.1314725336126656,0.0793256088212034,0.0945067732346257,1121.0,470.0,37.0,0.0721641428576544,1
113,113_D1,32,1,5,0.9999018428621008,1.0,-0.0519371636159619,0.024073883283456,0.9998672810047768,0.9998311394365816,3.0906587001530714,3.1852534753001844,3.04053312852919,0.0163908326746358,0.0183921408018348,1176.0,470.0,33.0,0.094594775147113,1
113,113_D1,33,2,5,0.9910091666092417,1.0,0.0218289251629096,0.0064454506936858,0.9897979766147422,0.9979204999048208,3.19939174102921,3.1534932839617897,3.1784519242604143,0.1425243562677275,0.0646966959039363,1165.0,480.0,39.0,-0.0458984570674201,0
113,113_D1,34,2,5,0.9962946955798614,1.0,0.015060976486938,0.0951832111225594,0.994875896432151,0.992647070270584,3.2115416753196357,3.02996981640367,3.269001172735932,0.101480585174364,0.1282210383989494,1180.0,460.0,30.0,-0.1815718589159654,0
113,113_D1,35,2,5,0.996704186687387,1.0,0.0196680420667072,0.1048474285158994,0.9955645699838624,0.9952815226669316,3.071165605430466,3.1154438710640737,3.189772870841002,0.0948802006413053,0.0970991226529708,1192.0,440.0,25.0,0.0442782656336078,1
113,113_D1,36,2,5,0.999111735354838,1.0,0.124696147675761,0.0812412534490318,0.998748410718706,0.9977880328870472,3.342921305803837,3.342575735080529,3.324460321012247,0.0501426412124979,0.0664831583595612,1188.0,450.0,28.0,-0.0003455707233079,0
113,113_D1,37,2,5,0.997677045091008,1.0,0.1456728855713382,0.0339105340505427,0.9971068794213656,0.9965301629939348,3.28684292755315,3.3643065707861357,3.253297717274303,0.0793704353261613,0.0842383385053046,1214.0,380.0,10.0,0.0774636432329853,1
113,113_D1,38,2,5,0.998645451430744,1.0,-0.0349215467583409,-0.0451279708713255,0.9985468162921608,0.997696293256802,3.30073332960532,3.493232485814681,3.205139256549307,0.0543256852096638,0.0680499530429936,1188.0,370.0,8.0,0.1924991562093612,1
113,113_D1,39,2,5,0.9989924879966748,1.0,0.0552993001516751,0.0323528682624258,0.9985542536131508,0.9982327940426656,3.3160612283202524,3.234690741784155,3.188217567730936,0.0540133413767199,0.0597396238523636,1164.0,460.0,33.0,-0.0813704865360973,0
113,113_D1,40,2,5,0.994748040576412,1.0,0.038249575806726,0.0578394993977531,0.9927657210515466,0.9918544503204584,3.354024791368313,3.568409331105191,3.658909295160422,0.1227333972383442,0.1304247665038868,1168.0,480.0,40.0,0.2143845397368782,1
113,113_D1,41,2,5,0.999353233790354,1.0,0.1282482705582343,0.0572248028486496,0.9992629754873544,0.99946953484561,3.518706606797135,3.303544925578391,3.363262427049701,0.0385429832337246,0.0325845507869959,1020.0,444.0,34.0,-0.2151616812187442,0
113,113_D1,42,2,5,0.999724295224011,1.0,0.1328833390195003,0.1228168641475311,0.9996038931739252,0.9994692220415806,3.351692279020801,3.3523660619190347,3.362681789996135,0.0284315733699245,0.0326525665488889,1167.0,490.0,37.0,0.0006737828982337,1
113,113_D1,43,2,5,0.9992779953976748,1.0,-0.134789420097789,0.0227387533762346,0.9991653495355536,0.998819506866177,3.217092038521255,3.478930010908036,3.2537194787118278,0.0415876828348317,0.0530384754304943,1183.0,460.0,31.0,0.2618379723867807,1
113,113_D1,44,2,5,0.9979114625606268,1.0,0.0628343710545724,0.061615705242509,0.997813084292126,0.9973665777205648,2.8189497124877385,2.8081453414913886,2.959828860536303,0.0662971180713267,0.0725501404923811,1088.0,442.0,29.0,-0.0108043709963498,0
113,113_D1,45,2,5,0.999301027620996,1.0,-0.0666695876432183,-0.017755094496678,0.999141860571017,0.9992427431517706,3.3624219830694497,3.274822261069425,3.2384253737934587,0.04149697577208,0.0389719587002444,1071.0,434.0,25.0,-0.0875997220000242,0
113,113_D1,46,2,5,0.9968513806282456,1.0,-0.0276973313335423,0.0016486185171678,0.9951593454071608,0.9949382583083308,3.3495127011336105,3.2869741540283357,3.3792090666941355,0.0989583815802995,0.1009174235610794,1060.0,464.0,29.0,-0.0625385471052752,0
113,113_D1,47,3,5,0.9972977097281648,1.0,-0.0834516302459777,-0.0966235834614817,0.9972578393758954,0.9969147205065896,3.5596040931797903,3.5230297838843976,3.528522583157885,0.0744672699183113,0.0794429018187022,1118.0,390.0,14.0,-0.0365743092953927,0
113,113_D1,48,3,5,0.9999400015744324,1.0,0.2082795634574469,0.1808938270568172,0.9999132154157888,0.9999122483685228,4.371699061020442,4.38177002603846,4.428926814588217,0.0132216117249313,0.0136547338392246,1150.0,440.0,24.0,0.0100709650180181,1
113,113_D1,49,3,5,0.9973950311604232,1.0,-0.0703247263563539,-0.0009211754315711,0.9970210600661056,0.995280461075455,3.290527453199648,3.04347983725154,3.3506800293389416,0.0775569366968622,0.0974196886168871,1158.0,420.0,19.0,-0.2470476159481078,0
113,113_D1,50,3,5,0.9970657284520088,1.0,-0.0347875742045925,0.0138993522855415,0.9967333202348674,0.9952436215464248,3.282209953634651,3.340126676281037,3.37237403685972,0.0821534245538516,0.0977270503333074,1113.0,388.0,15.0,0.0579167226463863,1
113,113_D1,51,3,5,0.9984717657241878,1.0,0.0740332104228231,0.0122754240627136,0.9978292863077016,0.9968532899931714,2.951672660816052,3.2058893839764626,2.996489783757574,0.0673370508949295,0.080259536606886,1170.0,390.0,10.0,0.2542167231604106,1
113,113_D1,52,3,5,0.9994294119994668,1.0,-0.2583440055877345,-0.135879074362234,0.9993738219624628,0.999076216180102,3.998897587994093,4.179105008642129,4.040231993050629,0.0390591224285239,0.0436734535275353,1128.0,421.0,24.0,0.1802074206480362,1
113,113_D1,53,3,5,0.9966197425489662,1.0,0.0947350091122132,0.1058532858191185,0.9948044534489202,0.9957892167796386,3.0770600649712305,3.204115114797068,2.932182608764264,0.1024093952286443,0.0923173219698612,1158.0,410.0,14.0,0.1270550498258376,1
113,113_D1,54,3,5,0.995335733359581,1.0,-0.0684261443739327,-0.0237463062763818,0.9956283228474,0.995527912464103,3.0550040350880447,3.0680396874379547,2.9461216378013706,0.0946431499024102,0.0954558351223801,1122.0,408.0,19.0,0.0130356523499099,1
113,113_D1,55,3,5,0.9983013590863612,1.0,0.0716939055937755,-0.0581932677923002,0.9979281010210148,0.9963863548209636,3.785038494334251,3.747609962399048,3.713711788111205,0.0643424430740696,0.0856093891456009,1132.0,448.0,31.0,-0.0374285319352036,0
113,113_D1,56,3,5,0.9972819089760716,1.0,0.0025926027742312,0.0206226659726395,0.9937477953117968,0.9946204480725032,3.674847931886605,3.7390276209483098,3.766889115676416,0.1126618787955005,0.1057193545870583,1124.0,431.0,26.0,0.0641796890617043,1
113,113_D1,57,3,5,0.9995342910044894,1.0,-0.0340486137177971,-0.0547799565889647,0.9992964414907458,0.9991523789904984,3.750569381757402,3.6852623701971496,3.844966793507252,0.0387565400004261,0.0411985626929322,1176.0,470.0,32.0,-0.0653070115602525,0
113,113_D1,58,3,5,0.9888734730629356,1.0,0.0573226141241314,-0.017594054327033,0.9863032706673732,0.9951510083163708,3.123966676767786,3.253925088490925,3.2417234978437777,0.1652709151844418,0.0984928641412667,1035.0,477.0,43.0,0.1299584117231393,1
113,113_D1,59,3,5,0.9998201592411572,1.0,0.0755459902249352,0.1140482722446093,0.9997294961616884,0.9996128755867868,3.100122686301733,3.1047962953886423,3.1106060889251186,0.023286922957602,0.0279315884502785,1149.0,500.0,43.0,0.0046736090869092,1
113,113_D1,60,3,5,0.9956860056035196,1.0,-0.0144068619937686,0.0362074260077269,0.9947247976301928,0.997677269944052,3.669414168697613,3.764540122308976,3.747329739068926,0.1030161685694062,0.0690548019245104,1042.0,415.0,19.0,0.0951259536113635,1
113,113_D1,61,3,5,0.9998675990427712,1.0,0.0942410235493835,0.0481819510399534,0.9998558792202228,0.9997612619577628,3.7758719005314094,3.799646938487644,3.7678696844735584,0.0169886003155603,0.0218828467986315,1038.0,433.0,28.0,0.0237750379562347,1
113,113_D1,62,3,5,0.999816681230554,1.0,0.1025272325722771,0.0912110651158814,0.9996804759219152,0.9996438523315724,3.1373005714087934,3.013877699238821,3.152973451261631,0.0254124460617229,0.027493588531043,1152.0,490.0,41.0,-0.1234228721699723,0
113,113_D1,63,3,5,0.9968020540547587,1.0,0.0339388187207603,-0.0154839810529719,0.9952589497811744,0.9955204113706854,3.503362368471461,3.503655414357277,3.340823928463789,0.0974555302421529,0.0945469006031566,1142.0,460.0,31.0,0.0002930458858156,1
113,113_D1,64,4,5,0.9983068306363676,1.0,-0.1069746649570628,-0.0015459205114199,0.9972682326980916,0.9964880618007994,3.421733951032283,3.4781427954601867,3.5461374017180045,0.0738652560452186,0.0848730312293265,1175.0,480.0,36.0,0.0564088444279038,1
113,113_D1,65,4,5,0.9984686744815502,1.0,-0.0857027072462329,-0.1174857065351422,0.998808566675778,0.997599015240432,3.1342060610117186,3.377869338601319,3.186283865936561,0.0491020876932847,0.0714189777009006,1165.0,357.0,8.0,0.2436632775896003,1
113,113_D1,66,4,5,0.9968830961018376,1.0,-0.092425112009212,-0.1300078125839176,0.996366437268664,0.9941624132354328,3.0591474658591613,3.2448091878085337,3.0712889058711235,0.088967328396142,0.1083731091112343,1166.0,412.0,20.0,0.1856617219493723,1
113,113_D1,67,4,5,0.9994389889367,1.0,-0.0865488324884176,-0.0258021238197082,0.9993413853983872,0.9988390276570706,2.997597044229753,2.9088397198600715,2.8886825104855745,0.0370952929240489,0.0495547869995009,1181.0,460.0,27.0,-0.0887573243696815,0
113,113_D1,68,4,5,0.9954293771013653,1.0,0.0302711093257315,0.0511542418249688,0.994357618357776,0.9941280478836138,2.884589751895477,2.977564840866317,2.931879023622576,0.1061421130594437,0.1082165178057334,1198.0,410.0,19.0,0.0929750889708396,1
113,113_D1,69,4,5,0.997059457503746,1.0,0.0645319615304608,0.1317271929441719,0.9969731039385062,0.9964925767321005,3.1944046547834968,2.989456971650739,3.172741910059867,0.0777540430261824,0.0837790423811867,1194.0,380.0,10.0,-0.2049476831327576,0
113,113_D1,70,4,5,0.9999641357848156,1.0,0.048664416172599,0.031470612571555,0.9999512690855348,0.9999398932298852,6.237327250652144,6.330475658977054,6.352448469311755,0.0098770432426711,0.0109663361967875,1184.0,430.0,23.0,0.0931484083249101,1
113,113_D1,71,4,5,0.9999667178636064,1.0,0.0302450324610065,-0.0307610911878462,0.9999333986584092,0.9999079194464044,4.663574777829725,4.6880389134844815,4.812986762684582,0.0115431743925726,0.0135703451422203,1178.0,450.0,26.0,0.0244641356547568,1
113,113_D1,72,4,5,0.9925789788143882,1.0,-0.0230291736277425,0.0103791343059048,0.9886223603269588,0.9898596887846132,3.118292158368075,3.3784732498109222,3.128251483144409,0.1541787935315176,0.1430076169428206,1159.0,490.0,39.0,0.2601810914428473,1
113,113_D1,73,4,5,0.997892768518854,1.0,0.0441568459298189,-0.0517201015091183,0.9974952979257872,0.9956025396006288,3.482629238411287,3.4559761588645967,3.542392728992886,0.0711966505251644,0.094772713723707,1214.0,390.0,12.0,-0.0266530795466901,0
113,113_D1,74,4,5,0.9942503462807368,1.0,0.0384192923938087,-0.0039670452119863,0.9917801921624014,0.9897589122747826,3.271256733715115,3.2612559500911726,3.116190728084608,0.1313417113019786,0.1446170983307488,1055.0,443.0,37.0,-0.0100007836239424,0
113,113_D1,75,4,5,0.995355952338498,1.0,0.0836553611338047,0.1461942362851296,0.9952908841802636,0.9965383941287368,2.9828696821766387,3.371122783177483,3.225555106450931,0.0981585005666618,0.0833016404047496,1019.0,457.0,38.0,0.3882531010008443,1
113,113_D1,76,4,5,0.9979607983056,1.0,0.057935108170686,0.0115944921041455,0.9972882821077022,0.9963266915633296,3.388714187147296,3.0105720603271378,3.4176701335025146,0.0744521676099557,0.0862879776874925,904.0,416.0,31.0,-0.3781421268201579,0
113,113_D1,77,4,5,0.9931053577900176,1.0,0.0690419756561232,0.0444237256667177,0.989992851988751,0.9919883900740848,3.018505159272157,2.9622556045425923,3.072853314050757,0.1416585243806258,0.1267573720085842,848.0,436.0,43.0,-0.0562495547295647,0
113,113_D1,78,5,5,0.9972573225512952,1.0,0.1191915432989737,0.09368352328013,0.995481226572522,0.9967649503022566,3.1897159193562112,3.284191952239355,3.223263658285825,0.0955116943221012,0.0807432808036001,1123.0,540.0,74.0,0.0944760328831435,1
113,113_D1,79,5,5,0.9940749776342512,1.0,-0.0481476072133342,-0.004980055474399,0.9941375727035054,0.9918673661386778,3.462561863558354,3.5054243450703053,3.276836866519716,0.1109950757269326,0.1287252302537812,1142.0,419.0,22.0,0.0428624815119511,1
113,113_D1,80,5,5,0.9952883349683352,1.0,0.0054631090185259,0.0912219351097306,0.99431145906039,0.9942149781444766,2.9449280453159643,2.94972876644338,2.959868407986309,0.1069344191573353,0.1095222392337225,1137.0,407.0,20.0,0.0048007211274154,1
113,113_D1,81,5,5,0.9963293067997068,1.0,0.0051393887590663,0.0798211925017971,0.9946764574636224,0.9930137366869856,3.78677242332368,4.063142268022664,3.809117630216001,0.1031407425755228,0.1198770997554344,1206.0,420.0,17.0,0.2763698446989835,1
113,113_D1,82,5,5,0.9987018874997412,1.0,0.0486842743155535,-0.0441005494738027,0.9978651598024127,0.9977138610154396,3.6046138907099503,3.5804736908722723,3.370889753661932,0.0653976667022813,0.0677173045665456,1184.0,450.0,32.0,-0.024140199837678,0
113,113_D1,83,5,5,0.9919991685461038,1.0,0.0585123094220831,-0.012414522103808,0.9871834640990826,0.9876082292845124,3.469166535140036,3.1444297345001333,3.3747157463470168,0.1600234682343239,0.1592349971990106,1178.0,460.0,36.0,-0.3247368006399025,0
113,113_D1,84,5,5,0.9939788649109818,1.0,0.0050848403568404,-0.0410573994384342,0.9890522422409432,0.9918420299657864,2.8076759419307677,3.065066337324261,2.859189748871189,0.1486577189653731,0.134542630987358,1118.0,570.0,71.0,0.2573903953934935,1
113,113_D1,85,5,5,0.9996424125502478,1.0,0.1299604671037094,0.1037409720259152,0.9996028541603768,0.9995641671512016,2.971317640049816,2.9945036197158457,3.0374102539576056,0.0283280364299849,0.0298563054592801,1180.0,460.0,33.0,0.0231859796660303,1
113,113_D1,86,6,5,0.9930042426268652,1.0,0.0253715021541084,-0.0602837609271393,0.988710492389835,0.9876278658435308,3.084648958557609,3.2076446955745657,3.259749028847976,0.1501346379124272,0.1614551935746794,1072.0,581.0,73.0,0.1229957370169567,1
113,113_D1,87,6,5,0.9964396800241492,1.0,0.0430548383748411,0.108118807356216,0.994978441273585,0.993884770327572,3.6397617498422026,3.2646953805578844,3.3214106794550164,0.1012993027741308,0.1104818847986649,1102.0,410.0,18.0,-0.3750663692843181,0
113,113_D1,88,6,5,0.9963117534300164,1.0,-0.0586582054832542,-0.043998859933869,0.9953457833645756,0.9948778986783074,3.670998157415261,3.676855558791448,3.66482006074485,0.0975404167420241,0.1033314426659084,1196.0,430.0,22.0,0.0058574013761867,1
113,113_D1,89,6,5,0.9940771050967117,1.0,0.0423656637913776,0.0374729398576822,0.989971856331892,0.98827519687396,3.24397741241648,3.3669692593067,3.2069622911337468,0.1419440368911132,0.1534794075790479,1047.0,516.0,56.0,0.12299184689022,1
113,113_D1,90,6,5,0.9945678129161216,1.0,0.0295493686546828,0.0239839832006723,0.9886926872365556,0.990372452308291,2.9924888941230896,3.339992731593532,3.3426852440984294,0.1510598305719327,0.1384677392099889,1049.0,491.0,50.0,0.347503837470442,1
113,113_D1,91,6,5,0.9948186757499992,1.0,0.0847241998571959,0.0491253054567372,0.9927518376060512,0.9931559301320888,3.855086350121281,3.664998117793837,3.51047489822367,0.120329859068846,0.1174600731600288,1207.0,400.0,16.0,-0.1900882323274442,0
113,113_D1,92,6,5,0.9938797157892224,1.0,0.1075652413707859,0.0564808745366255,0.9900719901325912,0.9897070625619682,3.430511364635632,3.504883421060143,3.30858031641816,0.1409392996666834,0.1453363835772747,1140.0,490.0,33.0,0.0743720564245116,1
113,113_D1,93,6,5,0.997810441219452,1.0,0.0447706767941062,0.0237967313476674,0.9950761179210384,0.995493747847371,3.3101960895636324,3.354904323121908,3.3431869685178275,0.1030171150571216,0.0950678722483559,1150.0,520.0,51.0,0.0447082335582753,1
113,113_D1,94,6,5,0.9951664351997292,1.0,-0.073094128396306,-0.0906207444303043,0.9945911815221624,0.9939566183677836,3.2598731617569427,3.300799097004487,3.3017862374756977,0.1066071497177569,0.1133791398294551,1152.0,430.0,21.0,0.0409259352475444,1
113,113_D1,95,6,5,0.9979871209479434,1.0,-0.0297199346246995,0.0776696191404186,0.9981566721692632,0.9968965572784444,3.33780097639282,3.395901290709029,3.454415725570417,0.0608894766088579,0.0801879140019438,1219.0,370.0,8.0,0.0581003143162091,1
113,113_D1,96,7,5,0.9915835803091374,1.0,-0.0545909095702464,0.0036659786157126,0.9896031634628868,0.9941980162703664,3.3841679340830275,3.1881827007078023,3.353131789501521,0.146050565938791,0.1078091373097731,1170.0,490.0,39.0,-0.1959852333752252,0
113,113_D1,97,7,5,0.9945254851326624,1.0,0.2125966593693129,0.12159653410928,0.9902333051004708,0.9895572499939708,3.405520906325676,3.222954820350052,3.389517124460219,0.1401405608380256,0.1444943051244141,1163.0,510.0,49.0,-0.1825660859756239,0
113,113_D1,98,7,5,0.9959064857808624,1.0,-0.0220487086973645,0.0183296798280101,0.995560310643496,0.9941232439163956,3.469992917509765,3.2586190568543856,3.330436152114282,0.0951410876921578,0.109176298482167,1204.0,420.0,18.0,-0.211373860655379,0
113,113_D1,99,7,5,0.9970802451830858,1.0,-0.0950810417866853,0.0264763514910604,0.9959938679623248,0.995912388659936,3.431828843501329,3.596073324805419,3.397073748835421,0.0914726728209704,0.0903347893041603,1105.0,460.0,25.0,0.1642444813040899,1
113,113_D1,100,7,5,0.9961644240932042,1.0,-0.0269741980834303,-0.0447832467024253,0.9932050142589988,0.9937290584528904,3.153121618072887,3.300946107135451,3.4162606802796174,0.1170212278804065,0.1127171695522011,865.0,501.0,69.0,0.1478244890625637,1
113,113_D1,101,8,5,0.9987385095615332,1.0,0.1493917931683674,0.0934591008001386,0.9972219290562698,0.9969388907237892,2.968092685236256,2.855603428446716,3.0166913768054946,0.0748831267633519,0.0792141715244517,1108.0,500.0,40.0,-0.1124892567895399,0
113,113_D1,102,8,5,0.9981334638974108,1.0,-0.0554372921719496,-0.091603117334759,0.99633926062278,0.9965821523902048,3.486003613849171,3.36376209895567,3.3697097712429653,0.0855797770559405,0.0850940007986084,1142.0,530.0,57.0,-0.1222415148935009,0
113,113_D1,103,8,5,0.9973925581619532,1.0,-0.0169036645298437,-0.0257465185357716,0.9970931709433084,0.9955740895821068,2.7092914981684038,2.695292244198358,2.71880428117313,0.0761941763790462,0.0943682389060571,1223.0,370.0,9.0,-0.0139992539700455,0
113,113_D1,104,8,5,0.9973091659324602,1.0,0.1321568261038435,0.1018064899711096,0.9942094888906878,0.9919232203963488,3.678241417406882,3.837561791825041,3.7499891071048665,0.1075013026427816,0.1290864740950916,1223.0,380.0,11.0,0.1593203744181597,1
113,113_D1,105,8,5,0.9984485717672574,1.0,0.0512927402612789,0.1046590389498782,0.9982346548825712,0.9979600566300948,2.93712572283391,2.957414679967406,2.8842870751420056,0.0600832377967334,0.0640232015161359,1069.0,456.0,33.0,0.0202889571334958,1
113,113_D1,106,8,5,0.996185053833798,1.0,0.0095215478959408,0.0906670601486662,0.9956738083060124,0.9944656933694808,3.4091901115360748,3.3423459133685967,3.363232793708661,0.0941901725360476,0.1062770246281936,1196.0,420.0,20.0,-0.0668441981674781,0
113,113_D1,107,8,5,0.9968571002504092,1.0,0.1239393207804177,0.081617861120591,0.9959760112149976,0.99178177401209,2.7886510909100304,2.874423805533859,2.7048590797260426,0.0896736452569276,0.1281608035106153,1189.0,440.0,24.0,0.0857727146238285,1
113,113_D1,108,8,5,0.9988512054430374,1.0,0.067284226895928,0.0798863377372751,0.9979418714967196,0.9979063216806336,3.016426209886517,3.0113184374863757,3.029448958851351,0.0642783483365144,0.0650833554671431,1092.0,468.0,32.0,-0.0051077724001418,0
113,113_D1,109,9,5,0.992359983231898,1.0,0.1039198241166942,0.0995387678703938,0.9866498432217026,0.9883926952725396,3.422177349649448,3.545929589848442,3.4898709489297373,0.1643195922320793,0.1541913859070509,1181.0,470.0,31.0,0.1237522401989941,1
113,113_D1,110,9,5,0.997422305182328,1.0,0.0272035747230115,0.0610971692243084,0.9965868070494928,0.995855353819152,3.4635541391063573,3.585141024146969,3.4838078270916446,0.0826784350127147,0.0909655308661769,1216.0,380.0,10.0,0.1215868850406116,1
113,113_D1,111,9,5,0.994775934317678,1.0,-0.1412671991585272,-0.0185955165536289,0.9939280843031224,0.9928303237691448,3.086032292533138,3.1714780321553477,3.0848937067929363,0.1147727889876778,0.1206864654097236,1190.0,450.0,27.0,0.0854457396222092,1
113,113_D1,112,10,5,0.9962050907156104,1.0,0.0238020130592358,0.042891088423564,0.993385932225552,0.9916207612183215,3.1091176038780204,3.014655991556068,3.0408139793909674,0.1153032455392601,0.129183521406039,1034.0,451.0,32.0,-0.0944616123219521,0
113,113_D1,113,10,5,0.9956701828610476,1.0,0.0449520066900242,0.073471544091019,0.995235965214653,0.9932004217654,2.991115456431947,3.0618030668535057,3.007195554787219,0.0992668830059084,0.1173875566710387,1207.0,400.0,15.0,0.0706876104215585,1
113,113_D1,114,10,5,0.9934961034428874,1.0,0.1136749129300876,0.0601266121458891,0.9902667988052808,0.9896565809981742,3.0853194474545225,3.4186387660174757,3.6297681442701415,0.1413781880232692,0.1436313629657402,1194.0,430.0,22.0,0.3333193185629528,1
113,113_D1,115,10,5,0.996906220345115,1.0,-0.1054375105870689,0.0195483592934436,0.9956317833287482,0.995823632925769,2.975884660470988,2.880080959479515,3.1074577716352243,0.0952490994327197,0.0922631994149177,1220.0,380.0,9.0,-0.0958037009914729,0
113,113_D1,116,11,5,0.997406947749498,1.0,0.1250249292004033,0.1346408855086018,0.9959740973526152,0.9952232722802788,3.7316907593454127,3.710134258530842,3.734946580818547,0.0904764934145979,0.0993035273697924,1220.0,380.0,10.0,-0.0215565008145706,0
113,113_D1,117,11,5,0.9918433466694708,1.0,0.0174649530221679,-0.0135938093711108,0.9885564237960124,0.9894983330352008,3.950964374999508,3.735659835653231,3.900439440403543,0.1555236247403,0.1492691296157137,1124.0,460.0,32.0,-0.2153045393462775,0
113,113_D1,118,11,5,0.99681465624686,1.0,0.0648205347355388,0.0683697089688626,0.9945921130436692,0.9923578970608388,3.2268582507144026,3.340907975635496,3.4896189160910223,0.1043480795372999,0.1236177554682628,1188.0,440.0,24.0,0.1140497249210934,1
113,113_D1,119,11,5,0.9931346889655068,1.0,-0.0720537348964829,-0.0192706518014682,0.9895831489067548,0.9900476278730358,3.0623988992290823,2.8445167214952725,2.906479864477889,0.1487969752141056,0.1425644050619473,991.0,456.0,34.0,-0.2178821777338098,0
113,113_D1,120,11,5,0.9941259960667862,1.0,0.0841138732749316,0.0549193313965036,0.9921760120951898,0.9898407423393044,3.3581396311938314,3.261365715032898,3.377348790507876,0.1261029831677588,0.1433138195850242,1163.0,490.0,42.0,-0.0967739161609335,0
113,113_D1,121,12,5,0.9957090223762124,1.0,0.0970331009244976,0.0226900344524126,0.9949320997198876,0.9957064481966748,3.3895977840086204,3.47172129703798,3.594170347111451,0.101793609592664,0.095187012772084,974.0,418.0,29.0,0.0821235130293591,1
113,113_D1,122,12,5,0.9955701765887622,1.0,-0.0268616638696197,-0.0229798845579955,0.9940956085098114,0.9914012790459502,3.3623637230968284,3.252887285100686,3.097648054776849,0.1095127857423433,0.1324284155915459,1141.0,440.0,25.0,-0.1094764379961423,0
113,113_D1,123,12,5,0.997108189929083,1.0,0.096063330232614,0.1164104516465488,0.9962899553317528,0.9937828403211268,3.1582154712975488,3.166851141216562,3.53344843748654,0.0860643497297979,0.111337278950971,1222.0,370.0,10.0,0.0086356699190131,1
113,113_D1,124,12,5,0.9956932547313692,1.0,0.0039421438475801,0.0466563307943461,0.9954333842763228,0.9942306826694762,3.441805568439741,3.3936260018338213,3.45700652300663,0.0955676408589654,0.1072644224691071,1113.0,431.0,30.0,-0.0481795666059201,0
113,113_test5,1,1,1,0.9997974325502124,1.0,-0.0883218727827148,-0.0146595226219803,0.9996858539704166,0.9997422823203608,3.488092260822373,3.512223201093536,3.5802504282755017,0.0252261050198683,0.022717594472968,1191.0,450.0,29.0,0.0241309402711626,1
113,113_test5,2,1,1,0.9966743584959468,1.0,0.204008422723832,0.0695399506781943,0.9915333867612854,0.9931445499011118,2.837498882068575,2.7235640455625347,2.898640226230448,0.1302203349038097,0.1170250505963254,1120.0,593.0,65.0,-0.1139348365060404,0
113,113_test5,3,1,1,0.9976695437494172,1.0,-0.1442990538299811,-0.1311749414488953,0.997448078571597,0.996251483153842,3.7512622354535567,3.79519846640981,3.714544264802312,0.0730982995559707,0.0886045241798034,1216.0,400.0,13.0,0.0439362309562532,1
113,113_test5,4,1,1,0.9960927957675492,1.0,-0.0713580285813727,-0.0505206999190455,0.9942595554796791,0.9940242579950924,3.045860146879781,2.891298549597289,2.8503667530279437,0.1087248427032565,0.1105702659184697,1200.0,420.0,21.0,-0.1545615972824916,0
113,113_test5,5,1,1,0.9957445659859,1.0,0.0437778215283406,0.0646106470783761,0.9954474315256856,0.995797301725039,2.839458983655326,2.832004892722632,2.6844081926865093,0.0954395268731153,0.0916181068581296,1126.0,437.0,23.0,-0.0074540909326938,0
113,113_test5,6,1,1,0.9982207693552372,1.0,-0.0199164466048699,-0.0399905339254572,0.9975709873065126,0.9982342101011272,3.055926314227438,3.025152059307184,2.851604609041818,0.0699379447529811,0.0596957369823298,1053.0,473.0,41.0,-0.0307742549202543,0
113,113_test5,7,1,1,0.9995376830526944,1.0,0.073460331451803,0.0406291914344833,0.9992282206631374,0.998374116024552,2.518330366419312,2.608137011182879,2.5611009458848963,0.0393035999452034,0.0570087505366757,985.0,436.0,25.0,0.0898066447635672,1
113,113_test5,8,1,1,0.9993763274671004,1.0,0.0522316872997995,-0.0366641619440268,0.999119807833312,0.9993111760281012,3.5461002063273197,3.668839440449114,3.695410051388789,0.0419499237715774,0.0372115537117213,992.0,365.0,14.0,0.1227392341217941,1
113,113_test5,9,1,1,0.9961166250041232,1.0,0.1344153122971138,0.1652665712112986,0.9900819396179544,0.9904115018859536,3.1243156853938694,3.232139139074091,2.9448794621040952,0.1404937561626321,0.1382006891058677,1148.0,500.0,42.0,0.1078234536802216,1
113,113_test5,10,1,1,0.9984991567746518,1.0,-0.0179256326875024,0.0340264935195563,0.9980581509225958,0.9970544645860656,2.98420403615028,2.9761341825175744,3.043868645241606,0.0624902077442811,0.0767668724783842,1186.0,450.0,28.0,-0.0080698536327057,0
113,113_test5,11,1,1,0.9955704729927812,1.0,0.0419885494963304,0.0948561724174471,0.9947515011284528,0.9964274836612436,3.033410220430661,3.07689163130035,3.018590462849136,0.1025078734993818,0.0844573742968436,1058.0,529.0,62.0,0.0434814108696888,1
113,113_test5,12,1,1,0.9989633342193464,1.0,0.2256346373382373,0.0117630027133184,0.9976964633327496,0.9975870508178524,3.683722229236938,3.537899257199996,3.656540699864304,0.0687107336949671,0.0695425777260568,985.0,477.0,40.0,-0.1458229720369415,0
113,113_test5,13,1,1,0.9977903386239328,1.0,-0.1927699643661183,-0.1427958337818145,0.9961024277405124,0.9972161731372248,4.02444814469242,4.654226372624568,4.062740647729769,0.0918393754897369,0.076370987623282,1053.0,438.0,24.0,0.6297782279321478,1
113,113_test5,14,1,1,0.992775871629348,1.0,0.102315460170661,0.3227687278734998,0.990053772572436,0.9933349708766762,3.742221742475472,3.845071138846645,3.7826573780833104,0.1407946900748469,0.1179317785978604,1191.0,430.0,22.0,0.1028493963711736,1
113,113_test5,15,1,1,0.9947293994488824,1.0,0.1050164285238658,0.0164125441386056,0.9941097541591728,0.9962495791884768,3.2916333472425925,3.681354174401546,3.1927923395053024,0.1083786461550568,0.0867399276131556,1181.0,440.0,24.0,0.3897208271589534,1
113,113_test5,16,1,1,0.9899324619842816,1.0,0.0933919894454883,-0.0665823198890167,0.9876711063123648,0.9922894310242152,4.196251606544705,3.998798847767671,4.430860521718266,0.1568609930384283,0.126235317861365,990.0,432.0,25.0,-0.1974527587770347,0
113,113_test5,17,1,1,0.9972686152987312,1.0,-0.2247851364468487,0.0137446004822532,0.9962134367534404,0.9971454224948668,3.955678126470464,3.8304183179923648,3.96026250728263,0.0914040411509665,0.0756495749158047,1135.0,430.0,24.0,-0.1252598084780989,0
113,113_test5,18,1,1,0.9994359102617738,1.0,-0.0786452945146849,0.0045126941971624,0.9987355114946982,0.9984985726870492,3.864261435018079,3.703545951082664,3.715108175159638,0.050694382809387,0.0548470869614626,1148.0,520.0,46.0,-0.1607154839354145,0
113,113_test5,19,1,1,0.9990952994080406,1.0,0.0463651589736346,0.0415428350648271,0.9987032696504354,0.9984450098483671,2.7507453178274064,2.727833619701395,2.666771522383234,0.0509100465070244,0.0557511502578533,1167.0,450.0,33.0,-0.0229116981260113,0
113,113_test5,20,1,1,0.9964124151716356,1.0,0.0205559871294092,0.1476344039752159,0.9938919814181472,0.9937021185766388,3.1570270708315724,2.953239121686185,2.836378571450496,0.1108059906847215,0.1121261940769185,1165.0,460.0,29.0,-0.2037879491453869,0
113,113_test5,21,1,1,0.9959176189224296,1.0,0.0208768032995805,0.0083120963782165,0.9959877209780704,0.9957682336598308,2.787309424175283,2.652239409810818,2.726671654866712,0.0897017909656494,0.092223072819979,1208.0,400.0,14.0,-0.1350700143644649,0
113,113_test5,22,1,1,0.9986835262031684,1.0,-0.0298309937270434,0.0012482491022764,0.99787199084011,0.9963932095299638,3.581770984541428,3.4598093387972515,3.527312489833561,0.0654993228911764,0.0851543636046413,1188.0,440.0,26.0,-0.1219616457441765,0
113,113_test5,23,1,1,0.9990437935994388,1.0,-0.0747764563830023,-0.0070758108273024,0.9982494844671356,0.9979454792475366,2.8178851296994414,2.951964568328011,2.6803267772198613,0.05967879908375,0.0642315620613733,1171.0,490.0,33.0,0.1340794386285697,1
113,113_test5,24,1,1,0.9995070842275748,1.0,-0.1800152267711384,-0.0747338317393733,0.9993494086024344,0.9992401537332508,3.284450689254492,3.346939687247538,3.30232533368951,0.0369328105334473,0.0392295226631148,1145.0,470.0,32.0,0.0624889979930465,1
113,113_test5,25,1,1,0.999323921632528,1.0,0.3236533977929245,0.2093157053602738,0.9987851151508126,0.9988378084583444,3.317954537627142,3.201213884514631,3.176584866441256,0.051278861282898,0.0488425549383894,1150.0,490.0,36.0,-0.1167406531125112,0
113,113_test5,26,1,1,0.9974939655805158,1.0,0.1000229104979944,-0.0492843845334038,0.9972748048769294,0.9990841797976228,4.307406227895587,4.39075433097858,4.540966960461008,0.0738020567465249,0.0429700050646395,1060.0,436.0,24.0,0.0833481030829927,1
113,113_test5,27,1,1,0.999855121191236,1.0,0.0770451867593542,0.0390955282692344,0.9997945813790045,0.9997464987342232,2.51472021348246,2.5831366722388847,2.539552290771049,0.0203008773035527,0.0225183880816526,1165.0,470.0,33.0,0.0684164587564244,1
113,113_test5,28,1,1,0.9964522198421268,1.0,0.0642178794616849,0.1402688950845389,0.9962130962133332,0.9989298195724288,2.787096605403525,2.73567993805621,2.8196323580795326,0.0869677850282386,0.046458789498854,1059.0,432.0,24.0,-0.0514166673473153,0
113,113_test5,29,1,1,0.9975910959065096,1.0,0.2565586573501857,0.0509145214624715,0.9968120019246838,0.9958780836932164,3.873205299286596,3.8688581379628415,4.247269482542916,0.0810903284691222,0.0907741547003843,1119.0,470.0,35.0,-0.0043471613237544,0
113,113_test5,30,1,1,0.999764096824848,1.0,0.0212661157428334,0.1032685589152257,0.9997830279098484,0.9995292725214112,3.487650729836244,3.578641609094857,3.466356209211488,0.0208301988992058,0.0307609353155186,1058.0,431.0,27.0,0.0909908792586136,1
113,113_test5,31,1,1,0.998095752174886,1.0,-0.0864301580462359,-0.002001059892526,0.9969337714129294,0.996970908609671,3.1850569672717066,3.2658822754966432,3.4510193194509973,0.0793256088212034,0.0780240058528909,1121.0,470.0,37.0,0.0808253082249366,1
113,113_test5,32,1,1,0.9999092461929356,1.0,-0.0396899368369704,-0.0692111179460426,0.9998872572549352,0.9998448707799108,2.9045479053500785,2.9064879614838044,2.93204931283334,0.0150382607724128,0.0176801612125078,1176.0,470.0,33.0,0.0019400561337259,1
113,113_test5,33,2,1,0.9937696375397732,1.0,0.0187010428308961,0.055915890106718,0.9927918680205082,0.99790513639574,3.19939174102921,3.1302515618753395,3.1784519242604143,0.1204704533087835,0.0646966959039363,1165.0,480.0,39.0,-0.0691401791538703,0
113,113_test5,34,2,1,0.9962946955798614,1.0,0.2271165679946975,0.1519823840571886,0.9949387439246756,0.990930529931918,3.04118406110895,2.829850633197593,3.269001172735932,0.101318170156307,0.1343964330612923,1180.0,460.0,30.0,-0.2113334279113572,0
113,113_test5,35,2,1,0.9956563397998838,1.0,-0.0143171984753732,0.0158899225114791,0.9935199549333292,0.9932658485167334,2.8685075082458344,3.1154438710640737,3.2547340243839584,0.1145985705611308,0.1164418467989689,1192.0,440.0,25.0,0.2469363628182392,1
113,113_test5,36,2,1,0.9993088897793752,1.0,0.124696147675761,0.0938311792059795,0.9989995623370158,0.9985824378483218,3.342921305803837,3.342575735080529,3.267361015607764,0.0448644729852248,0.0532711659555859,1188.0,450.0,28.0,-0.0003455707233079,0
113,113_test5,37,2,1,0.99802376626982,1.0,0.1830332070642369,0.2107209289577093,0.997878236791006,0.9981220222865737,3.28684292755315,3.3643065707861357,3.253297717274303,0.0655708725204271,0.061962288808035,1214.0,380.0,10.0,0.0774636432329853,1
113,113_test5,38,2,1,0.998564196216384,1.0,-0.0070776012077641,-0.0451279708713255,0.9984510052924892,0.9976856987212572,3.1350053470217225,3.21888723858271,3.149813652100905,0.055747725880396,0.0684323718910887,1188.0,370.0,8.0,0.0838818915609875,1
113,113_test5,39,2,1,0.9989924879966748,1.0,-0.010329541530412,0.1507785114237508,0.9985149126458625,0.9983015033651872,3.3129184784067185,3.031827472150596,3.334912566546382,0.0545937790304392,0.0585121764553048,1164.0,460.0,33.0,-0.2810910062561231,0
113,113_test5,40,2,1,0.994525680030389,1.0,-0.0942505073790085,-0.1878655300733568,0.9916142005471378,0.9922756915706108,3.277909688332334,3.3697341389306805,3.3256491523522405,0.1325444185750753,0.1304024413829249,1168.0,480.0,40.0,0.0918244505983465,1
113,113_test5,41,2,1,0.9994633634204948,1.0,0.1282482705582343,0.0003210779675017,0.9992629754873544,0.99946953484561,3.270775057720615,3.303544925578391,3.2041626476989507,0.0385429832337246,0.0325845507869959,1020.0,444.0,34.0,0.0327698678577759,1
113,113_test5,42,2,1,0.9997699528071472,1.0,0.0340173064089236,-0.0144567177672506,0.9994270623439774,0.999450806986659,4.448631382350414,4.29566290807166,4.308026065858069,0.0338459316276009,0.0331749331734854,1167.0,490.0,37.0,-0.1529684742787544,0
113,113_test5,43,2,1,0.9992779953976748,1.0,-0.1474166699413065,-0.0109187373526678,0.9991653495355536,0.9990023876561857,2.936776887437905,2.913523928442262,2.887700320096934,0.0415876828348317,0.0447258868237404,1183.0,460.0,31.0,-0.0232529589956436,0
113,113_test5,44,2,1,0.9987146328373238,1.0,0.0444276441248146,-0.1183247649708444,0.9982601992907651,0.9984928761346464,2.989397342230781,2.971502206021821,2.959828860536303,0.0589687295875467,0.055718107006295,1088.0,442.0,29.0,-0.0178951362089598,0
113,113_test5,45,2,1,0.999301027620996,1.0,-0.0198390933150651,0.0465797749224853,0.999141860571017,0.9991060342013244,3.2642471495868994,3.274822261069425,3.208295230084025,0.04149697577208,0.042274881580514,1071.0,434.0,25.0,0.0105751114825261,1
113,113_test5,46,2,1,0.9968513806282456,1.0,-0.0050053347889234,0.1096892111151584,0.9951441876570524,0.9956664090213398,3.067051849468175,2.977053251565708,2.950963686922597,0.0989583815802995,0.0930098770925507,1060.0,464.0,29.0,-0.0899985979024671,0
113,113_test5,47,3,1,0.9972977097281648,1.0,-0.0373499921790768,-0.042942517530611,0.9972578393758954,0.9975109283290164,3.475504303701922,3.349775556333301,3.528522583157885,0.0744672699183113,0.0709688803203186,1118.0,390.0,14.0,-0.1257287473686212,0
113,113_test5,48,3,1,0.999888561442278,1.0,0.2159535696995796,0.0075891160538137,0.9998425342883076,0.999843569348176,3.2827787358793508,3.175412034987425,3.21035592509376,0.0181062434326744,0.0176880958981701,1150.0,440.0,24.0,-0.1073667008919256,0
113,113_test5,49,3,1,0.997289491307017,1.0,-0.0703247263563539,0.0552306784187225,0.9967838707893176,0.9950991231639194,3.201907767184389,2.911540838043218,2.967060827212074,0.0810543565160038,0.0989772933068975,1158.0,420.0,19.0,-0.2903669291411712,0
113,113_test5,50,3,1,0.9973387269552424,1.0,0.0442087190856266,0.0179339764573988,0.9966245719443866,0.9952436215464248,3.282209953634651,3.340126676281037,3.37237403685972,0.0821534245538516,0.0977270503333074,1113.0,388.0,15.0,0.0579167226463863,1
113,113_test5,51,3,1,0.9986114256701304,1.0,0.0740332104228231,0.0122754240627136,0.998304315012534,0.9968532899931714,3.429517296116179,3.5827090615513675,3.450615855369735,0.0582180972016755,0.0794473034804652,1170.0,390.0,10.0,0.1531917654351886,1
113,113_test5,52,3,1,0.9991157794780222,1.0,0.2266411207745871,0.240542985040327,0.9989672239296488,0.9987638758574866,3.180575711117726,3.2977723111757897,3.228887848207748,0.0462096872767173,0.0506486537301122,1128.0,421.0,24.0,0.1171966000580635,1
113,113_test5,53,3,1,0.9966195781069866,1.0,-0.0191317518257246,0.012455356403897,0.9968590270086948,0.9970313354630864,3.127266522338929,3.411228393196325,3.47494391403919,0.0795815301459834,0.0771578852746205,1158.0,410.0,14.0,0.2839618708573961,1
113,113_test5,54,3,1,0.994883615741931,1.0,0.1047159617680303,0.1945187638497564,0.994547626839724,0.994896733547864,2.634941279817195,2.7398453761131925,2.789219010234294,0.1042833639815603,0.1013525084336043,1122.0,408.0,19.0,0.1049040962959972,1
113,113_test5,55,3,1,0.9990887509694696,1.0,0.2624865997458068,0.1182475156714649,0.9988461803001674,0.9977648889565705,4.131877855574426,4.135033261351868,4.328153552180482,0.0491833918667531,0.0669115889329603,1132.0,448.0,31.0,0.0031554057774423,1
113,113_test5,56,3,1,0.9972893371644777,1.0,-0.0223633374526153,-0.0972835437940334,0.9937477953117968,0.9946204480725032,3.674847931886605,3.7390276209483098,3.709207097748759,0.1126618787955005,0.1057193545870583,1124.0,431.0,26.0,0.0641796890617043,1
113,113_test5,57,3,1,0.9995342910044894,1.0,-0.1414626011942114,-0.1225754161154712,0.9994624350365806,0.9993200369137608,3.1376322208127894,3.15338076102578,3.3281247760369026,0.0332916790601688,0.0373465170315335,1176.0,470.0,32.0,0.0157485402129906,1
113,113_test5,58,3,1,0.9913529236253966,1.0,0.0250061368877514,0.1501133080384898,0.9916226608028064,0.9951510083163708,3.261495279795997,3.287013335353804,3.297921088871153,0.1298772835746731,0.0984928641412667,1035.0,477.0,43.0,0.0255180555578062,1
113,113_test5,59,3,1,0.999826462940269,1.0,-0.0416828549587467,0.0331422883256655,0.9996426751835008,0.999511490282084,3.100122686301733,3.0250424656239963,3.1106060889251186,0.0267932485903807,0.0312535483394848,1149.0,500.0,43.0,-0.0750802206777367,0
113,113_test5,60,3,1,0.9957950590020052,1.0,0.169527538992678,0.0362074260077269,0.9946188260327956,0.997060699479886,3.1858150502641323,3.180487963336142,3.2230278285651672,0.1038320083295333,0.0766784760045719,1042.0,415.0,19.0,-0.0053270869279904,0
113,113_test5,61,3,1,0.9998873599051726,1.0,0.0538018452064049,0.0481819510399534,0.9998558792202228,0.999790399403942,3.88704603460176,3.799646938487644,3.821042413283311,0.0169886003155603,0.0204812022556994,1038.0,433.0,28.0,-0.0873990961141162,0
113,113_test5,62,3,1,0.9998322056447754,1.0,0.2058752602850632,0.1286188411560545,0.9997878339761372,0.999644473007215,3.576331949200811,3.547354669290335,3.478542135449953,0.0209627372892532,0.0268033794851657,1152.0,490.0,41.0,-0.0289772799104759,0
113,113_test5,63,3,1,0.9964719711149616,1.0,0.1481433965167076,0.1106641976986743,0.9951701483179002,0.9950965609456356,3.692650839979783,3.751608208583755,3.9780289428741087,0.0982896909603089,0.0989151231290092,1142.0,460.0,31.0,0.0589573686039726,1
113,113_test5,64,4,1,0.9983068306363676,1.0,-0.125332103549996,-0.0770060241500198,0.997073177625094,0.9964900190472497,2.562748482464844,2.676084212583093,2.5280388330386665,0.078042919510967,0.0848069605641924,1175.0,480.0,36.0,0.1133357301182487,1
113,113_test5,65,4,1,0.9984686744815502,1.0,-0.0857027072462329,-0.1765755972923375,0.9985879370562664,0.997599015240432,3.6485304746243146,3.774563530006152,3.885900902972609,0.0536407848064325,0.0714189777009006,1165.0,357.0,8.0,0.1260330553818378,1
113,113_test5,66,4,1,0.9968830961018376,1.0,0.1557176945398597,0.2008043693054017,0.9967675828130286,0.9941624132354328,3.6813218751066312,3.910211998172629,3.7998587428315513,0.0805713308617821,0.1083731091112343,1166.0,412.0,20.0,0.2288901230659976,1
113,113_test5,67,4,1,0.9996021896545756,1.0,-0.0656059049373936,-0.0258021238197082,0.9993698121321166,0.9990775227365056,4.173037858857404,4.07701339788266,4.210970117933169,0.0356785646553636,0.0430447466753196,1181.0,460.0,27.0,-0.0960244609747436,0
113,113_test5,68,4,1,0.9959540488928824,1.0,0.0302711093257315,0.1396242520540956,0.996056242692036,0.9955028422863396,2.884589751895477,2.977564840866317,2.931879023622576,0.0888764485497432,0.0948285664022329,1198.0,410.0,19.0,0.0929750889708396,1
113,113_test5,69,4,1,0.9968412919891184,1.0,-0.0098323406326896,0.1409505951226656,0.9964766941035212,0.9945098859776949,3.0656707460327,2.9759575221903063,2.9404359429086995,0.0842404568766365,0.1047127382716212,1194.0,380.0,10.0,-0.0897132238423936,0
113,113_test5,70,4,1,0.9999814816515402,1.0,0.048664416172599,-0.0067695246218825,0.9999693463366136,0.9999637753466204,6.237327250652144,6.398700395415461,6.352448469311755,0.0078363779951735,0.0085126327006081,1184.0,430.0,23.0,0.1613731447633171,1
113,113_test5,71,4,1,0.999943836572463,1.0,-0.0911347851429906,-0.2016161025862142,0.9999414583826128,0.999896879344272,3.906662913834485,3.9469625740631766,3.9995781558026695,0.010876965740137,0.0147068212391932,1178.0,450.0,26.0,0.0402996602286913,1
113,113_test5,72,4,1,0.9962498964819068,1.0,-0.0230291736277425,0.1013324405597359,0.990769762884632,0.99168424894245,3.604410204865612,3.527952653056682,3.396445707181753,0.137287281017965,0.1287436368325654,1159.0,490.0,39.0,-0.0764575518089296,0
113,113_test5,73,4,1,0.99737279907238,1.0,0.1614686015602509,0.1088145477761223,0.998028471253172,0.9948531185510444,4.89072400451189,4.621575079543725,4.965776852543192,0.0630739935116049,0.1013304223153647,1214.0,390.0,12.0,-0.2691489249681646,0
113,113_test5,74,4,1,0.994418688229012,1.0,-0.0996887914234061,-0.1325618864281299,0.991782122661895,0.9935055491060626,3.968246172156337,3.481956572838091,3.489850660931595,0.1313417113019786,0.1173445824169822,1055.0,443.0,37.0,-0.4862895993182463,0
113,113_test5,75,4,1,0.9966254329598138,1.0,-0.0894015301247908,-0.0631485752994997,0.9956237507571852,0.9975538749427328,2.737727527740894,2.717709079056285,2.643495634019009,0.0950412637202251,0.0705260809638492,1019.0,457.0,38.0,-0.0200184486846093,0
113,113_test5,76,4,1,0.9978182246419915,1.0,0.1103540441857982,0.2023688038835395,0.9969403016795956,0.9963220098796558,3.343401381156153,3.0105720603271378,3.4176701335025146,0.0782075875231377,0.0862879776874925,904.0,416.0,31.0,-0.3328293208290152,0
113,113_test5,77,4,1,0.9931053577900176,1.0,0.0140857690224784,0.0278063644331256,0.9877039101214952,0.9902475441135972,3.018505159272157,2.9622556045425923,3.184357821872387,0.1579459088000142,0.1401968913243982,848.0,436.0,43.0,-0.0562495547295647,0
113,113_test5,78,5,1,0.9974295172064466,1.0,0.1454783632046226,0.09368352328013,0.996493782001509,0.9973446646806144,3.466862647967685,3.72652091327108,3.627603475149476,0.0838291272391946,0.0728419112829567,1123.0,540.0,74.0,0.2596582653033947,1
113,113_test5,79,5,1,0.9937791773450884,1.0,-0.1348357349956204,-0.0927518711850774,0.9910899098063932,0.988143940872808,3.417194312510824,3.501648002395705,2.982680293971076,0.1381571887434925,0.1583367552083322,1142.0,419.0,22.0,0.0844536898848806,1
113,113_test5,80,5,1,0.9947044609382876,1.0,0.0177575274074833,-0.0398741876319534,0.99431145906039,0.9940186338385978,3.448941141748465,3.424741124810676,3.1301613064776994,0.1069344191573353,0.1104394163604074,1137.0,407.0,20.0,-0.0242000169377889,0
113,113_test5,81,5,1,0.9970677831005488,1.0,0.0051393887590663,0.0997300329045447,0.9963264513342688,0.9948707081017936,4.871458993111163,5.003931880663254,4.31673495776523,0.085915387268715,0.1011548077864923,1206.0,420.0,17.0,0.1324728875520913,1
113,113_test5,82,5,1,0.999125140427442,1.0,0.2000442205681104,0.1791734278162274,0.998178108163442,0.9981532698963697,3.0240423874982287,3.1641234951386448,3.101752235371673,0.0609413043955763,0.0611811035782294,1184.0,450.0,32.0,0.140081107640416,1
113,113_test5,83,5,1,0.991787555825108,1.0,0.0585123094220831,-0.012414522103808,0.986400095348298,0.9876082292845124,2.550101144566637,2.5268201229649763,2.427847329862521,0.1652996537648738,0.1592349971990106,1178.0,460.0,36.0,-0.0232810216016607,0
113,113_test5,84,5,1,0.995637294120835,1.0,-0.0271820369863428,-0.0554762158674116,0.99134304885392,0.992379019626263,2.732168300231716,2.8255941384581145,2.7100688049939494,0.1329716205901737,0.125224630544743,1118.0,570.0,71.0,0.0934258382263988,1
113,113_test5,85,5,1,0.9997623103436084,1.0,0.2253013691560213,0.0445865543678075,0.9996910259547274,0.9997458277914136,3.430640645408096,3.347496031090828,3.486190882648413,0.0253745862798368,0.0225505463621079,1180.0,460.0,33.0,-0.0831446143172685,0
113,113_test5,86,6,1,0.9957362363529392,1.0,0.0253715021541084,-0.0088902754162774,0.994175364756705,0.993572705948572,3.084648958557609,3.362805245282149,3.39945216968418,0.1081433017667579,0.1140480204917133,1072.0,581.0,73.0,0.2781562867245406,1
113,113_test5,87,6,1,0.9967009242692868,1.0,-0.0828823583313421,0.108118807356216,0.9944455887683594,0.9926064978100198,3.2133242045781403,3.239062758408005,3.2564110914357585,0.1071484118939212,0.121387664114697,1102.0,410.0,18.0,0.0257385538298646,1
113,113_test5,88,6,1,0.9971379493644928,1.0,0.052302402107419,0.1112301784729842,0.9956126189456258,0.9959615634406525,3.670998157415261,3.676855558791448,3.66482006074485,0.0936510729407016,0.089801513599645,1196.0,430.0,22.0,0.0058574013761867,1
113,113_test5,89,6,1,0.9952084229166565,1.0,0.0122242403827757,0.014282731965767,0.9872969613108494,0.9846962239095514,2.678534809069385,2.7345133719800963,2.6364147521143564,0.1606261538260629,0.1765597820527676,1047.0,516.0,56.0,0.0559785629107114,1
113,113_test5,90,6,1,0.9923131314955046,1.0,0.0361265775934779,0.0543290831873628,0.986820974936794,0.989419915688198,2.9924888941230896,3.339992731593532,3.247535759921783,0.1631170745314023,0.145686034964406,1049.0,491.0,50.0,0.347503837470442,1
113,113_test5,91,6,1,0.9948186757499992,1.0,0.2004622610941601,0.0106749632899717,0.9925595823509824,0.9931559301320888,3.9056835992678223,3.931917973708006,3.51047489822367,0.122148304327776,0.1174600731600288,1207.0,400.0,16.0,0.0262343744401838,1
113,113_test5,92,6,1,0.9938797157892224,1.0,0.1110527474792188,0.0564808745366255,0.9888772836927684,0.9884128740959556,4.063921744340775,4.298396793148264,4.018725629759662,0.1488411949466766,0.1524894899949329,1140.0,490.0,33.0,0.2344750488074893,1
113,113_test5,93,6,1,0.9973015578819744,1.0,-0.0474103281065772,0.0237967313476674,0.9947978801926552,0.995493747847371,3.2019534702030708,3.354904323121908,3.3431869685178275,0.1030171150571216,0.0950678722483559,1150.0,520.0,51.0,0.152950852918837,1
113,113_test5,94,6,1,0.9957783819930934,1.0,-0.0946831015652882,-0.0849899614971201,0.9947502964365456,0.9948233392574742,3.2598731617569427,3.3260679387996817,3.287820942470536,0.1043573947143073,0.1034203362195483,1152.0,430.0,21.0,0.0661947770427389,1
113,113_test5,95,6,1,0.9978831753740316,1.0,0.1412506852814309,0.0500249177212656,0.9981566721692632,0.9963772770938432,3.381123452189674,3.395901290709029,3.3524258193440355,0.0608894766088579,0.0850954716655287,1219.0,370.0,8.0,0.0147778385193553,1
113,113_test5,96,7,1,0.992610952397578,1.0,-0.062087347348807,-0.0877055227530557,0.9903740947065596,0.9947565223333564,2.587967924697174,2.2985241555090896,2.480072351685061,0.1412602352572465,0.1041510811423123,1170.0,490.0,39.0,-0.2894437691880842,0
113,113_test5,97,7,1,0.995274015584212,1.0,0.2125966593693129,0.2052478127330204,0.9920099445276792,0.990198879596973,3.576143890109297,3.222954820350052,3.389517124460219,0.1266468128873422,0.1399747882991121,1163.0,510.0,49.0,-0.3531890697592454,0
113,113_test5,98,7,1,0.9964750441624484,1.0,0.0197248022868327,0.0042213114236653,0.996330050339722,0.9942489452060824,4.754982789243753,4.134239640072877,3.9987254093046265,0.0857811847276206,0.107665049498339,1204.0,420.0,18.0,-0.6207431491708757,0
113,113_test5,99,7,1,0.9978836107705392,1.0,-0.1163419246874304,0.1310744797446145,0.996526028775522,0.99602017703295,3.785859009186848,3.760559183153998,3.880576358178992,0.0849754851273235,0.0892074807665132,1105.0,460.0,25.0,-0.0252998260328496,0
113,113_test5,100,7,1,0.9961644240932042,1.0,-0.1477072966377829,-0.1834148420847607,0.9937672984020832,0.9941588770037796,2.909237547457333,2.9847353454085264,2.739252353683815,0.1153500920205266,0.1127171695522011,865.0,501.0,69.0,0.0754977979511934,1
113,113_test5,101,8,1,0.9988214582317888,1.0,0.1709086563458872,0.0766888806412262,0.9975372433893502,0.9970609162875914,2.968092685236256,2.855603428446716,3.094512286937477,0.0705020279749907,0.0766128530035104,1108.0,500.0,40.0,-0.1124892567895399,0
113,113_test5,102,8,1,0.9983106015570888,1.0,0.13170153332658,0.1821367764533203,0.99633926062278,0.9964079790505403,3.486003613849171,3.5865324398055747,3.5216985038905047,0.0855797770559405,0.0850940007986084,1142.0,530.0,57.0,0.1005288259564038,1
113,113_test5,103,8,1,0.9973925581619532,1.0,-0.0169036645298437,-0.0319418834817442,0.994933869227582,0.9942035902396952,2.88909474162618,3.033025820523538,2.9458435460263024,0.101230831957088,0.1085710746311786,1223.0,370.0,9.0,0.1439310788973578,1
113,113_test5,104,8,1,0.9973252064714624,1.0,0.1321568261038435,0.1018064899711096,0.9949490911103152,0.9916396540166592,3.720594438140376,3.974488773523477,3.975799754144926,0.1004322047150974,0.1290864740950916,1223.0,380.0,11.0,0.2538943353831007,1
113,113_test5,105,8,1,0.9988093059827524,1.0,0.0512927402612789,0.1046590389498782,0.9976235521678009,0.9980118808609086,2.9506020402304505,3.050172763226037,3.0489151908844123,0.0689109985823054,0.0630811285743346,1069.0,456.0,33.0,0.0995707229955864,1
113,113_test5,106,8,1,0.996589467257229,1.0,0.0547586442268649,0.162172601303721,0.9951650294820744,0.9962956926302295,3.097781848068069,2.860089322011368,3.0894616001762145,0.0983103060359288,0.0862477397677605,1196.0,420.0,20.0,-0.2376925260567008,0
113,113_test5,107,8,1,0.996217146698557,1.0,0.1665883257767125,0.1747899551681079,0.994957363537714,0.9906321240676396,2.7136915599755804,2.874423805533859,2.6856618571672386,0.100523651385859,0.1366600207108902,1189.0,440.0,24.0,0.1607322455582784,1
113,113_test5,108,8,1,0.9988323790220994,1.0,0.0375682391601548,0.1757577948022946,0.9979418714967196,0.9979063216806336,3.016426209886517,3.0113184374863757,3.029448958851351,0.0641477213729787,0.0650833554671431,1092.0,468.0,32.0,-0.0051077724001418,0
113,113_test5,109,9,1,0.9936941386134563,1.0,0.1844042962854389,0.2422106146881334,0.9868912709597422,0.9897887321839738,3.422177349649448,3.456745589223749,3.755655011967425,0.1614306346879784,0.1432812417258943,1181.0,470.0,31.0,0.0345682395743009,1
113,113_test5,110,9,1,0.995927104785423,1.0,0.0434539321735756,0.0610971692243084,0.9963672589357784,0.9946739274944588,3.266449764353661,3.585141024146969,3.284235464610519,0.0852347885625438,0.1031632087924741,1216.0,380.0,10.0,0.318691259793308,1
113,113_test5,111,9,1,0.994775934317678,1.0,-0.2104877493401966,-0.0185955165536289,0.99405235622023,0.9928303237691448,3.086032292533138,3.1714780321553477,3.0848937067929363,0.1147727889876778,0.1206864654097236,1190.0,450.0,27.0,0.0854457396222092,1
113,113_test5,112,10,1,0.9953549182091568,1.0,-0.0276970581280174,-0.0527968924932317,0.9895202613417172,0.9909971468259782,3.4456503127794966,3.24413199576994,3.2697817490310137,0.1465719497865944,0.1362612444465109,1034.0,451.0,32.0,-0.2015183170095569,0
113,113_test5,113,10,1,0.9959257033157388,1.0,-0.0914193815192908,0.0876583682422959,0.995235965214653,0.99371489586492,2.8977119222402137,3.0618030668535057,3.007195554787219,0.0992668830059084,0.1119739781610161,1207.0,400.0,15.0,0.164091144613292,1
113,113_test5,114,10,1,0.9946445295908828,1.0,-0.0368416049123356,0.0601266121458891,0.9902667988052808,0.9898843558408122,3.623056685293936,3.640359236365784,3.6297681442701415,0.1413781880232692,0.1423571755259675,1194.0,430.0,22.0,0.0173025510718485,1
113,113_test5,115,10,1,0.996906220345115,1.0,-0.1179603033395576,-0.0533364331950765,0.9950969813581172,0.995823632925769,2.779843930241732,2.744094021918121,2.723452661686377,0.1012859459587814,0.0922631994149177,1220.0,380.0,9.0,-0.0357499083236105,0
113,113_test5,116,11,1,0.9971578177120196,1.0,0.0078334434890519,0.2781862492930749,0.9952063327672304,0.9952232722802788,2.977289180343222,2.911334973212345,3.006009669354009,0.0981960111849954,0.0993035273697924,1220.0,380.0,10.0,-0.0659542071308765,0
113,113_test5,117,11,1,0.9936667556201692,1.0,-0.0941638777927719,-0.1218037489770225,0.9885564237960124,0.9895783294324874,3.9601001545069674,3.735659835653231,4.540112632027481,0.1555236247403,0.1492691296157137,1124.0,460.0,32.0,-0.2244403188537358,0
113,113_test5,118,11,1,0.99681465624686,1.0,0.1371196685778961,0.1454524297095288,0.9952187506939904,0.9940176756643396,4.244811589837697,4.602650241668391,4.466572512416044,0.0977481923745271,0.1092922473229536,1188.0,440.0,24.0,0.3578386518306935,1
113,113_test5,119,11,1,0.9939016715405028,1.0,-0.1114771477936271,-0.0192706518014682,0.9880937432577824,0.9900476278730358,3.6638553325685455,3.2984669235641766,3.867018618016889,0.1594689119007142,0.1425644050619473,991.0,456.0,34.0,-0.3653884090043688,0
113,113_test5,120,11,1,0.9946219717885156,1.0,0.1590169788303779,-0.0267508947345277,0.9916883086731452,0.9895800616336188,2.5446626658635045,2.4850341084094647,2.4907961163762344,0.1287240609250275,0.1461208157901513,1163.0,490.0,42.0,-0.0596285574540398,0
113,113_test5,121,12,1,0.9968832218164102,1.0,0.2544225316952028,0.3068425503812428,0.9949320997198876,0.9960399715996464,3.3895977840086204,3.47172129703798,3.8069220961842016,0.101793609592664,0.0911608142018989,974.0,418.0,29.0,0.0821235130293591,1
113,113_test5,122,12,1,0.9961893537227746,1.0,-0.1151547033535373,-0.1564377853435531,0.9949010838789591,0.9936634445437786,3.3623637230968284,3.252887285100686,3.44525143230998,0.1032648211937956,0.11661241579858,1141.0,440.0,25.0,-0.1094764379961423,0
113,113_test5,123,12,1,0.99780945193967,1.0,0.1508974922869884,0.0504969728861517,0.9970065473114338,0.9949416680651768,3.5398886488515657,3.813791713892873,3.611039863717222,0.0775298163588927,0.1005805842974514,1222.0,370.0,10.0,0.2739030650413068,1
113,113_test5,124,12,1,0.9940287516091092,1.0,0.1381766861327141,0.0363534774763728,0.9948237589698524,0.9922292267841102,4.025661990296227,4.383138526850791,4.244435351368452,0.1016843496737185,0.1249108955674542,1113.0,431.0,30.0,0.3574765365545644,1
181,181_D1,1,3,121,0.9933798864030772,1.0,0.6180404739510734,0.6298288832582887,0.9549611431519602,0.9664521551550904,3.425125071783281,3.473462556003488,3.864178287407813,0.3303232346329112,0.2947418204006341,1150.0,510.0,50.0,0.0483374842202071,1
181,181_D1,2,3,121,0.9936952692974576,1.0,0.4886124690192227,0.4825490908296966,0.9540639893487836,0.957761909132671,3.31736712472893,3.351325016274034,3.594722381644325,0.3096905127341842,0.2994221034173653,1179.0,470.0,32.0,0.0339578915451039,1
181,181_D1,3,3,121,0.9928472221059724,1.0,0.1908945898020407,0.1763122793236861,0.9678920685186652,0.9808026385226069,3.3152377534847104,3.3251266554987158,3.356642437112403,0.2514163845093568,0.195308741213309,1096.0,600.0,88.0,0.0098889020140049,1
181,181_D1,4,3,121,0.9904649083866854,1.0,0.3946804276664037,0.3775034802808221,0.94266381911376,0.9540039723880984,3.2674095683444166,3.3230532380103925,3.5392479585197765,0.3359923932149643,0.3031951427853406,1155.0,510.0,44.0,0.0556436696659758,1
181,181_D1,5,3,121,0.987199286429735,1.0,0.2436095608887298,0.2481232694520672,0.9483059017693066,0.968360004785313,3.264945055161755,3.3187762428217127,3.323880345451856,0.3185347212957281,0.2513346877739499,1136.0,540.0,63.0,0.0538311876599575,1
181,181_D1,6,3,121,0.9922259125567916,1.0,0.2599068563245958,0.2475729834589095,0.9663368582029536,0.9725496602320728,3.388337379549476,3.3446361327739926,3.510591929717396,0.2689338158142532,0.2362970259171946,1191.0,430.0,25.0,-0.0437012467754831,0
181,181_D1,7,3,121,0.992871771703922,1.0,0.2141991672827377,0.2149661526725953,0.9775734791945042,0.9796137540892228,3.2402611567642388,3.221061228290455,3.354631761480481,0.2109382451301226,0.2056441762074989,1171.0,480.0,40.0,-0.0191999284737836,0
181,181_D1,8,3,121,0.993792183056972,1.0,0.2429117529548372,0.2208707522805608,0.974651460826568,0.9827718391602172,3.330727108735143,3.2847343196500947,3.381765265327949,0.2237410803032141,0.1865742126909153,1159.0,510.0,41.0,-0.0459927890850484,0
181,181_D1,9,3,121,0.9886450710481676,1.0,0.2147731507202816,0.1750198669738829,0.9625604279103276,0.9688763495969026,3.2958986017797613,3.3005168992430667,3.4048436658939667,0.274875182225511,0.2515858086996022,1123.0,560.0,66.0,0.0046182974633053,1
181,181_D1,10,3,121,0.9901161011791358,1.0,0.1777336584391804,0.1512666842198378,0.9679348357051734,0.9797401673443168,3.205318299882334,3.2314842613025148,3.289891747303839,0.2570669279561111,0.2021953484881539,1079.0,473.0,38.0,0.0261659614201805,1
181,181_D1,11,3,121,0.9916221361918948,1.0,0.1798783556299869,0.1810137188861486,0.9706630136616832,0.9785832624125927,3.214757910364559,3.197920675762533,3.24862424355982,0.2404445873988962,0.2080383934614708,1182.0,460.0,31.0,-0.016837234602026,0
181,181_D1,12,3,121,0.9856236475179884,1.0,0.191793061717588,0.1892692048778321,0.9508192058476872,0.970438613295269,3.3354855079818724,3.2939518347342944,3.366949704022822,0.312193376895598,0.2434815665657505,1077.0,512.0,50.0,-0.0415336732475779,0
181,181_D1,13,3,121,0.9929234976755874,1.0,0.1587638543570627,0.1391308670958677,0.9756797645506464,0.9807250949603776,3.260476028314891,3.2494484371563424,3.295734610169617,0.2250917488707341,0.1985826224158065,1158.0,510.0,45.0,-0.0110275911585486,0
181,181_D1,14,3,121,0.9888375426073988,1.0,0.1339917813670103,0.1309034173045759,0.9667578688077748,0.9761302447731476,3.2531785763023096,3.247084183765583,3.2902566737964354,0.263058419986668,0.2194182306066201,1156.0,500.0,49.0,-0.0060943925367267,0
181,181_D1,15,3,121,0.9837661340411434,1.0,0.2142954392228898,0.2051284451497567,0.9423441597833744,0.9571558268639884,3.3527398682195733,3.278833940039779,3.418614706714466,0.338252033411637,0.2928527029505636,1094.0,590.0,93.0,-0.0739059281797942,0
181,181_D1,16,4,121,0.9926945799514044,1.0,0.2876261729119299,0.2815390265561863,0.9598928868889623,0.9754215762689628,3.316196728287291,3.378143496092532,3.439819250018154,0.2893513084033532,0.2234308510030843,1030.0,690.0,133.0,0.061946767805241,1
181,181_D1,17,4,121,0.995158468027019,1.0,0.4446342943875893,0.4290498006991821,0.9647350234824716,0.9708589038426856,3.4261360196096264,3.4447221198103795,3.622673186183336,0.2843214503070256,0.2604772473255949,1170.0,470.0,38.0,0.018586100200753,1
181,181_D1,18,4,121,0.9867996247508576,1.0,0.5222926020486018,0.5125265521827127,0.9150855119532428,0.9524658556636204,3.3022805554727883,3.394364211879308,3.646652547554838,0.4164247092037405,0.3290597939929217,1078.0,610.0,102.0,0.0920836564065195,1
181,181_D1,19,4,121,0.9920276547257674,1.0,0.369267768279469,0.3796419057985223,0.9652724322189762,0.9727788455440634,3.312792885659018,3.342072925555541,3.528947055669891,0.2623518937912346,0.2362248080007229,1117.0,570.0,77.0,0.0292800398965229,1
181,181_D1,20,4,121,0.9909668816667114,1.0,0.2284289498573477,0.1988570537803407,0.9622592814719284,0.9680787584190028,3.315397077296466,3.271084348388101,3.3186656715182594,0.2751442722914861,0.2539697134517217,1097.0,590.0,89.0,-0.0443127289083649,0
181,181_D1,21,4,121,0.9929700712919046,1.0,0.223435192641743,0.207742332032948,0.9768105886154822,0.9807967823350672,3.27245464595846,3.2746656245171706,3.301674409042238,0.2171940991691218,0.1950477975967044,1144.0,520.0,54.0,0.0022109785587112,1
181,181_D1,22,4,121,0.9935784055959276,1.0,0.1586532720161772,0.117027666763355,0.9834407058450492,0.9842546300201762,3.288432140387601,3.2872624564211765,3.297941219805807,0.1823939177603145,0.1767564157008312,1169.0,480.0,39.0,-0.0011696839664243,0
181,181_D1,23,4,121,0.9880642493112216,1.0,0.3833112871490555,0.3537202032708505,0.9385601187006024,0.9690084919559598,3.2740263444409377,3.302010670120024,3.51315929919636,0.3496220798117167,0.2633942286049586,1073.0,589.0,87.0,0.0279843256790863,1
181,181_D1,24,4,121,0.991493716045964,1.0,0.1729634398572285,0.1519875524934181,0.9642996790738092,0.97645843270911,3.275981238902929,3.3004864896167305,3.413748376964572,0.2681824607543436,0.2157562748813432,1135.0,540.0,64.0,0.0245052507138017,1
181,181_D1,25,4,121,0.995353332368104,1.0,0.1635406962527781,0.1303826277226003,0.9858887973816076,0.9875081081963282,3.2877396128355927,3.2788403743418284,3.382905754912129,0.167522150001119,0.1577244883355608,1170.0,490.0,38.0,-0.0088992384937642,0
181,181_D2,1,3,150,0.995676135012356,1.0,0.6414853610512761,0.6544997467530297,0.9590109266669437,0.9657987658227868,3.34914397944252,3.3639395820006923,3.6888434834102135,0.3091733825247489,0.2912988224902287,1138.0,530.0,59.0,0.0147956025581721,1
181,181_D2,2,3,150,0.9936607021809268,1.0,0.327226425755558,0.3231773575013161,0.9589295168777744,0.974965612918018,3.4140092374629267,3.475811225629095,3.606521662514467,0.2883106373806269,0.2263011504607675,1018.0,700.0,150.0,0.0618019881661684,1
181,181_D2,3,3,150,0.9929041631018932,1.0,0.2464974443605955,0.2377435067660931,0.9598250919173564,0.972105796714049,3.2893791630313234,3.2717019188353844,3.359676239417592,0.2829760721601058,0.237282095073581,1097.0,590.0,87.0,-0.0176772441959389,0
181,181_D2,4,3,150,0.9912316812789216,1.0,0.2624224129857615,0.238446516951879,0.9568828185820522,0.97264577000024,3.3483136302747214,3.336649712297838,3.3966869938477435,0.2946126899614243,0.235806511939744,1057.0,630.0,124.0,-0.0116639179768833,0
181,181_D2,5,3,150,0.9932789086977016,1.0,0.3195125485199631,0.3221946798319406,0.9720992010258828,0.978722215415625,3.3274072962547785,3.4129195800336336,3.536045073979862,0.2383695719440956,0.2140246738695419,1136.0,550.0,61.0,0.0855122837788551,1
181,181_D2,6,3,150,0.9919390241997518,1.0,0.1518279064275405,0.1606881047463604,0.97437981149703,0.9801160114702748,3.3352703385983338,3.31336836610783,3.345392582408783,0.2271033421710246,0.2002849734873691,1180.0,460.0,30.0,-0.0219019724905038,0
181,181_D2,7,3,150,0.9775245602839616,1.0,0.3083626184683488,0.307919656918324,0.9126579731316372,0.9301552270614843,3.327234965734333,3.364190956699251,3.551240067382105,0.4256332335572301,0.3692774519078055,1072.0,620.0,117.0,0.0369559909649179,1
181,181_D2,8,3,150,0.9835034274492296,1.0,0.2345961050889898,0.2375347259750728,0.9542389986192814,0.9657962269987808,3.2746093451953797,3.280906904241246,3.460847236990525,0.302527609739803,0.2618895624008857,1142.0,520.0,54.0,0.0062975590458669,1
181,181_D2,9,3,150,0.9937273543499364,1.0,0.5969497153887222,0.5733172624657141,0.9638409398277624,0.9669623881100172,3.539225074261142,3.571044986277188,3.9730976127898,0.3046547853529807,0.2866565849425564,1185.0,470.0,31.0,0.0318199120160449,1
181,181_D2,10,3,150,0.9900955223612008,1.0,0.1351135596707499,0.1230203604309427,0.9662202425959447,0.9751976183017034,3.231505278242664,3.2266230336863204,3.276964808188869,0.2640939227006781,0.2244839850247862,1134.0,540.0,63.0,-0.0048822445563434,0
181,181_D2,11,3,150,0.9919391032393255,1.0,0.1188470815504048,0.0836245489662231,0.976187734224313,0.9823787717137292,3.2288789687678108,3.161388506499554,3.2282913065477485,0.2196555859266137,0.1885529593502352,1152.0,520.0,46.0,-0.0674904622682568,0
181,181_D2,12,3,150,0.9883715591141476,1.0,0.1279746471674618,0.1319602716156783,0.9736763142605191,0.9788804062666456,3.2140734480624817,3.2035690854599963,3.275233896656335,0.2290527245608613,0.2054796567003271,1190.0,440.0,25.0,-0.0105043626024854,0
181,181_D2,13,4,150,0.9969695975705096,1.0,0.3735866400361767,0.3713699954514814,0.987352972120446,0.9886674652303484,3.4544489612088194,3.466791921357613,3.5518746502325094,0.1652711190017055,0.1567677783867645,1162.0,490.0,45.0,0.0123429601487941,1
181,181_D2,14,4,150,0.994315690887491,1.0,0.4655767590098201,0.4459616595037995,0.9577364816513364,0.9731361345430722,3.365842764452564,3.4005803133561696,3.5317998994899624,0.3005355127761342,0.2524586060525826,1183.0,460.0,31.0,0.0347375489036054,1
181,181_D2,15,4,150,0.99271293461,1.0,0.3064315414347865,0.3297893988720418,0.9636813005427284,0.9783199703947656,3.5468110786522904,3.466476742541323,3.565536073358243,0.2705979751762964,0.2111235211543257,1055.0,640.0,119.0,-0.0803343361109671,0
181,181_D2,16,4,150,0.9959843962836612,1.0,0.1870730614976725,0.1737553324684399,0.9820030839661148,0.9855991045330634,3.3489373783634906,3.3725456065812627,3.3998527024989604,0.1901541371593149,0.1692490035208064,1176.0,470.0,32.0,0.023608228217772,1
181,181_D2,17,4,150,0.9945633593499849,1.0,0.104145768851558,0.0422828878973074,0.986072717830592,0.986974020213638,3.281242637702107,3.2111055088936755,3.318772546473044,0.168782677006733,0.1629325774452737,1168.0,470.0,36.0,-0.0701371288084313,0
181,181_D2,18,4,150,0.9965424610554566,1.0,0.4854614186054181,0.4901919549878104,0.9877209820686992,0.985931207685384,3.4935405135563613,3.4622352880208167,3.596259600142134,0.1677946040791438,0.1816959861704616,1143.0,520.0,57.0,-0.0313052255355446,0
181,181_D2,19,4,150,0.9949193754647592,1.0,0.1632584845308588,0.0918616546119487,0.97849760214587,0.983314110081918,3.304209060261312,3.244972698690153,3.3778461667548623,0.209825596325489,0.1849298029405537,1154.0,510.0,48.0,-0.0592363615711586,0
181,181_D3,1,3,80,0.9977889379392594,1.0,0.4726746491070011,0.4331102496873011,0.9835908622906392,0.9801561988993638,3.35453633797425,3.327790434055108,3.404792306239361,0.1891511622950835,0.2059367125526869,1185.0,450.0,27.0,-0.0267459039191417,0
181,181_D3,2,3,80,0.9957728664178132,1.0,0.3329237878996977,0.3730232510228793,0.9826951075088924,0.9846428965062402,3.3288293017039825,3.361460923630543,3.4159962659877823,0.1881564693032099,0.1816849365442766,1181.0,470.0,31.0,0.0326316219265603,1
181,181_D3,3,3,80,0.9954130886185713,1.0,0.4072988685890657,0.3927306439921694,0.9784390760963648,0.982395977959236,3.4099810645365705,3.491439177995741,3.612833125461305,0.2131165844147891,0.1941724521431679,1153.0,510.0,51.0,0.08145811345917,1
181,181_D3,4,3,80,0.9905624306189108,1.0,0.3754605898008551,0.3696358405489374,0.9559106275457284,0.9675779330185836,3.3562627563555463,3.4364712736172924,3.622617100114661,0.3017820855524553,0.256285231933381,1151.0,510.0,50.0,0.0802085172617461,1
181,181_D3,5,3,80,0.9938434946300322,1.0,0.3190928295800679,0.2282034342205561,0.9736425407769606,0.9796222850414325,3.5489305946798835,3.5505653759498603,3.745950040099944,0.2285272238808569,0.2030934730012339,1130.0,550.0,67.0,0.0016347812699768,1
181,181_D3,6,3,80,0.994092203480432,1.0,0.3160332616956866,0.2724264293197392,0.9708217390148356,0.981072858515624,3.4752097253834062,3.4925486660736818,3.7203586076365855,0.2419133588930755,0.1967144296816214,1107.0,590.0,85.0,0.0173389406902755,1
181,181_D3,7,3,80,0.9833958321017846,1.0,0.4004143646792399,0.3623547862386587,0.9192602759244346,0.9579599897956114,3.315641554185273,3.3570985142328014,3.5475840361910533,0.3982521516798924,0.2910578966707727,1066.0,630.0,119.0,0.0414569600475278,1
181,181_D3,8,3,80,0.9948088225525756,1.0,0.2739487056546852,0.2596949864133631,0.9775014580421316,0.9820662128413458,3.2159845815574237,3.224669610495289,3.305906846310176,0.2114684922070789,0.1889743793138226,1189.0,440.0,25.0,0.0086850289378661,1
181,181_D3,9,4,80,0.995585102366431,1.0,0.647373495594932,0.6777359702914638,0.9569615631705688,0.966104543164298,3.718420994722262,3.777728434361072,4.22478903660557,0.3213424506237696,0.2929459216264975,1138.0,540.0,60.0,0.0593074396388098,1
181,181_D3,10,4,80,0.9962685715927958,1.0,0.604685516048188,0.6306177764517633,0.9644215832300644,0.9730959067188734,3.6611488661705582,3.704484468108985,4.151570783123679,0.2832971504513826,0.2615160749639771,1180.0,460.0,30.0,0.043335601938427,1
181,181_D3,11,4,80,0.9916013264403144,1.0,0.5408634830732995,0.5505026979295284,0.9503942480332456,0.9694054530979722,3.591858611533219,3.690099848513475,3.980136073928312,0.3293107285676298,0.2631543343237414,1090.0,610.0,95.0,0.0982412369802561,1
181,181_D3,12,4,80,0.9923699297534554,1.0,0.4369043249572654,0.415024861170425,0.9589506138260876,0.9737886995485509,3.899624320935218,3.86208677259246,4.118761415921918,0.2930274055197076,0.2327521083094839,1058.0,650.0,116.0,-0.0375375483427582,0
181,181_D3,13,4,80,0.994095769929036,1.0,0.309300772324352,0.2828099067513484,0.9732776105414972,0.9798390121921544,3.366883201649043,3.4013509593307023,3.4824671094306554,0.2317184651818888,0.2015155913660763,1101.0,590.0,83.0,0.0344677576816594,1
181,181_D3,14,4,80,0.9956348897280676,1.0,0.274905639354665,0.254619571680615,0.9799969897119128,0.9840466397889156,3.3536475277121705,3.3543092262848635,3.481825521850407,0.2004035130709761,0.1795686748054944,1182.0,460.0,30.0,0.000661698572693,1
181,181_D3,15,4,80,0.9883069514337456,1.0,0.2262029851341758,0.1704484204984223,0.9660405171609858,0.980765396755046,3.3919803174226275,3.3748153716540585,3.448383945043612,0.2589406352840239,0.1964602770653408,1161.0,490.0,42.0,-0.0171649457685689,0
181,181_D3,16,4,80,0.9959257085862327,1.0,0.1763040254129041,0.1372604192497644,0.9865467816806917,0.9859753901293864,3.405198661871422,3.444881157692244,3.439364127155117,0.1640176857600401,0.1674081242316822,1144.0,520.0,57.0,0.0396824958208221,1
181,181_D3,17,4,80,0.9965665612077526,1.0,0.1238403446410295,0.0618233083719338,0.9926883336217834,0.9938417904031268,3.3161740865935165,3.3273802548879505,3.3466717378306856,0.1215500772822432,0.1110426802018646,1179.0,470.0,31.0,0.0112061682944339,1
181,181_D4,1,3,52,0.9946151367963636,1.0,0.6085164454636691,0.6133598320670826,0.9575916822051452,0.9676102147618784,3.52154983568771,3.535961461684785,3.832962888293669,0.3101836934264257,0.2811602289898178,1145.0,520.0,49.0,0.014411625997075,1
181,181_D4,2,3,52,0.9953338736751224,1.0,0.2830860914586052,0.3025773886959613,0.9856829892865248,0.9887225546363774,3.3347725413310507,3.3585421155978965,3.411552866107871,0.1711990439208579,0.1508772339985485,1098.0,590.0,88.0,0.0237695742668457,1
181,181_D4,3,3,52,0.9948513493512092,1.0,0.4781800059328837,0.4663486403464642,0.9705363276790716,0.97773951316499,3.667659385216571,3.741678166749706,3.900413854488349,0.2495966570305944,0.2196909032804383,1088.0,600.0,93.0,0.0740187815331347,1
181,181_D4,4,3,52,0.989250151921236,1.0,0.331343325982861,0.3032088034531616,0.9599635816434152,0.9736814874848928,3.3976786649158712,3.482292544394734,3.574690962876872,0.2807658231227116,0.2304293705431699,1086.0,620.0,95.0,0.0846138794788626,1
181,181_D4,5,3,52,0.9908689581776168,1.0,0.270617840122545,0.2909032986693164,0.969610430703198,0.9765257365895686,3.3540999289205957,3.350978706351788,3.5393794187366607,0.2448536364589887,0.2168544242581422,1177.0,470.0,38.0,-0.003121222568807,0
181,181_D4,6,3,52,0.995199042528286,1.0,0.1870901202275563,0.1675297241510974,0.9877975711680382,0.9865159747676018,3.288714537029606,3.343737254713026,3.3617384238305807,0.1564154340749656,0.1637629499081074,1196.0,440.0,27.0,0.0550227176834208,1
181,181_D4,7,3,52,0.9951637019490678,1.0,0.369395923206704,0.4109007576353879,0.9831373843956523,0.9843401974894972,3.4280425402679726,3.43645177201812,3.552718212087268,0.1863287440095757,0.1816292066158666,1138.0,530.0,57.0,0.0084092317501474,1
181,181_D4,8,3,52,0.9902500542745738,1.0,0.2079327537621568,0.1980781091223675,0.9684102228162884,0.9750957789399292,3.3205326634532915,3.302400859901433,3.3861947844065963,0.2498672649688126,0.2222167709063923,1126.0,540.0,68.0,-0.0181318035518582,0
181,181_D4,9,3,52,0.99517836546681,1.0,0.2743959297405492,0.238463338632687,0.983860424603461,0.9871172987368428,3.473769034243621,3.445848100172095,3.637147707895372,0.1796169557150516,0.1634770116957923,1179.0,470.0,31.0,-0.0279209340715262,0
181,181_D4,10,3,52,0.9888514738042756,1.0,0.2039645656535835,0.2062522691112044,0.9618056063152832,0.971623144995695,3.3449630152812686,3.353303282536624,3.426757761859477,0.2776690396429846,0.2393775657684134,1048.0,640.0,126.0,0.0083402672553556,1
181,181_D4,11,4,52,0.9963931345556613,1.0,0.4854282354788042,0.5865642206317777,0.9784210548119828,0.984033308456948,3.947840535520119,3.844637568462358,4.168847237045611,0.2218868064642516,0.2021519797266413,1080.0,530.0,56.0,-0.103202967057761,0
181,181_D4,12,4,52,0.9951492780539432,1.0,0.4374268080640693,0.4887433693813495,0.9603721543776356,0.9740650681773734,3.852019786614106,3.8348592704315694,4.105741836783448,0.2857855605530265,0.2424542682898095,1035.0,640.0,117.0,-0.0171605161825358,0
181,181_D4,13,4,52,0.9930585014223436,1.0,0.4242835251545926,0.4352959326514601,0.9673217511969658,0.9788982398373536,3.534745274267269,3.605899952460878,3.76474200783593,0.2586038800448077,0.2092995720031711,1100.0,580.0,89.0,0.0711546781936092,1
181,181_D4,14,4,52,0.9920253863841356,1.0,0.2126668167902779,0.2147568893639484,0.9783514069727708,0.9831157529965396,3.3826985735520987,3.315251947037953,3.326306326829787,0.2074672577484378,0.1836155236537195,1159.0,500.0,42.0,-0.0674466265141457,0
181,181_D4,15,4,52,0.9904757133927204,1.0,0.1925109751069808,0.1709835272540462,0.9600512491880222,0.968818491281316,3.340714316173723,3.334460141371663,3.4530708714834377,0.2799673909970184,0.2477834325295787,1095.0,590.0,97.0,-0.0062541748020601,0
181,181_D4,16,4,52,0.99038374076345,1.0,0.1166875830967203,0.0823000224148808,0.9645560511335968,0.9738180215641308,3.373688056726272,3.3536414642532253,3.320162179125097,0.2702712674628628,0.2318487045151286,1111.0,580.0,77.0,-0.0200465924730468,0
181,181_D4,17,4,52,0.9941826733580756,1.0,0.0436767025340393,-0.0300578169504863,0.9856258570711812,0.9881866666683948,3.3085455238196038,3.3379753579096763,3.299059242486305,0.1705989228320194,0.1561984508674019,1146.0,520.0,55.0,0.0294298340900729,1
181,181_D4,18,4,52,0.9959302473114624,1.0,0.1187990494977649,0.1085299147351994,0.9880619625411572,0.989597450743143,3.309286545891529,3.3432639892627,3.2857946703918754,0.1548947165340307,0.1443259503573059,1173.0,470.0,35.0,0.0339774433711701,1
181,181_D5,1,3,42,0.99437784516213,1.0,0.2792230534262758,0.2806278419995893,0.9794138215970494,0.9820600612605338,3.479046406108833,3.468204105054076,3.5860515902831622,0.2049647607533131,0.1892657195354012,1139.0,540.0,58.0,-0.0108423010547573,0
181,181_D5,2,3,42,0.9952268651723428,1.0,0.344648349407313,0.3130592095212982,0.9719864184364836,0.9779533917836888,3.423493549428418,3.409894043204123,3.573856562788719,0.236776786994238,0.2104375344193152,1190.0,450.0,25.0,-0.013599506224295,0
181,181_D5,3,3,42,0.993074278312604,1.0,0.4586573471717258,0.4316021845915579,0.9596064248546148,0.970663738482154,3.500178682833522,3.50106102998747,3.79512956407368,0.2863916431564709,0.2497610024760133,1117.0,570.0,73.0,0.0008823471539471,1
181,181_D5,4,3,42,0.9942163750618784,1.0,0.2025074935240022,0.1980419496015082,0.9837981579301252,0.9859311521228432,3.332577580174264,3.435987683640084,3.438408378744876,0.1794080672315255,0.1673145592699531,1160.0,500.0,46.0,0.1034101034658201,1
181,181_D5,5,3,42,0.9942936703854371,1.0,0.0826914168238859,0.0180181374372729,0.9885160262476368,0.9900247261965572,3.429148854730118,3.430102742546484,3.454055383172627,0.1515202333547746,0.1420135630341833,1108.0,468.0,42.0,0.0009538878163657,1
181,181_D5,6,3,42,0.9968924625440534,1.0,0.0076681975837779,-0.017316141622277,0.9945863429503132,0.993920977938524,3.383443762267475,3.3671425279786344,3.375782935084764,0.1045286525033296,0.1111832524542963,1099.0,408.0,25.0,-0.0163012342888406,0
181,181_D5,7,3,42,0.9934021313275788,1.0,0.1098986278738368,0.0352115532070955,0.9786628182112764,0.9845965944415046,3.379370834995381,3.3725658705946917,3.4112353519538168,0.2096402015224769,0.1757493341058708,1120.0,570.0,73.0,-0.0068049644006897,0
181,181_D5,8,3,42,0.996470930123388,1.0,0.0985060377617071,0.096225721770252,0.992161333377216,0.991897105224277,3.414818559764157,3.382602728814581,3.452218258117916,0.1259916063189599,0.1286342232939422,1184.0,470.0,32.0,-0.0322158309495765,0
181,181_D5,9,4,42,0.9955650139843056,1.0,0.7750434959869641,0.7933410207046128,0.9752393519947604,0.9845069169765271,4.431711017844954,4.465749976374457,5.059760683335208,0.2742955569098569,0.2322162089138807,1116.0,560.0,78.0,0.0340389585295026,1
181,181_D5,10,4,42,0.992577943159752,1.0,0.2919521094253583,0.2713300778883584,0.9732688487141364,0.9818986405061944,3.3302251448632574,3.369095335120953,3.554561051556972,0.2306665393056163,0.1902185553915486,1077.0,620.0,103.0,0.0388701902576955,1
181,181_D5,11,4,42,0.9959237094483696,1.0,0.2787829195575003,0.2463070020252035,0.9831805248031736,0.985311584492424,3.4003655656666023,3.380227688437365,3.5617170088445924,0.1830564517012716,0.1718216645015356,1179.0,470.0,33.0,-0.0201378772292368,0
181,181_D5,12,4,42,0.9914358805198316,1.0,0.3316284275868424,0.3167158671718068,0.9581048028809714,0.9723221396346252,3.44800633374237,3.4509541020689785,3.820596784591125,0.2884961947382943,0.2340869355694089,1091.0,610.0,90.0,0.0029477683266083,1
181,181_D5,13,4,42,0.9943485696165996,1.0,0.1995339394378285,0.1742454629809077,0.9828930557929324,0.9860522211120792,3.423044900977571,3.458088964510753,3.4931787005323107,0.1864775540271919,0.1680917564534793,1126.0,550.0,71.0,0.0350440635331823,1
181,181_D5,14,4,42,0.9958659150593654,1.0,0.1037485344215893,0.0555445306592382,0.9909886393458538,0.9912033712155058,3.254329784120554,3.293003966690602,3.311131834601503,0.133973260436804,0.1333350556769155,1188.0,450.0,28.0,0.0386741825700478,1
181,181_D6,48,3,52,0.9944269693316556,1.0,0.5681213583392877,0.5564829126314621,0.9692247882334172,0.981301269616676,3.892002819392644,3.949923264345926,4.3879103977846645,0.2620855331399291,0.2077776827937174,1042.0,670.0,130.0,0.0579204449532819,1
181,181_D6,49,3,52,0.9963691139329456,1.0,0.4013545594437415,0.3906553088326234,0.9795772731457228,0.9810600438791128,3.3999879994023665,3.423581954031918,3.529988048463506,0.2080637999638112,0.2013010622661809,1159.0,510.0,45.0,0.0235939546295513,1
181,181_D6,50,3,52,0.9979034432152872,1.0,0.9095422889830792,0.9132188853733768,0.9784597875050534,0.9826853953632588,5.481137062943343,5.821040993228433,8.036085435936085,0.3443860001935089,0.31819209644987,1138.0,520.0,58.0,0.3399039302850895,1
181,181_D6,51,3,52,0.993899456507206,1.0,0.670628282631309,0.676032427898979,0.9688327686306548,0.9810306043711724,3.856828313886969,4.032353956143032,4.512717364451181,0.2833885818252333,0.2259773251279691,1087.0,590.0,97.0,0.1755256422560629,1
181,181_D6,52,3,52,0.9912836622956612,1.0,0.3036821469616859,0.2800802622509063,0.9708691555329264,0.9859081534916228,3.4066420684202434,3.4303850298428653,3.545764734345103,0.243930376184483,0.170726830169522,1176.0,470.0,37.0,0.0237429614226218,1
181,181_D6,53,3,52,0.9867518431109858,1.0,0.4326310471314438,0.3995089104835267,0.92964580119341,0.9608905956007442,3.6284007642382647,3.6787354856484464,3.9577035633504334,0.3704639961032906,0.2817053253804255,1090.0,610.0,102.0,0.0503347214101816,1
181,181_D6,54,3,52,0.9964447821971584,1.0,0.3009095137933802,0.2748303710740499,0.9837088815156536,0.9851491925200536,3.383398934360061,3.3837775661353326,3.416277682454333,0.181320795229025,0.1737073043138052,1184.0,460.0,31.0,0.0003786317752711,1
181,181_D6,55,3,52,0.9946625499101036,1.0,0.3309334154664268,0.3227880421813636,0.9802481279774944,0.9852700616077608,3.4116544420134147,3.4062543158272183,3.5283370545567587,0.2028089662970115,0.1745892616062256,1121.0,580.0,69.0,-0.0054001261861964,0
181,181_D6,56,3,52,0.9908211741061684,1.0,0.4016038953025047,0.3885966304550489,0.9600989716408328,0.9729720818466784,3.542175580160553,3.6828000893856734,3.880742699966981,0.2811609931367275,0.2322685661125377,1068.0,610.0,115.0,0.1406245092251214,1
181,181_D6,57,3,52,0.983865680413622,1.0,0.3534366193750911,0.3654383110286578,0.9043649751251116,0.9437645106038596,3.2880110246233007,3.2795911717974904,3.500392964841493,0.430168964933916,0.3326539704550513,1107.0,570.0,84.0,-0.0084198528258103,0
181,181_D6,58,3,52,0.9944434547657334,1.0,0.1250033606945996,0.098269611938774,0.9783036677696038,0.9849127285067064,3.262219622724194,3.272555925074805,3.3244834886315457,0.2105419082419981,0.1746407076504082,1041.0,680.0,130.0,0.0103363023506108,1
181,181_D6,59,4,52,0.9909300724538124,1.0,0.3182586740367341,0.3324160373098904,0.9511117865927204,0.9729232048393568,3.3938367042935527,3.4113923259663275,3.5135347751238943,0.3099927351643607,0.2343214701284342,1017.0,700.0,149.0,0.0175556216727748,1
181,181_D6,60,4,52,0.9910787757582112,1.0,0.4802558043180123,0.4538348763896205,0.9537050935328528,0.9699209980098682,3.4276345613889045,3.4602615390465816,3.784737479570131,0.3095566503785876,0.256560053354793,1187.0,460.0,31.0,0.032626977657677,1
181,181_D6,61,4,52,0.9921536437042632,1.0,0.2773505044079732,0.2679354980944494,0.9602226156630124,0.975856050237334,3.5222475341273185,3.4871692057569503,3.4890997185670973,0.2808963196810962,0.2211887158763203,1040.0,640.0,115.0,-0.0350783283703681,0
181,181_D6,62,4,52,0.9964128565280876,1.0,0.1207880136355299,0.096404250105226,0.9902996632918444,0.991221239454812,3.378897328241917,3.369837196649395,3.3668136931592447,0.1391825514782073,0.1338643418992322,1113.0,450.0,26.0,-0.0090601315925225,0
181,181_D6,63,4,52,0.9945533526899832,1.0,0.2988150818559819,0.3007021390801042,0.981762623368256,0.9859716637377388,3.3580432166895253,3.294040075083064,3.405279564290554,0.1936550514887956,0.1689504695393836,1134.0,530.0,63.0,-0.0640031416064617,0
181,181_D6,64,4,52,0.9947007735104272,1.0,0.1838186523003055,0.1316997363589744,0.9807904590206292,0.9865596264073015,3.382701722999657,3.478647030004276,3.497216565062596,0.1956270431316886,0.1640834045745018,1116.0,570.0,77.0,0.0959453070046185,1
181,181_D6,65,4,52,0.9952651872472358,1.0,0.2758820621772319,0.2853755699628485,0.9830607380081804,0.985537224267209,3.308699132792345,3.3908727745144884,3.3969930947444382,0.1851397281795123,0.1699465943371584,1144.0,490.0,43.0,0.0821736417221434,1
181,181_D6,66,4,52,0.995916043536964,1.0,0.1704835080975389,0.1206140053875749,0.9879104021032886,0.9887835720787078,3.4272253364738945,3.40523825347553,3.483686004947624,0.1551914726315215,0.1495887927661168,1182.0,460.0,31.0,-0.0219870829983643,0
181,181_D6,67,4,52,0.9948708691577208,1.0,0.2100319408309716,0.119388708032008,0.982144952544209,0.9876972986412568,3.362798010333673,3.416745672989159,3.5503998133809134,0.1889391218696465,0.1570077771556106,1151.0,510.0,49.0,0.053947662655486,1
181,181_D6,68,4,52,0.9949138450673616,1.0,0.245197775082703,0.2062134123847715,0.9840542686326794,0.9887348692086272,3.423702337738506,3.4654675235653345,3.615957326141911,0.1795317876009552,0.1503584893421385,1152.0,520.0,49.0,0.0417651858268284,1
181,181_D7,1,3,50,0.9979710353612348,1.0,0.7094924734647488,0.7203268132021359,0.9819199085838912,0.9807556746232676,3.578707820286235,3.500566064248335,3.8312615148319686,0.2315757733203327,0.2405789241890165,1150.0,510.0,50.0,-0.0781417560378998,0
181,181_D7,2,3,50,0.9935920623214064,1.0,0.5617172769793429,0.5544839802725713,0.956036748655805,0.9699783648250354,3.4421972176129088,3.5456098830116463,3.861587496766545,0.3106163134782237,0.260220415088898,1112.0,570.0,76.0,0.1034126653987375,1
181,181_D7,3,3,50,0.9945732332330516,1.0,0.4126201375795536,0.3829376292692314,0.9747034428699296,0.9823826170408012,3.502992420587128,3.550722761333708,3.7342057768414376,0.2307273899976702,0.1909817948103657,1119.0,570.0,79.0,0.0477303407465803,1
181,181_D7,4,3,50,0.993915911247474,1.0,0.5645044262032485,0.5658327298664642,0.9666162472809304,0.9774336037258547,3.497988016887197,3.603870495051889,3.7741123639832272,0.2784288938831841,0.2344460273552457,1099.0,600.0,85.0,0.1058824781646916,1
181,181_D7,5,3,50,0.9873571515315122,1.0,0.445831217591083,0.4338359220010946,0.927451603798172,0.9599892166440988,3.472659613947333,3.537432391437586,3.902107684045302,0.3805324819385541,0.289921660043574,1083.0,630.0,94.0,0.0647727774902526,1
181,181_D7,6,3,50,0.9926719816193452,1.0,0.2004100697268563,0.1761433047303263,0.9686629269386944,0.9784176057769436,3.4150135967410664,3.4501446482976625,3.5449903880382565,0.2490399834710883,0.2071282967125382,1102.0,610.0,79.0,0.0351310515565961,1
181,181_D7,7,3,50,0.9912594909175384,1.0,0.1580484346817157,0.1037015373692493,0.9784946444076188,0.988350053427948,3.3731663904849976,3.376772092221968,3.427969051283764,0.2074240222523367,0.1533158054162807,1172.0,480.0,35.0,0.0036057017369706,1
181,181_D7,8,3,50,0.9903977683431746,1.0,0.3097522145021216,0.2667482072363764,0.9560591817752964,0.9731439821808257,3.383720729643616,3.4391393515742816,3.655509716564231,0.2940175907778465,0.2314081479185024,1151.0,510.0,50.0,0.0554186219306656,1
181,181_D7,9,3,50,0.9931229722138118,1.0,0.2107219321794138,0.2107786020458301,0.97305148526185,0.9805378685426044,3.3743655361158966,3.3616726940222077,3.395180544106167,0.2327182893349232,0.1968900702568705,1051.0,640.0,124.0,-0.0126928420936893,0
181,181_D7,10,3,50,0.990576383254639,1.0,0.200231179389752,0.2158759149994477,0.9732936826114188,0.9810871469092604,3.274546647116213,3.310264638076099,3.237823146333496,0.2303030228299613,0.1936958863009802,1180.0,460.0,30.0,0.0357179909598865,1
181,181_D7,11,3,50,0.9943054900244728,1.0,0.2662942215958122,0.2283840023728554,0.9784561387912004,0.9811955714696284,3.2366554396651974,3.3261964320637043,3.4298021658129185,0.2072466654443394,0.193818988247076,1133.0,550.0,62.0,0.0895409923985068,1
181,181_D7,12,4,50,0.9936448162446057,1.0,0.4975251745504577,0.5003909025605469,0.954702448422038,0.9686116555826456,3.3902846522197883,3.438153983600288,3.5584218011474658,0.3072005497051115,0.2619037339948442,1118.0,570.0,74.0,0.0478693313804998,1
181,181_D7,13,4,50,0.994723812303418,1.0,0.403956753422434,0.3961455798654993,0.9723825055372728,0.978936160308556,3.2984877930788974,3.362606872549704,3.637576551216702,0.2405341482995219,0.2136588978601638,1155.0,500.0,45.0,0.0641190794708066,1
181,181_D7,14,4,50,0.9918253304526536,1.0,0.2192889118263354,0.185160376464304,0.964908200528747,0.9775099478643452,3.376283184973897,3.342181035082497,3.39929589308491,0.263554809478478,0.2116508134661583,1087.0,620.0,94.0,-0.0341021498913995,0
181,181_D7,15,4,50,0.991701053494758,1.0,0.2170499392710816,0.2061597237624819,0.9718930754005912,0.9780313303840944,3.2325415966285123,3.316365132362983,3.2956544064791604,0.2361545959899037,0.2087146836876497,1126.0,560.0,67.0,0.0838235357344707,1
181,181_D7,16,4,50,0.9938062209243036,1.0,0.2288508579296354,0.1809015771062692,0.9768427200583216,0.9849807962694594,3.273880791255837,3.267233828252274,3.363171967890712,0.2150520238958226,0.1727003504000085,1160.0,490.0,44.0,-0.006646963003563,0
181,181_D8,1,3,63,0.9903565453407436,1.0,0.3806663996783297,0.393322253716067,0.9466329827544926,0.9654757253792516,3.502623402925092,3.552724979965492,3.8181385105723327,0.3291365699935054,0.2652926934631359,1030.0,690.0,137.0,0.0501015770404,1
181,181_D8,2,3,63,0.9943336413333224,1.0,0.3380921572596671,0.3222402052726762,0.9809008893790052,0.9828271058000128,3.4879608174385703,3.5169630490466885,3.552857088273133,0.1955147764434627,0.1888998809039201,1157.0,510.0,49.0,0.0290022316081182,1
181,181_D8,3,3,63,0.9965449677361168,1.0,0.4303986093075362,0.4067351059734513,0.9829349635961432,0.9822029824943423,3.362967007630215,3.4149876771620487,3.619437671937681,0.1892454994648864,0.1942765727281955,1133.0,540.0,63.0,0.0520206695318337,1
181,181_D8,4,3,63,0.9955402363868564,1.0,0.1208346958179752,0.107736016295244,0.9887993984391468,0.990620449659253,3.3044379653017075,3.292993464660729,3.338855950397833,0.1505674200682837,0.1372455821416042,1164.0,490.0,44.0,-0.0114445006409784,0
181,181_D8,5,3,63,0.9909040009057198,1.0,0.2608070168336747,0.2025237103039846,0.9564970317628064,0.9731591502442892,3.339160795242982,3.381702240471733,3.610919754099118,0.2919030211068829,0.2361525933507479,1125.0,550.0,69.0,0.0425414452287511,1
181,181_D8,6,3,63,0.9948764324189656,1.0,0.235143442802018,0.1848534510362968,0.9781942227517,0.9831804892739164,3.291919195720981,3.308974098694956,3.4163170085163133,0.2077068482981866,0.1830270887971953,1175.0,480.0,38.0,0.017054902973975,1
181,181_D8,7,3,63,0.9942023602677926,1.0,0.4679567027555927,0.465093378142462,0.9683840749283668,0.972272388030766,3.4675964676273665,3.503310172638377,3.790132385083059,0.2766802566525606,0.2429479924426482,1154.0,510.0,47.0,0.0357137050110103,1
181,181_D8,8,3,63,0.9929284244769614,1.0,0.0481888600580161,0.0307602964365128,0.9768558848824488,0.9820470471892488,3.29275783114117,3.278448973261908,3.3510779811689786,0.2185225932992185,0.1904661894992459,1090.0,600.0,91.0,-0.014308857879262,0
181,181_D8,9,3,63,0.9958608717907032,1.0,0.1462433429703331,0.1484257096896134,0.9850692953828984,0.9880700117709452,3.422202952469807,3.407023303853808,3.4518660008235518,0.1746445841937001,0.1550132312234279,1185.0,440.0,27.0,-0.0151796486159994,0
181,181_D8,10,4,63,0.993838375875106,1.0,0.172844463468424,0.1581165175018138,0.979022679170952,0.9831684264711904,3.4250203459637905,3.461496242699708,3.494372118222545,0.2051861409424059,0.1827462187646353,1068.0,620.0,108.0,0.0364758967359177,1
181,181_D8,11,4,63,0.994172824332382,1.0,0.0422636854208372,0.0077072775255233,0.98503572892051,0.9881740036687858,3.244250717119026,3.24970213964631,3.3122985587420697,0.1777933134052797,0.156627189035078,1135.0,540.0,63.0,0.0054514225272841,1
181,181_D8,12,4,63,0.9930400234199706,1.0,0.1740346393821951,0.1782054130633739,0.9872205658711916,0.9837265985105272,3.482289284410834,3.4583067200734443,3.593939123385151,0.1593890205915986,0.1801330302388639,1177.0,460.0,33.0,-0.0239825643373903,0
181,181_D9,1,3,34,0.9929288234492736,1.0,0.3982309575243711,0.3842459282034502,0.9695569212783994,0.9755118288933704,3.40147705109042,3.384749445702243,3.471717547940525,0.247178496118352,0.2235414762022618,1132.0,540.0,64.0,-0.0167276053881768,0
181,181_D9,2,3,34,0.9967371572450892,1.0,0.7055213712497195,0.7176800101490335,0.9817383028782832,0.9876008458983008,3.928096091563912,3.97962441497625,4.312645043930347,0.233673860264132,0.200069564548812,1044.0,660.0,130.0,0.051528323412338,1
181,181_D9,3,3,34,0.9930754366071394,1.0,0.4354783264398635,0.4423924514545859,0.965075450403974,0.9796354331818532,3.4331122907122538,3.5361172254479403,3.716796522215908,0.2652397122438487,0.2092249262981703,1029.0,680.0,138.0,0.1030049347356865,1
181,181_D9,4,3,34,0.9962389656241736,1.0,0.1589000599977937,0.1084612375496168,0.9906613788649944,0.9910979364946196,3.4618883515944665,3.471603708985394,3.4613136333738708,0.1366172511202192,0.1332400876201001,1187.0,450.0,29.0,0.0097153573909274,1
181,181_D9,5,3,34,0.996001386349692,1.0,0.19738310644223,0.1416607164169549,0.9823605218992172,0.9864932391017804,3.180562845921129,3.262609549417593,3.402329774237799,0.1885601078632627,0.1639369603930314,1192.0,450.0,27.0,0.0820467034964642,1
181,181_D9,6,3,34,0.992275514981168,1.0,0.2806977919837554,0.2332773703016391,0.9663038190072056,0.9791767055179028,3.415016598375358,3.470891907645125,3.5940298511997604,0.2589482257062643,0.2060673168522326,1145.0,530.0,55.0,0.0558753092697665,1
181,181_D9,7,3,34,0.9925417059027962,1.0,0.1907421301400457,0.2013445460880353,0.9668046775134655,0.9740755159988652,3.2869201589074897,3.280282864296794,3.268946234769325,0.2585390387206218,0.2262587766316799,1125.0,570.0,68.0,-0.0066372946106958,0
181,181_D9,8,3,34,0.9914813622964396,1.0,0.1116164078584076,0.0790691863047955,0.9657452291172328,0.973551682101486,3.3578543274367334,3.3703692111016537,3.2766861267592446,0.2624034832648344,0.2306649968777833,1104.0,580.0,86.0,0.0125148836649202,1
181,181_D9,9,4,34,0.9962604293298444,1.0,0.6763305085816951,0.6757675042021001,0.9651869171036966,0.9730412761266896,3.907043306908684,3.904915079482576,4.185146728009105,0.3017892909895754,0.2685104935649381,1116.0,590.0,73.0,-0.0021282274261076,0
181,181_D9,10,4,34,0.9967044903032256,1.0,0.7168465669919275,0.7225675718831963,0.9741948740153684,0.9818828284387342,3.91870114824672,3.9103723328036697,4.395100443323739,0.2785968396725765,0.2420263198608627,1043.0,670.0,127.0,-0.0083288154430505,0
181,181_D9,11,4,34,0.9969778077008026,1.0,0.4979697047764522,0.4640816353133223,0.9806129258864684,0.9820172935726472,3.475959720963465,3.489896167694932,3.612263510808382,0.2055991500665029,0.1982263120990395,1191.0,440.0,25.0,0.0139364467314671,1
181,181_D9,12,4,34,0.9909845785060712,1.0,0.3937482042201689,0.3891245392492326,0.9517560511323911,0.97062364899321,3.316711364065263,3.451887780624768,3.5346202795406727,0.3090233163079322,0.2463203577934558,1017.0,690.0,148.0,0.1351764165595046,1
181,181_D9,13,4,34,0.9899391878131724,1.0,0.309726509136159,0.2812768480602987,0.9659068270037094,0.9758377278052672,3.3402146671698505,3.336988358473606,3.380746088188296,0.2660783967133103,0.221988019950108,1144.0,530.0,53.0,-0.0032263086962442,0
181,181_D9,14,4,34,0.9959539299329994,1.0,0.4579421711299414,0.4046058084281655,0.9781373220063748,0.9761427471246298,3.4046595597837115,3.400645162793277,3.5989057020852084,0.2131093095948263,0.2266255953902245,1191.0,440.0,25.0,-0.0040143969904349,0
181,181_D9,15,4,34,0.994058857303306,1.0,0.2911787773391191,0.2560223728443099,0.97518255141239,0.9795596716199,3.3946132078747344,3.340800959896014,3.540888586421289,0.2222732700512869,0.2063285957625833,1109.0,580.0,79.0,-0.0538122479787204,0
181,181_D9,16,4,34,0.9938175751749064,1.0,0.0870605850020357,0.0601331887413538,0.9849805705122388,0.9873391151002112,3.3739145425769967,3.300487192634498,3.308049380334667,0.1739376401667141,0.1599088186763219,1151.0,520.0,50.0,-0.0734273499424986,0
185,185_D1,1,1,6,0.9968628133795808,1.0,0.2115370977979767,0.2113455005622669,0.9922670795876618,0.9936816469617004,3.5632877975641497,3.4867746336086496,3.610453003286525,0.126322773105127,0.1124095226650431,1169.0,490.0,40.0,-0.0765131639555001,0
185,185_D1,2,1,6,0.9996482327108404,1.0,0.2454131262848357,0.2397431982554419,0.9964248047487128,0.996491280193502,3.3873489232001246,3.449822058685446,3.358013223217172,0.0858771016225172,0.0857611064836687,1232.0,675.0,5.0,0.0624731354853214,1
185,185_D1,3,1,6,0.9955726815926328,1.0,0.0744732329675572,0.118320926681903,0.984652668288604,0.9869275389793088,3.175609474644236,3.03748896146722,3.1842858619138585,0.1768282660795976,0.1614880435855862,1173.0,450.0,30.0,-0.1381205131770153,0
185,185_D1,4,1,6,0.994576630814038,1.0,0.2541134936548289,0.2370613096468057,0.9867838734554306,0.987453241629207,3.3008350338564885,3.3604719503508225,3.314390472276896,0.1613310980020896,0.1590322743444833,1214.0,380.0,10.0,0.059636916494334,1
185,185_D1,5,1,6,0.987071024392924,1.0,0.0193436589092406,0.12272294416237,0.9808601212927592,0.9884726689183592,2.998974760330766,3.2314917326399333,3.174885392378917,0.1975512113028818,0.1514606716669963,1187.0,450.0,26.0,0.2325169723091673,1
185,185_D1,6,1,6,0.9949304448488778,1.0,0.1387403056561593,0.1733398536069814,0.9897708313281278,0.9917557430708996,3.2922783388402115,3.277458142501356,3.3987093627426823,0.1439484473918284,0.1302860280852348,1155.0,500.0,48.0,-0.0148201963388556,0
185,185_D1,7,1,6,0.9982924012994372,1.0,0.067059466391751,0.0243988423770131,0.996240732958304,0.9969853192537084,3.2622885838179583,3.127138003408083,3.1013346101744905,0.0866411377342032,0.0776129275266009,1162.0,380.0,11.0,-0.1351505804098751,0
185,185_D1,8,1,6,0.9963458173743408,1.0,0.2314157990646929,0.1946182719969604,0.989753722198682,0.9893418457197092,3.063130806380033,3.058423431653435,3.208168508381236,0.1431871400345641,0.1456064183929557,1218.0,380.0,11.0,-0.0047073747265979,0
185,185_D1,9,1,6,0.9962342821624552,1.0,0.0727094840956909,0.1032736166380049,0.9897306241931964,0.9918606475659956,3.037036959170371,2.968367866990537,3.032657723840402,0.1445766959425347,0.1277984020995593,1213.0,390.0,11.0,-0.0686690921798343,0
185,185_D1,10,1,6,0.9942178798789408,1.0,0.1127334395129491,0.151850808723737,0.9887530978260431,0.9877657990705891,3.789932189862368,3.597905585390724,3.4772272493194385,0.1528297513816572,0.157388633354093,1205.0,410.0,18.0,-0.1920266044716436,0
185,185_D1,11,1,6,0.99824998383931,1.0,0.1314976568619958,0.1450068276549048,0.9973466460005598,0.9967638094049696,3.22424004402483,3.293554506462065,3.1742290797115102,0.0734638126539355,0.0804206509272338,1177.0,379.0,13.0,0.0693144624372354,1
185,185_D1,12,1,6,0.9621419451483392,1.0,0.1354422289321115,0.1553667297863404,0.9335443938541808,0.9530157020126796,3.5999107494394287,3.5836676642032472,3.805724966014315,0.3729839531710294,0.3092598524953137,1026.0,535.0,54.0,-0.0162430852361814,0
185,185_D1,13,1,6,0.9950821414157968,1.0,0.1402325587533166,0.1144710835440638,0.9903779741312098,0.989160444539265,3.468852175397397,3.4737472664281617,3.7725835282962272,0.1381223494396118,0.1482539124947818,1216.0,390.0,11.0,0.0048950910307641,1
185,185_D1,14,1,6,0.9958020519239928,1.0,0.0191821547770979,0.0134271629899502,0.9899209069475698,0.9878239488979303,3.51049546112801,3.5483119076217875,3.3797303325836863,0.1437894589892397,0.1575876084612786,1185.0,380.0,9.0,0.0378164464937773,1
185,185_D1,15,1,6,0.9948185798645236,1.0,0.0462915363161294,-0.0431407165044001,0.9855926460856947,0.98898230265124,3.529271454622184,3.474413816312687,3.316677832519468,0.1689294007763586,0.149560236442963,1173.0,379.0,12.0,-0.0548576383094969,0
185,185_D1,16,2,6,0.998270231952662,1.0,0.2448770286267014,0.2524633516474943,0.993806016696516,0.9953296085160288,2.9865956461148837,3.002544241994669,3.0714633564570804,0.1114441992968088,0.0968090886216335,1136.0,480.0,37.0,0.0159485958797858,1
185,185_D1,17,2,6,0.9654187689091364,1.0,0.289593435510797,0.2393468583144321,0.9412817999703508,0.9770764460303508,3.558576836242394,3.449818087972674,3.790839989066578,0.3386176177864896,0.2143296215272213,1145.0,430.0,23.0,-0.1087587482697198,0
185,185_D1,18,2,6,0.9979245669654978,1.0,0.2351683303924601,0.2465041730987511,0.9922983565629572,0.9929736933539952,3.7318729446594903,3.697915440359239,3.740805203471667,0.1249715235890846,0.119629041995514,1075.0,434.0,27.0,-0.0339575043002517,0
185,185_D1,19,2,6,0.9869666229854448,1.0,0.1377496242714142,0.1357388978305124,0.958793563650394,0.9791094285794436,2.874549942846098,2.9840172867586823,3.1467091740759194,0.2895874614245048,0.2056329155946299,1145.0,410.0,16.0,0.1094673439125841,1
185,185_D1,20,2,6,0.9986600239667776,1.0,0.1096850397474616,0.1213973307616367,0.9970301893638291,0.9970089308520615,3.082173320961669,3.24772502182038,3.1399794854875163,0.0768403176805947,0.0779463405838377,1128.0,379.0,16.0,0.1655517008587108,1
185,185_D1,21,2,6,0.997838606201484,1.0,0.2560778113764784,0.2679787719676082,0.9950112007901896,0.9950399375150256,3.133978717655568,3.409016551892917,3.3704421183338718,0.1009409621854821,0.1003874954482064,1133.0,480.0,38.0,0.2750378342373492,1
185,185_D1,22,2,6,0.9824871074228224,1.0,0.0043415432311834,-0.04029877806309,0.9776447457073114,0.9805209673329888,4.231152457435215,4.503272652402698,4.147364073661823,0.2259187675705636,0.2028877277460901,1185.0,450.0,25.0,0.2721201949674832,1
185,185_D1,23,2,6,0.9982652300352166,1.0,-0.00287906280976,0.0343028915396816,0.9953977140607232,0.9961967062299376,2.996870735074216,3.035511463120498,2.8789556183918616,0.0986355651087727,0.0889582343861671,1095.0,380.0,10.0,0.0386407280462823,1
185,185_D1,24,2,6,0.9969160032512474,1.0,0.1920854490419036,0.1368730121230916,0.9932171145160316,0.9946210497086349,3.3246328377238283,3.212410323851296,3.20618664084601,0.1167582765194462,0.1038245651562978,1053.0,400.0,14.0,-0.1122225138725325,0
185,185_D1,25,2,6,0.9948098122070854,1.0,0.2466188065035575,0.2323014208211258,0.9877519923689106,0.992331622425682,3.3623517961920246,3.515980624455333,3.4338708495941206,0.1568323915351777,0.1251045012725361,1105.0,480.0,37.0,0.1536288282633084,1
185,185_D1,26,2,6,0.9984193549722816,1.0,0.2346783031879752,0.2371567623701543,0.9948107194637924,0.9932413812795776,3.2845440881250725,3.192279164873381,3.372454641041026,0.1028375746168691,0.1173728163867414,1209.0,410.0,15.0,-0.0922649232516916,0
185,185_D1,27,2,6,0.9977997872168782,1.0,0.1551304036159578,0.134481079743414,0.993951900907192,0.9956293511801376,3.4482731197064496,3.432785714857044,3.5513684557285217,0.1105415129043126,0.0942636455893614,1156.0,480.0,36.0,-0.0154874048494058,0
185,185_D1,28,2,6,0.9965418700948898,1.0,0.2645529702522647,0.1926679300613354,0.987118062769072,0.9910862362910408,3.2905780819524626,3.4328438529861582,3.5045746943287392,0.1584419059131168,0.1332869891858009,1170.0,410.0,15.0,0.1422657710336956,1
185,185_D1,29,2,6,0.993065162304102,1.0,0.1067534798088558,0.1498158231714166,0.9843356068318658,0.9849580073363116,3.3282462364249765,3.360250594709192,3.472100350560857,0.1760930312921944,0.1747669277979364,1165.0,450.0,27.0,0.0320043582842153,1
185,185_D1,30,2,6,0.9976373320779096,1.0,0.0619887177094584,-0.0021540044627662,0.9965035650231516,0.9966618273839642,3.439303088464481,3.530444286800927,3.6055865916077674,0.0849672814843245,0.0809442628082601,1130.0,441.0,28.0,0.0911411983364463,1
185,185_D1,31,2,6,0.9953182508467032,1.0,0.0944385990074366,0.1414509563130339,0.984163514383178,0.9876584960885736,3.2827828622065303,3.3309920908592168,3.3420688688898323,0.1802256703387925,0.1594372209878179,1115.0,370.0,10.0,0.0482092286526865,1
185,185_D1,32,2,6,0.9878988005832844,1.0,0.0965449282733487,0.0629610226278453,0.9832600668584116,0.9947842016006758,3.569360725080585,3.485730369618397,3.562454691965425,0.1847071894328799,0.1020489132321901,1216.0,390.0,11.0,-0.0836303554621871,0
185,185_D1,33,2,6,0.995496346782608,1.0,0.1503048448778643,0.0944732226571449,0.9910477866890652,0.9948248127209098,3.115066064413135,3.110587358135785,3.1068147612918144,0.1354494633972984,0.1039844825029807,1167.0,403.0,16.0,-0.0044787062773501,0
185,185_D1,34,2,6,0.995383718329001,1.0,0.0900208911145252,0.0426884717547977,0.9881559181226562,0.9900531646165398,3.2911857067314574,3.2378453207517404,3.080645142407513,0.1542342630813369,0.142023800947021,1191.0,440.0,23.0,-0.053340385979717,0
185,185_D1,35,2,6,0.9965605847382926,1.0,0.1395654559184394,0.0967238925825344,0.992954117897296,0.9910069052125,3.4912880757952083,3.5538987263553814,3.3671906035384707,0.1207347392093109,0.1405879439186906,1225.0,370.0,8.0,0.0626106505601731,1
185,185_D1,36,2,6,0.996911357281868,1.0,0.0933847542080151,0.1056557719317343,0.9957429016739152,0.9955496077894485,3.19647174726727,3.1542703856373766,3.2762573023537844,0.0930067004529206,0.0942435570383268,1119.0,409.0,18.0,-0.0422013616298935,0
185,185_D1,37,3,6,0.9947832489548836,1.0,0.4052101934030808,0.4153608534228729,0.9679704811922464,0.9828107512070462,3.293407723062914,3.4042795101610848,3.567189136948405,0.2534288967547041,0.1917022462156143,1041.0,518.0,58.0,0.1108717870981705,1
185,185_D1,38,3,6,0.9992485606769352,1.0,0.5093051376150544,0.5300249241994262,0.9916883727581912,0.9939774260807293,3.3868603979824976,3.408051208405002,3.5363843038494323,0.1385898039605071,0.119527153910616,1226.0,675.0,6.0,0.0211908104225044,1
185,185_D1,39,3,6,0.9994309098884264,1.0,0.1734909368339879,0.1046149903646662,0.998845072724835,0.9989974577238376,3.523478535700024,3.539179344907682,3.633999878420608,0.0492947645053262,0.044906918662653,1194.0,440.0,23.0,0.015700809207658,1
185,185_D1,40,3,6,0.9862782257188644,1.0,0.1302842795433683,0.2795857395419798,0.9623464533761448,0.978969188309148,3.3661740679346086,3.313141875172404,3.287379652376241,0.2744928435925753,0.2043640608916182,1116.0,400.0,15.0,-0.0530321927622048,0
185,185_D1,41,3,6,0.9941408033181232,1.0,0.1052277530766534,0.0541678303302195,0.9771846668644628,0.9870336906095728,3.767643685000799,3.684410850219877,3.6766687514711753,0.2125203642967483,0.1616856991383854,1093.0,408.0,18.0,-0.0832328347809223,0
185,185_D1,42,3,6,0.9969778273759896,1.0,0.2963309668151646,0.292344114511183,0.9888874381883426,0.9909808660101826,3.4421679023358465,3.4996075438902627,3.641132333002477,0.1568795673000425,0.1397317183941556,1181.0,460.0,29.0,0.0574396415544162,1
185,185_D1,43,3,6,0.9994545092739536,1.0,0.1849530782436173,0.2206234888714927,0.9946055873156404,0.9965646710026044,3.41590007045332,3.443646394680034,3.481339563829553,0.1036904552348264,0.0830426200510466,1232.0,660.0,5.0,0.0277463242267148,1
185,185_D1,44,3,6,0.9803570007091248,1.0,0.2447530964677179,0.2335706370538251,0.9575358138733968,0.9894334280487104,3.5624311652250094,3.234043723833538,3.320922026851329,0.289693106160958,0.145190006458399,1193.0,460.0,25.0,-0.3283874413914711,0
185,185_D1,45,3,6,0.9751159194387662,1.0,0.1043721568495679,0.0687769026345287,0.9460432117702332,0.970737471360752,3.696058903755508,3.71323167497901,3.476955974433463,0.3338348759393509,0.2410215195440314,1171.0,480.0,37.0,0.0171727712235023,1
185,185_D1,46,3,6,0.9943066418264652,1.0,0.3512924797954904,0.354095504105742,0.970931248535942,0.9788135429896432,3.139619625384001,3.35554687777978,3.461153065785835,0.2429053352726047,0.2075772980253463,1212.0,400.0,14.0,0.2159272523957787,1
185,185_D1,47,3,6,0.9974138730104356,1.0,0.351520870649196,0.4297906755775502,0.9887277276868436,0.9882205381623618,3.868873196941301,3.9019833742449896,3.874265517458433,0.1575196859559297,0.158449161818616,1176.0,430.0,19.0,0.0331101773036892,1
185,185_D1,48,3,6,0.9830927761072628,1.0,0.3114394621130329,0.2795321642082796,0.9556697131631668,0.9852526186679006,3.2271252067042155,3.3325998947843027,3.701347770374981,0.2945686181240577,0.1717286685339794,1162.0,410.0,18.0,0.1054746880800872,1
185,185_D1,49,3,6,0.9858894947525452,1.0,0.1865991212254912,0.176177515678231,0.9564501907964652,0.9851539722685824,3.48889627494678,3.362785982374391,3.5368757839885934,0.2985732292059276,0.1755493301805311,1129.0,460.0,26.0,-0.1261102925723887,0
185,185_D1,50,3,6,0.9861012488133698,1.0,0.1315930123789535,0.1335732348299215,0.9709703678948324,0.979744090302546,3.1090114116939978,3.053382012389065,3.1275457802968885,0.2412516520623679,0.2011459713194841,1204.0,400.0,16.0,-0.0556293993049328,0
185,185_D1,51,4,6,0.9990348258026268,1.0,0.574734452762007,0.6664568444747514,0.991984894034308,0.9945162428552272,5.678036789320522,5.633636764661946,5.805797244788657,0.1500889921245024,0.1257924958647683,1150.0,520.0,48.0,-0.044400024658576,0
185,185_D1,52,4,6,0.9857656508374156,1.0,0.2620965697586757,0.347715686686575,0.9616155531205832,0.9891575698628672,3.1701427669437843,3.0961989550192275,3.190162966334067,0.2795307044799511,0.1508950411000507,1191.0,400.0,14.0,-0.0739438119245567,0
185,185_D1,53,4,6,0.997378386205738,1.0,0.5386662433063316,0.5630617160735505,0.9813989576428744,0.9875636806913184,3.7390223275062233,3.7661963533173743,4.01947667120826,0.2013868983851087,0.1713024845130173,1138.0,430.0,23.0,0.027174025811151,1
185,185_D1,54,4,6,0.9989600755229432,1.0,0.4443077180294029,0.4817980145347531,0.993307130481642,0.9949962391410048,3.6498688874946823,3.6784851773457232,3.862156177284125,0.1256797264136732,0.1136294903675151,1181.0,410.0,18.0,0.0286162898510404,1
185,185_D1,55,4,6,0.9950846271797416,1.0,0.3829072016983763,0.381267101291966,0.9663902949205054,0.9789060656546664,3.35888217329289,3.633785857635827,3.816828825570137,0.2593207745393897,0.2068007093013179,1093.0,416.0,27.0,0.2749036843429366,1
185,185_D1,56,4,6,0.958163336303038,1.0,0.1619685915086597,0.139980270508061,0.8956374818267349,0.9370542640866576,3.904240460611327,3.51547084818103,3.5674890395482786,0.4687221617942647,0.360565918739517,1103.0,553.0,59.0,-0.388769612430297,0
185,185_D1,57,4,6,0.9735333410449958,1.0,0.2080179109663813,0.22710689696177,0.9198801030647296,0.9407793505445904,3.371120237986058,3.4169272122748997,3.558122280831414,0.4041281892829955,0.3530756001705066,1166.0,500.0,36.0,0.0458069742888413,1
185,185_D1,58,4,6,0.990526220282834,1.0,0.1920051628590466,0.2098052079161604,0.9831382653264954,0.9955447059070456,3.695953048732872,4.03527352931989,3.8094249945532,0.1847138279267719,0.0959122834853913,1166.0,490.0,42.0,0.339320480587018,1
185,185_D1,59,4,6,0.9959551779247128,1.0,0.4418333598150655,0.4539573389531469,0.9679354303215352,0.9799140235230364,3.177340075781232,3.1813226925541898,3.7380174551442367,0.261915080616475,0.2159336502540118,1039.0,395.0,17.0,0.0039826167729577,1
185,185_D1,60,4,6,0.9882494194695552,1.0,0.2784291540922936,0.3397695734404511,0.9181112811039028,0.9552112618930344,3.273661758226633,3.318501298003773,3.535526114403986,0.3994083196888236,0.3011901908769024,1075.0,420.0,24.0,0.0448395397771399,1
185,185_D1,61,4,6,0.9838024816195384,1.0,-0.0084822745069306,0.0296673942537351,0.97460780918166,0.9805662778871512,3.653801326984184,3.667684471992088,3.599436033788757,0.2302437764934225,0.1974945844738818,1178.0,480.0,33.0,0.0138831450079037,1
185,185_D1,62,4,6,0.992152775651876,1.0,0.4621391792988287,0.4678413978715731,0.961923253168646,0.9792961843393636,3.0760629731964477,3.1470475538757325,3.489963941138877,0.2754086123818361,0.2113835914885176,1185.0,460.0,28.0,0.0709845806792852,1
185,185_D1,63,4,6,0.986390594514884,1.0,0.3100770394380492,0.2140513667925817,0.9651792172021134,0.9883121742196056,3.1984609508945963,3.406328395786903,3.5092018670828047,0.2627914491164643,0.1534727515558542,1189.0,460.0,29.0,0.2078674448923068,1
185,185_D1,64,4,6,0.9994018613694946,1.0,0.215510703446882,0.2118331426554999,0.9930465114101747,0.9954361390264308,3.3251990016835173,3.415951639030592,3.4780728601428508,0.1182375140691469,0.0961422531732871,1226.0,675.0,6.0,0.0907526373470744,1
185,185_D1,65,4,6,0.9863838806518724,1.0,0.3018898405662217,0.3064224061344039,0.9464307263168268,0.9709862750291351,2.943263845310952,2.843219856933316,3.136926740570897,0.3215317156763352,0.2398321379978364,1198.0,410.0,16.0,-0.100043988377636,0
185,185_D1,66,5,6,0.9942442849252427,1.0,0.7556685097730612,0.7764974214096709,0.9771074534081372,0.9912686885521996,5.223262394532439,5.580988869428773,6.561548772753167,0.2574469575443918,0.1792053996544698,1156.0,420.0,19.0,0.3577264748963342,1
185,185_D1,67,5,6,0.9986938788672498,1.0,0.1847693542831026,0.1979881882984345,0.9810008429340392,0.9873739184507592,3.906188574927715,3.8895189345584855,4.086897751579425,0.2015668791558192,0.1674031825065404,1222.0,360.0,6.0,-0.0166696403692299,0
185,185_D1,68,5,6,0.9773503090372204,1.0,0.4847907257664027,0.5018385150514234,0.8952176657877833,0.960213538467858,3.523075626095392,3.544063746630262,3.593300099889647,0.4438884775988085,0.2933093759415227,1183.0,450.0,29.0,0.02098812053487,1
185,185_D1,69,5,6,0.9921429216985236,1.0,0.3515861903987419,0.3350730765690112,0.922377686645556,0.9486838747134012,3.298126742913014,3.180745898634152,3.304550489134503,0.3892505034807656,0.3185929968425083,1145.0,460.0,30.0,-0.1173808442788622,0
185,185_D1,70,5,6,0.9741453881178704,1.0,0.4905505006598857,0.5179786812989817,0.9031141316157494,0.9654841529563716,3.3584767497859405,3.5830936245544245,4.0086566084091295,0.4369033417738625,0.2809268663201713,1219.0,390.0,13.0,0.224616874768484,1
185,185_D1,71,5,6,0.996781191495247,1.0,0.4536367666885456,0.5035586346522148,0.9761116203022446,0.9875521749875829,4.019583402282869,4.021960069941917,4.034560610083291,0.2294022008369233,0.1651165835177503,1189.0,450.0,28.0,0.0023766676590479,1
185,185_D1,72,5,6,0.9951623714826434,1.0,0.5895623253416908,0.6210208651528255,0.9676972473127894,0.9825308131053444,3.8139155982252735,3.804209033463935,3.976585458111273,0.2689840963902215,0.2051320479965898,1164.0,500.0,37.0,-0.0097065647613394,0
185,185_D1,73,5,6,0.9903934474463648,1.0,0.4288104601987405,0.4014032325157514,0.940804628527663,0.974184980437006,3.6329079089459775,3.793174460383016,4.430496630370545,0.3657162648959132,0.247420708991447,1193.0,440.0,25.0,0.1602665514370387,1
185,185_D1,74,5,6,0.9801985115174884,1.0,0.2133479984792655,0.2267881128700529,0.959160691394688,0.9895744489131096,3.384607961443196,3.2103888418485607,3.287247875397227,0.287758264444538,0.1446726431976827,1167.0,480.0,40.0,-0.1742191195946354,0
185,185_D1,75,5,6,0.9950146300121288,1.0,0.337589934486983,0.3108620337290892,0.968256607767596,0.9823320844094828,2.870225470250088,3.0771291641081486,3.3379492451070285,0.2562133833033207,0.188378051936347,1200.0,410.0,17.0,0.2069036938580608,1
185,185_D1,76,5,6,0.9962463938635906,1.0,0.2614810501238996,0.2939768299957962,0.9881762789095409,0.9921245786928788,3.170764580024815,3.342969734792582,3.3408355853530614,0.1565726511763306,0.1327914544278434,1143.0,540.0,56.0,0.172205154767767,1
185,185_D1,77,5,6,0.9971150427913248,1.0,0.2434530259362817,0.2188103699437691,0.9768082119098248,0.9865102000588236,3.49295699696748,3.4174157024105067,3.606452957653333,0.2198844581734596,0.1658143215378217,1216.0,390.0,11.0,-0.0755412945569733,0
185,185_D1,78,6,6,0.998404620776722,1.0,0.5413434511168843,0.542841649069198,0.9877080440663208,0.9922894294868608,4.228373194723993,4.146204887948264,4.558903147320596,0.1693716957696913,0.138502014953451,1082.0,540.0,56.0,-0.0821683067757286,0
185,185_D1,79,6,6,0.983536878485869,1.0,0.3547633137467249,0.3376502207782651,0.9401715469010056,0.9724318051559534,3.395619994493116,3.395053038353657,3.556397822945689,0.34355831538619,0.2340779711403367,1005.0,486.0,45.0,-0.0005669561394587,0
185,185_D1,80,6,6,0.9958644648836166,1.0,0.7947359633615991,0.8019735470622333,0.9802001824238198,0.9920232680821012,5.525927701403092,5.745966795569499,6.528010482213214,0.2415028274025286,0.1805099837495437,1204.0,420.0,18.0,0.220039094166407,1
185,185_D1,81,6,6,0.9976165452343692,1.0,0.4128902410335235,0.4345588122727934,0.9682466935891804,0.9800521371788288,3.368938967526684,3.560349166805653,3.4174939622958966,0.2674393760693062,0.2189625943543254,1222.0,360.0,7.0,0.1914101992789687,1
185,185_D1,82,6,6,0.9824847578511202,1.0,0.2026861447222741,0.2314489049281478,0.9245682881461436,0.9711556926857314,3.788675571522563,4.013295044047228,3.734961639139116,0.387247475207089,0.2506511342124549,1177.0,368.0,9.0,0.2246194725246644,1
185,185_D1,83,6,6,0.9949722583449984,1.0,0.5940167289156668,0.6125339036027402,0.9655688651177664,0.9810273955942226,3.705021839721117,3.865179003580984,4.133455694561707,0.2750556821376738,0.2110836895114132,1148.0,464.0,33.0,0.1601571638598669,1
185,185_D1,84,6,6,0.9838150505120822,1.0,0.3901345001233573,0.4082671270094922,0.921773344044766,0.954811646386752,3.355098856599283,3.3378859199084885,3.750510371034233,0.3905461427978572,0.2993546578673367,1207.0,400.0,16.0,-0.0172129366907944,0
185,185_D1,85,6,6,0.9799528792306198,1.0,0.5125690367339739,0.4773986496204973,0.9061907456495452,0.9639457190290628,3.2729088854452915,3.2613772534795293,3.5401290752132084,0.4324407397716195,0.2852133239019254,1188.0,450.0,30.0,-0.0115316319657621,0
185,185_D1,86,6,6,0.996345923583648,1.0,0.4271229178853495,0.4881367324681375,0.9767092940078592,0.9873812418843508,3.4062872944119014,3.3570686652072426,3.604572743669935,0.2148273411855328,0.1624179979121359,1176.0,430.0,21.0,-0.0492186292046588,0
185,185_D1,87,6,6,0.984462426795024,1.0,0.1120525443122435,0.0724127345581123,0.9443869189948464,0.9562709247408182,3.507109166432996,3.3708922447371954,3.336946109944304,0.3343333970751172,0.2970853045841303,1194.0,430.0,24.0,-0.1362169216958002,0
185,185_D1,88,6,6,0.9732206896245608,1.0,0.488167412393537,0.5708315176609926,0.907529573215314,0.9592127461677766,3.9839491587822,4.108231282229336,4.410647137998199,0.4192837149442414,0.2896429066866613,1176.0,398.0,14.0,0.124282123447136,1
185,185_D1,89,6,6,0.9954939157233588,1.0,0.2890468947416057,0.2778387608833761,0.985538124296309,0.9915947574556327,3.626465201379135,3.5085720767565807,3.774188212422753,0.1703827914241261,0.1393229742608177,1214.0,380.0,10.0,-0.1178931246225545,0
185,185_D1,90,6,6,0.9953820924733328,1.0,0.3191339297547446,0.2750338855762637,0.9843164605696538,0.9921631002843332,3.5899209772132825,3.608428069205286,3.7359181591269,0.1776096035291196,0.1253421660223343,1095.0,490.0,39.0,0.0185070919920034,1
185,185_D1,91,6,6,0.9960718112927358,1.0,0.4279425619599656,0.4078244065772928,0.9581511191527394,0.9774146650460002,3.395625479906712,3.4057738888348035,3.7181173872357087,0.2914089839242332,0.2177441560477521,1142.0,657.0,7.0,0.0101484089280914,1
185,185_D1,92,6,6,0.995503565102218,1.0,0.2031092850307933,0.2360858489714643,0.9759615798626156,0.9819290287771368,3.4049697757583828,3.2592926691853807,3.22222793451581,0.218746883063033,0.1924750738385535,1171.0,420.0,19.0,-0.145677106573002,0
185,185_D1,93,6,6,0.9957635002779222,1.0,0.2896616064400982,0.3018299794990474,0.9846670949877312,0.988681898385178,3.196260705556781,3.338797097043805,3.3039862758811767,0.1809046777275583,0.1551492023448242,1153.0,510.0,47.0,0.1425363914870239,1
185,185_D1,94,7,6,0.9969204374264156,1.0,0.4991690224036745,0.5850556957504687,0.9805386547099036,0.989581075920252,3.735689303210256,3.795486740987637,4.066387015898719,0.2068445476502315,0.1660200061045563,1131.0,510.0,50.0,0.0597974377773815,1
185,185_D1,95,7,6,0.9954635941605904,1.0,0.7804446547761918,0.7999602872976967,0.9826614727104888,0.9928389589354732,5.620478043279034,5.396685033480432,6.215464035567933,0.2471147376701375,0.1728314289386217,1171.0,420.0,18.0,-0.2237930097986016,0
185,185_D1,96,7,6,0.996095778486527,1.0,0.4100902723390053,0.4000567187472915,0.9444671516869116,0.9678517405621474,3.4269521656432227,3.552799540863877,3.940151685187079,0.3450023894852372,0.2921733761865129,1208.0,400.0,13.0,0.1258473752206548,1
185,185_D1,97,7,6,0.980607472380547,1.0,0.3462375742678262,0.3321952504666775,0.9235569388292534,0.9737030005197782,3.3730490876224097,3.4736524108911397,3.727956079893444,0.403272916943146,0.2561827658103139,1221.0,370.0,8.0,0.1006033232687295,1
185,185_D1,98,7,6,0.9931814413143596,1.0,0.3764416977912057,0.3917234211286994,0.9451446190119196,0.9627727293824496,3.698268960926833,3.7080755282209017,3.8773515448445126,0.327914223235297,0.2725983965699279,1169.0,410.0,18.0,0.0098065672940688,1
185,185_D1,99,7,6,0.9837432081618512,1.0,0.5235745266930116,0.5212712859421978,0.9288938378232016,0.9695906983132055,3.063877934095072,3.2945833510714047,3.4479467436810385,0.3767305094862714,0.2568886603767268,1162.0,440.0,23.0,0.2307054169763325,1
185,185_D1,100,7,6,0.9938154616139648,1.0,0.566751999781307,0.5733227593668159,0.9517543754521725,0.973504341101515,3.26112914465215,3.296583048688744,3.617218569760722,0.3141601120007424,0.2401002260087383,1118.0,461.0,32.0,0.0354539040365931,1
185,185_D1,101,7,6,0.9940498921174874,1.0,0.3145277202232062,0.4003495320770349,0.9705513610462502,0.984224269680246,3.3705458535010497,3.676035466137504,3.666608300287663,0.241215329822578,0.180072356309174,1193.0,440.0,26.0,0.3054896126364537,1
185,185_D1,102,7,6,0.9638586257540862,1.0,0.0307084901862534,-0.0112440669735531,0.9396662092929976,0.9748452366929536,3.324181890242744,3.5311374520878207,3.564080529734552,0.3564597205729551,0.2289497983398542,1199.0,420.0,21.0,0.2069555618450769,1
185,185_D1,103,7,6,0.9870645586946576,1.0,0.4867175714440988,0.4631578339741038,0.9245880682292236,0.9695540160443664,3.569249709018131,3.3496043472087296,3.8880402820374265,0.4050837781205326,0.2709185043981645,1184.0,460.0,29.0,-0.2196453618094014,0
185,185_D1,104,7,6,0.9781306997746436,1.0,0.1411270519121465,0.1227557151417687,0.9397833532824484,0.968085387332291,3.474181096101192,3.178365017135076,3.558738098987229,0.352459717340728,0.2523459662099263,1204.0,400.0,14.0,-0.2958160789661157,0
185,185_D1,105,7,6,0.9923394020596056,1.0,0.4975660611321514,0.472480875457562,0.9262174833101484,0.9467528449032256,3.680601342171263,3.77494616186277,4.120305568256512,0.3829845134973932,0.3416597149325806,1122.0,415.0,21.0,0.0943448196915071,1
185,185_D1,106,7,6,0.977024658491276,1.0,0.2007462756302528,0.2427023479957759,0.9249533720115772,0.9676925763756205,3.504837984264719,3.3878636744210446,3.633374425597633,0.3914036411773538,0.2537692591724064,1195.0,430.0,19.0,-0.1169743098436741,0
185,185_D1,107,7,6,0.9867101319473855,1.0,0.2144891275747788,0.1499879446358482,0.9749449853586464,0.9927268945715622,3.3165565569064475,3.4319292477858845,3.681053926392337,0.2256713448770697,0.1205593543179693,1176.0,460.0,33.0,0.115372690879437,1
185,185_D1,108,7,6,0.9980576718696488,1.0,0.5613711863068265,0.5667069745064823,0.9816719698586148,0.9894063953158958,3.2168844449737515,3.3049306657919058,3.3776458484404697,0.2124475483314757,0.172260081640453,1216.0,390.0,12.0,0.0880462208181542,1
185,185_D1,109,7,6,0.983940521946266,1.0,0.4626692503182017,0.4584624015497316,0.9305506469243924,0.9661267933089184,3.2750946714803426,3.315814879958503,3.529734151748284,0.3664916263126762,0.2634939098777205,1200.0,410.0,18.0,0.0407202084781603,1
185,185_D1,110,7,6,0.994344246300368,1.0,0.3276415018471949,0.2967397819732105,0.9806127671904968,0.9877255179867992,3.3955897510797843,3.5563347452748166,3.4905473418071944,0.1979533674863923,0.1615465726614258,1143.0,530.0,58.0,0.1607449941950323,1
185,185_D1,111,7,6,0.9910090106895064,1.0,0.5690606582919949,0.5490400946686604,0.9439049036787082,0.9694523599232904,4.007878448173029,3.968067419762743,4.27599345586379,0.3501107484362058,0.261216156675577,1201.0,420.0,18.0,-0.0398110284102863,0
185,185_D1,112,8,6,0.9967470233907186,1.0,0.4310382726733714,0.5526033617818282,0.980471289144164,0.989559978498305,3.807068425877895,4.067279498989489,4.309850590733529,0.2084688861974932,0.1659673547536505,1138.0,520.0,49.0,0.2602110731115941,1
185,185_D1,113,8,6,0.9926630373810208,1.0,0.8180732196187332,0.8364629868046654,0.972189512986063,0.9887356197860876,5.761065165594132,6.025229892517032,7.9905079045595615,0.31911643301593,0.2302703983053405,1147.0,430.0,22.0,0.2641647269229006,1
185,185_D1,114,8,6,0.9973920771846704,1.0,0.3900161939116931,0.399086607621167,0.9675610831791854,0.980704038818798,3.5391947820243868,3.545462509148681,3.596341987204457,0.2791047944368053,0.2353463195045087,1214.0,380.0,10.0,0.0062677271242943,1
185,185_D1,115,8,6,0.983516628662398,1.0,0.3123243348023475,0.3401344604418023,0.9212090031776864,0.9708377693640534,3.5787285442597545,4.019921690491232,4.358592017668807,0.4103257212836501,0.2591424998674936,1172.0,389.0,11.0,0.4411931462314777,1
185,185_D1,116,8,6,0.9949591747685328,1.0,0.3195824994339618,0.3347013183299749,0.9415546963740916,0.9611473111231028,3.370254446906152,3.2016755833626878,3.379427567026017,0.3388261202759951,0.2797144823843641,1152.0,420.0,18.0,-0.1685788635434648,0
185,185_D1,117,8,6,0.9968978499892313,1.0,0.4206227243328608,0.4173942026911322,0.9802062646233628,0.9875346757938896,3.813710654687716,3.8460243581585294,4.104018056704248,0.1984256858877971,0.1594464256336346,1186.0,420.0,19.0,0.0323137034708134,1
185,185_D1,118,8,6,0.9880777772934276,1.0,0.4591390572528502,0.4234735575449064,0.9363677310946344,0.9704877748582296,3.2089268008311427,3.3612173169818758,3.554813873218445,0.3520153743612618,0.2559689865528043,1159.0,430.0,23.0,0.1522905161507326,1
185,185_D1,119,8,6,0.994155673319862,1.0,0.5402982483799521,0.5787714044568374,0.961981799301698,0.9801119858198676,3.8838727149335535,4.10312302975842,4.012492376512264,0.3041110112911945,0.2377221803296963,1175.0,470.0,34.0,0.2192503148248654,1
185,185_D1,120,8,6,0.9871487271455902,1.0,0.3607081852268624,0.4473134347582008,0.9374901742625312,0.9646070904680236,3.49568448867134,3.325664235986382,3.6798445040886394,0.3505300079323888,0.2761166992401983,1186.0,380.0,9.0,-0.1700202526849579,0
185,185_D1,121,8,6,0.9905226672432832,1.0,0.304150287407498,0.3388654452903685,0.9548080868357948,0.9754052954368186,3.189376142979868,3.294630513564773,3.6091325936009087,0.2905793310080825,0.2178773217940249,1183.0,380.0,10.0,0.1052543705849053,1
185,185_D1,122,8,6,0.98698454789566,1.0,0.3363276722879486,0.325979325617331,0.9691119438269024,0.9906902962464754,3.669416578178571,3.470650922231077,3.54607221181574,0.2478777124041075,0.1387381792313629,1177.0,470.0,38.0,-0.1987656559474939,0
185,185_D1,123,8,6,0.9761981687164826,1.0,0.2978336958092547,0.3030869118497701,0.9363728815269566,0.9617727813280036,3.3840477462927128,3.4727731253448786,3.744188904690144,0.3548258057208752,0.2739802842287674,1192.0,440.0,27.0,0.0887253790521658,1
185,185_D1,124,8,6,0.9872111518717124,1.0,0.4449344856329558,0.4315442288031422,0.928967534777333,0.9691117994740892,3.568462161961825,3.575864212863634,4.025290223206137,0.3752706769020011,0.2569092347091992,1204.0,430.0,20.0,0.0074020509018088,1
185,185_D1,125,8,6,0.97859017658892,1.0,0.528251169276428,0.6296656178854108,0.924137541270078,0.9644432959321536,3.7365396961237938,3.638752211587015,4.2305556595973846,0.385699258194305,0.275434982747881,1167.0,399.0,12.0,-0.0977874845367789,0
185,185_D1,126,8,6,0.9994273069995132,1.0,0.2991947042017268,0.2980846951621835,0.992189542478974,0.9946030412757918,3.2038542694918624,3.1397786301833763,3.1531806215809306,0.1257792541283254,0.1050691020161359,1226.0,675.0,6.0,-0.064075639308486,0
185,185_D1,127,8,6,0.9948718860378756,1.0,0.346980835772728,0.3124964060244319,0.9811336390167856,0.9876038508564028,3.2605863371873585,3.4288401329272205,3.4761868439653445,0.1948080838352867,0.1604900721512952,1143.0,520.0,56.0,0.168253795739862,1
185,185_D1,128,8,6,0.9881175316438988,1.0,0.444204701391871,0.4697251555839064,0.9299529841504106,0.9649922826728026,3.6090945199617295,3.407480070961869,3.6879049684568592,0.3709749388220985,0.2643953999265646,1167.0,480.0,39.0,-0.2016144489998605,0
185,185_D1,129,8,6,0.9946297772079286,1.0,0.5262747655154836,0.5099751010909684,0.9633547473361748,0.9775241356468096,3.356185285579083,3.640780916203634,3.9706479524338953,0.2806907701096164,0.2241829814169241,1207.0,410.0,14.0,0.2845956306245516,1
185,185_D1,130,8,6,0.9701827061148324,1.0,0.3501084178363976,0.3575132063297854,0.9042037595407442,0.948923904908931,3.227840764391267,3.1859155769025147,3.366224152414457,0.4305889827391956,0.3161441176391376,1183.0,450.0,27.0,-0.0419251874887525,0
185,185_D1,131,9,6,0.9955854926269236,1.0,0.5048128358752815,0.5781550731209824,0.9769796070276772,0.988125769906638,3.788925539384223,3.802250944067038,4.355239483324741,0.2317402848433139,0.1784962315817302,1134.0,520.0,57.0,0.0133254046828148,1
185,185_D1,132,9,6,0.99603694698499,1.0,0.8065290184084828,0.798849109782507,0.9826228680703536,0.9926690599926784,5.435994517939648,5.684025288102406,6.037204658445587,0.2461262232857825,0.1711573570729853,1170.0,440.0,22.0,0.2480307701627584,1
185,185_D1,133,9,6,0.9832085995432348,1.0,0.2996687930597304,0.3226952246304073,0.9201803020741834,0.9711001211611574,3.5773023976389653,3.6331316818471535,4.260101655054074,0.4187507256326713,0.2644102419537375,1191.0,389.0,13.0,0.0558292842081891,1
185,185_D1,134,9,6,0.9984688668001882,1.0,0.3260354965523109,0.3199815319403823,0.9776079802650413,0.9870913951418,3.2648722621419983,3.3972529653318917,3.6872961632476686,0.2117421900027998,0.1646930204072401,1232.0,675.0,5.0,0.1323807031898929,1
185,185_D1,135,9,6,0.9888361412255702,1.0,0.6102432889164784,0.641132497212455,0.9509274332137648,0.980833290150288,3.698579524467096,3.913521102280094,4.195585596992446,0.3419815201291348,0.230633585781973,1198.0,400.0,12.0,0.2149415778129979,1
185,185_D1,136,9,6,0.996322924905495,1.0,0.3397304730059775,0.3411690457608713,0.9628749758636906,0.973628433824892,3.3895529358921834,3.4570313224256783,3.545050327683416,0.2702290095088911,0.2289706911695128,1174.0,380.0,10.0,0.0674783865334949,1
185,185_D1,137,9,6,0.9935860609983934,1.0,0.5449821558037897,0.5444568539877653,0.9562695062596014,0.9795680591903932,3.675890987656263,3.7074255322522367,4.161181165333818,0.3062515188798086,0.2285126398564302,1190.0,460.0,28.0,0.0315345445959738,1
185,185_D1,138,9,6,0.9948767971613066,1.0,0.4750433106491301,0.4632212348384539,0.9723810584762206,0.9861019861087096,3.4536141212872176,3.449504481996219,3.768989249327273,0.2364636485445191,0.174134042465942,1191.0,450.0,25.0,-0.0041096392909985,0
185,185_D1,139,9,6,0.9543039386072604,1.0,0.0967506556559633,0.1545380667836116,0.7397041069822446,0.8715521688089536,3.93258002890852,3.677921329185328,3.640832746967771,0.7888961192672664,0.5244205864965444,1191.0,440.0,23.0,-0.2546586997231923,0
185,185_D1,140,9,6,0.9921830827004596,1.0,0.3072571542166682,0.3897587679317594,0.9526149578101646,0.9700585619337624,3.597893931874196,3.594250995367454,3.919445339100726,0.3041534876079333,0.2501996758468303,1221.0,370.0,8.0,-0.0036429365067416,0
185,185_D1,141,9,6,0.9895512652758038,1.0,0.4540057777123052,0.4361812998841211,0.9487586328407978,0.9743317476541298,3.4308535232331248,3.506197398119162,3.9261232756913342,0.3171612424257383,0.2290444128168885,1166.0,420.0,19.0,0.0753438748860371,1
185,185_D1,142,9,6,0.9804646396592148,1.0,0.2382015204602826,0.2540652645402156,0.9531232166104628,0.986481268950863,3.2855507062940443,3.119373102585773,3.310962740401942,0.3044484214825418,0.1637552482301575,1159.0,510.0,43.0,-0.1661776037082711,0
185,185_D1,143,9,6,0.987265315012472,1.0,0.134478806109528,0.1589397059071092,0.9628046718088776,0.9680557061247148,3.4031824189076465,3.458360810949148,3.347748938028707,0.2748931062013415,0.2535862599014312,1198.0,420.0,23.0,0.0551783920415012,1
185,185_D1,144,9,6,0.988897571521974,1.0,0.4799101190292283,0.4940080936329629,0.9392683928578004,0.9729717455898448,3.4825557085356884,3.879503418986073,4.351109163372277,0.3450184326158416,0.239580267154347,1183.0,662.0,6.0,0.3969477104503847,1
185,185_D1,145,9,6,0.9906250449430898,1.0,0.3765866514085341,0.3569280939250045,0.9485733736348716,0.9789665459882586,3.292056923355136,3.416838009208881,3.880165911830328,0.3401572958030842,0.23338771417562,1208.0,420.0,18.0,0.124781085853745,1
185,185_D1,146,9,6,0.9812772016232344,1.0,0.096425114324695,-0.0276725597164916,0.9724453339917708,0.9778185564216032,3.08741223048835,2.9235946234036616,3.059097242398659,0.2388895645052101,0.2164481118638685,1188.0,440.0,27.0,-0.1638176070846881,0
185,185_D1,147,9,6,0.9911426167437708,1.0,0.3662498543726792,0.3591180824425774,0.9342154001677316,0.964143784056768,3.507340309255259,3.354076989515841,3.636257945606288,0.3557987437042678,0.2658581472265786,1207.0,420.0,18.0,-0.1532633197394179,0
185,185_D1,148,9,6,0.9871874964456776,1.0,0.385169469708745,0.3866694778129691,0.9378670572034692,0.9674816280881576,3.473899010656835,3.249664516731738,3.504427015190207,0.3470297523077631,0.2595594311688286,1188.0,390.0,13.0,-0.2242344939250968,0
185,185_D1,149,9,6,0.9735127671179672,1.0,0.0600570418374273,0.0882079642925853,0.9515826322723124,0.9762607154135589,3.196609548769173,3.1438564281835437,3.056841370621377,0.3133466614805446,0.2192403345255653,1004.0,462.0,36.0,-0.0527531205856295,0
185,185_D1,150,9,6,0.9929042643232832,1.0,0.5312968423187112,0.5342617065960285,0.9435289972836728,0.9662757055638728,3.426075509101516,3.535431456434156,3.863889993133056,0.3339969738133163,0.2666765678777428,1197.0,420.0,20.0,0.1093559473326397,1
185,185_D1,151,10,6,0.9963704773406994,1.0,0.5593021102182291,0.6243110154858658,0.979572872900694,0.9904002024616184,4.036709917047075,4.003139164035716,4.341830127572306,0.2131190612312857,0.1569928108511468,1135.0,510.0,51.0,-0.0335707530113591,0
185,185_D1,152,10,6,0.976273890885266,1.0,0.4396123037470146,0.4184172194505545,0.8734687816349624,0.9350255480184636,3.128496647382545,3.14271060625875,3.871936087852721,0.4935707537988514,0.3565991456310773,1044.0,509.0,46.0,0.0142139588762044,1
185,185_D1,153,10,6,0.9970162748365508,1.0,0.7735732552923458,0.7791854472558102,0.9864492322366176,0.9937867025334836,5.045801205063976,5.34055825919525,5.745520028132898,0.211971982719442,0.1480053532618698,1175.0,410.0,15.0,0.2947570541312743,1
185,185_D1,154,10,6,0.9975577642463014,1.0,0.3483406744993984,0.3673365803116573,0.9683977934548764,0.9818575704169754,3.383154997983807,3.4466631552254263,3.452474273473669,0.2617219953173325,0.2187832932604926,1221.0,360.0,7.0,0.0635081572416194,1
185,185_D1,155,10,6,0.9821629646684598,1.0,0.3448018617353097,0.3379998452640935,0.9264887997516288,0.9744317051233669,3.911018023616663,4.277666089641439,3.8983142179517385,0.4033961621384603,0.259080019860087,1181.0,380.0,11.0,0.3666480660247764,1
185,185_D1,156,10,6,0.9955312792179548,1.0,0.4628554282962037,0.462060181621533,0.948933124403596,0.965136760520316,3.565597043511433,3.5172396189318755,3.5992289791159022,0.3210647824680366,0.2695132913182907,1179.0,390.0,14.0,-0.0483574245795574,0
185,185_D1,157,10,6,0.987435795211128,1.0,0.6565669133173386,0.6372006709407063,0.9403832041266236,0.9733090356979444,3.2461269405516395,3.4414193600841814,3.9528898671938233,0.3634163646616926,0.2512956949119191,1157.0,450.0,28.0,0.1952924195325418,1
185,185_D1,158,10,6,0.9921676206904828,1.0,0.6029552370825242,0.6478907939497016,0.9559328063229752,0.9802555390135446,4.250393507600581,4.593430945620927,4.784155172179004,0.3198046113004713,0.2339022694655188,1125.0,472.0,35.0,0.343037438020346,1
185,185_D1,159,10,6,0.9961199494753578,1.0,0.474691613770832,0.473882413350556,0.9764295290607788,0.9863353318832728,3.5735618449517093,3.6885573719579807,4.078469730259752,0.2232520398471305,0.1757767710739373,1170.0,430.0,20.0,0.1149955270062714,1
185,185_D1,160,10,6,0.98715292839917,1.0,0.4706157619551105,0.4790375844317316,0.9320357884570956,0.9740553476691474,4.062571797433854,3.854281931601847,4.334803389707332,0.376290678442419,0.245146514373988,1195.0,430.0,23.0,-0.2082898658320076,0
185,185_D1,161,10,6,0.9795400969781044,1.0,0.3519385311929399,0.305489773604969,0.9577686085096814,0.9898449644886976,3.603016700068398,3.54381710652908,3.746274123010681,0.2958479682732875,0.1435381505068751,1168.0,480.0,36.0,-0.0591995935393185,0
185,185_D1,162,10,6,0.987747518702851,1.0,0.3130952996451999,0.3687415503862004,0.9446930300898976,0.9674685911645048,3.5098352809282707,3.3213599863152754,3.7436188270645534,0.3298677057561138,0.2532394120782937,1218.0,380.0,9.0,-0.1884752946129952,0
185,185_D1,163,10,6,0.9949648054052428,1.0,0.4273950839257813,0.4401979231020126,0.954755791860438,0.97168509214757,3.577614104566225,3.3771508009818394,3.8313028237393008,0.302964614233037,0.2487562732552346,1121.0,389.0,16.0,-0.2004633035843861,0
185,185_D1,164,10,6,0.9829817777209404,1.0,0.4778415657269467,0.5430455039533073,0.932874679208794,0.9611892985153104,3.4483357226921267,3.71484183309604,4.219245307749281,0.3608116509427657,0.2968861148448872,1181.0,380.0,9.0,0.2665061104039137,1
185,185_D1,165,10,6,0.9956440168768677,1.0,0.1771410067218382,0.1771333654831485,0.9628069298148768,0.9787562305861576,3.461053517147054,3.419225236060853,3.329240828129493,0.272068734384199,0.208178449768768,1216.0,390.0,12.0,-0.0418282810862002,0
185,185_D1,166,10,6,0.9946489463159502,1.0,0.1575987269065876,0.154673167843099,0.972130324489774,0.9836746280197944,3.2145944412709486,3.157939606970708,3.099413684894372,0.2404155619209453,0.1829142326804147,1185.0,400.0,14.0,-0.0566548343002404,0
185,185_D1,167,10,6,0.9936026310032852,1.0,0.289997805404667,0.2855646235049883,0.980762719749586,0.986519228020293,3.2939685921655464,3.181176003155065,3.3528065556406514,0.1966916947897466,0.1696418449192876,1152.0,500.0,48.0,-0.1127925890104815,0
185,185_D1,168,10,6,0.9968511597996916,1.0,0.5363567010171791,0.5387025380501829,0.9739571070285922,0.982446980759938,3.6538808637015032,3.728509635128188,3.92722347816497,0.2377406695876657,0.1996010334982102,1217.0,380.0,11.0,0.0746287714266848,1
185,185_D1,169,11,6,0.9970261829075928,1.0,0.4321139998527739,0.5329510304314904,0.981385305328216,0.9906974363700431,4.085818055616597,4.058046753014153,4.332397485098813,0.211829923922975,0.1599632140538303,1145.0,500.0,46.0,-0.0277713026024439,0
185,185_D1,170,11,6,0.9813924579865746,1.0,0.4518393876808999,0.4761565476012546,0.9267833792243012,0.965170149696991,3.4731132403599245,3.667888899334117,4.157414540557408,0.3773967160436301,0.2660814813647767,1043.0,489.0,41.0,0.1947756589741924,1
185,185_D1,171,11,6,0.9953991667734526,1.0,0.7590505571624693,0.7852387455033317,0.9822402224611496,0.9931737054399234,5.813698331049949,6.099275824738941,6.605613119815571,0.2478499334655452,0.1690224566533374,1169.0,420.0,18.0,0.2855774936889919,1
185,185_D1,172,11,6,0.9926015711138988,1.0,0.5364341532835655,0.5758579538129431,0.9619569763631516,0.9859417147649584,3.347824908693085,3.3196796986357047,3.769259445351577,0.2883399814661276,0.1858788487631169,1207.0,675.0,6.0,-0.0281452100573802,0
185,185_D1,173,11,6,0.997647629419368,1.0,0.3593912716982737,0.3446651920436496,0.9747896757148315,0.9827197509047904,3.8531974940538536,3.8263941813579017,3.7152439417906993,0.2476891858420121,0.2066432736952108,1220.0,360.0,8.0,-0.0268033126959519,0
185,185_D1,174,11,6,0.9855358498467828,1.0,0.3103411767229855,0.2541317314331319,0.9313027617187104,0.9717769300203368,3.781604870843273,3.988871298906169,4.31243488403431,0.416741827286142,0.2775697725909397,1188.0,400.0,13.0,0.2072664280628959,1
185,185_D1,175,11,6,0.9936126746328844,1.0,0.3762693981096259,0.4059491073831044,0.9372543771479326,0.9547810754606172,3.360555780000353,3.274742163068856,3.5897594162345574,0.3517578231136321,0.3040089799010813,1169.0,430.0,21.0,-0.0858136169314969,0
185,185_D1,176,11,6,0.9921247785046394,1.0,0.5247154540220555,0.5547253003880608,0.9426012694685242,0.972928165803667,3.7683328545197465,3.714000560440815,4.338482480450292,0.3526673319071951,0.2579233704635935,1183.0,460.0,31.0,-0.0543322940789319,0
185,185_D1,177,11,6,0.9935140749925836,1.0,0.5411483181262192,0.5449163826285812,0.9594818013504594,0.979078342384444,3.772802353309081,4.114021184803772,4.324278033525001,0.2935353588385727,0.2195923211408434,1167.0,490.0,37.0,0.3412188314946904,1
185,185_D1,178,11,6,0.988353928539699,1.0,0.5100634932207735,0.4848962579885696,0.946000618702976,0.9772484770720498,3.5683684517995458,3.7443472385259766,4.048268909485525,0.3451370779854903,0.2277310099348559,1171.0,420.0,20.0,0.1759787867264308,1
185,185_D1,179,11,6,0.9900859055364442,1.0,0.5062896428769912,0.5004242190395384,0.945198061169165,0.9774704122543976,3.491215996393612,3.5821120948600798,4.360751579534569,0.3344672314401428,0.2276940372050825,1199.0,430.0,20.0,0.0908960984664677,1
185,185_D1,180,11,6,0.9893310855754917,1.0,0.2689527540872403,0.4012787769037377,0.9583929745185762,0.9796738250332082,3.0693357545906803,3.208519232263307,3.126102594214008,0.298061484391023,0.2220317114026502,1159.0,460.0,32.0,0.1391834776726268,1
185,185_D1,181,11,6,0.9933721239870216,1.0,0.4017287034361685,0.4745757906564604,0.9581700858821928,0.9819857597972456,3.2808624094459966,3.37597356332834,3.752951437320286,0.2947550287901581,0.1979799999427079,1181.0,662.0,6.0,0.0951111538823434,1
185,185_D1,182,11,6,0.9946581488721724,1.0,0.2402439934471122,0.289169634144746,0.980718958369853,0.9878568676026722,3.450540122328899,3.4157237866360983,3.5259599284718885,0.1977986574877294,0.15795977398866,1133.0,530.0,57.0,-0.0348163356928008,0
185,185_D1,183,11,6,0.983839220443952,1.0,0.5076294305617981,0.4755621190156361,0.9346662653946096,0.971711369275915,3.4149699724443847,3.4810183838600666,3.809766891721905,0.3567446300077363,0.2544283755648261,1184.0,420.0,21.0,0.0660484114156818,1
185,185_D1,184,11,6,0.99644097968098,1.0,0.5375928527280289,0.545948095431569,0.97611071981092,0.9852793019291703,3.791018762960008,3.691255210956352,4.040072060523872,0.2262889467445095,0.1829771187870423,1163.0,386.0,13.0,-0.0997635520036563,0
185,185_D1,185,11,6,0.9944312260616408,1.0,0.4505373165356254,0.4263415242624394,0.959822302134954,0.9761973735062396,3.3790855598040577,3.6147911304454494,3.893336449996374,0.2887189700654493,0.2223976379621288,1173.0,390.0,14.0,0.2357055706413926,1
185,185_D1,186,11,6,0.993163776132924,1.0,0.2790746102673819,0.2908900554614961,0.9739826826637186,0.9857593671849768,3.480717129707526,3.482569438439417,3.581542097914228,0.2256635810333064,0.1682317783224822,1221.0,370.0,8.0,0.0018523087318911,1
185,185_D1,187,12,6,0.9958115999673196,1.0,0.5292790604604019,0.6162038412383674,0.9779711811542372,0.9904048121295675,4.508030888890032,4.404080569571573,4.547456182230107,0.2351629761661828,0.1645571456036142,1124.0,531.0,60.0,-0.103950319318459,0
185,185_D1,188,12,6,0.9946908936108736,1.0,0.8184910987222727,0.8219981492995754,0.98086607623879,0.9933881476158976,6.296262745929649,6.60562706428421,7.904571038641995,0.2599561770544906,0.1739421854254491,1156.0,430.0,22.0,0.3093643183545609,1
185,185_D1,189,12,6,0.9977699579299042,1.0,0.4644214485089488,0.4585312359536672,0.9678769458448424,0.9768488513012632,3.8706492882033983,3.7847289716477177,4.043307850581543,0.2811080060778769,0.2416589264782704,1214.0,380.0,10.0,-0.0859203165556805,0
185,185_D1,190,12,6,0.9790022720317768,1.0,0.395588629212224,0.4333955417685419,0.9134653582770184,0.9688839613688978,3.5660374956036938,3.404922838369449,3.52269810280598,0.4470201854939164,0.2820392250506792,1194.0,380.0,12.0,-0.1611146572342447,0
185,185_D1,191,12,6,0.992360750834763,1.0,0.3923434277614727,0.3999512115904828,0.9022863661887788,0.9396324107652196,3.5785452893067125,3.53635245931502,3.657786537086742,0.4350650740037641,0.3441784357763593,1154.0,430.0,22.0,-0.0421928299916927,0
185,185_D1,192,12,6,0.9932315289772472,1.0,0.5993566155328115,0.6237759851770941,0.9526389532476274,0.9771431833783736,3.548107816861349,3.745026288385514,3.921130628858016,0.3248520555605902,0.2440955190236889,1164.0,480.0,36.0,0.1969184715241647,1
185,185_D1,193,12,6,0.9955344527076958,1.0,0.4637852355826369,0.5168511107159306,0.976126472995875,0.9865541002762458,3.997486418923966,3.9721180992534695,4.22594943258124,0.2207194264729955,0.17223552216263,1190.0,440.0,25.0,-0.0253683196704965,0
185,185_D1,194,12,6,0.9885407767852226,1.0,0.595705654368085,0.572429247648379,0.9478844735790778,0.9759055972746284,3.0164516608319394,3.308868834735371,3.462735177101952,0.3380748755241686,0.2283166654347838,1160.0,440.0,23.0,0.2924171739034316,1
185,185_D1,195,12,6,0.9790583273659296,1.0,0.3020762629382076,0.253714069508866,0.9481229888045212,0.9879984742051244,3.632427616370203,3.894209212533666,4.020207788006949,0.3252510995347847,0.1593886707762769,1158.0,500.0,43.0,0.2617815961634631,1
185,185_D1,196,12,6,0.985445635792843,1.0,0.5049307372681164,0.5039127592816736,0.929403790345865,0.9700883461276903,3.834572973841322,4.171432077797296,4.564964216094422,0.4217715206018244,0.2797063320782689,1194.0,440.0,24.0,0.336859103955974,1
185,185_D1,197,12,6,0.9851681157448792,1.0,0.2277479617751554,0.2305692680214343,0.9813821864500974,0.985608448838386,3.244913598449455,3.40853084600528,3.26882943103908,0.1971636647973021,0.1786708469910906,1130.0,460.0,31.0,0.163617247555825,1
185,185_D1,198,12,6,0.99019579020555,1.0,0.4849315120898378,0.5192261405425262,0.951998330169401,0.9742599576371788,3.5539511394995995,3.817087027126417,4.159364871041083,0.3045255937715119,0.2337557732510791,1182.0,360.0,6.0,0.263135887626817,1
185,185_D1,199,12,6,0.9952419477936476,1.0,0.4400161121879909,0.4021647387382807,0.9815778054649816,0.9877844636533324,3.35655892292647,3.3180170101031434,3.4013687303985094,0.200213027515909,0.161186491024842,1144.0,530.0,56.0,-0.0385419128233266,0
54,54_D1,1,3,120,0.9947314064174012,1.0,0.3665492519229881,0.3666885564271676,0.969914251747522,0.9824992295788632,3.799451247921068,3.750277550893252,3.948764575308111,0.2474870930896967,0.1903965144495612,1087.0,610.0,96.0,-0.049173697027816,0
54,54_D1,2,3,120,0.9946456415122424,1.0,0.6950896078910975,0.6919949763811715,0.9629605312813978,0.9779619010238438,3.704620808914406,3.7498841084552152,4.103265116681824,0.3116631899181933,0.2537001571725373,1028.0,680.0,141.0,0.0452632995408093,1
54,54_D1,3,3,120,0.9921389543970316,1.0,0.339934845013447,0.3137527740154786,0.9575547745456584,0.9742057251773646,3.53858309378547,3.553044616981752,3.744225614342693,0.2912585503117584,0.2291185333220162,1031.0,670.0,138.0,0.0144615231962812,1
54,54_D1,4,3,120,0.9942418001334036,1.0,0.2576206486444719,0.2771417377957155,0.9716389409271942,0.983452965140962,3.4325034821780283,3.447708346733889,3.5542945121666945,0.2365404745366388,0.1830102295347182,1041.0,660.0,127.0,0.0152048645558608,1
54,54_D1,5,3,120,0.9950405478172246,1.0,0.3519030175613702,0.3047636787299274,0.9796994844573153,0.9845130923066244,3.231492481281612,3.3162850150508474,3.372735883516148,0.2030194760999657,0.1766491457903538,1106.0,570.0,81.0,0.0847925337692352,1
54,54_D1,6,3,120,0.9892398270944306,1.0,0.2007492900777959,0.2033620918750978,0.943160021545155,0.9703483082076412,3.34200697500271,3.2914687734482424,3.305469375218724,0.3372460060719601,0.2436075818619902,1064.0,630.0,113.0,-0.0505382015544677,0
54,54_D1,7,3,120,0.995280788014564,1.0,0.3012156017559692,0.2680311823690458,0.9828136984918192,0.9890390822774072,3.547462792079044,3.4607101150189266,3.5495090813638805,0.1878892109194105,0.1495974352766197,1146.0,500.0,46.0,-0.0867526770601174,0
54,54_D1,8,3,120,0.992026213521528,1.0,0.1844403588194974,0.1312063404397263,0.9653802734431436,0.9758798251924125,3.232111106709332,3.233408685728727,3.2555221074764145,0.2641339707089884,0.2193545101182885,1153.0,500.0,49.0,0.0012975790193952,1
54,54_D1,9,3,120,0.9935495719887942,1.0,0.0029402665905062,-0.0442913418695138,0.9741330918550124,0.9807730564882772,3.3151232441337903,3.313175322683126,3.3388189671058086,0.2306424655776527,0.2019609756375793,1084.0,610.0,108.0,-0.0019479214506636,0
54,54_D1,10,3,120,0.9949979019444604,1.0,0.3064549345202706,0.299441088475903,0.9730672145285282,0.9807934415105302,3.195861220418796,3.2134588837553686,3.278301833115677,0.2322235758129114,0.1976459327330739,1076.0,650.0,96.0,0.0175976633365726,1
54,54_D1,11,3,120,0.9936425486144168,1.0,0.3268601246595977,0.338999537099067,0.97839598978304,0.9815831522387294,3.3596792696028928,3.333030393122283,3.329594183902942,0.2111797809753873,0.1934605208000213,1129.0,540.0,65.0,-0.0266488764806096,0
54,54_D1,12,3,120,0.9946459036194428,1.0,0.323642380453558,0.2922411456296074,0.9807394334729505,0.9863476462409412,3.41589852811908,3.464420287061674,3.5467120185790924,0.1984060327851143,0.166503224276257,1123.0,560.0,72.0,0.0485217589425941,1
54,54_D1,13,3,120,0.992474490371588,1.0,0.3325603091320612,0.3125621709485782,0.962834586467252,0.9740480849093238,3.2287250752171186,3.3098289672773555,3.5189052839837283,0.2736158819042964,0.2281985250710267,1129.0,550.0,64.0,0.0811038920602369,1
54,54_D1,14,3,120,0.9945379592992272,1.0,0.2688777162430279,0.2376656147904759,0.978123641249636,0.9805589600615152,3.285433962642208,3.287864205034872,3.3563209838024,0.2095378679666086,0.1972658166042568,1179.0,470.0,37.0,0.0024302423926636,1
54,54_D1,15,4,120,0.993745698299752,1.0,0.3506267649091749,0.3428216691509488,0.9722812937230882,0.9832425489102984,3.6105051964215664,3.625830963955437,3.769701597558001,0.238535763926404,0.1877384282799425,1097.0,580.0,90.0,0.0153257675338709,1
54,54_D1,16,4,120,0.9943225155975904,1.0,0.2161774235756103,0.1920372442938538,0.9801817305567028,0.9860240986992004,3.2216287117165407,3.2701511383356547,3.335686205085286,0.1994645504237894,0.1671520825023494,1162.0,490.0,45.0,0.0485224266191139,1
54,54_D1,17,4,120,0.993913467256652,1.0,0.1938769128133182,0.1675459318944621,0.9809681068566652,0.984524498974524,3.2820165332550872,3.2664862986642627,3.3071081369348847,0.1957363433175406,0.177249803795205,1146.0,520.0,55.0,-0.0155302345908245,0
54,54_D1,18,4,120,0.9919045030252234,1.0,0.4697770708321458,0.4484110973168771,0.9615839138227038,0.9753883903033428,3.3333052507658367,3.47661452904317,3.771091086430955,0.2820995813099341,0.2314089496081837,1091.0,610.0,93.0,0.143309278277333,1
54,54_D1,19,4,120,0.996681672588976,1.0,0.1396351992863309,0.0992100045059149,0.991325880111173,0.9916074428674302,3.277126922109442,3.3153595371367883,3.344052611485528,0.1318721207071865,0.1298512951357001,1191.0,450.0,26.0,0.0382326150273462,1
54,54_D1,20,4,120,0.9905916372903838,1.0,0.2262902377139953,0.160383862600446,0.9575184207188738,0.9721955452790312,3.271831593212396,3.2970547038581923,3.407371410416059,0.2898612341294759,0.2353094812798246,1086.0,590.0,97.0,0.025223110645796,1
54,54_D1,21,4,120,0.9933098381787502,1.0,0.1277085046998118,0.0440034178852752,0.9752272321469256,0.9824211055659964,3.2894229325116298,3.319343457413929,3.3760547331122166,0.2250025895026061,0.1901453990763281,1088.0,620.0,91.0,0.0299205249022991,1
54,54_D1,22,4,120,0.99126294854985,1.0,0.1992103703035784,0.1701400966499644,0.9676284616779478,0.976331763480946,3.2471332744350048,3.2405599768384112,3.271811395780409,0.2543198167513381,0.2179554760855725,1122.0,562.0,69.0,-0.0065732975965935,0
54,54_D2,1,3,120,0.9908881276184688,1.0,0.3024249935424985,0.2936787915254986,0.9533314138007594,0.9715705341483692,3.521037017319265,3.471751522692062,3.6139603389934094,0.3070821910705119,0.2404157346218024,1068.0,630.0,110.0,-0.049285494627203,0
54,54_D2,2,3,120,0.9962111702154072,1.0,0.1741807704110792,0.1613876080090975,0.987583622894184,0.9889798172871574,3.2456674598973247,3.3328487514739,3.31920404236891,0.1574034919776433,0.1489115722440732,1187.0,450.0,26.0,0.0871812915765746,1
54,54_D2,3,3,120,0.9910834772829896,1.0,0.4210934431280048,0.3744036330711467,0.95398459656817,0.9736372581830002,3.373031733935661,3.3994267551388964,3.6033429818400218,0.3096482396696485,0.2336037945803344,1140.0,550.0,60.0,0.0263950212032351,1
54,54_D2,4,3,120,0.9953393108073788,1.0,0.1893617754997491,0.1674472602071546,0.9890047794221268,0.988295981635146,3.256002133098645,3.2326012469465737,3.2559836143013694,0.1484753252829913,0.1533775162440121,1160.0,500.0,47.0,-0.0234008861520718,0
54,54_D2,5,3,120,0.993974740446142,1.0,0.2914065921378183,0.2802695264628692,0.9774793264085774,0.9830771601287472,3.420593710761436,3.375706354746601,3.4875392932165967,0.2146413080603734,0.1855924071451838,1101.0,580.0,84.0,-0.0448873560148346,0
54,54_D2,6,3,120,0.9918612047853482,1.0,0.2968622260597432,0.265442269138699,0.9621312127332144,0.9745410864473708,3.3387767173320624,3.356378256542918,3.442445852663325,0.2733059364739818,0.2270344232955159,1103.0,550.0,65.0,0.0176015392108555,1
54,54_D2,7,3,120,0.993637990872748,1.0,0.247173765358609,0.2182295852254204,0.9767392141450412,0.9838152963467264,3.2381719590934024,3.343494405536404,3.337314596690842,0.2161604567070248,0.1800616713602385,1169.0,490.0,40.0,0.1053224464430013,1
54,54_D2,8,3,120,0.9910859118310408,1.0,0.1583232972135317,0.1256812074505388,0.9642236625379896,0.9766553742364396,3.475896444687837,3.5439311140330427,3.6117957728728594,0.2687408648106094,0.2189884848568805,1075.0,610.0,107.0,0.0680346693452058,1
54,54_D2,9,3,120,0.9930075690915164,1.0,0.230880583715481,0.2193148602755384,0.970836501205402,0.983977744567478,3.3213181929648474,3.276712458351536,3.3802197253749897,0.2417581632416522,0.1798899170220787,1146.0,520.0,48.0,-0.0446057346133113,0
54,54_D2,10,3,120,0.993243056123234,1.0,0.2990013021828178,0.2624565526523539,0.9684276461405652,0.9798684062053228,3.220035936435708,3.252467738149305,3.3477579171401537,0.253091994147895,0.2006833938551248,1184.0,450.0,29.0,0.0324318017135976,1
54,54_D2,11,3,120,0.990118406684556,1.0,0.2817404703384463,0.236944192412173,0.9600278759859354,0.974978029365278,3.188721211661897,3.228874051510955,3.408595928314989,0.281521688474433,0.2243623143107921,1153.0,510.0,51.0,0.0401528398490578,1
54,54_D2,12,3,120,0.9938419593241876,1.0,0.1681691745049439,0.1525896305265545,0.9760877114375142,0.9813614346740496,3.2118617862312293,3.2327262903729705,3.29843006203184,0.2182558728023167,0.1924811995661304,1111.0,600.0,71.0,0.0208645041417412,1
54,54_D2,13,3,120,0.9944287973070598,1.0,0.1357267944816581,0.0951235641992451,0.980983487543812,0.9851782891211084,3.2799592842058125,3.262751659824323,3.315986576290867,0.1953622707247378,0.1727873698147057,1156.0,500.0,47.0,-0.0172076243814895,0
54,54_D2,14,3,120,0.9937703865989346,1.0,0.2156106906083559,0.1814653048784398,0.9787226921162968,0.9817148618336416,3.328601863718104,3.4087050217254973,3.4304123694990127,0.2067301020624345,0.1924133197902226,1159.0,510.0,47.0,0.0801031580073932,1
54,54_D2,15,3,120,0.9936210454630552,1.0,0.1543856703451464,0.1106858855989911,0.9769925179283836,0.9824254053435012,3.2370198695942003,3.2476523319067674,3.3269145939124423,0.2158069937431221,0.1887456354565683,1147.0,530.0,52.0,0.010632462312567,1
54,54_D2,16,3,120,0.995233309492117,1.0,0.140798078900118,0.1444064998623928,0.9902551496808952,0.990015734585746,3.314647694122803,3.278073408026538,3.2846608591645943,0.1401770053436963,0.1421924636123575,1192.0,450.0,28.0,-0.0365742860962652,0
54,54_D2,17,3,120,0.9945174825162818,1.0,0.1776921583741566,0.1529602465376474,0.9814422005597108,0.9847608483445848,3.2170328195855413,3.295853896564868,3.3929640355773607,0.19440293041494,0.1752024832226775,1171.0,480.0,40.0,0.0788210769793265,1
54,54_D2,18,3,120,0.9951374528497772,1.0,0.2497812331730215,0.2184246562038819,0.9809837201325464,0.9840174939272428,3.335078765060979,3.271740973678812,3.4195341159561075,0.1969623741096868,0.1803137668473066,1139.0,450.0,27.0,-0.0633377913821666,0
54,54_D2,19,4,120,0.994306884017142,1.0,0.3537147299489143,0.3266511722313442,0.973927645417811,0.9767602333210806,3.363675745759417,3.3738146519547567,3.493938759493334,0.2294425817074476,0.2164526171012617,1147.0,540.0,53.0,0.0101389061953391,1
54,54_D2,20,4,120,0.9938209007495844,1.0,0.1781923232072813,0.1358611597503727,0.9736796204950398,0.9822113123557296,3.369312439638584,3.3110095945016385,3.3870568493777675,0.2333753814104966,0.1897190914869797,1132.0,540.0,63.0,-0.0583028451369456,0
54,54_D2,21,4,120,0.993211646425093,1.0,0.1898733511658339,0.1512781330334877,0.9746927308924632,0.9839092409119884,3.276979322800772,3.258063127301384,3.320161654648225,0.2264195692602525,0.181514722477542,1080.0,630.0,101.0,-0.0189161954993881,0
54,54_D2,22,4,120,0.9936595754819688,1.0,0.2586943046249679,0.2355973721321721,0.9784989583613491,0.983219121209032,3.257778064314543,3.2332733836592653,3.2978334787333115,0.2071234870279346,0.1836613187169966,1157.0,510.0,48.0,-0.0245046806552777,0
54,54_D2,23,4,120,0.9954808083804412,1.0,0.1848055622352708,0.1386713240886992,0.985968356855042,0.988658815130951,3.256398315675578,3.294155099374992,3.3329719504163204,0.167205930297041,0.1514730981330721,1175.0,470.0,32.0,0.0377567836994141,1
54,54_D2,24,4,120,0.9957759659415072,1.0,0.2840244037989382,0.243720171896674,0.983294961792322,0.9847579935487903,3.291797750566141,3.28107198335894,3.435108239166305,0.1849049599993341,0.1767339365201978,1172.0,480.0,35.0,-0.0107257672072011,0
54,54_D2,25,4,120,0.9931439453733476,1.0,0.2819512164689121,0.2415172520921203,0.9740219811324724,0.9808949482240432,3.359265541230362,3.3680633364597123,3.503897372423328,0.2304043088920719,0.1956160855007941,1161.0,510.0,47.0,0.0087977952293503,1
54,54_D2,26,4,120,0.9917791123174272,1.0,0.3209832345683788,0.2571282615886565,0.9668904376243914,0.9754974197496494,3.2510500316863653,3.2795228975780466,3.4280259623388885,0.256309598929596,0.2206026237880922,1122.0,560.0,67.0,0.0284728658916812,1
54,54_D3,1,3,71,0.9956421276721006,1.0,0.4239018374793554,0.4194836743241769,0.9752614348648816,0.9835992134899522,3.565811983203416,3.5477004699315406,3.614317490739172,0.2265178628394455,0.1867376799812964,1041.0,650.0,129.0,-0.0181115132718754,0
54,54_D3,2,3,71,0.9932943105999232,1.0,0.1875206715056962,0.1695923187366391,0.968129599281197,0.9795223404952876,3.240037900656961,3.271915364339996,3.327091352011426,0.25052228625151,0.2014857918713549,1010.0,690.0,151.0,0.0318774636830347,1
54,54_D3,3,3,71,0.9892507774516668,1.0,0.2058278387573802,0.1573574676690793,0.9593776399081024,0.9743886700196354,3.269950769557224,3.323964842293338,3.442501511761414,0.2837414989569026,0.2264173043697039,1092.0,600.0,93.0,0.054014072736114,1
54,54_D3,4,3,71,0.9911567774536316,1.0,0.4092946593044813,0.4094402450823604,0.958044099634919,0.9719949704014256,3.280356366182132,3.3207942809833506,3.5462767332224074,0.2904482035284892,0.24020060838433,1091.0,620.0,91.0,0.040437914801219,1
54,54_D3,5,3,71,0.9916596983353994,1.0,0.3783049847845511,0.3501220051555855,0.95612694876905,0.9724696437870995,3.323400326774337,3.370968050387364,3.5822315188170264,0.293588640805081,0.2367230949396353,1109.0,580.0,79.0,0.0475677236130271,1
54,54_D3,6,3,71,0.9946535160999168,1.0,0.197946071670236,0.1685049366493369,0.9835371586228712,0.9890607291390976,3.271197474569898,3.292749554613046,3.3833849992409406,0.1818056755500701,0.1482436512301992,1187.0,450.0,29.0,0.0215520800431479,1
54,54_D3,7,3,71,0.9918667275425124,1.0,0.1641842660673679,0.167668376263294,0.9601418424482292,0.9745702991373992,3.2702927421219767,3.244217427912365,3.29543570208946,0.2807198719608743,0.2245731789652336,1047.0,690.0,119.0,-0.0260753142096121,0
54,54_D3,8,3,71,0.9968560242989226,1.0,0.1775115559205803,0.1768322477371896,0.9892792285230608,0.9918966246537968,3.3324209624979257,3.349199409788912,3.4379601268336617,0.1472954922915373,0.1271072601779869,1184.0,450.0,25.0,0.0167784472909864,1
54,54_D3,9,3,71,0.9902148415246356,1.0,0.2395687752464214,0.1986412215596601,0.9535426146686417,0.9726792518660656,3.5254069781407225,3.540434311915288,3.667132018435898,0.3023530928386743,0.2326887053225326,1087.0,590.0,97.0,0.0150273337745652,1
54,54_D3,10,3,71,0.991793092132742,1.0,0.1053434696640194,0.0671137393236074,0.97800526080852,0.984637438623018,3.349976019482165,3.341615899235383,3.352504390112417,0.2133668197694888,0.1772934745943597,1120.0,560.0,71.0,-0.0083601202467824,0
54,54_D3,11,3,71,0.9924501356928148,1.0,0.0184312095500052,-0.0114020040417553,0.9706167985397046,0.9779824754152372,3.271850605370981,3.303177652949038,3.280484852829377,0.2473394265234095,0.2150052447164748,1046.0,650.0,125.0,0.0313270475780567,1
54,54_D3,12,3,71,0.9942106072891772,1.0,0.1285449734389745,0.148284359033411,0.9795109243254412,0.9847560896037604,3.3418986976823453,3.3806672031578464,3.363476489355844,0.2015226492292387,0.1750474472918457,1060.0,650.0,116.0,0.0387685054755011,1
54,54_D3,13,3,71,0.9933626704577811,1.0,0.1841567592657027,0.1539040419957915,0.9806108722153236,0.984268845294649,3.402469005118096,3.4008464392210622,3.496111826101561,0.1982246087806413,0.1771788054877104,1163.0,512.0,43.0,-0.0016225658970334,0
54,54_D3,14,3,71,0.9943546687876328,1.0,0.2110864327157657,0.1661604972497828,0.9766317672847789,0.9806037222651748,3.317973390104317,3.304374113354289,3.4147032768781047,0.2156545888513506,0.1961960329360199,1177.0,480.0,35.0,-0.0135992767500279,0
54,54_D3,15,3,71,0.9922474971644756,1.0,0.0471329726560846,0.0224134556674046,0.97522184860685,0.9818280240772088,3.294031422615172,3.328935057778778,3.3663385399710597,0.2258347894777666,0.1931776370932655,1076.0,610.0,104.0,0.034903635163606,1
54,54_D3,16,3,71,0.9927218237380612,1.0,0.2579731694704736,0.2211054437575154,0.9760104289743274,0.9807055765126752,3.4202643412297644,3.38593659982556,3.528423037650433,0.2187244616115604,0.1961132054053087,1133.0,530.0,65.0,-0.0343277414042044,0
54,54_D3,17,3,71,0.991614501923004,1.0,0.3141806100958564,0.2683425329375171,0.972642015775727,0.9772032360427398,3.3614047385520696,3.379379588041597,3.4989418331706053,0.2323090845416649,0.2136625749904951,1100.0,432.0,33.0,0.0179748494895273,1
54,54_D3,18,3,71,0.9949263712673484,1.0,0.1064439511402564,0.0389715152194774,0.987962417076848,0.9898163974780086,3.2652316669686225,3.283850953705713,3.2935328285274723,0.1560789281772708,0.1446997765958792,1166.0,450.0,25.0,0.0186192867370902,1
54,54_D3,19,3,71,0.992963611459056,1.0,0.097359842812572,0.0679579278742554,0.9706175497255808,0.9802024364056297,3.429053760460571,3.452436238026251,3.47279536251869,0.2442042514535815,0.1985214233522024,1092.0,620.0,88.0,0.0233824775656801,1
54,54_D3,20,3,71,0.9943387103705372,1.0,0.2532690435243936,0.2218154015571499,0.9718607921365466,0.9805760588180026,3.278971250957356,3.33149333066284,3.4598502388352355,0.2361772169119524,0.1962270263514289,1158.0,500.0,42.0,0.0525220797054837,1
54,54_D3,21,3,71,0.9925582027876102,1.0,0.2946463548542509,0.2464064102338455,0.9732679586773788,0.9794083414673628,3.2625607801443794,3.27112655618423,3.5213136856241958,0.2298774029288733,0.2031200129876701,1105.0,440.0,30.0,0.0085657760398505,1
54,54_D3,22,4,71,0.994330570697937,1.0,0.2059112585624419,0.1847701432485879,0.9804061903434212,0.9858420398637844,3.362840736677007,3.4019493705967605,3.4033640052437675,0.1984291528425178,0.1688603695106864,1156.0,510.0,49.0,0.0391086339197537,1
54,54_D3,23,4,71,0.9924720788821458,1.0,0.2037120777573,0.1949872259031646,0.9782054853830756,0.9809726506264046,3.295554298052632,3.290247150857172,3.341595823959771,0.2081101840688244,0.1943479642698201,1138.0,530.0,62.0,-0.0053071471954599,0
54,54_D3,24,4,71,0.9957071572139496,1.0,0.1855787541691515,0.1364458570617854,0.9856948393746686,0.988847757899063,3.3860617785166767,3.41828036204201,3.3765044924428604,0.1685505987920214,0.1494600372134491,1187.0,460.0,29.0,0.0322185835253332,1
54,54_D3,25,4,71,0.9925905280381137,1.0,0.2534556204684101,0.2287790917665504,0.9742406548101656,0.9798819850629468,3.2932141592618382,3.3184388245380383,3.4217132179870977,0.2266916731545243,0.2003081023395208,1139.0,530.0,60.0,0.0252246652762,1
54,54_D3,26,4,71,0.9941464657641004,1.0,0.2690570855133877,0.1969557766197963,0.9817801899281056,0.9872449592622324,3.412764813260269,3.385440479497931,3.51669879538332,0.1906371015444792,0.1603219176829733,1150.0,510.0,51.0,-0.0273243337623383,0
54,54_D3,27,4,71,0.9959551422145388,1.0,0.0157520140686937,-0.0917558702241836,0.9895950877202342,0.9916226940701884,3.250689515771854,3.254814789240662,3.252979750748404,0.1454438299467057,0.1344463389778733,1175.0,470.0,31.0,0.0041252734688077,1
54,54_D5,36,3,20,0.9933046586850592,1.0,0.5974454095221218,0.6058269255066581,0.9645607410223964,0.981204837308234,3.780901564247652,3.636372720377536,4.038475761135276,0.2876228903187754,0.2162736111347269,1008.0,710.0,156.0,-0.1445288438701162,0
54,54_D5,37,3,20,0.995580953656284,1.0,0.3236034608826001,0.3149216966911219,0.980011596745178,0.9868945850762384,3.313046643093702,3.31468386156696,3.345536906237393,0.2013320872121745,0.1665269371062206,1058.0,650.0,114.0,0.0016372184732582,1
54,54_D5,38,3,20,0.9954846031656126,1.0,0.3656613353228893,0.3616860820767939,0.9795986513423118,0.9803390504322778,3.4578448321364146,3.505452689856277,3.660683254837237,0.2043970064318373,0.2024248134659053,1162.0,500.0,45.0,0.0476078577198624,1
54,54_D5,39,3,20,0.9923079808872508,1.0,0.2063485515658722,0.1909834614782775,0.9755416468732148,0.9836591757741212,3.391917491107672,3.449866463969933,3.5044969785485187,0.2204946398203016,0.1812548394866706,1099.0,590.0,89.0,0.0579489728622606,1
54,54_D5,40,3,20,0.9913228504805373,1.0,0.1592145543466174,0.1141649086712633,0.9739468473840543,0.9839597159222956,3.350887217982975,3.2819019750848426,3.411810942563065,0.2269136185115298,0.1797523070620412,1130.0,550.0,67.0,-0.0689852428981323,0
54,54_D5,41,3,20,0.9949399766699144,1.0,0.1866165079654634,0.1507744203419693,0.9862339025981728,0.9875591167771895,3.294214383834053,3.214158846965585,3.3254703451461003,0.1662999473205395,0.157580071678183,1103.0,580.0,85.0,-0.0800555368684681,0
54,54_D5,42,3,20,0.9928678923477668,1.0,0.1458518339862272,0.1147369282038629,0.9781244577307682,0.9840868133301672,3.3270479306616,3.337249782358698,3.394627534195987,0.21089462540212,0.179628686781073,1105.0,580.0,84.0,0.0102018516970989,1
54,54_D5,43,3,20,0.99540414628165,1.0,0.1726182392582768,0.1590417618684079,0.97966211700131,0.9868742818718108,3.735323233288063,3.720104992530903,3.834202296718036,0.2017375039937105,0.1615366530921748,1047.0,650.0,130.0,-0.0152182407571599,0
54,54_D5,44,3,20,0.9963901987195802,1.0,0.0687833569684565,-0.0130119536484901,0.9913393920954388,0.9924208663870242,3.210370284958284,3.297436186628081,3.2771744600511314,0.1326140857591646,0.1256563478111479,1189.0,450.0,27.0,0.087065901669797,1
54,54_D5,45,3,20,0.994111114209343,1.0,0.1206506474768251,0.0726957072844628,0.9844714796984706,0.9862118427654673,3.376611024701488,3.370801358264485,3.376434159707994,0.1767694488381678,0.167436201825738,1152.0,500.0,50.0,-0.0058096664370026,0
54,54_D5,46,3,20,0.9958557808564334,1.0,0.083389468414311,0.0814002206162504,0.991605995539426,0.990162882274732,3.3740782459612664,3.406177305094121,3.3936239597295463,0.1294750260568396,0.1418729523511842,1155.0,510.0,49.0,0.0320990591328551,1
54,54_D5,47,3,20,0.9951909310161188,1.0,0.1894819021121131,0.2078110590177367,0.9889306815429282,0.9899396872672614,3.491681973601122,3.528946186663677,3.483311055574889,0.1492219146647989,0.1420474604388349,1157.0,510.0,51.0,0.0372642130625546,1
54,54_D5,48,3,20,0.9937697430822068,1.0,0.0995646810660848,0.0968866702014477,0.9846158478018658,0.9855522150766256,3.414976268949041,3.428340739572743,3.443936423425864,0.1759860447687355,0.1706816250664259,1157.0,500.0,46.0,0.0133644706237019,1
54,54_D5,49,3,20,0.9966722662068672,1.0,0.0096896723644171,-0.0237132890173644,0.9939873911444796,0.99360600307173,3.254515875052741,3.218068450246792,3.204886497002069,0.1110731564729712,0.1150299208533705,1190.0,460.0,30.0,-0.0364474248059489,0
54,54_D5,50,3,20,0.9927637834194653,1.0,0.0795313339008898,0.0310942113110135,0.981267152948231,0.9846410234569496,3.428931606050737,3.407049989577308,3.532358918794917,0.1969497332054093,0.1781082981483109,1138.0,530.0,62.0,-0.0218816164734296,0
54,54_D5,51,4,20,0.9935884612445514,1.0,0.4020079439508477,0.4217771624166581,0.9723671700057616,0.9806045547972098,3.599502400939727,3.619994727590462,3.645523197280719,0.2398718182005469,0.202341992929095,1099.0,580.0,92.0,0.0204923266507348,1
54,54_D5,52,4,20,0.9886727861278048,1.0,0.2375935442920704,0.2080737730995098,0.9546928309276386,0.9718901230234273,3.443178219705059,3.423435083265398,3.3934454913063634,0.3015033133939436,0.2360851034327511,1053.0,650.0,120.0,-0.0197431364396609,0
54,54_D5,53,4,20,0.9932609500329798,1.0,0.2142045349431978,0.1897246156840719,0.9824370287293372,0.9865500506404424,3.4144661796375644,3.467983519313273,3.397112686400402,0.187035564486814,0.1643608612376688,1142.0,530.0,59.0,0.0535173396757091,1
54,54_D5,54,4,20,0.9962075442858952,1.0,0.0918848584588732,0.0946163086474255,0.99146347662299,0.9916714446667024,3.5616454756155065,3.4770179537729744,3.4991029337888397,0.1330838587098222,0.1297769271953441,1177.0,460.0,31.0,-0.084627521842532,0
54,54_D5,55,4,20,0.991537550626556,1.0,0.2307416614385675,0.2163760880717281,0.974608555735539,0.9757237231536448,3.365375962800861,3.3203830509828345,3.451936911749479,0.2242562888126417,0.2204887819700516,1135.0,530.0,60.0,-0.044992911818027,0
54,54_D5,56,4,20,0.994591040146086,1.0,0.3701135258640285,0.3727756021515622,0.9743534125151267,0.9759930351645648,3.476815314612167,3.469051391541636,3.600698225718106,0.2321312983928644,0.2225115561398476,1158.0,510.0,45.0,-0.0077639230705313,0
54,54_D5,57,4,20,0.9935888492199,1.0,0.1186144875472291,0.1197040897085199,0.9824929329134898,0.984911993374225,3.2035190533517657,3.2213642707308696,3.3473958363169567,0.1870878750683188,0.1764486763402331,1166.0,480.0,38.0,0.0178452173791039,1
54,54_D5,58,4,20,0.9951578376999728,1.0,0.1120026751294719,0.1097253945818494,0.9871104438681768,0.9888080219568656,3.2704750734643957,3.22685048349882,3.3020026364174964,0.1603807892606726,0.1499885437496334,1179.0,470.0,31.0,-0.0436245899655753,0
54,54_D5,59,4,20,0.9966431287195484,1.0,0.0312956690797494,-0.007424711330133,0.9905547654804538,0.991482342142206,3.3885245194831604,3.4033976723613275,3.3855228727959403,0.1372882700327992,0.1315079635048696,1159.0,520.0,49.0,0.0148731528781671,1
54,54_D6,36,3,60,0.9938359505082728,1.0,0.3792285512285039,0.3785718958774482,0.9704154933470466,0.9827765140846394,3.355388456363251,3.3868954965608564,3.4901391943295126,0.2440183375643603,0.190964357488189,1037.0,660.0,128.0,0.0315070401976056,1
54,54_D6,37,3,60,0.9923550932897304,1.0,0.2237644913471961,0.2173182754735191,0.9769146498034906,0.9813066505893644,3.2943531392074545,3.253297089336141,3.3021783647184195,0.2164395777834594,0.1928164807409395,1142.0,540.0,54.0,-0.0410560498713135,0
54,54_D6,38,3,60,0.993378589731797,1.0,0.2190613511462718,0.2203214170964336,0.9668856217328172,0.9788947111470684,3.234316072216961,3.243058360495035,3.292908670095622,0.2552536147354639,0.2049504403911842,1018.0,690.0,156.0,0.0087422882780741,1
54,54_D6,39,3,60,0.9918114049513904,1.0,0.289405753703758,0.2681787142051309,0.96329706380327,0.9771875030572532,3.400797306974546,3.366760491880324,3.4710642681913084,0.268862690484648,0.2131757979767709,1140.0,530.0,60.0,-0.0340368150942222,0
54,54_D6,40,3,60,0.9851204520918346,1.0,0.4885776518609458,0.4844590913740616,0.9301900247464564,0.964197133844739,3.421809550844775,3.478614271118809,3.731733398693347,0.3689296912851045,0.2730490591034327,1070.0,620.0,110.0,0.0568047202740347,1
54,54_D6,41,3,60,0.9915034991072214,1.0,0.2815625113272991,0.2505591694619195,0.9424374480256912,0.9684949981621752,3.442351870002482,3.4415134295401373,3.697682347719889,0.3371755275424462,0.2507076759017881,989.0,762.0,158.0,-0.0008384404623447,0
54,54_D6,42,3,60,0.992851036472934,1.0,0.1573025163985363,0.1280751053870652,0.965714041604802,0.9785086916796928,3.712838297097108,3.7670034149883698,3.892838775648697,0.2672001563732494,0.2120432060767919,1021.0,670.0,153.0,0.0541651178912614,1
54,54_D6,43,3,60,0.9952403694853612,1.0,0.2862365262592554,0.2697487716678203,0.9757890540556632,0.9831630792423488,3.3764839687115265,3.3693553200809947,3.4512703042903814,0.2197640742901417,0.187041162476388,1190.0,440.0,27.0,-0.0071286486305317,0
54,54_D6,44,3,60,0.9945765036177694,1.0,0.189122987046283,0.1770244523424509,0.9842592901475348,0.9869132533833548,3.3155949696397102,3.2935604881180724,3.329273217727092,0.1767661992056486,0.1615626190506923,1096.0,590.0,93.0,-0.0220344815216377,0
54,54_D6,45,3,60,0.9932771863258826,1.0,0.4037489206358496,0.3964644697734399,0.9547902185564404,0.9646771702575048,3.43962813356527,3.556800961145001,3.7774688027239103,0.3026180762318544,0.267454385582449,1106.0,600.0,76.0,0.117172827579731,1
54,54_D6,46,3,60,0.9962805655755116,1.0,0.2218893216742861,0.1499497899623486,0.9886195601521794,0.9908960601850104,3.415599104176308,3.4553984422063,3.463955847595241,0.1509130206819982,0.1347357167673878,1181.0,450.0,30.0,0.0397993380299919,1
54,54_D6,47,4,60,0.9953877690934494,1.0,0.3640798326913598,0.3749976169154744,0.9806439410771006,0.9830808062915892,3.4277373643479354,3.422141809942107,3.667099955553673,0.2025971945144244,0.1914894218898796,1161.0,510.0,48.0,-0.0055955544058283,0
54,54_D6,48,4,60,0.9900933132390212,1.0,0.300205231141746,0.2849537135649372,0.9415312621442944,0.9639782184442336,3.330156338640708,3.3455099933982915,3.4432906018769414,0.3369592408196999,0.2668927509419866,1026.0,664.0,142.0,0.0153536547575838,1
54,54_D6,49,4,60,0.9941656836280596,1.0,0.0879224502368152,0.0211332008502655,0.987457173482161,0.9902415292485456,3.3095513638203364,3.3479325616119318,3.335664767407904,0.1592686223829426,0.1404558484130641,1171.0,470.0,36.0,0.0383811977915948,1
54,54_D6,50,4,60,0.9960691025895878,1.0,0.0996321858874363,0.004322086501575,0.9903471884897852,0.9927548916249964,3.273930740931214,3.2620018832807185,3.323725722786075,0.1395369506750747,0.1210020548254564,1187.0,440.0,25.0,-0.0119288576504956,0
54,54_D6,51,4,60,0.9948226301950408,1.0,0.0602635157883907,0.0126886445921035,0.9870354018596856,0.9897177979570596,3.333704086634371,3.317944407277453,3.317721766928816,0.16212885943475,0.1447697448098138,1185.0,450.0,27.0,-0.0157596793569179,0
54,54_D7,1,3,34,0.9957392146784718,1.0,0.3219744380347961,0.3345951680895067,0.9731495633040772,0.9819853356711472,3.4510399252408623,3.4077888640132725,3.6008476457288907,0.2318455210940594,0.1914466877595375,1015.0,680.0,151.0,-0.0432510612275898,0
54,54_D7,2,3,34,0.9952020015509142,1.0,0.1702437634186318,0.1556154671486809,0.9826430185104612,0.9867248721910058,3.394832865991127,3.362752624809664,3.4417815581300824,0.1857269494793078,0.1624943187157359,1094.0,600.0,89.0,-0.0320802411814629,0
54,54_D7,3,3,34,0.9958193354724784,1.0,0.1511030031359259,0.1299277628032459,0.9812474281362888,0.9832711458156234,3.1976503577105326,3.1729194240192253,3.193589599761473,0.1927660229115712,0.1830972510531474,1174.0,470.0,36.0,-0.0247309336913073,0
54,54_D7,4,3,34,0.9928097116612736,1.0,0.2455506003780063,0.2265731649807331,0.976261872174462,0.984661253566725,3.4022166196439407,3.415077537222331,3.54794140336561,0.2167139808902584,0.1752540506749089,1107.0,570.0,81.0,0.0128609175783904,1
54,54_D7,5,3,34,0.9910811489577912,1.0,0.2492569501479009,0.246041797575439,0.9728164195259368,0.9817709494820508,3.354960840330289,3.3778039050155293,3.484483568719059,0.2317405561593964,0.1903891841208633,1111.0,570.0,78.0,0.0228430646852402,1
54,54_D7,6,3,34,0.991982171197463,1.0,0.1982228327402451,0.1668123893874936,0.9731877222505844,0.983322585912806,3.2571561619867886,3.237980500028282,3.275191297697873,0.2309722604355213,0.1822110506760704,1062.0,630.0,117.0,-0.0191756619585063,0
54,54_D7,7,3,34,0.99157810910802,1.0,0.209759428671726,0.1523891728996366,0.9715416591151907,0.9802241140591276,3.287984598887141,3.343079802512861,3.3991384738281702,0.2377482352773153,0.1991172496898861,1113.0,570.0,77.0,0.0550952036257199,1
54,54_D7,8,3,34,0.9929779645938924,1.0,0.1244035951729569,0.1394647576758805,0.9838538451362832,0.9871842578403154,3.28520317691119,3.322287332165986,3.281763412905498,0.1791208320582512,0.1608140898024471,1107.0,590.0,85.0,0.0370841552547962,1
54,54_D7,9,3,34,0.9910793371573844,1.0,0.3613287764175033,0.3745659372455622,0.9632350194939968,0.9737409329288376,3.3245526885114183,3.360132280266951,3.5151216862746058,0.2701664085631117,0.2348973062919069,1038.0,560.0,75.0,0.0355795917555328,1
54,54_D7,10,3,34,0.9955427817242488,1.0,0.495390273703045,0.4670668979917737,0.97151547280659,0.9785459060474924,3.524432693397329,3.5339105916560194,3.922735081499564,0.2527698857007053,0.2251216544528528,1162.0,500.0,48.0,0.0094778982586904,1
54,54_D7,11,3,34,0.994027768872912,1.0,0.5136693674599214,0.5090026700521124,0.9698312411863552,0.9754989167264304,3.46095244334172,3.4615595161127306,3.671226194151708,0.2677768403009607,0.2378313567621915,1116.0,580.0,72.0,0.0006070727710105,1
54,54_D7,12,3,34,0.9939575721293732,1.0,0.3949957982856799,0.390526457130671,0.9736981258931112,0.9794746953822806,3.5216591776001414,3.5366497869296,3.853396687652931,0.2341712666441037,0.2071252704659882,1051.0,530.0,54.0,0.0149906093294585,1
54,54_D7,13,3,34,0.9929185159190131,1.0,0.0723369019942712,0.0427658722508556,0.9768929907176434,0.9827821253751186,3.375264219045328,3.372287594277966,3.3156839972535064,0.2201103677614808,0.1865582789817109,1067.0,620.0,105.0,-0.0029766247673621,0
54,54_D7,14,3,34,0.9948563536655556,1.0,0.444275105047165,0.438682697505004,0.9808298561074512,0.987125585407548,3.684170965564584,3.7831424779800944,3.802798117844525,0.2026240761740472,0.1693443279562884,1130.0,540.0,63.0,0.0989715124155106,1
54,54_D7,15,3,34,0.9943355706922086,1.0,0.135973600381314,0.0909119848415406,0.9828000202260988,0.9865320819910508,3.329736853403118,3.291819703583843,3.371015273873896,0.1860458395474798,0.1643120118239023,1151.0,510.0,53.0,-0.0379171498192749,0
54,54_D7,16,3,34,0.9925769804873464,1.0,0.108126521738763,0.0836087527081566,0.97492900589971,0.9814363156169348,3.3436334404838943,3.3972119292303606,3.422109275330272,0.2259600436768709,0.194618818585014,1060.0,630.0,114.0,0.0535784887464663,1
54,54_D7,17,3,34,0.9950607852070664,1.0,0.1204818411369213,0.1005954128686034,0.9780545375404373,0.9854344074185364,3.7448253788076262,3.697225989434476,3.792296035619696,0.2128056342524238,0.1729032659874972,1013.0,690.0,156.0,-0.0475993893731505,0
54,54_D7,18,3,34,0.9935505843635992,1.0,0.1210029085513141,0.1131289000375506,0.986516417740772,0.9861321832101748,3.2789785009345325,3.2233730768161,3.3032431627845784,0.1641142025133408,0.1666033539235274,1180.0,460.0,36.0,-0.0556054241184327,0
54,54_D7,19,3,34,0.9919143940447928,1.0,0.2554419586437548,0.2723102026325522,0.9775337937335584,0.9790978373410012,3.367865319202205,3.413723379627279,3.479807512309665,0.2133143527422421,0.2043629515035083,1166.0,480.0,39.0,0.0458580604250737,1
54,54_D7,20,3,34,0.995896350884819,1.0,0.1014880873309516,0.0564778822122896,0.9935498493065964,0.9915736622944192,3.396854505989447,3.4128078714875443,3.3936010786661512,0.1134230356143601,0.1299511288971205,1182.0,460.0,30.0,0.0159533654980972,1
54,54_D7,21,3,34,0.9952053374550388,1.0,0.1052488469202495,0.0544128684615528,0.9870255131707611,0.9889323778442028,3.2661420646570694,3.265875315466504,3.345566651575997,0.1609599646456448,0.1495593299493206,1149.0,510.0,51.0,-0.0002667491905654,0
54,54_D7,22,4,34,0.9941485571868688,1.0,0.6221003522763543,0.6325351259861194,0.9630123010773488,0.9774409525919268,3.5275051772351755,3.74986816807944,3.9025053171476154,0.2904906525603861,0.2394351233088238,1047.0,680.0,124.0,0.2223629908442639,1
54,54_D7,23,4,34,0.9933623515816604,1.0,0.1502141334333823,0.1226970762668741,0.9776246495088652,0.9841074279635192,3.340204675475097,3.312968290459663,3.384628228742497,0.2114088187424931,0.1777805649411678,1094.0,610.0,90.0,-0.027236385015434,0
54,54_D7,24,4,34,0.993859970808775,1.0,0.2955975485147621,0.277332659327982,0.9781268745118628,0.9814057636061526,3.1961187111989617,3.247152613358945,3.3388098871648006,0.2113310714582392,0.19334115859758,1148.0,530.0,50.0,0.051033902159983,1
54,54_D7,25,4,34,0.992442290338916,1.0,0.2777480346980163,0.2907834315235066,0.9759985784891636,0.9823195186442883,3.497390897658156,3.4349895218603708,3.583614323608264,0.2198609174246234,0.1905805521813383,1096.0,590.0,86.0,-0.0624013757977852,0
54,54_D7,26,4,34,0.9957211012370588,1.0,0.0755251914813637,0.0599701934273243,0.992475800076271,0.9932277467379208,3.340384452758021,3.3821140055383365,3.3153257728027192,0.1225485916076583,0.1170231874448987,1168.0,480.0,39.0,0.0417295527803154,1
54,54_D7,27,4,34,0.99635874091994,1.0,0.22365385710412,0.2332340378812353,0.9916485689848512,0.9908076814476336,3.2384792924518147,3.323466920141212,3.284488133865312,0.1298263657807341,0.1375117451262116,1156.0,500.0,45.0,0.0849876276893972,1
54,54_D7,28,4,34,0.9947561140813695,1.0,0.3572028284881073,0.3141182173603626,0.977179509751628,0.9791160875445726,3.2402466957667766,3.254477533484001,3.4160079237758385,0.2153434191459338,0.2039717272231927,1185.0,470.0,31.0,0.0142308377172244,1
54,54_D7,29,4,34,0.9948039837616716,1.0,0.086928349487214,0.0405595988094507,0.985283772306416,0.9888216546065328,3.3293469206395567,3.3828745497531867,3.4390979238814454,0.1722856724727937,0.1503259379112407,1148.0,520.0,51.0,0.0535276291136299,1
54,54_D7,30,4,34,0.9873169345643956,1.0,0.5152947922402658,0.4762210456199304,0.9384898026839268,0.9563936700368404,3.488730182219772,3.482229981717676,3.818749222925653,0.3552567631098146,0.3024695744622436,1139.0,530.0,59.0,-0.0065002005020957,0
54,54_D8,1,3,30,0.9934407439091072,1.0,0.2415239013159039,0.2517533676456909,0.9727625742021614,0.9847113937868144,3.6743904183077096,3.661851007287584,3.717895485428017,0.2318208515107637,0.1756437533273107,1067.0,610.0,97.0,-0.0125394110201257,0
54,54_D8,2,3,30,0.9944066731469962,1.0,0.2634112244001251,0.2710371700291439,0.9732487888378714,0.9800723277161484,3.3069977466556555,3.2983347638810656,3.4675691252654097,0.2313689535752059,0.2000234026904398,1059.0,630.0,117.0,-0.0086629827745898,0
54,54_D8,3,3,30,0.99414498008125,1.0,0.2076599677736549,0.2038337605329113,0.9778648023422954,0.98281921428567,3.264572564339544,3.276322727135676,3.339560109577068,0.2095011236356772,0.185034854305861,1093.0,590.0,95.0,0.0117501627961313,1
54,54_D8,4,3,30,0.994851457440218,1.0,0.2481810073611843,0.2300714894497563,0.979376201602645,0.9826478786880664,3.3293193270938817,3.2973132754419376,3.4092376305164995,0.2036348503046358,0.1865409409070579,1108.0,530.0,57.0,-0.032006051651944,0
54,54_D8,5,3,30,0.9946692351105676,1.0,0.1226428486311577,0.0840753901385296,0.9884518958998972,0.9898553588680148,3.38519122181032,3.3282535127957806,3.3539761553689464,0.1519371153880836,0.1434314239789954,1163.0,490.0,40.0,-0.056937709014539,0
54,54_D8,6,3,30,0.995688819965326,1.0,0.27275916270763,0.268168619817996,0.9834612211625116,0.9874123594611208,3.271338705612496,3.213632049588287,3.2957428328159493,0.1819682611548763,0.158949034632586,1161.0,500.0,45.0,-0.0577066560242087,0
54,54_D8,7,3,30,0.9957260095370168,1.0,0.1549656349835336,0.1398893599291493,0.9871565844578318,0.9901195137080558,3.154556058435908,3.2442096528762483,3.361472754800715,0.1598403410945049,0.1407455689130087,1104.0,580.0,87.0,0.0896535944403402,1
54,54_D8,8,3,30,0.9955665815684578,1.0,0.2056452756032508,0.152952703342258,0.9845512868370144,0.984174518313638,3.275476751946369,3.359956136169179,3.364844767709944,0.175424686266045,0.1777283356648931,1158.0,490.0,41.0,0.0844793842228104,1
54,54_D8,9,3,30,0.9938214616932332,1.0,0.0609772793604203,0.016094966933747,0.988941713283044,0.9908494212155696,3.250414880080803,3.2559864232906763,3.2073932429982177,0.1487442527531856,0.1367178904178035,1166.0,480.0,41.0,0.0055715432098732,1
54,54_D8,10,3,30,0.9921923147323086,1.0,0.2640837924802098,0.2376114032162827,0.9734574174039622,0.9814497082384404,3.3400238614130373,3.4105507332386056,3.540251215761404,0.2293838932892965,0.1925815609269946,1098.0,590.0,91.0,0.0705268718255682,1
54,54_D8,11,3,30,0.9915791443863224,1.0,0.1285764418552158,0.0881643110346531,0.9616114879453732,0.975701827948398,3.274184694079284,3.409149242491891,3.341950251907245,0.2777421754279312,0.2207993127717132,1018.0,700.0,148.0,0.1349645484126074,1
54,54_D8,12,3,30,0.9930056897741012,1.0,0.0837900632314926,0.0869731157400781,0.9785038944141726,0.9819711571877268,3.305438114003438,3.3152928736102245,3.42071880393045,0.2091219864131279,0.1910379615587523,1088.0,610.0,95.0,0.0098547596067866,1
54,54_D8,13,3,30,0.9953703135355332,1.0,0.1693783901064027,0.0857870903228714,0.9872890921914554,0.9892009827111584,3.364187645909243,3.336600594943312,3.331443171332264,0.1596153165161966,0.1473925335364864,1175.0,480.0,39.0,-0.0275870509659306,0
54,54_D8,14,3,30,0.9948779719695916,1.0,0.2291640749966008,0.185166428178021,0.9837779869628416,0.9867858788753796,3.40765538855852,3.5035936668774506,3.444980352043744,0.1804892691929609,0.1625791512926693,1146.0,530.0,55.0,0.0959382783189308,1
54,54_D8,15,3,30,0.9951817464597684,1.0,0.234351926436693,0.2087296188218298,0.986256256210349,0.9878941549315524,3.388569148156522,3.460238873238856,3.474265553704443,0.1653598129035861,0.1554650731540606,1166.0,490.0,43.0,0.0716697250823337,1
54,54_D8,16,3,30,0.9927581908696164,1.0,0.1219833723054681,0.1246965013310957,0.9816125493515302,0.9837577484877166,3.2522005627871677,3.289975734378326,3.2173761839071715,0.1917526931895334,0.1799860095188833,1156.0,510.0,45.0,0.0377751715911585,1
54,54_D8,17,4,30,0.9941474159329324,1.0,0.5612785324917986,0.5447117498629219,0.9674141258239296,0.9790491907398386,3.446122680951534,3.493403985702873,3.7703902376633223,0.2698232182902154,0.2247509919742499,1033.0,660.0,141.0,0.0472813047513387,1
54,54_D8,18,4,30,0.9940631064310976,1.0,0.1247290963503996,0.0729276894185843,0.98182770458299,0.9851269086160002,3.3389049455142583,3.280680651317968,3.357071658136524,0.1906695398248712,0.1720217468040913,1152.0,500.0,46.0,-0.0582242941962904,0
54,54_D8,19,4,30,0.996010510359274,1.0,0.0277465510188128,-0.1267451386774939,0.990261839456238,0.9920426254645254,3.3870769571497354,3.3837656825659423,3.3986121936667484,0.1406084433421475,0.130234891421439,1139.0,540.0,57.0,-0.0033112745837931,0
54,54_D8,20,4,30,0.9951182761714424,1.0,0.0618665141468093,0.0464662220341748,0.9858612847547296,0.9874747629314964,3.458164338165584,3.4333724599975297,3.470274899941474,0.1687245404494485,0.1580786238527634,1163.0,490.0,44.0,-0.0247918781680538,0
54,54_D8,21,4,30,0.993602271848976,1.0,0.4493255218575848,0.4376558112437786,0.9674632811435078,0.9761388354683912,3.6915458397384175,3.6454984761340032,3.766619313927735,0.258597099150636,0.2211152562034682,1068.0,630.0,111.0,-0.0460473636044151,0
54,54_D8,22,4,30,0.992981477217835,1.0,0.3499017575934925,0.3433671490031834,0.973189912410268,0.9758523955781926,3.3411121882455994,3.3210838387108748,3.5417107722538272,0.2311208175556798,0.2195916689423074,1104.0,580.0,85.0,-0.0200283495347246,0
54,54_D8,23,4,30,0.9928716802176056,1.0,0.1429469394084032,0.1003556852400091,0.9761855223039432,0.9826258571416971,3.330173567927344,3.352289329875634,3.390100614749817,0.2216661520317289,0.1862517820842879,1099.0,610.0,89.0,0.0221157619482901,1
54,54_D8,24,4,30,0.9934614722318972,1.0,0.2793425968746947,0.2465524134474275,0.97701109085877,0.9809729644229224,3.273173415802428,3.342632334567877,3.356719746281935,0.2143023299579296,0.1951789390336573,1144.0,530.0,56.0,0.0694589187654495,1
54,54_D8,25,4,30,0.9944311945467984,1.0,0.1329547259711865,0.1066377984165347,0.9884300338654988,0.9897483675957218,3.2630142284472035,3.341627171526645,3.286854359761239,0.1517553867524541,0.1436044110581538,1148.0,520.0,50.0,0.0786129430794413,1
54,54_D8,26,4,30,0.995766287975368,1.0,0.1036769084819053,0.0761008268873139,0.9884574825632312,0.9896936916833344,3.340564646850821,3.338560338204296,3.3949494150035,0.1520999448616523,0.1440241092358541,1154.0,510.0,46.0,-0.0020043086465251,0
54,54_D8,27,4,30,0.993440778004677,1.0,0.0852172932806327,0.0540874257507734,0.9853108362490064,0.986312385648253,3.215116896335376,3.2946113374982766,3.2858396160966006,0.1722193403927744,0.1654929267197878,1192.0,450.0,28.0,0.0794944411629008,1
54,54_D8,28,4,30,0.9961934695199886,1.0,0.0759882686901046,-0.0295420291051731,0.992596517699482,0.9926661630060668,3.273329373657409,3.3125756512116853,3.2424545470396837,0.1218308428247836,0.122272493105963,1185.0,450.0,31.0,0.0392462775542763,1
54,54_D8,29,4,30,0.994596915276874,1.0,0.0786360381700959,0.0517403822632231,0.9871297774866616,0.9875243016593168,3.3342523896458545,3.3774701382863115,3.50092532085094,0.1599478774160045,0.1585821296192469,1142.0,530.0,59.0,0.043217748640457,1
54,54_D9,1,3,34,0.9914125708359268,1.0,0.2063386228888262,0.1848411589773471,0.9608471658660724,0.9700387463235336,3.338201180936664,3.333549933096787,3.4032227067071417,0.2773478039798002,0.2439591293269005,1093.0,550.0,71.0,-0.0046512478398765,0
54,54_D9,2,3,34,0.9951013252616134,1.0,0.2441313818186835,0.2099799257314264,0.9774592351398066,0.9850039248320122,3.527501998228252,3.533303244364494,3.637082463528032,0.2137564004029319,0.1735715596139689,1060.0,630.0,121.0,0.005801246136242,1
54,54_D9,3,3,34,0.9940815061391236,1.0,0.1865062053771331,0.1795972076574873,0.9746170669524236,0.983704157136256,3.282462666195987,3.2588526608396755,3.30630449778938,0.2240409142726422,0.180281556839191,1024.0,690.0,141.0,-0.0236100053563115,0
54,54_D9,4,3,34,0.9947284289540014,1.0,0.366487198720191,0.3495597466393701,0.9710503862035392,0.9763654450212556,3.509991747736228,3.624276547130577,3.634903885035644,0.2480813294916662,0.2209330958258192,1098.0,540.0,64.0,0.1142847993943494,1
54,54_D9,5,3,34,0.9920956367707774,1.0,0.1536987200729554,0.1505202833155079,0.9667999012624692,0.9785899547946816,3.293737146651414,3.2899885784206946,3.343029331672128,0.2579888826322204,0.2074845927509053,1037.0,680.0,137.0,-0.0037485682307192,0
54,54_D9,6,3,34,0.9921509469435548,1.0,0.1573013313068462,0.1087386741937558,0.970294055763232,0.9789949037094616,3.2463640333613832,3.267528282597879,3.4008690771563046,0.2442858447363944,0.2046470131389207,1056.0,650.0,118.0,0.0211642492364956,1
54,54_D9,7,3,34,0.9952253527901342,1.0,0.2303643353835554,0.1994017440655557,0.9838648796798316,0.9887602454390196,3.394777124048761,3.389276774456405,3.497717336008059,0.1810204617912315,0.1518256651417053,1155.0,500.0,47.0,-0.005500349592356,0
54,54_D9,8,3,34,0.995146180002917,1.0,0.3562873500643911,0.3294924346850923,0.9777768850260212,0.9768203817111928,3.394299497949145,3.3152027468124667,3.484313923231819,0.2104916227960998,0.2153436033530117,1151.0,500.0,51.0,-0.0790967511366784,0
54,54_D9,9,3,34,0.9937286845029126,1.0,0.130949139406749,0.1225415058661677,0.981756989580404,0.9856565786473902,3.3246794991853426,3.376402047275392,3.3034774496864143,0.1903450530528383,0.1697185059267868,1113.0,580.0,76.0,0.0517225480900496,1
54,54_D9,10,3,34,0.9943896153034372,1.0,0.3048928132110919,0.2578308605590798,0.9753998596240528,0.9795513303812062,3.3491031565192757,3.275798608585495,3.499510617252652,0.2218975910528375,0.2023891750516132,1104.0,580.0,80.0,-0.0733045479337803,0
54,54_D9,11,3,34,0.997834368028788,1.0,0.0509373752563134,0.0503456292667806,0.996054388451958,0.9957195717031762,3.4292924839297187,3.380639290111951,3.3656721935113945,0.0890021438293751,0.0934362208807054,1178.0,480.0,31.0,-0.0486531938177678,0
54,54_D9,12,3,34,0.9928095005824468,1.0,0.0660350028496761,0.008763299470589,0.9807356479275524,0.9850520410119692,3.1913362716345706,3.146309123210771,3.2449833070368497,0.1986314759299976,0.1776707711691693,1093.0,580.0,91.0,-0.0450271484237996,0
54,54_D9,13,3,34,0.9957985776080986,1.0,0.1341600729613644,0.064073181393548,0.9902194425348152,0.991359413847049,3.398055760539063,3.4247545000816486,3.434861493962201,0.1401865350712997,0.1312803058577859,1162.0,470.0,36.0,0.0266987395425855,1
54,54_D9,14,3,34,0.9950590540530068,1.0,-0.0442410551069681,-0.049343422241721,0.987248061880346,0.9882072872792568,3.367396671914244,3.287838846406969,3.3704998775663144,0.162184091238961,0.1554006081770161,1117.0,570.0,76.0,-0.0795578255072744,0
54,54_D9,15,3,34,0.99143366125089,1.0,0.2124012539729395,0.2143616938174378,0.9786798958779804,0.9816910330054764,3.3637613741941044,3.3179995052021294,3.510946546207502,0.2058557505304107,0.1910212168845394,1176.0,470.0,36.0,-0.0457618689919749,0
54,54_D9,16,3,34,0.9932126695908868,1.0,0.1241630755611689,0.0906409380401516,0.9829275540987974,0.9831347137343168,3.345517163579125,3.336929315983884,3.375459668738062,0.1842306749386554,0.1858761983679012,1158.0,520.0,47.0,-0.008587847595241,0
54,54_D9,17,4,34,0.995587609428544,1.0,-0.017580507621678,-0.0943596144358988,0.9904388942167246,0.9913567799947572,3.220749886186679,3.1482083074239897,3.182768761187256,0.1422025758572411,0.1368895364695987,1130.0,540.0,62.0,-0.072541578762689,0
54,54_D9,18,4,34,0.99358598316398,1.0,0.4606857262265883,0.4692636044007741,0.9723128443212472,0.9797544240507848,3.5130172187789124,3.529237182291486,3.660915159711883,0.243663058972107,0.2105269696238668,1086.0,600.0,96.0,0.0162199635125737,1
54,54_D9,19,4,34,0.9920641950033312,1.0,0.3127766413962207,0.3269975430219635,0.9676481963514544,0.9726726792453962,3.414096740700706,3.3955781670145786,3.631520339579496,0.2537082250905019,0.2339631808409619,1094.0,590.0,93.0,-0.0185185736861273,0
54,54_D9,20,4,34,0.992326063529174,1.0,0.1263235733675315,0.0735364404995368,0.9791489373803964,0.9828582802195224,3.3068465178231525,3.369525112593669,3.4407802001228927,0.2061146313781252,0.1859354356551868,1129.0,540.0,69.0,0.0626785947705164,1
54,54_D9,21,4,34,0.9925799338773938,1.0,0.1803225030671003,0.1439640052408087,0.9765327099472498,0.9833924110733688,3.433952953892808,3.409592292961971,3.430287981784968,0.2198218513987938,0.1834290514985498,1096.0,600.0,90.0,-0.0243606609308368,0
54,54_D9,22,4,34,0.996638702023886,1.0,0.1570044341043389,0.1352249262099359,0.9920712039871497,0.9924158796977554,3.3240551356531345,3.399661819242235,3.348309243361423,0.1263168591327781,0.123431403457646,1170.0,490.0,38.0,0.0756066835891005,1
54,54_D9,23,4,34,0.99366590034528,1.0,0.0670068629343345,0.0184966706354621,0.9818913272468996,0.9854192633129336,3.261475193290689,3.3026540346795352,3.326244942256336,0.1916262790667507,0.1733626578793704,1134.0,550.0,64.0,0.041178841388846,1
54,54_D9,24,4,34,0.9946604324857796,1.0,0.0251103644877385,0.0425058616985825,0.9889754318399516,0.989627038254449,3.3502566518483494,3.36429289873232,3.3734296296564925,0.1507800333454053,0.143922689644578,1166.0,480.0,40.0,0.0140362468839705,1
54,54_D9,25,4,34,0.9950628543676348,1.0,0.0564311350961362,0.0182712381256555,0.9890944119848472,0.990081602574431,3.2016115540804613,3.240943948273204,3.2602470214600734,0.1476691861876166,0.1417156979208358,1188.0,450.0,28.0,0.0393323941927423,1
