animal,session_id,roi_id,n_trials,method_r,raw_carma_bg_r,raw_suite_neu_r,carma_resid_bg_r,suite_resid_neu_r,carma_std_ratio,suite_std_ratio,carma_bg_npix,suite_neu_npix,roi_npix,suite_lower_abs_residual
112,112_D1,1,5,0.9951124065134292,0.1694562897550906,0.1108876607134909,0.0573234005899819,0.0037497709055332,0.9871609326044968,0.994072469406158,1178.0,470.0,33.0,1
112,112_D1,2,5,0.9985298269469683,0.0671839394079395,0.0408215353370821,-0.0385703276530377,-0.0789894638178334,0.9993249070463158,1.002951234926365,1124.0,398.0,14.0,0
112,112_D1,3,5,0.9979488106301408,0.116812808587842,0.0851071533250794,-0.033668218361893,0.0118931352714365,0.993230620557258,0.9970354934420502,1216.0,390.0,11.0,1
112,112_D1,4,5,0.998074896704275,0.0367027310055564,0.0102049588769022,-0.0444518430763484,-0.0671766787549369,1.0003150020781146,1.0022150358206046,1178.0,378.0,9.0,0
112,112_D1,5,5,0.998569135716443,0.111651806810308,0.1025041409234863,0.0204180807075819,0.0081887374392312,0.9939545660965636,0.9947659346451272,1095.0,530.0,52.0,1
112,112_D1,6,5,0.9965629061226184,0.1386406474938745,0.0965091009816692,0.0155226388393899,-0.0082813577993167,0.9904620782550314,0.9954771262422536,1064.0,437.0,25.0,1
112,112_D1,7,5,0.9917478984752238,0.1650218255481662,0.2097878411240105,0.0088294733474177,0.1168101346298041,0.9863283748153104,0.9844864497708092,1155.0,440.0,25.0,0
112,112_D1,8,5,0.99553240985372,0.1398455952930655,0.0756956436174254,0.0173775773531224,0.0002859282103409,0.990322866014824,0.9973148330500072,1128.0,445.0,23.0,1
112,112_D1,9,5,0.997287409798615,0.0575423925369836,0.0423629275356635,-0.0627436101062752,-0.1611866169231942,1.0013005526844314,1.0111370702761535,1142.0,500.0,44.0,0
112,112_D1,10,5,0.9966199978977464,0.083793003678276,0.1110420020302688,-0.0488567141770497,0.0169025916783933,0.9976746264929526,0.9939586953389874,1151.0,490.0,39.0,1
112,112_D1,11,5,0.9975970179420732,0.4310692460554548,0.3946536523917399,0.3420296591063743,0.3310574209170951,0.9642105025584068,0.9737385183947044,1068.0,566.0,76.0,1
112,112_D1,12,5,0.9974804320616956,0.2119714725138343,0.1658629281606501,0.1003432675805778,0.050975859961221,0.9894729783006416,0.987432595186744,1046.0,430.0,23.0,1
112,112_D1,13,5,0.9985791685827454,0.0482507521323575,0.0368370251689925,-0.0048921337262444,-0.0296182030259531,0.9988472051264616,0.9997598958439936,1027.0,492.0,43.0,0
112,112_D1,14,5,0.999241713193872,0.1973825896478453,0.2317714440895852,0.1404815862908977,0.1936096475098203,0.9901454987901676,0.9915313984778727,1149.0,520.0,52.0,0
112,112_D1,15,5,0.9983915606390852,0.1299578702448106,0.0737855103617894,0.0319830107491277,-0.0069265643086627,0.993615099251626,0.9972980615998976,1098.0,406.0,15.0,1
112,112_D1,16,5,0.9993242022189538,0.0310458121244992,0.1158991283514016,-0.0426051186394943,0.0635769686605429,1.0004011235988532,0.9952744985987692,957.0,621.0,8.0,0
112,112_D1,17,5,0.9970347659386712,0.1054965758961045,0.0794570082438928,0.007558188824151,-0.039144405554112,0.9944480654035976,0.9991202259557004,996.0,468.0,36.0,0
112,112_D1,18,5,0.9975554837090996,0.1171761285892751,0.1712782222478072,0.0196345006320535,0.0918910613470199,0.9933026379804611,0.9894088296624178,1165.0,450.0,26.0,0
112,112_D1,19,5,0.9978011838307768,0.1806713872865105,0.1772804527459477,0.1007315472511522,0.071765524447356,0.9889913792904396,0.9908631840942648,1099.0,396.0,17.0,1
112,112_D1,20,5,0.9981907280819896,0.0263824915040976,-0.0823475561164104,-0.0341546873567189,-0.1538035651598234,1.0002354983739146,1.0086045995489292,1200.0,420.0,22.0,0
112,112_D1,21,5,0.9985370652731316,0.0231269607650412,-0.0019392082704673,-0.0920267284353055,-0.0637094226914407,1.0040153165853591,1.0020337643141788,1218.0,400.0,14.0,1
112,112_D1,22,5,0.998267676510929,0.0905803609781901,0.1238144209272415,-0.0047340559377478,0.0488867176062517,0.9977454789797664,0.993493295127308,1185.0,450.0,30.0,0
112,112_D1,23,5,0.9966460932316396,0.341545571392313,0.3622325856902882,0.2156403321482677,0.2750701338855098,0.9661753654376471,0.9714571977997636,1198.0,430.0,22.0,0
112,112_D1,24,5,0.9899486229530718,0.0996558133686834,0.150215427304815,-0.0576781604899577,-0.0109646631748237,0.996681214847642,0.9887181619600866,1192.0,440.0,24.0,1
112,112_D1,25,5,0.999246326915932,0.0869848883360686,0.1999333712417219,0.0348316589159224,0.1529389109177581,0.996814484744284,0.9914735341379208,1186.0,440.0,26.0,0
112,112_D1,26,5,0.9985353038432324,0.1167408932007892,0.0785505202067871,0.0191058412417973,0.0071580234152775,0.9934939444586436,0.9969356768735392,1185.0,440.0,27.0,1
112,112_D1,27,5,0.9990827337731768,-0.0992965823126301,-0.0411694884234025,-0.165517285716137,-0.1013710232370406,1.0089747754948433,1.0043257783508692,1141.0,510.0,47.0,1
112,112_D1,28,5,0.999071871149529,-0.0395884424939892,-0.0085090638816394,-0.0996766927852314,-0.0705611678681641,1.004217213818195,1.0024624924651768,1153.0,480.0,39.0,1
112,112_D1,29,5,0.9986860288090036,0.2509060925785679,0.1652916559159652,0.1920539561757992,0.0988450832760055,0.9863734147850756,0.9910983042913712,1122.0,451.0,32.0,1
112,112_D1,30,5,0.9987610006530192,0.1382793653528375,0.1213445894077318,0.0759734837284769,0.0393710017143074,0.9932639597913472,0.9946646239112836,1157.0,450.0,30.0,1
112,112_D1,31,5,0.9985457695323018,0.1163306458403115,0.1526956755038667,0.0453192722804096,0.027060627733803,0.9942320644616932,0.9908167568499736,1120.0,399.0,19.0,1
112,112_D1,32,5,0.9984575508680162,0.0743204762344079,-0.0822938694463206,-0.0333348761305293,-0.1351719753034678,0.997788941757495,1.0058395449756694,1216.0,390.0,13.0,0
112,112_D1,33,5,0.9985652817486051,0.1087986636129675,0.0271887656353841,0.0187022375034515,-0.0499556329678324,0.9954324800166816,1.0008799882330892,1117.0,470.0,32.0,0
112,112_D1,34,5,0.9991051105295188,-0.0176723727177253,-0.0585998595845622,-0.0708072726032688,-0.1168090397398339,1.0023597428762423,1.005162503982739,1196.0,430.0,20.0,0
112,112_D1,35,5,0.9986618510613264,-0.0379707096825312,0.0821538424478055,-0.1031503185022507,0.0413666826568427,1.0035430318910534,0.9974734717147582,1158.0,430.0,22.0,1
112,112_D1,36,5,0.9976587800145562,0.0611275025331545,0.050696457093068,-0.0137531798574496,-0.0408073823722204,0.99822437239929,0.9994314296470892,1188.0,400.0,16.0,0
112,112_D1,37,5,0.9983164149640932,0.1131791863136034,0.0574770802841833,0.0290431209338965,-0.0209115885670167,0.9946910159230912,0.9985651793459468,1146.0,433.0,23.0,1
112,112_D1,38,5,0.9981453926794902,0.0459659071251494,0.0179444821113943,-0.0270149216775088,-0.0784354653522435,0.9993077232169336,1.0027956252899344,1146.0,392.0,13.0,0
112,112_D1,39,5,0.9979972215147268,0.0748899718333728,0.1034795983343624,-0.0045596072834109,0.0227834510166737,0.9972021780271004,0.994889838330416,1027.0,380.0,18.0,0
112,112_D1,40,5,0.9968594367267116,0.0643568594952678,0.0585636831342221,-0.0178730006637023,-0.0563428524951841,0.9980863744844336,0.9998719763212464,1046.0,449.0,38.0,0
112,112_D1,41,5,0.9972039053466945,0.1179325323852274,0.0824691881508028,0.0026060921513051,-0.0579648143907473,0.9930249874007512,1.0004041083769188,977.0,425.0,29.0,0
112,112_D1,42,5,0.9957542023443372,0.1182380498363484,0.064693662563626,-0.0199857074400039,-0.0704692959106275,0.993183638253536,1.000131500246223,1136.0,540.0,58.0,0
112,112_D1,43,5,0.9964064543720942,0.2091753158770853,0.324150437030376,0.0740412188191033,0.1593850910683781,0.9825353499693316,0.9734562260543804,1115.0,457.0,36.0,0
112,112_D1,44,5,0.9983685287594828,0.3257739745860755,0.3206614030444089,0.2306220621092719,0.2404641984041355,0.9716397879698004,0.9751432000351054,1127.0,490.0,40.0,0
112,112_D1,45,5,0.99804040276839,0.0914488669101039,0.1056188236671747,0.0020922045453871,0.0149539086065803,0.9967122131138498,0.994870015945155,1169.0,420.0,17.0,0
112,112_D1,46,5,0.9973245337741778,0.0435349561595177,0.1210093816052857,-0.1464826585083633,0.0051265980092323,1.009945945723986,0.9930973127768994,1123.0,520.0,57.0,1
112,112_D1,47,5,0.9967962618797176,0.1496220308865527,0.1418380851101968,0.0537552841761706,0.068203677146487,0.9901749241658224,0.9922003030110156,1206.0,410.0,18.0,0
112,112_D1,48,5,0.9979039411723956,0.1843574799595392,0.1714643599232644,0.0832302473135411,0.1251165745965563,0.986281318671625,0.9929932201729272,1091.0,493.0,43.0,0
112,112_D1,49,5,0.9969828830918978,-0.0711756822029914,-0.0224071441237155,-0.2129780193483885,-0.1193716512486091,1.0163087177624226,1.0069489739100044,1095.0,463.0,29.0,1
112,112_D1,50,5,0.9970946486793312,0.1037383921417029,0.136963679345286,-0.0272981101188069,0.0349368710495452,0.9949754082920724,0.9906043031040814,1193.0,440.0,25.0,0
112,112_D1,51,5,0.9975539242075157,0.1900655297394398,0.181570047578832,0.0670390325694154,0.0731569921504699,0.9839850309002638,0.9883760868896267,1182.0,470.0,34.0,0
112,112_D1,52,5,0.993590006958736,0.2625535578214839,0.2425487187523828,0.0865848831740427,0.1255842061104214,0.971158290093114,0.9788783931859488,1181.0,480.0,33.0,0
112,112_D1,53,5,0.9971204871047078,-0.0018935595189924,-0.0329653531156987,-0.0753434646814022,-0.1292400305896564,1.0028486671925592,1.0079094965676938,1058.0,456.0,32.0,0
112,112_D1,54,5,0.9984229922588708,0.028340264247476,0.0168873107973191,-0.0362148850487467,-0.0547703791263061,1.00025446671494,1.0013604572142618,1118.0,432.0,21.0,0
112,112_D1,55,5,0.9980397562225256,-0.0244475487186205,-0.0669736774437486,-0.0896445782138748,-0.1458840943897309,1.00374235342379,1.008544470613126,1126.0,422.0,21.0,0
112,112_D1,56,5,0.99735414220032,0.0611645876668757,0.0511150334724408,-0.0304937405202692,-0.0348087357023059,0.998592078543094,0.9992983424797168,1167.0,500.0,35.0,0
112,112_D1,57,5,0.9989307122189918,-0.0771657296996822,0.0002042390826382,-0.1136317373316741,-0.0522481250719326,1.0039992589752669,1.0013677079357044,1149.0,380.0,11.0,1
112,112_D1,58,5,0.9968070543658476,-0.0134561914863643,0.0948066063703502,-0.09786697063581,-0.0022421748794766,1.0047055683924002,0.9961468922015556,1168.0,480.0,40.0,1
112,112_D1,59,5,0.9980689668933584,0.0858516902695108,0.0817074996011347,0.0051425649926008,-0.0003129328223435,0.9963211088018172,0.9967390689908278,1148.0,450.0,27.0,1
112,112_D1,60,5,0.9965783898658686,0.1388503542324212,0.1206456300413449,0.0274499430543312,-0.000596701485167,0.9916177033252856,0.9926958178704354,1120.0,470.0,34.0,1
112,112_D1,61,5,0.996985414218099,0.0786694858892027,0.0913533843262413,-0.0415144279872008,-0.0109327117997531,0.9977609152390868,0.9958780432664468,1117.0,420.0,19.0,1
112,112_D1,62,5,0.9974588463176236,0.0397350672703022,0.0155882742198139,-0.0604325814806434,-0.0923932212707768,1.0010398563495615,1.0041737493049363,1171.0,490.0,36.0,0
112,112_D1,63,5,0.9980195871289856,0.1581588170446035,0.1171367042292062,0.0504508270175578,0.0147196215107904,0.9886727233632072,0.9932234102072875,1206.0,420.0,17.0,1
112,112_D1,64,5,0.9919678849721624,0.070598344660966,0.2373392089826469,-0.0850839082365531,0.1098360163295141,1.0011351567864732,0.9773400089094418,1172.0,460.0,37.0,0
112,112_D1,65,5,0.9926955037654958,0.0709547732175493,0.0657308118382975,-0.1040134744883057,-0.0811853108792396,1.0048994318616415,1.0011421280728918,1143.0,520.0,56.0,1
112,112_D1,66,5,0.9964559047558116,0.0362089457030284,0.0185742729896932,-0.073674144224243,-0.0905713532347951,1.0020675013820766,1.0039537891529065,1165.0,500.0,37.0,0
112,112_D1,67,5,0.9977934495712594,0.1177207098815738,0.024124217839919,0.0388878176941056,-0.0574333721653546,0.9937984903985292,1.0015149467810012,1153.0,394.0,14.0,0
112,112_D1,68,5,0.997023796032669,0.0832464695650487,0.0593959619012886,0.0030036415929145,-0.0246031831675966,0.9965335019594168,0.9985367632727948,1145.0,434.0,25.0,0
112,112_D1,69,5,0.9960121076901562,-0.010736649530018,0.0383057960974938,-0.1462192389324312,-0.0677087067391882,1.0108062929870747,1.0015645130749646,1084.0,477.0,39.0,1
112,112_D1,70,5,0.9974655196999918,0.1173236640136601,0.1677307740316832,0.0073246416510396,0.0668213395880855,0.993120383810722,0.9880411503143216,1079.0,477.0,42.0,0
112,112_D1,71,5,0.9940323965137324,0.1031554680587877,0.0671639398372911,-0.0415953899458492,-0.0929520579955503,0.9966027032415256,1.0041837363854074,1115.0,450.0,27.0,0
112,112_D1,72,5,0.997463959875858,0.1514630086487174,0.1535283223747231,0.0509369585265926,0.0228074400413314,0.988484152112328,0.9884998569832778,1099.0,480.0,38.0,1
112,112_D1,73,5,0.9977684758748728,0.0583847117148956,0.0709341681991296,-0.0866668298290367,-0.0025168230993724,1.0020645744960357,0.9975749985670308,1058.0,480.0,36.0,1
112,112_D1,74,5,0.9952071420269332,0.1234659299860694,0.0158849230417118,0.0250535180225385,-0.0683143883839902,0.9942413824391932,1.0023276076409722,1161.0,490.0,38.0,0
112,112_D1,75,5,0.996939617685036,0.0300422817570098,-0.0062493566919263,-0.1153851881233825,-0.1340187830067291,1.0067081116983383,1.0078078136155606,1057.0,516.0,50.0,0
112,112_D1,76,5,0.9984459814947032,-0.0917343115775842,-0.0561394521438472,-0.2086307252287856,-0.1288309277599904,1.0154636898048934,1.006813144629479,1051.0,488.0,43.0,1
112,112_D1,77,5,0.9984759068622064,0.1085021075381368,-0.0135225621033681,-0.019895283988912,-0.092423307998401,0.9944232694664632,1.0042067722429466,1183.0,460.0,30.0,0
112,112_D1,78,5,0.999073307812543,0.1151610230959752,0.1179987203686288,0.0623613599509808,0.0479007061322594,0.9952840173311231,0.994154932298096,1216.0,390.0,12.0,1
112,112_D1,79,5,0.9970590447784315,0.0367616895671504,0.0573968370351065,-0.1095043229039703,-0.054525072179621,1.004747489342429,1.0013741744342497,1118.0,419.0,19.0,1
112,112_D1,80,5,0.9964479239555516,0.1437927479039969,0.1712437417410225,0.0286685935923745,0.0762251089385699,0.9900147439966888,0.988103459512128,1148.0,460.0,31.0,0
112,112_D1,81,5,0.9976508601200864,0.3813067460323243,0.272352845174988,0.2528597023995265,0.1363888066444412,0.955499469390724,0.971273609805524,1116.0,477.0,36.0,1
112,112_D1,82,5,0.9960919183882958,0.1253832685527236,0.1267795809417497,-0.0314030468008432,-0.0156245023748511,0.9944790682316704,0.992155744891752,1156.0,510.0,48.0,1
112,112_D1,83,5,0.997556902519223,0.1581287556646301,0.1707983159726033,0.0535906533925928,0.0816469275171388,0.9888394553620456,0.9886066506535556,1081.0,428.0,20.0,0
112,112_D1,84,5,0.9993241842444324,0.5994619277301736,0.7205064165560998,0.5567719094102509,0.6631422268298229,0.9611486165908438,0.9392477641169188,1165.0,490.0,39.0,0
112,112_D1,85,5,0.997193691390634,0.1551345326661184,0.1128291141055022,0.0572752171232161,0.0130316032676706,0.9895177123236374,0.9936987774171548,1131.0,459.0,34.0,1
112,112_D1,86,5,0.9965487531486832,0.2211561533832266,0.1036931071485152,0.0847456028904593,-0.0045684553048935,0.9787593635216508,0.9946197102902304,1142.0,540.0,53.0,1
112,112_D1,87,5,0.99796416689894,0.2399019048365868,0.2560517245633141,0.1421196616706853,0.1692190839647165,0.9807522763274088,0.9803361161250728,1133.0,540.0,63.0,0
112,112_D1,88,5,0.9982379325663926,0.3753480568758302,0.3260315764474661,0.3034860459408207,0.2227850803319911,0.9727634520940976,0.9697305323193064,1204.0,410.0,20.0,1
112,112_D1,89,5,0.9981544693789356,0.010431092922579,0.0070965489744348,-0.0734465149441327,-0.1177098493338415,1.002696809058843,1.0058856596660437,1172.0,390.0,12.0,0
112,112_D1,90,5,0.9981785748714772,0.1095106086974684,0.1123809519273908,0.0308889207170063,0.0136985089588399,0.9944601530180386,0.995158723431536,1079.0,393.0,14.0,1
112,112_D1,91,5,0.9963111277052058,0.1259111254045312,0.1328368582123008,0.0390998285686268,0.0619485734353917,0.992826016711821,0.9923916668048498,1180.0,420.0,17.0,0
112,112_D1,92,5,0.9975939170839676,0.1370647717187343,0.1695521027339899,0.0334485805377346,0.0815937522626471,0.9913928224913944,0.9888182816687776,1082.0,462.0,23.0,0
112,112_D1,93,5,0.9965532804388172,0.0760001556139857,-0.0168402435517329,-0.0754223358528204,-0.1382057940933518,0.9980361397522812,1.0083790110980395,1167.0,490.0,37.0,0
112,112_D1,94,5,0.9948288703097792,-0.0147533053035892,0.0858289527561676,-0.1522696396200431,-0.0561334739539312,1.0116884809947844,0.9978832955079856,1117.0,490.0,39.0,1
112,112_D1,95,5,0.997615941809336,0.1302555850596673,0.1132011504249436,0.0620920782858951,0.0465994226217222,0.993397273509961,0.9946526099886032,1174.0,470.0,36.0,1
112,112_D1,96,5,0.9978765205794612,0.1883601085018022,0.1378312895395715,0.0986565905274336,0.0521203607424068,0.9869146616085512,0.9918037882622228,1174.0,440.0,26.0,1
112,112_D1,97,5,0.995413832747488,0.156247623008593,0.2472420738098405,-0.0003880279883765,0.0762370950071957,0.9877180116280604,0.9765024246892536,1131.0,550.0,62.0,0
112,112_D1,98,5,0.9985036315975504,0.196679598079814,0.2476320344484322,0.1109426719361281,0.165635828152914,0.986558036505686,0.9824243966978214,1113.0,494.0,47.0,0
112,112_D1,99,5,0.9987310543861168,0.0632181713857552,0.0928859921533733,-0.0066455012581718,0.0178130370634517,0.9980217643196996,0.9958347534394834,1192.0,450.0,23.0,0
112,112_D1,100,5,0.9983600104723525,0.0423323250442354,0.0295701175028646,-0.0229269319709342,-0.0296189301180121,0.9998514912123664,1.0000014370926134,1092.0,390.0,14.0,0
112,112_D1,101,5,0.9963704084721504,0.0376741296958407,0.0639698567831562,-0.0830019150542918,-0.0507551293344711,1.0031276038763397,0.999239715895932,1151.0,450.0,29.0,1
112,112_D1,102,5,0.997686798491191,0.0468072828349655,0.0385649448495042,-0.0662354114674807,-0.0989087689257578,1.0001910619989167,1.0032575086403754,1108.0,398.0,19.0,0
112,112_D1,103,5,0.9981336701689072,0.3102394397400806,0.2703874897313914,0.1848605572595578,0.1811512354783936,0.9690707369471064,0.9784134525891668,1093.0,508.0,49.0,1
112,112_D1,104,5,0.9974788659500912,0.1423123152299329,0.1730966998674747,0.0470218371491987,0.0344252834231714,0.990917896124206,0.98521092895399,1157.0,440.0,21.0,1
112,112_D1,105,5,0.9963726811194656,0.1557658510516139,0.1147889629605181,-0.0028971422873487,0.0251771863228318,0.9883579912041026,0.9937048864100526,1157.0,500.0,46.0,0
112,112_D1,106,5,0.9951959707695638,0.22764339530934,0.2179787632139021,0.0626987889837354,0.1001517367468273,0.9756642030259904,0.9817599474289502,1162.0,490.0,46.0,0
112,112_D1,107,5,0.9945315365445364,0.1511004482968017,0.1497183682039407,-0.0511693653694593,-0.0100029917612106,0.9898150958424702,0.9887781556798382,1058.0,529.0,57.0,1
112,112_D1,108,5,0.9957274702432722,0.1536010689028762,0.1398001880605018,-0.0204902747575795,-0.0070824550353366,0.9881705515636134,0.9904604137441286,1094.0,479.0,38.0,1
112,112_D1,109,5,0.9976585009859212,0.2731140538551097,0.1519114677898446,0.1472728367235472,0.0732924225590325,0.9772566878837377,0.9910595708242096,1200.0,430.0,20.0,1
112,112_D1,110,5,0.9984871516309116,0.1689217492884503,0.0404322058856544,0.0511752440956182,-0.1294743812491248,0.989341712778959,1.0076617649386674,1199.0,430.0,21.0,0
112,112_D1,111,5,0.997761996120738,0.0975904909883053,0.1446310860889671,0.0141260760176938,0.0623810286812793,0.995325963399154,0.991528183342816,1165.0,490.0,43.0,0
112,112_D1,112,5,0.998511321739296,0.0795204116989118,0.0447226251981801,-0.0011194183892505,-0.018316443519923,0.9969876785271936,0.9991670506006876,1185.0,390.0,13.0,0
112,112_D1,113,5,0.9972933096665362,0.1744535233419137,0.1887784831195854,0.0834452214152368,0.1036287986042083,0.988111585370695,0.9873043935297718,1152.0,470.0,33.0,0
112,112_D1,114,5,0.9955466001940332,-0.0169762934076984,-0.0056278281274004,-0.144679469856545,-0.1795096112899357,1.0104876458702503,1.014697758958794,1191.0,440.0,23.0,0
112,112_D1,115,5,0.9982708531014676,0.0991662355952045,0.1578146122425199,-0.0120480637034969,0.0469009608203218,0.9951975188561194,0.9892519798130056,1207.0,400.0,15.0,0
112,112_D1,116,5,0.9989005397560676,0.0768489364231116,0.1042363446769529,0.0248802804846227,0.0292134050095274,0.9973514762468486,0.9949772135614764,1203.0,400.0,15.0,0
112,112_D1,117,5,0.9975705078154676,0.0126849977327105,0.1027849860022154,-0.0710619176213444,0.0072768714469184,1.0024538327913597,0.9947299675363632,1170.0,490.0,41.0,1
112,112_D1,118,5,0.9968415192576864,0.1241641413974399,0.0569662890274225,-0.0219808827359764,-0.0538452374010699,0.9925014737316092,0.9998265510633108,1140.0,530.0,58.0,0
112,112_D1,119,5,0.9976679695360496,0.0226462590326526,-0.0227574261044652,-0.086996898033199,-0.1499248334254607,1.0035484044015686,1.011169839594865,1193.0,450.0,23.0,0
112,112_D1,120,5,0.9975804382169512,-0.0474143627905555,-0.065829688773088,-0.1429632399174301,-0.1633876111721311,1.0092422369391176,1.0114223943886262,1191.0,430.0,25.0,0
112,112_D1,121,5,0.9990098617467528,0.3161104997199339,0.2043572185620015,0.2678442693244161,0.1412835811898238,0.9847011581261844,0.9870902090324696,1168.0,420.0,20.0,1
112,112_D1,122,5,0.9964248238818404,0.0741138307241233,0.1334931395349413,-0.0798398210336238,0.017112173992645,1.000738906739324,0.9911948742480386,1094.0,530.0,58.0,1
112,112_D1,123,5,0.99766453483226,0.122993316442389,0.0940349620549781,0.0150431744849526,-0.0438458515862091,0.9941384084157432,0.9965258429472692,1015.0,398.0,15.0,0
112,112_D1,124,5,0.9965097110946568,0.1305194162579901,0.1134539275847767,0.0161068608558795,0.0061126213724466,0.9915744147321408,0.9938547365406094,1089.0,459.0,28.0,1
112,112_D1,125,5,0.9951937159119384,0.0345455196917418,0.0164016135734633,-0.0998492497455989,-0.1115469931258483,1.0044226340917335,1.0061446543954002,1142.0,520.0,52.0,0
112,112_D1,126,5,0.9951789367666416,0.1132044332500928,0.0441300237240098,-0.0346833654458938,-0.0484383762465359,0.9941698493570652,1.0001998627119204,1164.0,480.0,38.0,0
112,112_D1,127,5,0.9981850714640288,0.009819658880612,-0.0478661290545278,-0.0898793321005054,-0.1424095984146018,1.004015378570922,1.009139103158169,1219.0,390.0,13.0,0
112,112_D1,128,5,0.9987689110845912,0.1842770850434793,0.2635974533821884,0.111076432917623,0.1753082567060336,0.9884879737913376,0.9798064527561609,1206.0,410.0,18.0,0
112,112_D1,129,5,0.9958369016664446,0.2033131903107126,0.1860569656897546,0.0710128641507734,0.0316312977192471,0.9809005686651986,0.9830308394259284,1154.0,500.0,51.0,1
112,112_D1,130,5,0.998706650794108,0.1980773693375947,0.1852783392411434,0.1398994184263873,0.1085773384592293,0.989921553539694,0.9885302591342569,1204.0,390.0,13.0,1
112,112_D1,131,5,0.997061938495226,0.1225640999753578,0.0897774826088111,0.0338544136496292,-0.0065436781782764,0.9930298291729732,0.996034853453696,1081.0,400.0,15.0,1
112,112_D1,132,5,0.9962003714284215,0.0392371725143635,-0.0033375254201669,-0.078606118976323,-0.1220018788023382,1.0023313914587046,1.0075239169756176,1163.0,450.0,27.0,0
112,112_D1,133,5,0.995270703197336,0.1923473958243577,0.2080189016738445,0.0848121254340556,0.0461965437685883,0.981329649714014,0.9791702057075856,1167.0,480.0,39.0,1
112,112_D1,134,5,0.9967227817867838,0.0974664142391019,0.0699986262476814,-0.022825586869208,-0.0376551708460672,0.995498179358522,0.9987544338988936,1164.0,450.0,26.0,0
112,112_D1,135,5,0.998652814070578,0.3104109520497383,0.295390063340441,0.2223726218576873,0.2197748814067175,0.9750151430372508,0.9793205619410112,1091.0,540.0,55.0,1
112,112_D1,136,5,0.9988901938103336,0.2154544071707194,0.234169328712319,0.1366808574648174,0.1537145622195371,0.9857651978890938,0.9838890447965996,976.0,453.0,32.0,0
112,112_D1,137,5,0.9964559912930612,0.2336128268991477,0.1966101894187733,0.0906647694177254,0.0940630718233349,0.97286334321603,0.9810488948901545,1161.0,500.0,44.0,0
112,112_D1,138,5,0.9963710461658936,0.1050362189963049,0.0601823711086004,0.005062058611348,-0.0351780212124713,0.99448114555813,0.9988055876752832,1084.0,480.0,36.0,0
112,112_D1,139,5,0.9961311872087354,0.08650554176365,-0.0274533459344134,-0.0545809021136488,-0.1403074854268959,0.9994472420284244,1.0091785545502656,1174.0,470.0,34.0,0
112,112_D1,140,5,0.9987316778673244,0.1339333012370505,0.1118632636110551,0.0332547191410371,-0.001977196820096,0.9914215465612832,0.9937255456499248,1210.0,400.0,13.0,1
112,112_D1,141,5,0.9975000297956024,0.0324816601836046,-0.0110824022603023,-0.0699534302090317,-0.1206518290583874,1.0023202338625028,1.0072970070517024,1212.0,400.0,14.0,0
112,112_D1,142,5,0.995157345077567,0.2510074665169436,0.2555218132111735,0.1216901618130747,0.1067417487769658,0.9717437614786928,0.9739666738263986,1120.0,439.0,27.0,1
112,112_D1,143,5,0.995711866271132,0.2772034059825762,0.2168610529701092,0.1035462688954245,0.0803439242356764,0.9663586015502568,0.9793685799581606,1058.0,436.0,23.0,1
112,112_D1,144,5,0.9928524718567656,0.3013081652308763,0.379050776230334,0.1019853194208632,0.2424346901592156,0.96407498985717,0.9585321775748684,1047.0,517.0,50.0,0
112,112_D1,145,5,0.9975930748562462,0.1311825963960592,0.0138975638815256,0.0409631884357168,-0.0887812137309447,0.9925498341136196,1.0038675497243672,1210.0,400.0,12.0,0
112,112_D1,146,5,0.9967311076591692,0.0710274466873924,-3.842413150037375e-05,-0.0487898881454839,-0.1306026558109228,0.9986637297559224,1.008639201709105,1166.0,490.0,39.0,0
112,112_D1,147,5,0.9977611672774812,0.2112283764940221,0.2034264549125795,0.1216055327679812,0.1146546361019755,0.9847450159381868,0.9855897833489644,1160.0,510.0,43.0,1
112,112_D1,148,5,0.9957030821643436,0.0256722439500132,-0.050673343223235,-0.0809964149858544,-0.1658931405402973,1.0029657601250672,1.0127481856350131,1198.0,430.0,22.0,0
112,112_D1,149,5,0.9960974199676308,0.0772006709007362,0.1259556782897529,-0.1034296599171669,-0.0552600213742296,1.0023916310652767,0.9935478985930144,1024.0,438.0,23.0,1
112,112_D1,150,5,0.9975687877936812,0.0435167206120839,-0.1032512217117391,-0.0607515790536813,-0.2015107104490008,1.0009014472772422,1.0154866869369483,1107.0,440.0,21.0,0
113,113_D1,1,5,0.9998743887464564,0.1489355543940719,0.1655931930247411,0.1345245103121257,0.1455468283532647,0.9979176914041744,0.9970660328290224,1191.0,450.0,29.0,0
113,113_D1,2,5,0.9957898826932317,0.1371846429202484,0.0404906534603115,0.0129469656591907,-0.0567126512202844,0.9906285241809136,1.0007906439806755,1120.0,593.0,65.0,0
113,113_D1,3,5,0.9974850062239756,-0.0426942047569133,-0.0008746539181862,-0.1078910557356173,-0.0829858001436357,1.0049543842614512,1.003460826935299,1216.0,400.0,13.0,1
113,113_D1,4,5,0.9962749350712492,-0.0713580285813727,-0.0505206999190455,-0.1776706759709051,-0.159238805818495,1.0135767780112126,1.0116313358590818,1200.0,420.0,21.0,1
113,113_D1,5,5,0.994480276716773,0.0675328476888717,0.0646106470783761,-0.0498782146823898,-0.0270541027883667,0.99964440118787,0.9982759360244492,1126.0,437.0,23.0,1
113,113_D1,6,5,0.9981160824999196,0.0478958790478182,0.0323750583114532,-0.0405605528391091,-0.0239519534960413,0.9996749982638764,0.9997626392566912,1053.0,473.0,41.0,1
113,113_D1,7,5,0.9995376830526944,0.0753131102337093,0.0406291914344833,0.0342291987877013,-0.0163908924200842,0.9974726074324812,0.9993085600575436,985.0,436.0,25.0,1
113,113_D1,8,5,0.9993763274671004,0.0522316872997995,-0.0366641619440268,0.0102952715362995,-0.0737242433137783,0.9986879405318468,1.0020545798165508,992.0,365.0,14.0,0
113,113_D1,9,5,0.9961166250041232,0.1176015234804832,0.0121540949136868,-0.0061339949957439,-0.0975772328981914,0.9931627589993676,1.0047207138415226,1148.0,500.0,42.0,0
113,113_D1,10,5,0.9985475414379624,0.0898831781762261,0.0458644318698215,0.0239333105257102,-0.0419125727025573,0.9962376766659676,0.9998262217054752,1186.0,450.0,28.0,0
113,113_D1,11,5,0.995571850623928,0.0419885494963304,0.0715606924280212,-0.0684511756960492,-0.0317511443607122,1.0009493336765858,0.9979394236197808,1058.0,529.0,62.0,1
113,113_D1,12,5,0.9989633342193464,0.1781057829759331,0.0372273662976123,0.1030193789010762,-0.0307731111725423,0.9892749617910976,1.000141269771916,985.0,477.0,40.0,1
113,113_D1,13,5,0.9974936965972504,0.0868284293402081,-0.0175619701391146,0.0096249834219413,-0.0921544231845597,0.9962694029027548,1.0041185754742863,1053.0,438.0,24.0,0
113,113_D1,14,5,0.993108213394872,-0.023601288242889,-0.0075831252030121,-0.1591585407891858,-0.123790655405843,1.0125556821922337,1.0077222851727048,1191.0,430.0,22.0,1
113,113_D1,15,5,0.9947395488486048,0.1499710270087194,0.0731010601557778,0.043045945713045,-0.02121728224217,0.9896076778956348,0.9975491013080794,1181.0,440.0,24.0,1
113,113_D1,16,5,0.9899324619842816,0.0933919894454883,-0.0279180092092421,-0.0636184845205592,-0.1659987358824748,0.9976503544229032,1.0136739630536835,990.0,432.0,25.0,0
113,113_D1,17,5,0.9961156535206682,0.0040871344692359,-0.0007347681883476,-0.0898401663535834,-0.0752556376753313,1.004051826801169,1.00284350646224,1135.0,430.0,24.0,1
113,113_D1,18,5,0.9994359102617738,0.0070976093375242,0.0354118356551876,-0.0412852446107078,-0.0212320184293668,1.0008281587025951,0.9995981874241628,1148.0,520.0,46.0,1
113,113_D1,19,5,0.999362850709552,0.1751745368246251,0.0415428350648271,0.1250542324817022,-0.0142191536598076,0.9923272915297066,0.9992377560280212,1167.0,450.0,33.0,1
113,113_D1,20,5,0.9958818682399672,-0.0113230145558309,0.030706217224646,-0.1213175171399966,-0.0815276980378716,1.007376621872493,1.0028669191266544,1165.0,460.0,29.0,1
113,113_D1,21,5,0.9952451508224202,0.0208768032995805,0.0083120963782165,-0.068677453980423,-0.0836199843919835,1.0021482114511089,1.0034799343663876,1208.0,400.0,14.0,0
113,113_D1,22,5,0.9986153327558503,0.1037898872146069,0.130402720696864,0.0372979887197693,0.051315285864305,0.9952917874561948,0.9927690930828504,1188.0,440.0,26.0,0
113,113_D1,23,5,0.998643974172638,0.0288819918161165,0.1206964166844341,-0.0424738038173543,0.0535918101536343,1.0004856994805034,0.994118070673689,1171.0,490.0,33.0,0
113,113_D1,24,5,0.9995070842275748,0.0283192841026566,0.0468474680531186,-0.0013071716316448,0.0095906758157312,0.9995997883693132,0.9989480072943808,1145.0,470.0,32.0,0
113,113_D1,25,5,0.9995732016346088,0.1022454800298259,0.024741483456118,0.0695109396043702,-0.0090831942613028,0.997171159494784,0.9997351233213538,1150.0,490.0,36.0,1
113,113_D1,26,5,0.9974939655805158,0.0295971702021907,-0.0492843845334038,-0.0418392848820089,-0.0919751208485214,1.0004379342483096,1.0029673309497842,1060.0,436.0,24.0,0
113,113_D1,27,5,0.9998743925123916,0.0770451867593542,0.0549614666077898,0.0568215255787296,0.0354878967648554,0.9986410762261084,0.9991178444488674,1165.0,470.0,33.0,1
113,113_D1,28,5,0.9968012515413984,0.0330573809615229,-0.0388438181822768,-0.0457766864049266,-0.0955390012178391,1.0005022916798203,1.0038371666891224,1059.0,432.0,24.0,0
113,113_D1,29,5,0.9968666919890692,0.02876129362103,-0.0394989235753655,-0.0665706608843831,-0.1324063003195715,1.0018086116707163,1.0080953701487954,1119.0,470.0,35.0,0
113,113_D1,30,5,0.999710507474434,-0.0677198148993299,0.0439241323962815,-0.0895032035921731,0.0173284421441789,1.001724751200726,0.9991849260320096,1058.0,431.0,27.0,1
113,113_D1,31,5,0.997509669562708,-0.0299812861603813,-0.002001059892526,-0.1271149097709456,-0.0797702076877634,1.0077251180521536,1.0031949028866978,1121.0,470.0,37.0,1
113,113_D1,32,5,0.9999018428621008,-0.0519371636159619,0.024073883283456,-0.0689710065706056,0.0021923291561979,1.0010341638232283,0.999712562325638,1176.0,470.0,33.0,1
113,113_D1,33,5,0.9910091666092417,0.0218289251629096,0.0064454506936858,-0.104675027393168,-0.051744277932972,1.0052842721778636,1.0013206330346014,1165.0,480.0,39.0,1
113,113_D1,34,5,0.9962946955798614,0.015060976486938,0.0951832111225594,-0.0835197197259907,-0.009433785997665,1.0034734168048234,0.9955040719126668,1180.0,460.0,30.0,1
113,113_D1,35,5,0.996704186687387,0.0196680420667072,0.1048474285158994,-0.0674305437553781,0.0151229644525776,1.0019937894412323,0.9946020702472788,1192.0,440.0,25.0,1
113,113_D1,36,5,0.999111735354838,0.124696147675761,0.0812412534490318,0.0802004814336719,0.0148054176983609,0.9944614352545988,0.9968036964386444,1188.0,450.0,28.0,1
113,113_D1,37,5,0.997677045091008,0.1456728855713382,0.0339105340505427,0.0568039558309762,-0.0563799637701558,0.990932803910432,1.0010171062150943,1214.0,380.0,10.0,1
113,113_D1,38,5,0.998645451430744,-0.0349215467583409,-0.0451279708713255,-0.0868243680936862,-0.1129487191841104,1.0031784365426362,1.0054150554892736,1188.0,370.0,8.0,0
113,113_D1,39,5,0.9989924879966748,0.0552993001516751,0.0323528682624258,0.0027221852212238,-0.0302341727865475,0.9984735362881452,0.9999336491270904,1164.0,460.0,33.0,0
113,113_D1,40,5,0.994748040576412,0.038249575806726,0.0578394993977531,-0.07278420738319,-0.0452152397211467,1.0019256205062068,0.9993479599814716,1168.0,480.0,40.0,1
113,113_D1,41,5,0.999353233790354,0.1282482705582343,0.0572248028486496,0.090084467411959,0.0232048142630333,0.995790838316508,0.9986302484072856,1020.0,444.0,34.0,1
113,113_D1,42,5,0.999724295224011,0.1328833390195003,0.1228168641475311,0.105910742606223,0.0846549328378841,0.996737704172981,0.996004688583006,1167.0,490.0,37.0,1
113,113_D1,43,5,0.9992779953976748,-0.134789420097789,0.0227387533762346,-0.1829702151389007,-0.0326790246409226,1.0069711855753445,1.0002756925449046,1183.0,460.0,31.0,1
113,113_D1,44,5,0.9979114625606268,0.0628343710545724,0.061615705242509,0.0038132249388553,-0.0281146200250441,0.9980312203117452,0.998494645813734,1088.0,442.0,29.0,0
113,113_D1,45,5,0.999301027620996,-0.0666695876432183,-0.017755094496678,-0.1126677423105755,-0.0566449011073852,1.0039298285322071,1.0014502998726873,1071.0,434.0,25.0,1
113,113_D1,46,5,0.9968513806282456,-0.0276973313335423,0.0016486185171678,-0.1258000551149752,-0.0824970871022381,1.007621283502829,1.003418980917277,1060.0,464.0,29.0,1
113,113_D1,47,5,0.9972977097281648,-0.0834516302459777,-0.0966235834614817,-0.1536039892167255,-0.1744504997240137,1.0084799779916505,1.0108209733389206,1118.0,390.0,14.0,0
113,113_D1,48,5,0.9999400015744324,0.2082795634574469,0.1808938270568172,0.1958914264297063,0.1681935825974235,0.997393269526138,0.9971892436180588,1150.0,440.0,24.0,1
113,113_D1,49,5,0.9973950311604232,-0.0703247263563539,-0.0009211754315711,-0.1500369975355503,-0.0920678921345988,1.008945029334149,1.0042649630455254,1158.0,420.0,19.0,1
113,113_D1,50,5,0.9970657284520088,-0.0347875742045925,0.0138993522855415,-0.109276229273617,-0.0817117826245321,1.005415735226968,1.003258295362153,1113.0,388.0,15.0,1
113,113_D1,51,5,0.9984717657241878,0.0740332104228231,0.0122754240627136,0.0158566392157776,-0.0670258765169568,0.9973811601905728,1.002178306543844,1170.0,390.0,10.0,0
113,113_D1,52,5,0.9994294119994668,-0.2583440055877345,-0.135879074362234,-0.298803389585946,-0.1783284049761584,1.0123002322646475,1.0068644303419103,1128.0,421.0,24.0,1
113,113_D1,53,5,0.9966197425489662,0.0947350091122132,0.1058532858191185,-0.0153130701028983,-0.0002818981431047,0.9956192555702796,0.9943831081966968,1158.0,410.0,14.0,1
113,113_D1,54,5,0.995335733359581,-0.0684261443739327,-0.0237463062763818,-0.1613117413170292,-0.1187959997610866,1.0108953815251325,1.0068478246589476,1122.0,408.0,19.0,1
113,113_D1,55,5,0.9983013590863612,0.0716939055937755,-0.0581932677923002,0.0042455690380329,-0.1425751841164452,0.9974356749236752,1.0086093020567637,1132.0,448.0,31.0,0
113,113_D1,56,5,0.9972819089760716,0.0025926027742312,0.0206226659726395,-0.0907447854462854,-0.0720801618777124,1.0041395488608844,1.002394733532661,1124.0,431.0,26.0,1
113,113_D1,57,5,0.9995342910044894,-0.0340486137177971,-0.0547799565889647,-0.0665348238672189,-0.0914004589796878,1.001639728143235,1.002695518635233,1176.0,470.0,32.0,0
113,113_D1,58,5,0.9888734730629356,0.0573226141241314,-0.017594054327033,-0.1043314458382979,-0.1137607099302936,1.0051729453072356,1.006129386146086,1035.0,477.0,43.0,0
113,113_D1,59,5,0.9998201592411572,0.0755459902249352,0.1140482722446093,0.0534898392242193,0.0882413231494767,0.9985718287178262,0.9974656242282288,1149.0,500.0,43.0,0
113,113_D1,60,5,0.9956860056035196,-0.0144068619937686,0.0362074260077269,-0.1093345013659647,-0.0404644356354179,1.0059267287155087,1.0001634612631534,1042.0,415.0,19.0,1
113,113_D1,61,5,0.9998675990427712,0.0942410235493835,0.0481819510399534,0.0806240028417032,0.0277222998567952,0.998800874959752,0.9992226088113376,1038.0,433.0,28.0,1
113,113_D1,62,5,0.999816681230554,0.1025272325722771,0.0912110651158814,0.0791614076395825,0.0654754855787634,0.9978616958557832,0.9979730434570654,1152.0,490.0,41.0,1
113,113_D1,63,5,0.9968020540547587,0.0339388187207603,-0.0154839810529719,-0.0632183626765941,-0.0933028241737308,1.0014199153781744,1.0042609227635944,1142.0,460.0,31.0,0
113,113_D1,64,5,0.9983068306363676,-0.1069746649570628,-0.0015459205114199,-0.1750494131508723,-0.0860981513169974,1.0098542379675952,1.0037259851884368,1175.0,480.0,36.0,1
113,113_D1,65,5,0.9984686744815502,-0.0857027072462329,-0.1174857065351422,-0.1385099763589848,-0.1840671542145308,1.0048564484531337,1.0088494243142616,1165.0,357.0,8.0,0
113,113_D1,66,5,0.9968830961018376,-0.092425112009212,-0.1300078125839176,-0.2058383311406769,-0.2240616985447933,1.0175085573881677,1.0173799022201029,1166.0,412.0,20.0,0
113,113_D1,67,5,0.9994389889367,-0.0865488324884176,-0.0258021238197082,-0.1322806051892483,-0.0687070518542651,1.0039701384932171,1.0020349969552886,1181.0,460.0,27.0,1
113,113_D1,68,5,0.9954293771013653,0.0302711093257315,0.0511542418249688,-0.0585316870449494,-0.0604744633321071,1.001258330190766,1.0005219726264267,1198.0,410.0,19.0,0
113,113_D1,69,5,0.997059457503746,0.0645319615304608,0.1317271929441719,-0.0132485356198834,0.0365787846719764,0.9980032419775848,0.992444932310265,1194.0,380.0,10.0,0
113,113_D1,70,5,0.9999641357848156,0.048664416172599,0.031470612571555,0.039929534626856,0.020510122910052,0.9996405779361744,0.99971494395503,1184.0,430.0,23.0,1
113,113_D1,71,5,0.9999667178636064,0.0302450324610065,-0.0307610911878462,0.0187071435053904,-0.0442771796427416,0.99971746436879,1.0005079879995196,1178.0,450.0,26.0,0
113,113_D1,72,5,0.9925789788143882,-0.0230291736277425,0.0103791343059048,-0.1583360973713381,-0.1366361976592378,1.0125073013846866,1.0094131207890888,1159.0,490.0,39.0,1
113,113_D1,73,5,0.997892768518854,0.0441568459298189,-0.0517201015091183,-0.0315992615529602,-0.1307069458726905,0.9995237507757974,1.0073032209833697,1214.0,390.0,12.0,0
113,113_D1,74,5,0.9942503462807368,0.0384192923938087,-0.0039670452119863,-0.1173357795198773,-0.1494041973605722,1.0060518991664855,1.011343233446922,1055.0,443.0,37.0,0
113,113_D1,75,5,0.995355952338498,0.0836553611338047,0.1461942362851296,-0.0067451271927155,0.063447564983059,0.9965174076279874,0.9912531061419296,1019.0,457.0,38.0,0
113,113_D1,76,5,0.9979607983056,0.057935108170686,0.0115944921041455,-0.0132929728132518,-0.0865500196492123,0.9984085620395514,1.0036991636880797,904.0,416.0,31.0,0
113,113_D1,77,5,0.9931053577900176,0.0690419756561232,0.0444237256667177,-0.0746760942046489,-0.0821365353066953,1.0004070419446924,1.002399797589795,848.0,436.0,43.0,0
113,113_D1,78,5,0.9972573225512952,0.1191915432989737,0.09368352328013,0.021626364884987,0.0209290928865152,0.9931035083994896,0.9958201295501052,1123.0,540.0,74.0,1
113,113_D1,79,5,0.9940749776342512,-0.0481476072133342,-0.004980055474399,-0.1673602509921186,-0.1299327431857621,1.0131296079205283,1.008537158817987,1142.0,419.0,22.0,1
113,113_D1,80,5,0.9952883349683352,0.0054631090185259,0.0912219351097306,-0.1175389292354705,0.0035328158900945,1.006362440883085,0.995836788827463,1137.0,407.0,20.0,1
113,113_D1,81,5,0.9963293067997068,0.0051393887590663,0.0798211925017971,-0.0805148147455519,-0.0513969723526437,1.0032439219009182,0.9981284277745048,1206.0,420.0,17.0,1
113,113_D1,82,5,0.9987018874997412,0.0486842743155535,-0.0441005494738027,-0.0012361085263425,-0.1165392897757861,0.998814973508122,1.0058811015734197,1184.0,450.0,32.0,0
113,113_D1,83,5,0.9919991685461038,0.0585123094220831,-0.012414522103808,-0.106363802872915,-0.1691880223693156,1.00398200780065,1.014548884259361,1178.0,460.0,36.0,0
113,113_D1,84,5,0.9939788649109818,0.0050848403568404,-0.0410573994384342,-0.14253470864866,-0.178086563750418,1.0103024461323842,1.0146798424187813,1118.0,570.0,71.0,0
113,113_D1,85,5,0.9996424125502478,0.1299604671037094,0.1037409720259152,0.1019674642624464,0.073370079441503,0.996714308918584,0.9975277025338078,1180.0,460.0,33.0,1
113,113_D1,86,5,0.9930042426268652,0.0253715021541084,-0.0602837609271393,-0.0825160899240628,-0.2089455056837406,1.0030989072077787,1.0207111434564566,1072.0,581.0,73.0,0
113,113_D1,87,5,0.9964396800241492,0.0430548383748411,0.108118807356216,-0.0653524230586065,-0.0133459090065914,1.001213061651814,0.9942265276789388,1102.0,410.0,18.0,1
113,113_D1,88,5,0.9963117534300164,-0.0586582054832542,-0.043998859933869,-0.1557897409792051,-0.1491093303175392,1.0109050584714012,1.0103263112494707,1196.0,430.0,22.0,1
113,113_D1,89,5,0.9940771050967117,0.0423656637913776,0.0374729398576822,-0.0977168756722732,-0.1270727168949773,1.0038421823221189,1.00746479197455,1047.0,516.0,56.0,0
113,113_D1,90,5,0.9945678129161216,0.0295493686546828,0.0239839832006723,-0.1260597374963765,-0.1211740202053589,1.007383479331232,1.0071336142691285,1049.0,491.0,50.0,1
113,113_D1,91,5,0.9948186757499992,0.0847241998571959,0.0491253054567372,-0.0492744239913483,-0.0899111569999342,0.997616263328629,1.0028543985644296,1207.0,400.0,16.0,0
113,113_D1,92,5,0.9938797157892224,0.1075652413707859,0.0564808745366255,-0.037996184736779,-0.0957205681810775,0.9945326814375574,1.0030092518929057,1140.0,490.0,33.0,0
113,113_D1,93,5,0.997810441219452,0.0447706767941062,0.0237967313476674,-0.0514889126782148,-0.0711108500607338,1.0003241491986057,1.0022540983210717,1150.0,520.0,51.0,0
113,113_D1,94,5,0.9951664351997292,-0.073094128396306,-0.0906207444303043,-0.1835807341447861,-0.2030510287888353,1.014568004631419,1.0170729667993852,1152.0,430.0,21.0,0
113,113_D1,95,5,0.9979871209479434,-0.0297199346246995,0.0776696191404186,-0.0806116980093195,0.0063489388231389,1.002821877732774,0.9969992401409108,1219.0,370.0,8.0,1
113,113_D1,96,5,0.9915835803091374,-0.0545909095702464,0.0036659786157126,-0.1970032421884843,-0.0904299524178276,1.0184678856999287,1.0041072982827888,1170.0,490.0,39.0,1
113,113_D1,97,5,0.9945254851326624,0.2125966593693129,0.12159653410928,0.0720028202941758,-0.0255018827778005,0.9809128611532631,0.9929025151988294,1163.0,510.0,49.0,1
113,113_D1,98,5,0.9959064857808624,-0.0220487086973645,0.0183296798280101,-0.1165403147364447,-0.1028955917605369,1.0066160153804622,1.0053272090027483,1204.0,420.0,18.0,1
113,113_D1,99,5,0.9970802451830858,-0.0950810417866853,0.0264763514910604,-0.1757345602048425,-0.0967658427545056,1.0112063421793571,1.0043627318817894,1105.0,460.0,25.0,1
113,113_D1,100,5,0.9961644240932042,-0.0269741980834303,-0.0447832467024253,-0.1399847421038878,-0.1713382953014256,1.0093405032223302,1.013452936796248,865.0,501.0,69.0,0
113,113_D1,101,5,0.9987385095615332,0.1493917931683674,0.0934591008001386,0.0694172329701529,0.0062437751510857,0.991169066780525,0.995642514530432,1108.0,500.0,40.0,1
113,113_D1,102,5,0.9981334638974108,-0.0554372921719496,-0.091603117334759,-0.1367917115719914,-0.1733089971586599,1.0079369450107964,1.0110960146511214,1142.0,530.0,57.0,0
113,113_D1,103,5,0.9973925581619532,-0.0169036645298437,-0.0257465185357716,-0.1173352311960938,-0.0993535759105605,1.0068118099675916,1.004639261247034,1223.0,370.0,9.0,1
113,113_D1,104,5,0.9973091659324602,0.1321568261038435,0.1018064899711096,0.0279653603083247,-0.0274121604475529,0.991736359195979,0.9951781868374854,1223.0,380.0,11.0,1
113,113_D1,105,5,0.9984485717672574,0.0512927402612789,0.1046590389498782,-0.0176387350632614,0.0417710219683595,0.998839104018286,0.9953769003290962,1069.0,456.0,33.0,0
113,113_D1,106,5,0.996185053833798,0.0095215478959408,0.0906670601486662,-0.0779774659002141,-0.0222440420854145,1.003008713924847,0.9961277360386194,1196.0,420.0,20.0,1
113,113_D1,107,5,0.9968571002504092,0.1239393207804177,0.081617861120591,0.0345113533451785,-0.025477467663777,0.9928812461968316,0.9969873119265676,1189.0,440.0,24.0,1
113,113_D1,108,5,0.9988512054430374,0.067284226895928,0.0798863377372751,0.0149488642736536,0.0094325026049692,0.9978453566267514,0.996848332760195,1092.0,468.0,32.0,1
113,113_D1,109,5,0.992359983231898,0.1039198241166942,0.0995387678703938,-0.0679296117124134,-0.0553048306096044,0.9968883815610188,0.9965589055195112,1181.0,470.0,31.0,1
113,113_D1,110,5,0.997422305182328,0.0272035747230115,0.0610971692243084,-0.0554101395992592,-0.0643650087521426,1.0011680298457046,1.0000404706329291,1216.0,380.0,10.0,0
113,113_D1,111,5,0.994775934317678,-0.1412671991585272,-0.0185955165536289,-0.2505134240071113,-0.1379737299402678,1.0225783243224589,1.009481892218845,1190.0,450.0,27.0,1
113,113_D1,112,5,0.9962050907156104,0.0238020130592358,0.042891088423564,-0.0911461822374893,-0.1200811204287158,1.003895393599317,1.0063616964445994,1034.0,451.0,32.0,0
113,113_D1,113,5,0.9956701828610476,0.0449520066900242,0.073471544091019,-0.0397487612980336,-0.0388118427534218,0.999779259436728,0.998049297084422,1207.0,400.0,15.0,1
113,113_D1,114,5,0.9934961034428874,0.1136749129300876,0.0601266121458891,-0.033697379141672,-0.0821014916300644,0.994082554871628,1.0015721001051965,1194.0,430.0,22.0,0
113,113_D1,115,5,0.996906220345115,-0.1054375105870689,0.0195483592934436,-0.1987399338121936,-0.0831616047486372,1.0145231209801908,1.003284215116797,1220.0,380.0,9.0,1
113,113_D1,116,5,0.997406947749498,0.1250249292004033,0.1346408855086018,0.0366330403709279,0.0617733258743927,0.9928199826820656,0.9927904796437086,1220.0,380.0,10.0,0
113,113_D1,117,5,0.9918433466694708,0.0174649530221679,-0.0135938093711108,-0.1501143756285524,-0.1708703062170691,1.011353005337121,1.0146963712739931,1124.0,460.0,32.0,0
113,113_D1,118,5,0.99681465624686,0.0648205347355388,0.0683697089688626,-0.0657356893408512,-0.0602897044288993,1.0000599970694584,0.9997571131613856,1188.0,440.0,24.0,1
113,113_D1,119,5,0.9931346889655068,-0.0720537348964829,-0.0192706518014682,-0.2138810393900008,-0.1597854355849441,1.021027609222501,1.0128273349764578,991.0,456.0,34.0,1
113,113_D1,120,5,0.9941259960667862,0.0841138732749316,0.0549193313965036,-0.0394270065585503,-0.0790122328831341,0.997231580859224,1.0016222291949797,1163.0,490.0,42.0,0
113,113_D1,121,5,0.9957090223762124,0.0970331009244976,0.0226900344524126,-0.0079563946337003,-0.07232573420541,0.995312653433176,1.0023676790118938,974.0,418.0,29.0,0
113,113_D1,122,5,0.9955701765887622,-0.0268616638696197,-0.0229798845579955,-0.1351716090548133,-0.1536045381472325,1.0088986184225337,1.0117428953614114,1141.0,440.0,25.0,0
113,113_D1,123,5,0.997108189929083,0.096063330232614,0.1164104516465488,0.0100449316605044,0.0051078336537857,0.9954254379601633,0.9932141554493528,1222.0,370.0,10.0,1
113,113_D1,124,5,0.9956932547313692,0.0039421438475801,0.0466563307943461,-0.0842583670821858,-0.0767623032796364,1.003560958030688,1.0018670633168314,1113.0,431.0,30.0,1
181,181_D1,1,121,0.9933798864030772,0.6180404739510734,0.6298288832582887,0.2590902099636388,0.3277167499684735,0.8366729076951613,0.8430506166591721,1150.0,510.0,50.0,0
181,181_D1,2,121,0.9936952692974576,0.4886124690192227,0.4825490908296966,0.1920552376086361,0.1968586649960139,0.8925224788304373,0.8998149635832283,1179.0,470.0,32.0,0
181,181_D1,3,121,0.9928472221059724,0.1908945898020407,0.1763122793236861,-0.0698736465129039,-0.0469521406063784,0.9871230240317772,0.9876903221404352,1096.0,600.0,88.0,1
181,181_D1,4,121,0.9904649083866854,0.3946804276664037,0.3775034802808221,0.0410501306910598,0.0624749258246994,0.9224443525120684,0.9307167766681876,1155.0,510.0,44.0,0
181,181_D1,5,121,0.987199286429735,0.2436095608887298,0.2481232694520672,-0.0865217806351898,-0.0255900708674098,0.9733416661247484,0.9700908975691348,1136.0,540.0,63.0,1
181,181_D1,6,121,0.9922259125567916,0.2599068563245958,0.2475729834589095,0.0247390177968676,0.0150260117697011,0.9679641324716158,0.9689411289497452,1191.0,430.0,25.0,1
181,181_D1,7,121,0.992871771703922,0.2141991672827377,0.2149661526725953,-0.0123466892751805,-0.0134291990358129,0.9779854897853572,0.9771067608259724,1171.0,480.0,40.0,0
181,181_D1,8,121,0.993792183056972,0.2429117529548372,0.2208707522805608,-0.0261456514703762,-0.0026668297456991,0.975255538502443,0.9795783434253038,1159.0,510.0,41.0,1
181,181_D1,9,121,0.9886450710481676,0.2147731507202816,0.1750198669738829,-0.0542595009221183,-0.081367270264784,0.9797013820825085,0.98894715745373,1123.0,560.0,66.0,0
181,181_D1,10,121,0.9901161011791358,0.1777336584391804,0.1512666842198378,-0.0940586115109433,-0.0796823668665332,0.9884444581100532,0.996450020358676,1079.0,473.0,38.0,1
181,181_D1,11,121,0.9916221361918948,0.1798783556299869,0.1810137188861486,-0.0655125478851758,-0.040446950779981,0.9887757571669086,0.9850549951560968,1182.0,460.0,31.0,1
181,181_D1,12,121,0.9856236475179884,0.191793061717588,0.1892692048778321,-0.135848904233315,-0.0895623542148385,0.9900439207610228,0.988903520643481,1077.0,512.0,50.0,1
181,181_D1,13,121,0.9929234976755874,0.1587638543570627,0.1391308670958677,-0.1116082092212951,-0.1077422651716302,0.9936603168017945,0.9984653975940468,1158.0,510.0,45.0,1
181,181_D1,14,121,0.9888375426073988,0.1339917813670103,0.1309034173045759,-0.1233733297659726,-0.0929073798555805,0.9994135914856656,0.9944595623019782,1156.0,500.0,49.0,1
181,181_D1,15,121,0.9837661340411434,0.2142954392228898,0.2051284451497567,-0.1189021656361808,-0.090661286789142,0.9832781064600332,0.983599695735586,1094.0,590.0,93.0,1
181,181_D1,16,121,0.9926945799514044,0.2876261729119299,0.2815390265561863,-0.0499428744421675,0.007533147668728,0.9649866907281436,0.9661334349199694,1030.0,690.0,133.0,1
181,181_D1,17,121,0.995158468027019,0.4446342943875893,0.4290498006991821,0.0834010544231013,0.098261674700395,0.9277414738978446,0.9262652086932074,1170.0,470.0,38.0,0
181,181_D1,18,121,0.9867996247508576,0.5222926020486018,0.5125265521827127,0.0811234398873476,0.1570907267263656,0.866729080681927,0.8803207116685021,1078.0,610.0,102.0,0
181,181_D1,19,121,0.9920276547257674,0.369267768279469,0.3796419057985223,0.093957455398814,0.1254855633710986,0.9385018142545052,0.9369380997143772,1117.0,570.0,77.0,0
181,181_D1,20,121,0.9909668816667114,0.2284289498573477,0.1988570537803407,-0.0630710249671417,-0.0670146439248606,0.9741958688390696,0.9825654513256564,1097.0,590.0,89.0,0
181,181_D1,21,121,0.9929700712919046,0.223435192641743,0.207742332032948,0.0078641248269301,0.0068973303011732,0.9759134140607788,0.9794012594367604,1144.0,520.0,54.0,1
181,181_D1,22,121,0.9935784055959276,0.1586532720161772,0.117027666763355,-0.0364106661055573,-0.0613858509815472,0.9891258908733032,0.9958144820484812,1169.0,480.0,39.0,0
181,181_D1,23,121,0.9880642493112216,0.3833112871490555,0.3537202032708505,-0.064545978371646,0.0063246921828475,0.9378596160788244,0.9432732482559978,1073.0,589.0,87.0,1
181,181_D1,24,121,0.991493716045964,0.1729634398572285,0.1519875524934181,-0.1218199031166032,-0.1176215241717604,0.9926981695912348,0.9934921315565852,1135.0,540.0,64.0,1
181,181_D1,25,121,0.995353332368104,0.1635406962527781,0.1303826277226003,-0.0663353008031502,-0.0699048021511703,0.9915801201853656,0.9942071186652592,1170.0,490.0,38.0,0
181,181_D2,1,150,0.995676135012356,0.6414853610512761,0.6544997467530297,0.3916597149777627,0.4296361742171618,0.8358716316708985,0.8423170870751662,1138.0,530.0,59.0,0
181,181_D2,2,150,0.9936607021809268,0.327226425755558,0.3231773575013161,0.0505752875856168,0.1026656057646711,0.9459954670352132,0.9539500096827744,1018.0,700.0,150.0,0
181,181_D2,3,150,0.9929041631018932,0.2464974443605955,0.2377435067660931,-0.0316119211609232,-0.002675929591161,0.9704901601093542,0.9721452664479588,1097.0,590.0,87.0,1
181,181_D2,4,150,0.9912316812789216,0.2624224129857615,0.238446516951879,-0.0483827687492155,-0.0025457550158491,0.9652080473676798,0.9716554430451908,1057.0,630.0,124.0,1
181,181_D2,5,150,0.9932789086977016,0.3195125485199631,0.3221946798319406,0.0901021094719486,0.1171346028669211,0.9537300267496912,0.9530258750012388,1136.0,550.0,61.0,0
181,181_D2,6,150,0.9919390241997518,0.1518279064275405,0.1606881047463604,-0.0841807599509067,-0.0424640843144276,0.9918151556579896,0.9873223300969024,1180.0,460.0,30.0,1
181,181_D2,7,150,0.9775245602839616,0.3083626184683488,0.307919656918324,-0.121764414167563,-0.0624120300865272,0.9652238219615328,0.9560379138329712,1072.0,620.0,117.0,1
181,181_D2,8,150,0.9835034274492296,0.2345961050889898,0.2375347259750728,-0.0635680046021269,-0.0361517900636484,0.9760057088079056,0.9733619718945572,1142.0,520.0,54.0,1
181,181_D2,9,150,0.9937273543499364,0.5969497153887222,0.5733172624657141,0.3267704056219348,0.3118858076373828,0.8600645030090945,0.869401754493631,1185.0,470.0,31.0,1
181,181_D2,10,150,0.9900955223612008,0.1351135596707499,0.1230203604309427,-0.1336761647225824,-0.1055276960777039,0.9994405979510378,0.9983690959556208,1134.0,540.0,63.0,1
181,181_D2,11,150,0.9919391032393255,0.1188470815504048,0.0836245489662231,-0.1058572493565696,-0.101506099152022,0.9987352002656196,1.0009871038914242,1152.0,520.0,46.0,1
181,181_D2,12,150,0.9883715591141476,0.1279746471674618,0.1319602716156783,-0.1074658233898234,-0.0826059684178986,0.9962078471744872,0.995792166061751,1190.0,440.0,25.0,1
181,181_D2,13,150,0.9969695975705096,0.3735866400361767,0.3713699954514814,0.1989639387571509,0.2222537719758049,0.947812976011308,0.951652462213294,1162.0,490.0,45.0,0
181,181_D2,14,150,0.994315690887491,0.4655767590098201,0.4459616595037995,0.1416829018948039,0.1995861530945257,0.8971768977030798,0.916180398444999,1183.0,460.0,31.0,0
181,181_D2,15,150,0.99271293461,0.3064315414347865,0.3297893988720418,0.0398332933403827,0.1241444511453088,0.954618547491743,0.9526231548375124,1055.0,640.0,119.0,0
181,181_D2,16,150,0.9959843962836612,0.1870730614976725,0.1737553324684399,0.0026577680271971,0.0189633460426783,0.98308760527812,0.9851508807255642,1176.0,470.0,32.0,0
181,181_D2,17,150,0.9945633593499849,0.104145768851558,0.0422828878973074,-0.0726442204606342,-0.122248789782884,0.997873043173936,1.006525412001778,1168.0,470.0,36.0,0
181,181_D2,18,150,0.9965424610554566,0.4854614186054181,0.4901919549878104,0.3334135933561319,0.3296031721202435,0.929873460016882,0.9223373991327622,1143.0,520.0,57.0,1
181,181_D2,19,150,0.9949193754647592,0.1632584845308588,0.0918616546119487,-0.0393777031911751,-0.0918479419994093,0.9874768424886438,0.9974031565190166,1154.0,510.0,48.0,0
181,181_D3,1,80,0.9977889379392594,0.4726746491070011,0.4331102496873011,0.3046095227399414,0.2493111768833691,0.9265778603388892,0.9308228251526456,1185.0,450.0,27.0,1
181,181_D3,2,80,0.9957728664178132,0.3329237878996977,0.3730232510228793,0.1622595324061621,0.203430083798984,0.9536233119104992,0.9479916215557592,1181.0,470.0,31.0,0
181,181_D3,3,80,0.9954130886185713,0.4072988685890657,0.3927306439921694,0.2183245590451725,0.2180560144671569,0.9340202001571568,0.9422389502916476,1153.0,510.0,51.0,1
181,181_D3,4,80,0.9905624306189108,0.3754605898008551,0.3696358405489374,0.0701526910194986,0.1270537062137257,0.9293738645316314,0.9387233401500537,1151.0,510.0,50.0,0
181,181_D3,5,80,0.9938434946300322,0.3190928295800679,0.2282034342205561,0.0830692293008734,0.0195295820600087,0.9526846486883268,0.974371790558691,1130.0,550.0,67.0,1
181,181_D3,6,80,0.994092203480432,0.3160332616956866,0.2724264293197392,0.0869941822493751,0.0716660164070451,0.9527645163958384,0.966787845009601,1107.0,590.0,85.0,1
181,181_D3,7,80,0.9833958321017846,0.4004143646792399,0.3623547862386587,0.0020063097152292,0.0686919675425388,0.9182979693868264,0.9333779302748262,1066.0,630.0,119.0,0
181,181_D3,8,80,0.9948088225525756,0.2739487056546852,0.2596949864133631,0.0665548973422787,0.0704345713026727,0.9644145486734026,0.9676986638852724,1189.0,440.0,25.0,0
181,181_D3,9,80,0.995585102366431,0.647373495594932,0.6777359702914638,0.4025109851730393,0.4630670109007649,0.8391529318946545,0.8448374125919714,1138.0,540.0,60.0,0
181,181_D3,10,80,0.9962685715927958,0.604685516048188,0.6306177764517633,0.3815655444342883,0.4357944030550944,0.8590412618142516,0.8638204844929227,1180.0,460.0,30.0,0
181,181_D3,11,80,0.9916013264403144,0.5408634830732995,0.5505026979295284,0.2177060117338323,0.3037909515527721,0.8669091153787982,0.8793755321626225,1090.0,610.0,95.0,0
181,181_D3,12,80,0.9923699297534554,0.4369043249572654,0.415024861170425,0.1467114035949852,0.1845721933699931,0.9114380865973336,0.9216759700215706,1058.0,650.0,116.0,0
181,181_D3,13,80,0.994095769929036,0.309300772324352,0.2828099067513484,0.0869100848453204,0.0874382677550745,0.9536214254406244,0.9621276091384444,1101.0,590.0,83.0,0
181,181_D3,14,80,0.9956348897280676,0.274905639354665,0.254619571680615,0.0645572666165383,0.0695872434883686,0.9647166193222378,0.9698304284795692,1182.0,460.0,30.0,0
181,181_D3,15,80,0.9883069514337456,0.2262029851341758,0.1704484204984223,-0.0467584554986194,-0.0224837759564063,0.9750329609798424,0.9855251278015617,1161.0,490.0,42.0,1
181,181_D3,16,80,0.9959257085862327,0.1763040254129041,0.1372604192497644,0.0037261249114288,-0.0413934470213228,0.9846960778036024,0.9914111209456196,1144.0,520.0,57.0,0
181,181_D3,17,80,0.9965665612077526,0.1238403446410295,0.0618233083719338,0.0006439215862024,-0.0464921646511536,0.992682454881688,0.9989647644885368,1179.0,470.0,31.0,0
181,181_D4,1,52,0.9946151367963636,0.6085164454636691,0.6133598320670826,0.3636114385052797,0.3959681688338753,0.8481120730511307,0.8596637778101467,1145.0,520.0,49.0,0
181,181_D4,2,52,0.9953338736751224,0.2830860914586052,0.3025773886959613,0.1071224964006626,0.1479769534969363,0.9646030216979484,0.96727304445138,1098.0,590.0,88.0,0
181,181_D4,3,52,0.9948513493512092,0.4781800059328837,0.4663486403464642,0.2611822048504866,0.2752105121231109,0.9101426222792526,0.923510498418472,1088.0,600.0,93.0,0
181,181_D4,4,52,0.989250151921236,0.331343325982861,0.3032088034531616,0.0522398497141397,0.0722361304830784,0.9451979434899282,0.9560940535071046,1086.0,620.0,95.0,0
181,181_D4,5,52,0.9908689581776168,0.270617840122545,0.2909032986693164,0.0188551196914581,0.0786610816162325,0.9634408385815963,0.9602356188433764,1177.0,470.0,38.0,0
181,181_D4,6,52,0.995199042528286,0.1870901202275563,0.1675297241510974,0.0284116954682082,0.0048615850124687,0.9831470733999688,0.9858753898348552,1196.0,440.0,27.0,1
181,181_D4,7,52,0.9951637019490678,0.369395923206704,0.4109007576353879,0.1838837435237984,0.2278923633035711,0.9463375745197754,0.9364897632567676,1138.0,530.0,57.0,0
181,181_D4,8,52,0.9902500542745738,0.2079327537621568,0.1980781091223675,-0.0644548678732138,-0.0261303902619316,0.9802414230088126,0.9802474745474372,1126.0,540.0,68.0,1
181,181_D4,9,52,0.99517836546681,0.2743959297405492,0.238463338632687,0.0986191882103896,0.084336931526021,0.9669465379534546,0.974399243273159,1179.0,470.0,31.0,1
181,181_D4,10,52,0.9888514738042756,0.2039645656535835,0.2062522691112044,-0.0856565728741143,-0.0328078501771976,0.9817627162068516,0.979780108925961,1048.0,640.0,126.0,1
181,181_D4,11,52,0.9963931345556613,0.4854282354788042,0.5865642206317777,0.3007615222706059,0.4293103850899213,0.9117172146479028,0.8981011938588118,1080.0,530.0,56.0,0
181,181_D4,12,52,0.9951492780539432,0.4374268080640693,0.4887433693813495,0.1788705821613758,0.2664165279489244,0.9101479563284318,0.9066460776853952,1035.0,640.0,117.0,0
181,181_D4,13,52,0.9930585014223436,0.4242835251545926,0.4352959326514601,0.1721866178141418,0.2431178209834653,0.924202865985698,0.9289789205870648,1100.0,580.0,89.0,0
181,181_D4,14,52,0.9920253863841356,0.2126668167902779,0.2147568893639484,-0.0007031165660136,0.0254864565352561,0.9778291169159468,0.9775323343231324,1159.0,500.0,42.0,0
181,181_D4,15,52,0.9904757133927204,0.1925109751069808,0.1709835272540462,-0.0642779907392425,-0.0652188671621614,0.9848294349481532,0.9883600857740228,1095.0,590.0,97.0,0
181,181_D4,16,52,0.99038374076345,0.1166875830967203,0.0823000224148808,-0.1566122341693306,-0.1471747110501682,1.0008359248557266,1.0083631370262167,1111.0,580.0,77.0,1
181,181_D4,17,52,0.9941826733580756,0.0436767025340393,-0.0300578169504863,-0.1275872913023854,-0.1887256750673198,1.0073376075629024,1.0175653025027045,1146.0,520.0,55.0,0
181,181_D4,18,52,0.9959302473114624,0.1187990494977649,0.1085299147351994,-0.0487506322139734,-0.0362017453126461,0.9939856837443556,0.9949929376538932,1173.0,470.0,35.0,1
181,181_D5,1,42,0.99437784516213,0.2792230534262758,0.2806278419995893,0.0758146252312303,0.0893487426496011,0.9639332636706496,0.9629528567570343,1139.0,540.0,58.0,0
181,181_D5,2,42,0.9952268651723428,0.344648349407313,0.3130592095212982,0.1160950728642072,0.1174564791331722,0.9432692580327146,0.9545971733489792,1190.0,450.0,25.0,0
181,181_D5,3,42,0.993074278312604,0.4586573471717258,0.4316021845915579,0.18758865711386,0.201031372622462,0.907713447245698,0.926379424708578,1117.0,570.0,73.0,0
181,181_D5,4,42,0.9942163750618784,0.2025074935240022,0.1980419496015082,0.0225760760400977,0.0325125723916451,0.979525827913554,0.9810523068245616,1160.0,500.0,46.0,0
181,181_D5,5,42,0.9942936703854371,0.0826914168238859,0.0180181374372729,-0.0785371814525657,-0.114967215491523,0.9991797140363332,1.0065340279214063,1108.0,468.0,42.0,0
181,181_D5,6,42,0.9968924625440534,0.0076681975837779,-0.017316141622277,-0.0925620654683509,-0.1202719110426035,1.0042550470311224,1.0070624459425963,1099.0,408.0,25.0,0
181,181_D5,7,42,0.9934021313275788,0.1098986278738368,0.0352115532070955,-0.0978591274660888,-0.1242412827196431,0.9983004922613452,1.006961777784305,1120.0,570.0,73.0,0
181,181_D5,8,42,0.996470930123388,0.0985060377617071,0.096225721770252,-0.0253032925901281,-0.0203240883223551,0.995876348877649,0.9954355036188214,1184.0,470.0,32.0,1
181,181_D5,9,42,0.9955650139843056,0.7750434959869641,0.7933410207046128,0.6219897310031564,0.670808412879283,0.8032342989522294,0.8296869107098132,1116.0,560.0,78.0,0
181,181_D5,10,42,0.992577943159752,0.2919521094253583,0.2713300778883584,0.0566665971334733,0.0843459275225345,0.9582474776269364,0.964778467831301,1077.0,620.0,103.0,0
181,181_D5,11,42,0.9959237094483696,0.2787829195575003,0.2463070020252035,0.1111482910734489,0.0873207041699792,0.9658269611338536,0.9718274767196524,1179.0,470.0,33.0,1
181,181_D5,12,42,0.9914358805198316,0.3316284275868424,0.3167158671718068,0.0535293128383005,0.079580926444181,0.9441094853589764,0.9531455278855364,1091.0,610.0,90.0,0
181,181_D5,13,42,0.9943485696165996,0.1995339394378285,0.1742454629809077,0.0180402756106052,-0.0031688604520177,0.980308080778054,0.984833263796778,1126.0,550.0,71.0,1
181,181_D5,14,42,0.9958659150593654,0.1037485344215893,0.0555445306592382,-0.0296402215846333,-0.0878683469185493,0.9949205518715172,1.0019052924329357,1188.0,450.0,28.0,0
181,181_D6,48,52,0.9944269693316556,0.5681213583392877,0.5564829126314621,0.3444690267069492,0.3902367178090018,0.8788240239415164,0.8963783627668145,1042.0,670.0,130.0,0
181,181_D6,49,52,0.9963691139329456,0.4013545594437415,0.3906553088326234,0.2048064049737838,0.2030194966228618,0.9383159526925744,0.9404176844336216,1159.0,510.0,45.0,1
181,181_D6,50,52,0.9979034432152872,0.9095422889830792,0.9132188853733768,0.8016463516032022,0.8207081666908852,0.7007589745002325,0.7194682423867931,1138.0,520.0,58.0,0
181,181_D6,51,52,0.993899456507206,0.670628282631309,0.676032427898979,0.4668203663044297,0.5221777664858163,0.839642279691336,0.8658917384411141,1087.0,590.0,97.0,0
181,181_D6,52,52,0.9912836622956612,0.3036821469616859,0.2800802622509063,0.0475940595454474,0.0963300132406776,0.9545554917853388,0.9663577326521332,1176.0,470.0,37.0,0
181,181_D6,53,52,0.9867518431109858,0.4326310471314438,0.3995089104835267,0.065776509946396,0.1269024273318398,0.910178647507314,0.9258423411543668,1090.0,610.0,102.0,0
181,181_D6,54,52,0.9964447821971584,0.3009095137933802,0.2748303710740499,0.1362678650795756,0.1130770841517039,0.9623879753324424,0.9669911231513044,1184.0,460.0,31.0,1
181,181_D6,55,52,0.9946625499101036,0.3309334154664268,0.3227880421813636,0.1343612465234081,0.1489969049084152,0.951130882374666,0.9586206852188586,1121.0,580.0,69.0,0
181,181_D6,56,52,0.9908211741061684,0.4016038953025047,0.3885966304550489,0.1150957641816086,0.1622977077289516,0.926041558597045,0.9383041662655038,1068.0,610.0,115.0,0
181,181_D6,57,52,0.983865680413622,0.3534366193750911,0.3654383110286578,-0.0665623635529275,0.0449827605881986,0.9373237311710628,0.9339987869174384,1107.0,570.0,84.0,1
181,181_D6,58,52,0.9944434547657334,0.1250033606945996,0.098269611938774,-0.0916739664040785,-0.0779401623533674,0.9989367482011532,0.9988879338312352,1041.0,680.0,130.0,1
181,181_D6,59,52,0.9909300724538124,0.3182586740367341,0.3324160373098904,-0.0059308560085797,0.0958617831849026,0.9510405955535224,0.9488482911548732,1017.0,700.0,149.0,0
181,181_D6,60,52,0.9910787757582112,0.4802558043180123,0.4538348763896205,0.1771291847036327,0.2097896558608833,0.8946681460040432,0.913067311154101,1187.0,460.0,31.0,0
181,181_D6,61,52,0.9921536437042632,0.2773505044079732,0.2679354980944494,-0.0068835129835084,0.0494494138041013,0.9619256860491552,0.9671950263512588,1040.0,640.0,115.0,0
181,181_D6,62,52,0.9964128565280876,0.1207880136355299,0.096404250105226,-0.0268235782560128,-0.0462365359462349,0.9932528106779654,0.996407544693604,1113.0,450.0,26.0,0
181,181_D6,63,52,0.9945533526899832,0.2988150818559819,0.3007021390801042,0.113650076044652,0.1315278849645144,0.96085001525686,0.9634760683985724,1134.0,530.0,63.0,0
181,181_D6,64,52,0.9947007735104272,0.1838186523003055,0.1316997363589744,-0.0132012531897636,-0.0350411345136127,0.983043569378978,0.9919173027918284,1116.0,570.0,77.0,0
181,181_D6,65,52,0.9952651872472358,0.2758820621772319,0.2853755699628485,0.080442771075829,0.1209554869469177,0.9666186902343976,0.966331190087004,1144.0,490.0,43.0,0
181,181_D6,66,52,0.995916043536964,0.1704835080975389,0.1206140053875749,0.0036584002595118,-0.03328505126828,0.9856100909210628,0.9930449390453064,1182.0,460.0,31.0,0
181,181_D6,67,52,0.9948708691577208,0.2100319408309716,0.119388708032008,0.0189356367911383,-0.0368630597438912,0.9788830582250664,0.9936290963120534,1151.0,510.0,49.0,0
181,181_D6,68,52,0.9949138450673616,0.245197775082703,0.2062134123847715,0.0641958813526194,0.0493759960309744,0.9727372598895976,0.9806459101871424,1152.0,520.0,49.0,1
181,181_D7,1,50,0.9979710353612348,0.7094924734647488,0.7203268132021359,0.568747661263451,0.5655139667684649,0.8516702965297632,0.8424186296255466,1150.0,510.0,50.0,1
181,181_D7,2,50,0.9935920623214064,0.5617172769793429,0.5544839802725713,0.3005920712595876,0.335301873736008,0.8667724058586215,0.883426266114657,1112.0,570.0,76.0,0
181,181_D7,3,50,0.9945732332330516,0.4126201375795536,0.3829376292692314,0.2203938072928109,0.1959707350408397,0.9290634153824932,0.9425693798925228,1119.0,570.0,79.0,1
181,181_D7,4,50,0.993915911247474,0.5645044262032485,0.5658327298664642,0.3317096763709944,0.3874377393283184,0.8743064008933081,0.8893596534953822,1099.0,600.0,85.0,0
181,181_D7,5,50,0.9873571515315122,0.445831217591083,0.4338359220010946,0.0640386434057632,0.1396526914114066,0.8980206671145357,0.9101671769085948,1083.0,630.0,94.0,0
181,181_D7,6,50,0.9926719816193452,0.2004100697268563,0.1761433047303263,-0.0426040925312977,-0.024747458049898,0.9813460747371336,0.9846641831390308,1102.0,610.0,79.0,1
181,181_D7,7,50,0.9912594909175384,0.1580484346817157,0.1037015373692493,-0.0615148837402588,-0.0484594366807233,0.9887827979088752,0.9959686812497172,1172.0,480.0,35.0,1
181,181_D7,8,50,0.9903977683431746,0.3097522145021216,0.2667482072363764,0.0195746806027427,0.0418396371070217,0.9523523148733432,0.9642962889785696,1151.0,510.0,50.0,0
181,181_D7,9,50,0.9931229722138118,0.2107219321794138,0.2107786020458301,-0.018890573507881,0.0170096560181115,0.9775401635311068,0.9781154749976164,1051.0,640.0,124.0,1
181,181_D7,10,50,0.990576383254639,0.200231179389752,0.2158759149994477,-0.0378382876058805,0.0130765138137177,0.9809348757675832,0.977210243180419,1180.0,460.0,30.0,1
181,181_D7,11,50,0.9943054900244728,0.2662942215958122,0.2283840023728554,0.0421785290989754,0.0367008138349971,0.9649512393073474,0.973915792487184,1133.0,550.0,62.0,1
181,181_D7,12,50,0.9936448162446057,0.4975251745504577,0.5003909025605469,0.1891190562747582,0.2581656270237788,0.8847618648386366,0.9000295240564115,1118.0,570.0,74.0,0
181,181_D7,13,50,0.994723812303418,0.403956753422434,0.3961455798654993,0.192394837191492,0.1919055849813814,0.9298046428306476,0.9346238971193148,1155.0,500.0,45.0,1
181,181_D7,14,50,0.9918253304526536,0.2192889118263354,0.185160376464304,-0.0516707569572358,-0.0212005369267061,0.9772761157563702,0.9830713806744436,1087.0,620.0,94.0,1
181,181_D7,15,50,0.991701053494758,0.2170499392710816,0.2061597237624819,-0.0089266541467605,0.0047397803964251,0.976311384652023,0.9787689345774728,1126.0,560.0,67.0,1
181,181_D7,16,50,0.9938062209243036,0.2288508579296354,0.1809015771062692,0.0065735923523625,0.0114523594006073,0.9744924389933468,0.983620999430721,1160.0,490.0,44.0,0
181,181_D8,1,63,0.9903565453407436,0.3806663996783297,0.393322253716067,0.0675228871006446,0.1212689322820102,0.9279012058721052,0.9317676444414664,1030.0,690.0,137.0,0
181,181_D8,2,63,0.9943336413333224,0.3380921572596671,0.3222402052726762,0.1431302038885,0.1410228320526746,0.95149149453635,0.9549886819484018,1157.0,510.0,49.0,1
181,181_D8,3,63,0.9965449677361168,0.4303986093075362,0.4067351059734513,0.2556388960650615,0.2325653864976618,0.9340672225308426,0.938304586092167,1133.0,540.0,63.0,1
181,181_D8,4,63,0.9955402363868564,0.1208346958179752,0.107736016295244,-0.0239005035751745,-0.0311675236884992,0.9929743921471342,0.994971319357322,1164.0,490.0,44.0,0
181,181_D8,5,63,0.9909040009057198,0.2608070168336747,0.2025237103039846,-0.0603365740203575,-0.0271466228702849,0.966953441929836,0.9809174124857716,1125.0,550.0,69.0,1
181,181_D8,6,63,0.9948764324189656,0.235143442802018,0.1848534510362968,0.0117836812683396,0.0034769008144332,0.972787282696318,0.9828837194614244,1175.0,480.0,38.0,1
181,181_D8,7,63,0.9942023602677926,0.4679567027555927,0.465093378142462,0.2217138444443083,0.224705471159329,0.8983461808832136,0.9070239714179952,1154.0,510.0,47.0,0
181,181_D8,8,63,0.9929284244769614,0.0481888600580161,0.0307602964365128,-0.1587811843900444,-0.1601100941013707,1.0125074309296032,1.010447427212573,1090.0,600.0,91.0,0
181,181_D8,9,63,0.9958608717907032,0.1462433429703331,0.1484257096896134,-0.0261259299965742,-0.0070167130891534,0.9902572224285692,0.9892865439969846,1185.0,440.0,27.0,1
181,181_D8,10,63,0.993838375875106,0.172844463468424,0.1581165175018138,-0.0329893187101148,-0.020805910580145,0.986334199596306,0.9880592609208484,1068.0,620.0,108.0,1
181,181_D8,11,63,0.994172824332382,0.0422636854208372,0.0077072775255233,-0.2004717910271539,-0.163535531332401,1.0162465012583657,1.0134843818702748,1135.0,540.0,63.0,1
181,181_D8,12,63,0.9930400234199706,0.1740346393821951,0.1782054130633739,0.0078753415885316,0.0020680163841277,0.9853292037133126,0.9841820591740524,1177.0,460.0,33.0,1
181,181_D9,1,34,0.9929288234492736,0.3982309575243711,0.3842459282034502,0.1643517793987855,0.1727680256401283,0.9288704203055226,0.9372602077050378,1132.0,540.0,64.0,0
181,181_D9,2,34,0.9967371572450892,0.7055213712497195,0.7176800101490335,0.5443297245178276,0.5931794918342783,0.8561733722235059,0.8732278169909831,1044.0,660.0,130.0,0
181,181_D9,3,34,0.9930754366071394,0.4354783264398635,0.4423924514545859,0.1760024738756666,0.2468770653178427,0.9118688299769104,0.9242120224790948,1029.0,680.0,138.0,0
181,181_D9,4,34,0.9962389656241736,0.1589000599977937,0.1084612375496168,0.0212849484669256,-0.0157312756140437,0.9879604223240516,0.9942286788677918,1187.0,450.0,29.0,1
181,181_D9,5,34,0.996001386349692,0.19738310644223,0.1416607164169549,0.0154495917277121,-0.0275893312469092,0.9811931823567732,0.9903186179994684,1192.0,450.0,27.0,0
181,181_D9,6,34,0.992275514981168,0.2806977919837554,0.2332773703016391,0.0134534093453335,0.0440506123568122,0.9624815312988996,0.9731704818263012,1145.0,530.0,55.0,0
181,181_D9,7,34,0.9925417059027962,0.1907421301400457,0.2013445460880353,-0.055252104964576,-0.0266925468168313,0.983168623147418,0.9802169910391514,1125.0,570.0,68.0,1
181,181_D9,8,34,0.9914813622964396,0.1116164078584076,0.0790691863047955,-0.1478844137815778,-0.146180696577014,1.003958412982942,1.0090314036504455,1104.0,580.0,86.0,1
181,181_D9,9,34,0.9962604293298444,0.6763305085816951,0.6757675042021001,0.4461439089524058,0.4887181562633905,0.8363515559274268,0.8429732955588498,1116.0,590.0,73.0,0
181,181_D9,10,34,0.9967044903032256,0.7168465669919275,0.7225675718831963,0.5457616993875625,0.5813493946176598,0.8298495021611058,0.8495199873521139,1043.0,670.0,127.0,0
181,181_D9,11,34,0.9969778077008026,0.4979697047764522,0.4640816353133223,0.3094392590901365,0.2884993524895184,0.9202505793061292,0.9261995673392356,1191.0,440.0,25.0,1
181,181_D9,12,34,0.9909845785060712,0.3937482042201689,0.3891245392492326,0.0917370465318443,0.1481085190970501,0.9223409690200208,0.9328498849237448,1017.0,690.0,148.0,0
181,181_D9,13,34,0.9899391878131724,0.309726509136159,0.2812768480602987,0.0517293975645038,0.0624360893250344,0.9520243883057375,0.9615743170838208,1144.0,530.0,53.0,0
181,181_D9,14,34,0.9959539299329994,0.4579421711299414,0.4046058084281655,0.2467649581614899,0.1901664117884965,0.9247983417387726,0.9352193985627082,1191.0,440.0,25.0,1
181,181_D9,15,34,0.994058857303306,0.2911787773391191,0.2560223728443099,0.0502045462014795,0.0534215171157052,0.960181794622788,0.9691804225929964,1109.0,580.0,79.0,0
181,181_D9,16,34,0.9938175751749064,0.0870605850020357,0.0601331887413538,-0.080075240635266,-0.0959781320189022,0.9996791206755123,1.003134373645605,1151.0,520.0,50.0,0
185,185_D1,1,6,0.9968628133795808,0.2115370977979767,0.2113455005622669,0.1092469773212874,0.1066974461364258,0.9810474831385724,0.983254080522854,1169.0,490.0,40.0,1
185,185_D1,2,6,0.9996482327108404,0.2454131262848357,0.2397431982554419,0.1624010972340865,0.1552387814305968,0.9825081509184708,0.9827865413482082,1232.0,675.0,5.0,1
185,185_D1,3,6,0.9955726815926328,0.0744732329675572,0.118320926681903,-0.0862496709951621,-0.0208403697517521,0.9997094225547484,0.9926275794623928,1173.0,450.0,30.0,1
185,185_D1,4,6,0.994576630814038,0.2541134936548289,0.2370613096468057,0.0776625482528569,0.0415837243973645,0.9696000228741748,0.9732235219904096,1214.0,380.0,10.0,1
185,185_D1,5,6,0.987071024392924,0.0193436589092406,0.12272294416237,-0.1920792671067274,-0.0289194554470381,1.019079143483249,0.992883956213402,1187.0,450.0,26.0,1
185,185_D1,6,6,0.9949304448488778,0.1387403056561593,0.1733398536069814,-0.0100241994672693,0.0395712598342086,0.9905954727216748,0.9853929935936996,1155.0,500.0,48.0,0
185,185_D1,7,6,0.9982924012994372,0.067059466391751,0.0243988423770131,-0.0189200056212055,-0.0595729241585155,0.9979408612195512,1.0015524532982782,1162.0,380.0,11.0,0
185,185_D1,8,6,0.9963458173743408,0.2314157990646929,0.1946182719969604,0.1187400693903128,0.0619980185249986,0.979695095757076,0.9831345137654658,1218.0,380.0,11.0,1
185,185_D1,9,6,0.9962342821624552,0.0727094840956909,0.1032736166380049,-0.1184035689762275,-0.0398010135420772,1.0014526782610969,0.9947766515939648,1213.0,390.0,11.0,1
185,185_D1,10,6,0.9942178798789408,0.1127334395129491,0.151850808723737,-0.0422312165693818,-0.005410311225691,0.9944693749676377,0.9887784446038792,1205.0,410.0,18.0,1
185,185_D1,11,6,0.99824998383931,0.1314976568619958,0.1450068276549048,0.0500594608498489,0.050116757416187,0.994090488661634,0.9907099593494816,1177.0,379.0,13.0,0
185,185_D1,12,6,0.9621419451483392,0.1354422289321115,0.1553667297863404,-0.2899266239265062,-0.1762117267572199,1.034566372201672,1.0029014779580383,1026.0,535.0,54.0,1
185,185_D1,13,6,0.9950821414157968,0.1402325587533166,0.1144710835440638,0.0046661045346248,-0.0279179240710327,0.9897568291637996,0.993915311958885,1216.0,390.0,11.0,0
185,185_D1,14,6,0.9958020519239928,0.0191821547770979,0.0134271629899502,-0.1677206478847984,-0.1605559726978195,1.0132856692721322,1.0132281826779148,1185.0,380.0,9.0,1
185,185_D1,15,6,0.9948185798645236,0.0462915363161294,-0.0431407165044001,-0.1482240907321186,-0.2102957458049549,1.002073495662103,1.0177503285682397,1173.0,379.0,12.0,0
185,185_D1,16,6,0.998270231952662,0.2448770286267014,0.2524633516474943,0.1365950219418525,0.1586109573160052,0.9846453590222686,0.9826972899107208,1136.0,480.0,37.0,0
185,185_D1,17,6,0.9654187689091364,0.289593435510797,0.2393468583144321,-0.0995802573761855,0.0034426583767254,0.960537571056411,0.973699367988586,1145.0,430.0,23.0,1
185,185_D1,18,6,0.9979245669654978,0.2351683303924601,0.2465041730987511,0.112829917291481,0.1349300786569966,0.977019823622195,0.978294487135192,1075.0,434.0,27.0,0
185,185_D1,19,6,0.9869666229854448,0.1377496242714142,0.1357388978305124,-0.1900569362576467,-0.1187062958928209,1.0002138860129266,0.9966918256441556,1145.0,410.0,16.0,1
185,185_D1,20,6,0.9986600239667776,0.1096850397474616,0.1213973307616367,0.045656332179733,0.0461228942367163,0.994907095213197,0.9935971093866608,1128.0,379.0,16.0,0
185,185_D1,21,6,0.997838606201484,0.2560778113764784,0.2679787719676082,0.1565178086205317,0.1580479272590964,0.9794490078082736,0.9761855877327292,1133.0,480.0,38.0,0
185,185_D1,22,6,0.9824871074228224,0.0043415432311834,-0.04029877806309,-0.2334598651120394,-0.1907485789744759,1.0242515513961157,1.0187561179541131,1185.0,450.0,25.0,1
185,185_D1,23,6,0.9982652300352166,-0.00287906280976,0.0343028915396816,-0.0862334309689068,-0.0493171175144858,1.0035616804021568,1.0006580756364487,1095.0,380.0,10.0,1
185,185_D1,24,6,0.9969160032512474,0.1920854490419036,0.1368730121230916,0.0635379447350437,0.0301873487692654,0.9838544013726944,0.9909786139853792,1053.0,400.0,14.0,1
185,185_D1,25,6,0.9948098122070854,0.2466188065035575,0.2323014208211258,0.0926048647513097,0.124651830716798,0.9730627600730324,0.9786723710627604,1105.0,480.0,37.0,0
185,185_D1,26,6,0.9984193549722816,0.2346783031879752,0.2371567623701543,0.1307878082832073,0.114161149778647,0.9789543521002072,0.9778384691194172,1209.0,410.0,15.0,1
185,185_D1,27,6,0.9977997872168782,0.1551304036159578,0.134481079743414,0.0527483033502667,0.0415174823392233,0.9890957540452944,0.9920570671863748,1156.0,480.0,36.0,1
185,185_D1,28,6,0.9965418700948898,0.2645529702522647,0.1926679300613354,0.1109181716583069,0.0569403962083384,0.9732316629264136,0.982279175301545,1170.0,410.0,15.0,1
185,185_D1,29,6,0.993065162304102,0.1067534798088558,0.1498158231714166,-0.0628113858935347,-0.0893426279855537,0.997169634030749,0.991424986442726,1165.0,450.0,27.0,0
185,185_D1,30,6,0.9976373320779096,0.0619887177094584,-0.0021540044627662,-0.002216084063382,-0.0814265401595936,0.9982669999071256,1.003659270895532,1130.0,441.0,28.0,0
185,185_D1,31,6,0.9953182508467032,0.0944385990074366,0.1414509563130339,-0.0744408383162807,-0.031774620752674,0.9975553633591778,0.9908471070728248,1115.0,370.0,10.0,1
185,185_D1,32,6,0.9878988005832844,0.0965449282733487,0.0629610226278453,-0.1418753424874753,-0.048537185682525,1.0070647645449742,0.9994731622552482,1216.0,390.0,11.0,1
185,185_D1,33,6,0.995496346782608,0.1503048448778643,0.0944732226571449,-0.0105409961584429,-0.0134805553223731,0.9889106645265316,0.9956043532864908,1167.0,403.0,16.0,0
185,185_D1,34,6,0.995383718329001,0.0900208911145252,0.0426884717547977,-0.070974105616371,-0.1094180777243736,0.9984226006234244,1.005121253962848,1191.0,440.0,23.0,0
185,185_D1,35,6,0.9965605847382926,0.1395654559184394,0.0967238925825344,0.029607096398571,-0.0197629541553488,0.9905135224500764,0.9958508785525928,1225.0,370.0,8.0,1
185,185_D1,36,6,0.996911357281868,0.0933847542080151,0.1056557719317343,-0.0158700222987806,0.0087361404641664,0.9962282088212348,0.9944689355384646,1119.0,409.0,18.0,1
185,185_D1,37,6,0.9947832489548836,0.4052101934030808,0.4153608534228729,0.138720535623357,0.2160531156711088,0.9226043653950744,0.9317012978566688,1041.0,518.0,58.0,0
185,185_D1,38,6,0.9992485606769352,0.5093051376150544,0.5300249241994262,0.3755187010296751,0.4205228862481632,0.9294875440128652,0.938026029893058,1226.0,675.0,6.0,0
185,185_D1,39,6,0.9994309098884264,0.1734909368339879,0.1046149903646662,0.1062810031323635,0.0652748672373604,0.9929626190140408,0.9966626313303888,1194.0,440.0,23.0,1
185,185_D1,40,6,0.9862782257188644,0.1302842795433683,0.2795857395419798,-0.1289206057140052,0.0780959694429719,1.00071608722846,0.9630672283208164,1116.0,400.0,15.0,1
185,185_D1,41,6,0.9941408033181232,0.1052277530766534,0.0541678303302195,-0.1191260859445888,-0.1264835473474352,1.002144843156014,1.006490878184188,1093.0,408.0,18.0,0
185,185_D1,42,6,0.9969778273759896,0.2963309668151646,0.292344114511183,0.1360288263539876,0.1616999985292878,0.9637189176178944,0.96894067878186,1181.0,460.0,29.0,0
185,185_D1,43,6,0.9994545092739536,0.1849530782436173,0.2206234888714927,0.0764116240839683,0.13824112050203,0.9853260365896076,0.986815266461828,1232.0,660.0,5.0,0
185,185_D1,44,6,0.9803570007091248,0.2447530964677179,0.2335706370538251,-0.0670732522992471,0.0989396148157075,0.971447616149182,0.9775210212229026,1193.0,460.0,25.0,0
185,185_D1,45,6,0.9751159194387662,0.1043721568495679,0.0687769026345287,-0.2149222013896968,-0.1946643461776147,1.0247734354926163,1.0191674817426448,1171.0,480.0,37.0,1
185,185_D1,46,6,0.9943066418264652,0.3512924797954904,0.354095504105742,0.1341097674904321,0.142126330017303,0.9420360433808952,0.9460354481529442,1212.0,400.0,14.0,0
185,185_D1,47,6,0.9974138730104356,0.351520870649196,0.4297906755775502,0.2184495814783884,0.279592889019524,0.9600697569012834,0.944497222234884,1176.0,430.0,19.0,0
185,185_D1,48,6,0.9830927761072628,0.3114394621130329,0.2795321642082796,0.0512352889574606,0.1212182747891767,0.9504876096698522,0.9672334393180512,1162.0,410.0,18.0,0
185,185_D1,49,6,0.9858894947525452,0.1865991212254912,0.176177515678231,-0.0491962435583733,0.0310919937088713,0.986338895637441,0.9845756129594008,1129.0,460.0,26.0,1
185,185_D1,50,6,0.9861012488133698,0.1315930123789535,0.1335732348299215,-0.1250262933009188,-0.0711969929213438,1.0023228743592538,0.9936009095933278,1204.0,400.0,16.0,1
185,185_D1,51,6,0.9990348258026268,0.574734452762007,0.6664568444747514,0.4813379354236963,0.5964369392795343,0.9336115762444503,0.9288686899305402,1150.0,520.0,48.0,0
185,185_D1,52,6,0.9857656508374156,0.2620965697586757,0.347715686686575,-0.0203078335343344,0.2062813968891339,0.96745624405261,0.9582362511646078,1191.0,400.0,14.0,0
185,185_D1,53,6,0.997378386205738,0.5386662433063316,0.5630617160735505,0.3792257515410446,0.431907983783956,0.9137506372902652,0.9168631816304196,1138.0,430.0,23.0,0
185,185_D1,54,6,0.9989600755229432,0.4443077180294029,0.4817980145347531,0.3302409536562958,0.3833523615252479,0.9490822232372846,0.948780500872753,1181.0,410.0,18.0,0
185,185_D1,55,6,0.9950846271797416,0.3829072016983763,0.381267101291966,0.154916805105052,0.1888011918049491,0.9418292079522644,0.9443818256479012,1093.0,416.0,27.0,0
185,185_D1,56,6,0.958163336303038,0.1619685915086597,0.139980270508061,-0.2776525324688821,-0.2050507877949918,1.0260033555100123,1.0099044282075311,1103.0,553.0,59.0,1
185,185_D1,57,6,0.9735333410449958,0.2080179109663813,0.22710689696177,-0.1960578994631655,-0.1102342625063446,0.9965779586411544,0.9799684112737704,1166.0,500.0,36.0,1
185,185_D1,58,6,0.990526220282834,0.1920051628590466,0.2098052079161604,0.008118014203467,0.1071612961951536,0.9820868330543528,0.986417646305106,1166.0,490.0,42.0,0
185,185_D1,59,6,0.9959551779247128,0.4418333598150655,0.4539573389531469,0.1944601839292353,0.2567845879867478,0.9222958937049588,0.9230270959378352,1039.0,395.0,17.0,0
185,185_D1,60,6,0.9882494194695552,0.2784291540922936,0.3397695734404511,-0.1110999706083418,0.0537532488631761,0.9706770188654344,0.942616657764868,1075.0,420.0,24.0,1
185,185_D1,61,6,0.9838024816195384,-0.0084822745069306,0.0296673942537351,-0.2319881862855918,-0.1621007031239714,1.0279044241515498,1.012809540690872,1178.0,480.0,33.0,1
185,185_D1,62,6,0.992152775651876,0.4621391792988287,0.4678413978715731,0.2110670592607632,0.2832657582947394,0.9072902350155704,0.9236914398891048,1185.0,460.0,28.0,0
185,185_D1,63,6,0.986390594514884,0.3100770394380492,0.2140513667925817,0.0495476474696342,0.081088581584278,0.9565954736355948,0.9792016162906008,1189.0,460.0,29.0,0
185,185_D1,64,6,0.9994018613694946,0.215510703446882,0.2118331426554999,0.0991453162645327,0.1177564435583998,0.9816610782662576,0.984681338048926,1226.0,675.0,6.0,0
185,185_D1,65,6,0.9863838806518724,0.3018898405662217,0.3064224061344039,-0.0432070865903157,0.0641730324027235,0.9528443189851488,0.9543171934692276,1198.0,410.0,16.0,0
185,185_D1,66,6,0.9942442849252427,0.7556685097730612,0.7764974214096709,0.5922841729798543,0.6916806823684369,0.8274770764970882,0.8751286900743851,1156.0,420.0,19.0,0
185,185_D1,67,6,0.9986938788672498,0.1847693542831026,0.1979881882984345,0.0262785006624544,0.0462863218481068,0.9833329710045164,0.9813122687336292,1222.0,360.0,6.0,0
185,185_D1,68,6,0.9773503090372204,0.4847907257664027,0.5018385150514234,0.0345549379875092,0.1919901965024891,0.8772879938410625,0.8855377607652055,1183.0,450.0,29.0,0
185,185_D1,69,6,0.9921429216985236,0.3515861903987419,0.3350730765690112,-0.0683579500630459,0.019168743806032,0.936860495698363,0.9393687188480746,1145.0,460.0,30.0,1
185,185_D1,70,6,0.9741453881178704,0.4905505006598857,0.5179786812989817,0.1028339095554725,0.2805907638897547,0.8761178151602969,0.8901254750097145,1219.0,390.0,13.0,0
185,185_D1,71,6,0.996781191495247,0.4536367666885456,0.5035586346522148,0.2698392052770771,0.3742572754280961,0.92521772962525,0.9320537387201252,1189.0,450.0,28.0,0
185,185_D1,72,6,0.9951623714826434,0.5895623253416908,0.6210208651528255,0.3615318772541582,0.4628871090914219,0.8763686075207027,0.8899686837024356,1164.0,500.0,37.0,0
185,185_D1,73,6,0.9903934474463648,0.4288104601987405,0.4014032325157514,0.0980284337846718,0.1752686891634662,0.9054440818629468,0.930238020490773,1193.0,440.0,25.0,0
185,185_D1,74,6,0.9801985115174884,0.2133479984792655,0.2267881128700529,-0.1747216820137662,0.0797910565200682,0.997623400088418,0.9806941457849,1167.0,480.0,40.0,1
185,185_D1,75,6,0.9950146300121288,0.337589934486983,0.3108620337290892,0.1050265154547668,0.115930881257445,0.9474047833365216,0.9574867598285126,1200.0,410.0,17.0,0
185,185_D1,76,6,0.9962463938635906,0.2614810501238996,0.2939768299957962,0.0911993268030774,0.1442539440421098,0.967456437608204,0.965893134949594,1143.0,540.0,56.0,0
185,185_D1,77,6,0.9971150427913248,0.2434530259362817,0.2188103699437691,0.0579976459882728,0.0719526238460311,0.971245570744234,0.9777157238826067,1216.0,390.0,11.0,0
185,185_D1,78,6,0.998404620776722,0.5413434511168843,0.542841649069198,0.4073886005466609,0.4350914733410037,0.920612715855316,0.9327119828263624,1082.0,540.0,56.0,0
185,185_D1,79,6,0.983536878485869,0.3547633137467249,0.3376502207782651,0.0268595602377455,0.1015516332856829,0.9359194132248287,0.9510628939601612,1005.0,486.0,45.0,0
185,185_D1,80,6,0.9958644648836166,0.7947359633615991,0.8019735470622333,0.6596089573540158,0.724423761407952,0.818492708590209,0.866676032828581,1204.0,420.0,18.0,0
185,185_D1,81,6,0.9976165452343692,0.4128902410335235,0.4345588122727934,0.1886044503662033,0.2364511103621203,0.9277876228977382,0.9263269949419976,1222.0,360.0,7.0,0
185,185_D1,82,6,0.9824847578511202,0.2026861447222741,0.2314489049281478,-0.1041460486694564,0.0236758404512669,0.985067282661044,0.9738862055102324,1177.0,368.0,9.0,1
185,185_D1,83,6,0.9949722583449984,0.5940167289156668,0.6125339036027402,0.3527936206216213,0.4432678347268207,0.8718578149976688,0.8888570671237666,1148.0,464.0,33.0,0
185,185_D1,84,6,0.9838150505120822,0.3901345001233573,0.4082671270094922,0.0512546874749035,0.1523679942967782,0.9224440940465002,0.9241847193158323,1207.0,400.0,16.0,0
185,185_D1,85,6,0.9799528792306198,0.5125690367339739,0.4773986496204973,0.1623611513016,0.2390097436100143,0.8632966525195411,0.9106282807809264,1188.0,450.0,30.0,0
185,185_D1,86,6,0.996345923583648,0.4271229178853495,0.4881367324681375,0.2288264857176166,0.3622449677507884,0.9340979161618952,0.940953568803074,1176.0,430.0,21.0,0
185,185_D1,87,6,0.984462426795024,0.1120525443122435,0.0724127345581123,-0.2374740346623776,-0.2230880530621892,1.0226075054668216,1.0236379410080785,1194.0,430.0,24.0,1
185,185_D1,88,6,0.9732206896245608,0.488167412393537,0.5708315176609926,0.0783914293029911,0.3465584095774964,0.8759257134468784,0.8733942661408189,1176.0,398.0,14.0,0
185,185_D1,89,6,0.9954939157233588,0.2890468947416057,0.2778387608833761,0.1114620855927685,0.1094453439586542,0.9648747270984368,0.9678345646851556,1214.0,380.0,10.0,1
185,185_D1,90,6,0.9953820924733328,0.3191339297547446,0.2750338855762637,0.1202437237021537,0.1385322621604323,0.9583963600755528,0.9708250527516292,1095.0,490.0,39.0,0
185,185_D1,91,6,0.9960718112927358,0.4279425619599656,0.4078244065772928,0.1564875643117813,0.2137316392626711,0.912774455288726,0.9322945392585889,1142.0,657.0,7.0,0
185,185_D1,92,6,0.995503565102218,0.2031092850307933,0.2360858489714643,-0.0272174867613393,0.041249644453275,0.9785545380976358,0.9706754004670248,1171.0,420.0,19.0,0
185,185_D1,93,6,0.9957635002779222,0.2896616064400982,0.3018299794990474,0.1300151643883008,0.1664885222706393,0.9660244474117168,0.9664537670806062,1153.0,510.0,47.0,0
185,185_D1,94,6,0.9969204374264156,0.4991690224036745,0.5850556957504687,0.2941622225029036,0.4250337847942878,0.9190518405384046,0.9108611024133542,1131.0,510.0,50.0,0
185,185_D1,95,6,0.9954635941605904,0.7804446547761918,0.7999602872976967,0.6345618632399455,0.7226921386223306,0.8050918557328599,0.8663732129758863,1171.0,420.0,18.0,0
185,185_D1,96,6,0.996095778486527,0.4100902723390053,0.4000567187472915,0.1584878617984737,0.1493629483372699,0.9143662420998772,0.9221761522798322,1208.0,400.0,13.0,1
185,185_D1,97,6,0.980607472380547,0.3462375742678262,0.3321952504666775,0.0252984739691065,0.1031408045536543,0.9376194349773196,0.9496408712578432,1221.0,370.0,8.0,0
185,185_D1,98,6,0.9931814413143596,0.3764416977912057,0.3917234211286994,0.0444518004444944,0.0950467275913023,0.9288216589942456,0.9285463121347493,1169.0,410.0,18.0,0
185,185_D1,99,6,0.9837432081618512,0.5235745266930116,0.5212712859421978,0.1598278846036645,0.2875646068986889,0.8630335660762438,0.8919757357995697,1162.0,440.0,23.0,0
185,185_D1,100,6,0.9938154616139648,0.566751999781307,0.5733227593668159,0.2895115330479219,0.3830134137676789,0.8672694793199942,0.8884621472156309,1118.0,461.0,32.0,0
185,185_D1,101,6,0.9940498921174874,0.3145277202232062,0.4003495320770349,0.1033180760619527,0.2668250714912221,0.9554141296370922,0.9469215684394918,1193.0,440.0,26.0,0
185,185_D1,102,6,0.9638586257540862,0.0307084901862534,-0.0112440669735531,-0.3080727990879106,-0.2335821530935095,1.0510770471211792,1.0283027829207945,1199.0,420.0,21.0,1
185,185_D1,103,6,0.9870645586946576,0.4867175714440988,0.4631578339741038,0.1302550063202608,0.2268168418466586,0.880323156703954,0.9065740588385824,1184.0,460.0,29.0,0
185,185_D1,104,6,0.9781306997746436,0.1411270519121465,0.1227557151417687,-0.1724334964227365,-0.1056069659012291,1.0050597120605462,0.9985789663915732,1204.0,400.0,14.0,1
185,185_D1,105,6,0.9923394020596056,0.4975660611321514,0.472480875457562,0.1462340115638865,0.1572533881492284,0.8766838299467277,0.8870837136124082,1122.0,415.0,21.0,0
185,185_D1,106,6,0.977024658491276,0.2007462756302528,0.2427023479957759,-0.2160634337563117,-0.0389791424341605,1.0003488404490732,0.973632417258688,1195.0,430.0,19.0,1
185,185_D1,107,6,0.9867101319473855,0.2144891275747788,0.1499879446358482,-0.0480446931239199,0.0258465201326272,0.978154885846382,0.989350949992554,1176.0,460.0,33.0,1
185,185_D1,108,6,0.9980576718696488,0.5613711863068265,0.5667069745064823,0.388508695962281,0.4255374568538657,0.8983737881660192,0.9113385897598972,1216.0,390.0,12.0,0
185,185_D1,109,6,0.983940521946266,0.4626692503182017,0.4584624015497316,0.102584984537791,0.2016798764541744,0.8936062283754211,0.908178498300299,1200.0,410.0,18.0,0
185,185_D1,110,6,0.994344246300368,0.3276415018471949,0.2967397819732105,0.1363083451404936,0.155888293350474,0.9535659639432108,0.966441362668818,1143.0,530.0,58.0,0
185,185_D1,111,6,0.9910090106895064,0.5690606582919949,0.5490400946686604,0.2392114767003843,0.3324208509614234,0.8530242526434999,0.8848378022767671,1201.0,420.0,18.0,0
185,185_D1,112,6,0.9967470233907186,0.4310382726733714,0.5526033617818282,0.2384889790094992,0.4268323788133109,0.9249908730228458,0.9188375028169607,1138.0,520.0,49.0,0
185,185_D1,113,6,0.9926630373810208,0.8180732196187332,0.8364629868046654,0.6604295590959945,0.7510772034385992,0.7560112489719156,0.8200124624298665,1147.0,430.0,22.0,0
185,185_D1,114,6,0.9973920771846704,0.3900161939116931,0.399086607621167,0.1535159659901105,0.1945945138464588,0.9308609507245196,0.9292154558370038,1214.0,380.0,10.0,0
185,185_D1,115,6,0.983516628662398,0.3123243348023475,0.3401344604418023,-0.0633891032075786,0.1214440857450687,0.9511008369786008,0.9457373749579158,1172.0,389.0,11.0,0
185,185_D1,116,6,0.9949591747685328,0.3195824994339618,0.3347013183299749,0.024613931750585,0.0914560469583541,0.948422133031225,0.9460440282411732,1152.0,420.0,18.0,0
185,185_D1,117,6,0.9968978499892313,0.4206227243328608,0.4173942026911322,0.1471776438670336,0.2810759625860549,0.9382577364088932,0.9418577223302712,1186.0,420.0,19.0,0
185,185_D1,118,6,0.9880777772934276,0.4591390572528502,0.4234735575449064,0.0911390780741521,0.1509097590574722,0.890152761069737,0.9163482610956024,1159.0,430.0,23.0,0
185,185_D1,119,6,0.994155673319862,0.5402982483799521,0.5787714044568374,0.3377839373289807,0.4149617155343532,0.8760469077285151,0.8957613402509822,1175.0,470.0,34.0,0
185,185_D1,120,6,0.9871487271455902,0.3607081852268624,0.4473134347582008,0.0228468465204226,0.2237224828727116,0.9332625812969824,0.9080969914642756,1186.0,380.0,9.0,0
185,185_D1,121,6,0.9905226672432832,0.304150287407498,0.3388654452903685,0.026397502691112,0.1490635057731306,0.9564827733999206,0.9477073619876528,1183.0,380.0,10.0,0
185,185_D1,122,6,0.98698454789566,0.3363276722879486,0.325979325617331,0.0897949408157609,0.185653109115036,0.9469910503432708,0.9634973247543164,1177.0,470.0,38.0,0
185,185_D1,123,6,0.9761981687164826,0.2978336958092547,0.3030869118497701,-0.0313851296028501,0.0305397067098185,0.9647431923895876,0.960068516670413,1192.0,440.0,27.0,1
185,185_D1,124,6,0.9872111518717124,0.4449344856329558,0.4315442288031422,0.1168737954697632,0.2183380675608729,0.8996269740154386,0.9192570409595812,1204.0,430.0,20.0,0
185,185_D1,125,6,0.97859017658892,0.528251169276428,0.6296656178854108,0.2230296638125328,0.4274337557511735,0.8737146296161231,0.8582601375394108,1167.0,399.0,12.0,0
185,185_D1,126,6,0.9994273069995132,0.2991947042017268,0.2980846951621835,0.144266516737502,0.171737012273506,0.97122897066722,0.9725354221929025,1226.0,675.0,6.0,0
185,185_D1,127,6,0.9948718860378756,0.346980835772728,0.3124964060244319,0.148974560803419,0.1538202202603593,0.9582583678596464,0.9676416532458796,1143.0,520.0,56.0,0
185,185_D1,128,6,0.9881175316438988,0.444204701391871,0.4697251555839064,0.0685022040518193,0.2146617091846554,0.9065343808135342,0.909809097543629,1167.0,480.0,39.0,0
185,185_D1,129,6,0.9946297772079286,0.5262747655154836,0.5099751010909684,0.2345850454319417,0.2873519898264318,0.8794517455620612,0.9016922716355568,1207.0,410.0,14.0,0
185,185_D1,130,6,0.9701827061148324,0.3501084178363976,0.3575132063297854,-0.07848499387821,0.0557365121055851,0.941388230453384,0.935130213963328,1183.0,450.0,27.0,1
185,185_D1,131,6,0.9955854926269236,0.5048128358752815,0.5781550731209824,0.3054482267065729,0.4356685427254279,0.9067866446850515,0.9077025795706726,1134.0,520.0,57.0,0
185,185_D1,132,6,0.99603694698499,0.8065290184084828,0.798849109782507,0.6751361545821901,0.720625228725574,0.806718699999923,0.8684952943227102,1170.0,440.0,22.0,0
185,185_D1,133,6,0.9832085995432348,0.2996687930597304,0.3226952246304073,-0.0483107515562819,0.1075451257766665,0.9622831329563593,0.9481032381228,1191.0,389.0,13.0,0
185,185_D1,134,6,0.9984688668001882,0.3260354965523109,0.3199815319403823,0.1200122239248991,0.1623465397662729,0.9522532637293846,0.959981079973962,1232.0,675.0,5.0,0
185,185_D1,135,6,0.9888361412255702,0.6102432889164784,0.641132497212455,0.3050498402054652,0.4639468658628235,0.8332304567613615,0.8672730182192547,1198.0,400.0,12.0,0
185,185_D1,136,6,0.996322924905495,0.3397304730059775,0.3411690457608713,0.067538189825955,0.1048026561864018,0.9433471809466024,0.9480263249901996,1174.0,380.0,10.0,0
185,185_D1,137,6,0.9935860609983934,0.5449821558037897,0.5444568539877653,0.2897054942716988,0.361817607743034,0.8869275273894428,0.9023745329269784,1190.0,460.0,28.0,0
185,185_D1,138,6,0.9948767971613066,0.4750433106491301,0.4632212348384539,0.2077091656250391,0.282705510418021,0.921547987367981,0.9324483065444208,1191.0,450.0,25.0,0
185,185_D1,139,6,0.9543039386072604,0.0967506556559633,0.1545380667836116,-0.545801241956563,-0.3693961168771275,1.1801868152917172,1.062796030615631,1191.0,440.0,23.0,1
185,185_D1,140,6,0.9921830827004596,0.3072571542166682,0.3897587679317594,-0.0003197897494385,0.1444876023605355,0.9531968722642624,0.9326927490615752,1221.0,370.0,8.0,0
185,185_D1,141,6,0.9895512652758038,0.4540057777123052,0.4361812998841211,0.1464601177844959,0.2289520713682999,0.902858542172558,0.9243557603686128,1166.0,420.0,19.0,0
185,185_D1,142,6,0.9804646396592148,0.2382015204602826,0.2540652645402156,-0.0873772371680927,0.0790199432479952,0.974764836117032,0.972304562519814,1159.0,510.0,43.0,1
185,185_D1,143,6,0.987265315012472,0.134478806109528,0.1589397059071092,-0.1773910801668181,-0.1082584002483303,1.003968877900084,0.9914646643356136,1198.0,420.0,23.0,1
185,185_D1,144,6,0.988897571521974,0.4799101190292283,0.4940080936329629,0.2074556529948534,0.2957144811109149,0.8967655803060139,0.908796852822194,1183.0,662.0,6.0,0
185,185_D1,145,6,0.9906250449430898,0.3765866514085341,0.3569280939250045,0.0393356361244274,0.1283738979136531,0.9221172416323618,0.937555249111972,1208.0,420.0,18.0,0
185,185_D1,146,6,0.9812772016232344,0.096425114324695,-0.0276725597164916,-0.1339960132852902,-0.2389551802407385,1.0033186228796884,1.0282708580462434,1188.0,440.0,27.0,0
185,185_D1,147,6,0.9911426167437708,0.3662498543726792,0.3591180824425774,0.0111703145815527,0.0993919340867526,0.9307268453063476,0.9378759516480052,1207.0,420.0,18.0,0
185,185_D1,148,6,0.9871874964456776,0.385169469708745,0.3866694778129691,0.0492506223092569,0.1378744803345963,0.9245087959514704,0.9279455986161744,1188.0,390.0,13.0,0
185,185_D1,149,6,0.9735127671179672,0.0600570418374273,0.0882079642925853,-0.2392739814786373,-0.1516971736582946,1.028532187581781,1.0102868762114667,1004.0,462.0,36.0,1
185,185_D1,150,6,0.9929042643232832,0.5312968423187112,0.5342617065960285,0.2159339832248161,0.2928436411297624,0.8675261965464317,0.8839314651149817,1197.0,420.0,20.0,0
185,185_D1,151,6,0.9963704773406994,0.5593021102182291,0.6243110154858658,0.3873035423056787,0.5148671596927619,0.8977149471597266,0.9096877630158576,1135.0,510.0,51.0,0
185,185_D1,152,6,0.976273890885266,0.4396123037470146,0.4184172194505545,0.014552646040505,0.164010149993539,0.9017018836523228,0.908552236127204,1044.0,509.0,46.0,0
185,185_D1,153,6,0.9970162748365508,0.7735732552923458,0.7791854472558102,0.6522077421819007,0.7063135698271389,0.8345697449557933,0.8909160380451145,1175.0,410.0,15.0,0
185,185_D1,154,6,0.9975577642463014,0.3483406744993984,0.3673365803116573,0.1294406299226746,0.1832114020945264,0.9407440553048928,0.9408995543098422,1221.0,360.0,7.0,0
185,185_D1,155,6,0.9821629646684598,0.3448018617353097,0.3379998452640935,0.0106227609103161,0.1234818858989764,0.9386987445817728,0.948116988389992,1181.0,380.0,11.0,0
185,185_D1,156,6,0.9955312792179548,0.4628554282962037,0.462060181621533,0.1708389521635762,0.2060196670460998,0.8998687290589782,0.9060551299408248,1179.0,390.0,14.0,0
185,185_D1,157,6,0.987435795211128,0.6565669133173386,0.6372006709407063,0.3184579386973488,0.4092034974560242,0.8078326940957439,0.85562551829191,1157.0,450.0,28.0,0
185,185_D1,158,6,0.9921676206904828,0.6029552370825242,0.6478907939497016,0.3832397199002484,0.4992636439388495,0.8650444652759427,0.8796233951110864,1125.0,472.0,35.0,0
185,185_D1,159,6,0.9961199494753578,0.474691613770832,0.473882413350556,0.2670697566774617,0.3085095976540521,0.9198432376320927,0.928363071046272,1170.0,430.0,20.0,0
185,185_D1,160,6,0.98715292839917,0.4706157619551105,0.4790375844317316,0.1082894777246112,0.2409743234185447,0.8885269046592024,0.9020327463155012,1195.0,430.0,23.0,0
185,185_D1,161,6,0.9795400969781044,0.3519385311929399,0.305489773604969,0.0497479897261218,0.161551937656558,0.941300042845752,0.963853482642126,1168.0,480.0,36.0,0
185,185_D1,162,6,0.987747518702851,0.3130952996451999,0.3687415503862004,0.0613179509387193,0.1993787769882614,0.9520025671565728,0.9477578295791318,1218.0,380.0,9.0,0
185,185_D1,163,6,0.9949648054052428,0.4273950839257813,0.4401979231020126,0.1153682202761401,0.2280044760163613,0.9106833498164304,0.9197688097786748,1121.0,389.0,16.0,0
185,185_D1,164,6,0.9829817777209404,0.4778415657269467,0.5430455039533073,0.1384640079371355,0.2834234232235672,0.8866382131328638,0.8747342877094324,1181.0,380.0,9.0,0
185,185_D1,165,6,0.9956440168768677,0.1771410067218382,0.1771333654831485,-0.1006410238544399,-0.0131516717255386,0.9902673436249568,0.9888417357303568,1216.0,390.0,12.0,1
185,185_D1,166,6,0.9946489463159502,0.1575987269065876,0.154673167843099,-0.1058479805948243,-0.0395945786640846,0.9900710743496604,0.9869499537912528,1185.0,400.0,14.0,1
185,185_D1,167,6,0.9936026310032852,0.289997805404667,0.2855646235049883,0.0981693258173093,0.0990124233151574,0.9612770107206092,0.964339415142665,1152.0,500.0,48.0,0
185,185_D1,168,6,0.9968511597996916,0.5363567010171791,0.5387025380501829,0.2952215754500337,0.3357605019314367,0.8862294247104361,0.90097458880355,1217.0,380.0,11.0,0
185,185_D1,169,6,0.9970261829075928,0.4321139998527739,0.5329510304314904,0.2597680030085786,0.4568304918918363,0.9254835048390716,0.917598381572564,1145.0,500.0,46.0,0
185,185_D1,170,6,0.9813924579865746,0.4518393876808999,0.4761565476012546,0.1659480325233352,0.2657488430885644,0.8957576599288802,0.9242814749142652,1043.0,489.0,41.0,0
185,185_D1,171,6,0.9953991667734526,0.7590505571624693,0.7852387455033317,0.6097749559290488,0.7003875390641588,0.8025914862688317,0.8736965713277642,1169.0,420.0,18.0,0
185,185_D1,172,6,0.9926015711138988,0.5364341532835655,0.5758579538129431,0.3017873207845009,0.4290519318681717,0.8815186927361475,0.9056255710681298,1207.0,675.0,6.0,0
185,185_D1,173,6,0.997647629419368,0.3593912716982737,0.3446651920436496,0.1340337128131105,0.1517396723196045,0.936079767281254,0.9456182086869556,1220.0,360.0,8.0,0
185,185_D1,174,6,0.9855358498467828,0.3103411767229855,0.2541317314331319,-0.0725730539781445,0.0117786033924291,0.977260885534578,0.9723932625601488,1188.0,400.0,13.0,1
185,185_D1,175,6,0.9936126746328844,0.3762693981096259,0.4059491073831044,0.0308487409383246,0.146241076872014,0.9277213014789064,0.92416897624575,1169.0,430.0,21.0,0
185,185_D1,176,6,0.9921247785046394,0.5247154540220555,0.5547253003880608,0.254399705527423,0.3592637867180956,0.8860868182237648,0.8925820779277909,1183.0,460.0,31.0,0
185,185_D1,177,6,0.9935140749925836,0.5411483181262192,0.5449163826285812,0.2673825750872888,0.355075292554431,0.8740991622334973,0.8971801500734697,1167.0,490.0,37.0,0
185,185_D1,178,6,0.988353928539699,0.5100634932207735,0.4848962579885696,0.1987090835358836,0.2625038198145812,0.8744689140943618,0.9069136566079696,1171.0,420.0,20.0,0
185,185_D1,179,6,0.9900859055364442,0.5062896428769912,0.5004242190395384,0.1970272393091292,0.3006402741693406,0.8796626779358108,0.9089011407259951,1199.0,430.0,20.0,0
185,185_D1,180,6,0.9893310855754917,0.2689527540872403,0.4012787769037377,-0.0300726731640811,0.2029641748223402,0.9637938331540616,0.9355936633341368,1159.0,460.0,32.0,0
185,185_D1,181,6,0.9933721239870216,0.4017287034361685,0.4745757906564604,0.163847094705172,0.3264003263510991,0.9316240227274888,0.9310938835418394,1181.0,662.0,6.0,0
185,185_D1,182,6,0.9946581488721724,0.2402439934471122,0.289169634144746,0.0461859815649432,0.1312990686506904,0.9700816498908912,0.965479721316771,1133.0,530.0,57.0,0
185,185_D1,183,6,0.983839220443952,0.5076294305617981,0.4755621190156361,0.139304720008665,0.2454680502595322,0.8670744610819832,0.9014759566933732,1184.0,420.0,21.0,0
185,185_D1,184,6,0.99644097968098,0.5375928527280289,0.545948095431569,0.360903322537365,0.3975915145677666,0.901188480033838,0.9131163145989312,1163.0,386.0,13.0,0
185,185_D1,185,6,0.9944312260616408,0.4505373165356254,0.4263415242624394,0.1580684745176847,0.2164378926778438,0.9051864836178596,0.9258596483209808,1173.0,390.0,14.0,0
185,185_D1,186,6,0.993163776132924,0.2790746102673819,0.2908900554614961,0.0298784158015703,0.1321221928043199,0.9600280993241744,0.962105877923135,1221.0,370.0,8.0,0
185,185_D1,187,6,0.9958115999673196,0.5292790604604019,0.6162038412383674,0.3461589801219834,0.496294583038597,0.90381811204822,0.913319380971388,1124.0,531.0,60.0,0
185,185_D1,188,6,0.9946908936108736,0.8184910987222727,0.8219981492995754,0.6916134430085097,0.7541448434624429,0.7954555247998284,0.8614797971255621,1156.0,430.0,22.0,0
185,185_D1,189,6,0.9977699579299042,0.4644214485089488,0.4585312359536672,0.2192932684280186,0.239758095079198,0.9093107850992854,0.9164441190560098,1214.0,380.0,10.0,0
185,185_D1,190,6,0.9790022720317768,0.395588629212224,0.4333955417685419,-0.0283616875204894,0.1877910974654539,0.9269218767908626,0.9197091415579846,1194.0,380.0,12.0,0
185,185_D1,191,6,0.992360750834763,0.3923434277614727,0.3999512115904828,0.0064263915515502,0.103973118487454,0.925851572704497,0.9247582233322648,1154.0,430.0,22.0,0
185,185_D1,192,6,0.9932315289772472,0.5993566155328115,0.6237759851770941,0.3510100317565116,0.437472237605329,0.8451515115072301,0.8641587102065021,1164.0,480.0,36.0,0
185,185_D1,193,6,0.9955344527076958,0.4637852355826369,0.5168511107159306,0.2073322608544853,0.3180549157579436,0.9187384077254966,0.9228829117894012,1190.0,440.0,25.0,0
185,185_D1,194,6,0.9885407767852226,0.595705654368085,0.572429247648379,0.2859238720312616,0.361964444285768,0.8491868117319099,0.8953153007586826,1160.0,440.0,23.0,0
185,185_D1,195,6,0.9790583273659296,0.3020762629382076,0.253714069508866,0.0286727676553049,0.1136569373650466,0.953621902536602,0.9740181866721926,1158.0,500.0,43.0,0
185,185_D1,196,6,0.985445635792843,0.5049307372681164,0.5039127592816736,0.1396954512645529,0.2770495558719886,0.8753828049441053,0.9002747834818869,1194.0,440.0,24.0,0
185,185_D1,197,6,0.9851681157448792,0.2277479617751554,0.2305692680214343,-0.0767968551550938,-0.1734802129073644,0.9988610431256582,1.006593930285716,1130.0,460.0,31.0,0
185,185_D1,198,6,0.99019579020555,0.4849315120898378,0.5192261405425262,0.2820650836485747,0.3546043606388507,0.9120933027653796,0.9104096362703588,1182.0,360.0,6.0,0
185,185_D1,199,6,0.9952419477936476,0.4400161121879909,0.4021647387382807,0.26947845499042,0.2546484197603624,0.932605186208302,0.9479846623221676,1144.0,530.0,56.0,1
54,54_D1,1,120,0.9947314064174012,0.3665492519229881,0.3666885564271676,0.1188326666128147,0.1846449040905024,0.9382826058560686,0.9473570774209056,1087.0,610.0,96.0,0
54,54_D1,2,120,0.9946456415122424,0.6950896078910975,0.6919949763811715,0.4673672477593716,0.5321168753395731,0.8210819260941324,0.8510250944402429,1028.0,680.0,141.0,0
54,54_D1,3,120,0.9921389543970316,0.339934845013447,0.3137527740154786,0.040265406590898,0.0912654501200785,0.9432806160551374,0.9537555731378212,1031.0,670.0,138.0,0
54,54_D1,4,120,0.9942418001334036,0.2576206486444719,0.2771417377957155,0.0295134097688282,0.095385783807679,0.9665494475134724,0.9653105901885672,1041.0,660.0,127.0,0
54,54_D1,5,120,0.9950405478172246,0.3519030175613702,0.3047636787299274,0.1571718290065424,0.1431090884521821,0.9475860808071104,0.9590200290269234,1106.0,570.0,81.0,1
54,54_D1,6,120,0.9892398270944306,0.2007492900777959,0.2033620918750978,-0.1233784440582543,-0.0405429726880696,0.9847771561988437,0.9795781973592116,1064.0,630.0,113.0,1
54,54_D1,7,120,0.995280788014564,0.3012156017559692,0.2680311823690458,0.128109327100254,0.1136570708303389,0.9628882574858696,0.9722194853200006,1146.0,500.0,46.0,1
54,54_D1,8,120,0.992026213521528,0.1844403588194974,0.1312063404397263,-0.0790736104965301,-0.0834738480259723,0.9854133664118636,0.9945187618770572,1153.0,500.0,49.0,0
54,54_D1,9,120,0.9935495719887942,0.0029402665905062,-0.0442913418695138,-0.2297685883875203,-0.2438650257227164,1.025184328150168,1.029331987474591,1084.0,610.0,108.0,0
54,54_D1,10,120,0.9949979019444604,0.3064549345202706,0.299441088475903,0.0741564101709809,0.1031132687126956,0.9555128514768356,0.9599716916480108,1076.0,650.0,96.0,0
54,54_D1,11,120,0.9936425486144168,0.3268601246595977,0.338999537099067,0.1244849963541359,0.1421826394904915,0.9536109103820162,0.9502184087247536,1129.0,540.0,65.0,0
54,54_D1,12,120,0.9946459036194428,0.323642380453558,0.2922411456296074,0.12999857800038,0.1224668012060488,0.953980638735862,0.964543704845131,1123.0,560.0,72.0,1
54,54_D1,13,120,0.992474490371588,0.3325603091320612,0.3125621709485782,0.0798721964080637,0.0992686921348075,0.9460693581226666,0.9524865839955354,1129.0,550.0,64.0,0
54,54_D1,14,120,0.9945379592992272,0.2688777162430279,0.2376656147904759,0.0514906919287757,0.0455257940059942,0.9654302530120572,0.972659937536898,1179.0,470.0,37.0,1
54,54_D1,15,120,0.993745698299752,0.3506267649091749,0.3428216691509488,0.1187984486954698,0.1606612447683659,0.9443351663217442,0.9544624501692192,1097.0,580.0,90.0,0
54,54_D1,16,120,0.9943225155975904,0.2161774235756103,0.1920372442938538,0.0182939840153002,0.0314382922764723,0.9765267049526836,0.9822461173895584,1162.0,490.0,45.0,0
54,54_D1,17,120,0.993913467256652,0.1938769128133182,0.1675459318944621,-0.010200450940679,-0.0142882822103791,0.9824045275104318,0.9861506667705916,1146.0,520.0,55.0,0
54,54_D1,18,120,0.9919045030252234,0.4697770708321458,0.4484110973168771,0.1982013842181612,0.2380648977184837,0.9006432048390016,0.9190475764499048,1091.0,610.0,93.0,0
54,54_D1,19,120,0.996681672588976,0.1396351992863309,0.0992100045059149,0.0080901534442773,-0.0265380163365227,0.9906335330605884,0.9954404669300352,1191.0,450.0,26.0,0
54,54_D1,20,120,0.9905916372903838,0.2262902377139953,0.160383862600446,-0.0626494562884849,-0.068656692959295,0.976439260444628,0.989844005145101,1086.0,590.0,97.0,0
54,54_D1,21,120,0.9933098381787502,0.1277085046998118,0.0440034178852752,-0.0929449698745878,-0.1310442168669848,0.995910304592124,1.0067326010764217,1088.0,620.0,91.0,0
54,54_D1,22,120,0.99126294854985,0.1992103703035784,0.1701400966499644,-0.0454788122152752,-0.0593508376152176,0.9810483911095828,0.987972590157772,1122.0,562.0,69.0,0
54,54_D2,1,120,0.9908881276184688,0.3024249935424985,0.2936787915254986,-0.006680624897996,0.0350168130260016,0.9533373240960832,0.9605344985644472,1068.0,630.0,110.0,0
54,54_D2,2,120,0.9962111702154072,0.1741807704110792,0.1613876080090975,0.0071727716937465,0.0171839554723909,0.9855967838407294,0.9871775277364536,1187.0,450.0,26.0,0
54,54_D2,3,120,0.9910834772829896,0.4210934431280048,0.3744036330711467,0.1255482521508941,0.155352657438854,0.9165520663330302,0.9365481667059444,1140.0,550.0,60.0,0
54,54_D2,4,120,0.9953393108073788,0.1893617754997491,0.1674472602071546,0.0401481002723798,0.0123682669489102,0.9830680370369076,0.9860801269627928,1160.0,500.0,47.0,1
54,54_D2,5,120,0.993974740446142,0.2914065921378183,0.2802695264628692,0.0763872961309747,0.106368306636201,0.9613706199594344,0.9654248506095336,1101.0,580.0,84.0,0
54,54_D2,6,120,0.9918612047853482,0.2968622260597432,0.265442269138699,0.0102502584278116,0.0445360597188528,0.9560259010954,0.9650983777027666,1103.0,550.0,65.0,0
54,54_D2,7,120,0.993637990872748,0.247173765358609,0.2182295852254204,0.0384694099925671,0.039144476954876,0.970832909355268,0.977807871669792,1169.0,490.0,40.0,0
54,54_D2,8,120,0.9910859118310408,0.1583232972135317,0.1256812074505388,-0.0981721819815181,-0.1032564756790476,0.9927500351824656,0.9974527339482318,1075.0,610.0,107.0,0
54,54_D2,9,120,0.9930075690915164,0.230880583715481,0.2193148602755384,0.008523825614921,0.0386620376470455,0.9738860805734504,0.977313140965395,1146.0,520.0,48.0,0
54,54_D2,10,120,0.993243056123234,0.2990013021828178,0.2624565526523539,0.0503857355965026,0.0582744161091802,0.9559543255162574,0.9661995380363848,1184.0,450.0,29.0,0
54,54_D2,11,120,0.990118406684556,0.2817404703384463,0.236944192412173,0.0225599886974181,0.0162928001965273,0.9609175343863394,0.9725612364707552,1153.0,510.0,51.0,1
54,54_D2,12,120,0.9938419593241876,0.1681691745049439,0.1525896305265545,-0.0505580990173044,-0.0344021485291961,0.986719209461527,0.9885594113179554,1111.0,600.0,71.0,1
54,54_D2,13,120,0.9944287973070598,0.1357267944816581,0.0951235641992451,-0.0489130827327748,-0.0675567469997617,0.991996122250731,0.9976629233879264,1156.0,500.0,47.0,0
54,54_D2,14,120,0.9937703865989346,0.2156106906083559,0.1814653048784398,0.0074471046480865,-0.0062212472524327,0.9767594760784332,0.9835997654836,1159.0,510.0,47.0,1
54,54_D2,15,120,0.9936210454630552,0.1543856703451464,0.1106858855989911,-0.074234195932702,-0.1008609022621344,0.9919292773242238,0.9988318404494608,1147.0,530.0,52.0,0
54,54_D2,16,120,0.995233309492117,0.140798078900118,0.1444064998623928,-0.008635664463312,0.0034410448582702,0.990126374457748,0.9895355095700332,1192.0,450.0,28.0,1
54,54_D2,17,120,0.9945174825162818,0.1776921583741566,0.1529602465376474,-0.0172719465264197,-0.0205187685828365,0.98439571475611,0.988341618389071,1171.0,480.0,40.0,0
54,54_D2,18,120,0.9951374528497772,0.2497812331730215,0.2184246562038819,0.0539715017822548,0.034252587177068,0.9707086197514928,0.9779078965389962,1139.0,450.0,27.0,1
54,54_D2,19,120,0.994306884017142,0.3537147299489143,0.3266511722313442,0.1368488954849827,0.1262091405257697,0.9442680526481572,0.9548824855743216,1147.0,540.0,53.0,1
54,54_D2,20,120,0.9938209007495844,0.1781923232072813,0.1358611597503727,-0.0579104705693277,-0.0691719187580632,0.985170456129646,0.9932728931352984,1132.0,540.0,63.0,0
54,54_D2,21,120,0.993211646425093,0.1898733511658339,0.1512781330334877,-0.0426305870408598,-0.02714467252335,0.9834332468293284,0.9892498745512188,1080.0,630.0,101.0,1
54,54_D2,22,120,0.9936595754819688,0.2586943046249679,0.2355973721321721,0.0485742401826566,0.0373548702089373,0.968536572980569,0.973414559061003,1157.0,510.0,48.0,1
54,54_D2,23,120,0.9954808083804412,0.1848055622352708,0.1386713240886992,0.0110309179532848,-0.0144775230814268,0.9833709206587248,0.9906741295857447,1175.0,470.0,32.0,0
54,54_D2,24,120,0.9957759659415072,0.2840244037989382,0.243720171896674,0.1060225800837969,0.0799011990268548,0.9672118056912422,0.9727081031831484,1172.0,480.0,35.0,1
54,54_D2,25,120,0.9931439453733476,0.2819512164689121,0.2415172520921203,0.0546626076430036,0.027916384686838,0.9613891544153236,0.971972919283546,1161.0,510.0,47.0,1
54,54_D2,26,120,0.9917791123174272,0.3209832345683788,0.2571282615886565,0.0501401511035971,0.0385461951503123,0.9491940807507662,0.9671234768402104,1122.0,560.0,67.0,1
54,54_D3,1,71,0.9956421276721006,0.4239018374793554,0.4194836743241769,0.1943273812809538,0.2334245522748939,0.9253434960271542,0.9388705853164288,1041.0,650.0,129.0,0
54,54_D3,2,71,0.9932943105999232,0.1875206715056962,0.1695923187366391,-0.0593376206466867,-0.0320248057943414,0.98395904246903,0.9860688587414674,1010.0,690.0,151.0,1
54,54_D3,3,71,0.9892507774516668,0.2058278387573802,0.1573574676690793,-0.0804151264074856,-0.0699858731894302,0.981379356856488,0.990810627218485,1092.0,600.0,93.0,1
54,54_D3,4,71,0.9911567774536316,0.4092946593044813,0.4094402450823604,0.1144680234039733,0.1731957026240278,0.9220432869043524,0.9287956372857172,1091.0,620.0,91.0,0
54,54_D3,5,71,0.9916596983353994,0.3783049847845511,0.3501220051555855,0.089863531596208,0.1234903699900165,0.93100652375927,0.9448272281970568,1109.0,580.0,79.0,0
54,54_D3,6,71,0.9946535160999168,0.197946071670236,0.1685049366493369,0.0276254690709253,0.0206563905618969,0.9809466867851858,0.9859498664166104,1187.0,450.0,29.0,1
54,54_D3,7,71,0.9918667275425124,0.1641842660673679,0.167668376263294,-0.1153622760254847,-0.0547786864008067,0.9914831414088152,0.9870867771736986,1047.0,690.0,119.0,1
54,54_D3,8,71,0.9968560242989226,0.1775115559205803,0.1768322477371896,0.0390440386906308,0.0543178030334789,0.9847270882846588,0.9866757914833276,1184.0,450.0,25.0,0
54,54_D3,9,71,0.9902148415246356,0.2395687752464214,0.1986412215596601,-0.0667175916215863,-0.0333202901787443,0.97407278724872,0.9806100009645744,1087.0,590.0,97.0,1
54,54_D3,10,71,0.991793092132742,0.1053434696640194,0.0671137393236074,-0.1078311735634358,-0.1166739897230987,1.00047199538276,1.0050373390387417,1120.0,560.0,71.0,0
54,54_D3,11,71,0.9924501356928148,0.0184312095500052,-0.0114020040417553,-0.2351719084173691,-0.217986537948622,1.028386723364869,1.0245180264368037,1046.0,650.0,125.0,1
54,54_D3,12,71,0.9942106072891772,0.1285449734389745,0.148284359033411,-0.0587498716711118,-0.0276236070612769,0.993197054730091,0.9893223053572384,1060.0,650.0,116.0,1
54,54_D3,13,71,0.9933626704577811,0.1841567592657027,0.1539040419957915,-0.0171184077534191,-0.0196900556108004,0.9844357254927198,0.9882082940378946,1163.0,512.0,43.0,0
54,54_D3,14,71,0.9943546687876328,0.2110864327157657,0.1661604972497828,-0.0051849494790094,-0.0327543399398533,0.9775031116369294,0.9868471417160836,1177.0,480.0,35.0,0
54,54_D3,15,71,0.9922474971644756,0.0471329726560846,0.0224134556674046,-0.1689946824509307,-0.1682786078460676,1.0137440573313916,1.0142506481605054,1076.0,610.0,104.0,1
54,54_D3,16,71,0.9927218237380612,0.2579731694704736,0.2211054437575154,0.0331452954117067,0.0276163337391977,0.9669823281563916,0.9752522134693122,1133.0,530.0,65.0,1
54,54_D3,17,71,0.991614501923004,0.3141806100958564,0.2683425329375171,0.0838309599610136,0.0568247263673856,0.952344266861602,0.9657840467165956,1100.0,432.0,33.0,1
54,54_D3,18,71,0.9949263712673484,0.1064439511402564,0.0389715152194774,-0.0586466168904244,-0.1060795561412482,0.9956715204403264,1.004798097024945,1166.0,450.0,25.0,0
54,54_D3,19,71,0.992963611459056,0.097359842812572,0.0679579278742554,-0.1562577838294666,-0.1447939392734556,1.007078872150872,1.008018489241844,1092.0,620.0,88.0,1
54,54_D3,20,71,0.9943387103705372,0.2532690435243936,0.2218154015571499,0.0245800629740448,0.0231382672303357,0.9681807285985672,0.9758174000447398,1158.0,500.0,42.0,1
54,54_D3,21,71,0.9925582027876102,0.2946463548542509,0.2464064102338455,0.0756881148962501,0.0304708076144946,0.9595111542132688,0.971001400499101,1105.0,440.0,30.0,1
54,54_D3,22,71,0.994330570697937,0.2059112585624419,0.1847701432485879,1.5669598358367922e-06,0.0146939280337613,0.978573271908936,0.9829482336484058,1156.0,510.0,49.0,0
54,54_D3,23,71,0.9924720788821458,0.2037120777573,0.1949872259031646,0.0069691077358448,-0.0024592071050854,0.9792335851033231,0.9808700964059812,1138.0,530.0,62.0,1
54,54_D3,24,71,0.9957071572139496,0.1855787541691515,0.1364458570617854,0.0089665698306563,-0.0260720264301578,0.9832471260439218,0.9906475566015764,1187.0,460.0,29.0,0
54,54_D3,25,71,0.9925905280381137,0.2534556204684101,0.2287790917665504,0.0161568046545387,0.0296256734853291,0.968330484212196,0.9739254362485932,1139.0,530.0,60.0,0
54,54_D3,26,71,0.9941464657641004,0.2690570855133877,0.1969557766197963,0.0848473853962905,0.0374567419512888,0.9681084626882764,0.9814770044796824,1150.0,510.0,51.0,1
54,54_D3,27,71,0.9959551422145388,0.0157520140686937,-0.0917558702241836,-0.1357714477685689,-0.2151568232194639,1.0091384099272882,1.0204683834757515,1175.0,470.0,31.0,0
54,54_D5,36,20,0.9933046586850592,0.5974454095221218,0.6058269255066581,0.3315291798644002,0.4179474247854886,0.8621046953258645,0.8868085246168469,1008.0,710.0,156.0,0
54,54_D5,37,20,0.995580953656284,0.3236034608826001,0.3149216966911219,0.1250191335071493,0.1453675162038625,0.9539916707536296,0.9596490343351304,1058.0,650.0,114.0,0
54,54_D5,38,20,0.9954846031656126,0.3656613353228893,0.3616860820767939,0.1731833650913029,0.1702667333586411,0.9435531432027908,0.9465496582759062,1162.0,500.0,45.0,1
54,54_D5,39,20,0.9923079808872508,0.2063485515658722,0.1909834614782775,-0.0074279947127884,0.0271526461170272,0.97849025093558,0.98175375863504,1099.0,590.0,89.0,0
54,54_D5,40,20,0.9913228504805373,0.1592145543466174,0.1141649086712633,-0.0826814456877038,-0.0616036991642607,0.9884872049422956,0.9951924612210226,1130.0,550.0,67.0,1
54,54_D5,41,20,0.9949399766699144,0.1866165079654634,0.1507744203419693,0.0156427355847923,0.0022106245855191,0.9829654587109112,0.9885747504130702,1103.0,580.0,85.0,1
54,54_D5,42,20,0.9928678923477668,0.1458518339862272,0.1147369282038629,-0.0685514419793188,-0.0607581401653176,0.9911760935956682,0.9948734927172808,1105.0,580.0,84.0,1
54,54_D5,43,20,0.99540414628165,0.1726182392582768,0.1590417618684079,-0.0427024103268738,-0.0240857937717018,0.9865230016094216,0.9877320442801568,1047.0,650.0,130.0,1
54,54_D5,44,20,0.9963901987195802,0.0687833569684565,-0.0130119536484901,-0.0636424163885633,-0.127540020067062,0.9997941284541076,1.0080940247470545,1189.0,450.0,27.0,0
54,54_D5,45,20,0.994111114209343,0.1206506474768251,0.0726957072844628,-0.0351197553953541,-0.0897399198711487,0.9932302090199528,1.0013229586774377,1152.0,500.0,50.0,0
54,54_D5,46,20,0.9958557808564334,0.083389468414311,0.0814002206162504,-0.0521689298985914,-0.0499727220594787,0.997420715893037,0.997928447316892,1155.0,510.0,49.0,1
54,54_D5,47,20,0.9951909310161188,0.1894819021121131,0.2078110590177367,0.0525482581956902,0.0600678644695534,0.9835248651554332,0.9799524827040468,1157.0,510.0,51.0,0
54,54_D5,48,20,0.9937697430822068,0.0995646810660848,0.0968866702014477,-0.0729985797276067,-0.083083479564828,0.9974224842939854,1.000210463421899,1157.0,500.0,46.0,0
54,54_D5,49,20,0.9966722662068672,0.0096896723644171,-0.0237132890173644,-0.1066462278432576,-0.1468136399787865,1.0056980843744063,1.0106435037004564,1190.0,460.0,30.0,0
54,54_D5,50,20,0.9927637834194653,0.0795313339008898,0.0310942113110135,-0.1206839705524144,-0.1420968474557308,1.0039201548820444,1.0085719439725809,1138.0,530.0,62.0,0
54,54_D5,51,20,0.9935884612445514,0.4020079439508477,0.4217771624166581,0.1842827686732813,0.2271577843539418,0.9261727862948892,0.9313011554855696,1099.0,580.0,92.0,0
54,54_D5,52,20,0.9886727861278048,0.2375935442920704,0.2080737730995098,-0.0722049953787448,-0.0238755253495499,0.9747064517836016,0.9783541631431804,1053.0,650.0,120.0,1
54,54_D5,53,20,0.9932609500329798,0.2142045349431978,0.1897246156840719,0.0394588813717555,0.0225921327693965,0.97751591041311,0.982284125706167,1142.0,530.0,59.0,1
54,54_D5,54,20,0.9962075442858952,0.0918848584588732,0.0946163086474255,-0.0150889529697083,-0.0565556158109557,0.9959544461720492,0.9970505841662948,1177.0,460.0,31.0,0
54,54_D5,55,20,0.991537550626556,0.2307416614385675,0.2163760880717281,0.013325260780949,0.0092572612504606,0.9735839155823888,0.9771292840933808,1135.0,530.0,60.0,1
54,54_D5,56,20,0.994591040146086,0.3701135258640285,0.3727756021515622,0.1299016556786581,0.1177465668208752,0.9355165372310468,0.9382555935827728,1158.0,510.0,45.0,1
54,54_D5,57,20,0.9935888492199,0.1186144875472291,0.1197040897085199,-0.0604752369135651,-0.0735683196428506,0.9938270612189756,0.993906378835936,1166.0,480.0,38.0,0
54,54_D5,58,20,0.9951578376999728,0.1120026751294719,0.1097253945818494,-0.0457345650362641,-0.0479701080476514,0.9947175781772672,0.9956626966049896,1179.0,470.0,31.0,0
54,54_D5,59,20,0.9966431287195484,0.0312956690797494,-0.007424711330133,-0.1034178772593916,-0.1381652141853725,1.0046753982037342,1.0096546566061564,1159.0,520.0,49.0,0
54,54_D6,36,60,0.9938359505082728,0.3792285512285039,0.3785718958774482,0.1497727915571371,0.1991199087484121,0.9363666184896656,0.9475065683873588,1037.0,660.0,128.0,0
54,54_D6,37,60,0.9923550932897304,0.2237644913471961,0.2173182754735191,0.0129887397436439,0.0249604581056761,0.9748919148885083,0.976889779659584,1142.0,540.0,54.0,0
54,54_D6,38,60,0.993378589731797,0.2190613511462718,0.2203214170964336,-0.0281650680436863,0.0231132257427945,0.977336553792984,0.9760426608006256,1018.0,690.0,156.0,1
54,54_D6,39,60,0.9918114049513904,0.289405753703758,0.2681787142051309,0.0178419088213797,0.0563926068781737,0.9597685749101612,0.9648439974236726,1140.0,530.0,60.0,0
54,54_D6,40,60,0.9851204520918346,0.4885776518609458,0.4844590913740616,0.1270617650957171,0.2330540317915554,0.8811174740112898,0.8988910418925228,1070.0,620.0,110.0,0
54,54_D6,41,60,0.9915034991072214,0.2815625113272991,0.2505591694619195,-0.0733220079039811,-0.0016935625013524,0.9654245432197444,0.9688069328147002,989.0,762.0,158.0,1
54,54_D6,42,60,0.992851036472934,0.1573025163985363,0.1280751053870652,-0.1363028394346402,-0.1230533588666987,1.000827885051351,0.9988106527384628,1021.0,670.0,153.0,1
54,54_D6,43,60,0.9952403694853612,0.2862365262592554,0.2697487716678203,0.0803321059435242,0.0869386349589416,0.961317110595512,0.967984472004425,1190.0,440.0,27.0,0
54,54_D6,44,60,0.9945765036177694,0.189122987046283,0.1770244523424509,0.0109386758428654,0.0186987615260208,0.9823912261912858,0.9843449114929932,1096.0,590.0,93.0,0
54,54_D6,45,60,0.9932771863258826,0.4037489206358496,0.3964644697734399,0.1419096677041531,0.1548767355683464,0.9210861587605016,0.9288263433721194,1106.0,600.0,76.0,0
54,54_D6,46,60,0.9962805655755116,0.2218893216742861,0.1499497899623486,0.0673831672506913,0.0152993312201455,0.9773829683743492,0.9889214951026116,1181.0,450.0,30.0,1
54,54_D6,47,60,0.9953877690934494,0.3640798326913598,0.3749976169154744,0.1577048895316549,0.1843861686228116,0.9454573830766956,0.9459969565193782,1161.0,510.0,48.0,0
54,54_D6,48,60,0.9900933132390212,0.300205231141746,0.2849537135649372,-0.0267081083062934,0.0348489115526973,0.9552823876839815,0.9606655076979216,1026.0,664.0,142.0,0
54,54_D6,49,60,0.9941656836280596,0.0879224502368152,0.0211332008502655,-0.0602002564956275,-0.1225850353662874,0.9980625961337388,1.0072528805050345,1171.0,470.0,36.0,0
54,54_D6,50,60,0.9960691025895878,0.0996321858874363,0.004322086501575,-0.0532923252742072,-0.1158976013449316,0.9961332704697478,1.0067332504642743,1187.0,440.0,25.0,0
54,54_D6,51,60,0.9948226301950408,0.0602635157883907,0.0126886445921035,-0.1109501797532499,-0.1414495212224735,1.0043924752544169,1.0101211489872992,1185.0,450.0,27.0,0
54,54_D7,1,34,0.9957392146784718,0.3219744380347961,0.3345951680895067,0.1054850925697934,0.1367096780696777,0.9519481402122956,0.9535465577996918,1015.0,680.0,151.0,0
54,54_D7,2,34,0.9952020015509142,0.1702437634186318,0.1556154671486809,-0.0129597626082997,-0.0109988273964738,0.9854418292614032,0.9880023140067056,1094.0,600.0,89.0,1
54,54_D7,3,34,0.9958193354724784,0.1511030031359259,0.1299277628032459,-0.0334106885594903,-0.0553982353825704,0.988586454453856,0.992899315250168,1174.0,470.0,36.0,0
54,54_D7,4,34,0.9928097116612736,0.2455506003780063,0.2265731649807331,0.0219793611798174,0.0316309489687771,0.9707479015016572,0.975360722083227,1107.0,570.0,81.0,0
54,54_D7,5,34,0.9910811489577912,0.2492569501479009,0.246041797575439,0.0274186766502256,0.0547530716135499,0.9687543194383104,0.9711464927891272,1111.0,570.0,78.0,0
54,54_D7,6,34,0.991982171197463,0.1982228327402451,0.1668123893874936,-0.0422324686806153,-0.0206768065359728,0.98118923084832,0.98603874020723,1062.0,630.0,117.0,1
54,54_D7,7,34,0.99157810910802,0.209759428671726,0.1523891728996366,-0.0377362827867846,-0.0507410898083394,0.9782391994539988,0.9895684572679688,1113.0,570.0,77.0,0
54,54_D7,8,34,0.9929779645938924,0.1244035951729569,0.1394647576758805,-0.0459318048489017,-0.0332143328594061,0.9933086780740954,0.9909126840592344,1107.0,590.0,85.0,1
54,54_D7,9,34,0.9910793371573844,0.3613287764175033,0.3745659372455622,0.1024702565232172,0.1591705600528599,0.93785447034028,0.9386786596383068,1038.0,560.0,75.0,0
54,54_D7,10,34,0.9955427817242488,0.495390273703045,0.4670668979917737,0.2806019007617045,0.2653456530237155,0.902950874127808,0.9173103791689852,1162.0,500.0,48.0,1
54,54_D7,11,34,0.994027768872912,0.5136693674599214,0.5090026700521124,0.2822856623159513,0.3023833432773879,0.8912116265488934,0.9020786585962316,1116.0,580.0,72.0,0
54,54_D7,12,34,0.9939575721293732,0.3949957982856799,0.390526457130671,0.1756485466726413,0.1954188425799631,0.9348130738900552,0.9404292005387676,1051.0,530.0,54.0,0
54,54_D7,13,34,0.9929185159190131,0.0723369019942712,0.0427658722508556,-0.1602473370221376,-0.142414512101078,1.010843999304718,1.0095664982198196,1067.0,620.0,105.0,1
54,54_D7,14,34,0.9948563536655556,0.444275105047165,0.438682697505004,0.2638106928131312,0.2821848564162386,0.9255794283273068,0.9368714849068708,1130.0,540.0,63.0,0
54,54_D7,15,34,0.9943355706922086,0.135973600381314,0.0909119848415406,-0.0541284992940612,-0.0861550277450663,0.9930376386605448,0.9986439931279898,1151.0,510.0,53.0,0
54,54_D7,16,34,0.9925769804873464,0.108126521738763,0.0836087527081566,-0.1234777541185389,-0.1130020991350492,1.0011215898460408,1.003524763676582,1060.0,630.0,114.0,1
54,54_D7,17,34,0.9950607852070664,0.1204818411369213,0.1005954128686034,-0.0815136128216167,-0.0717947550977761,0.9956617049523746,0.997443529976926,1013.0,690.0,156.0,1
54,54_D7,18,34,0.9935505843635992,0.1210029085513141,0.1131289000375506,-0.0429492151066922,-0.0515711964148663,0.9934397584229028,0.9946640753608178,1180.0,460.0,36.0,0
54,54_D7,19,34,0.9919143940447928,0.2554419586437548,0.2723102026325522,0.0589443417293217,0.078665851564998,0.9685014742742696,0.9655900891256604,1166.0,480.0,39.0,0
54,54_D7,20,34,0.995896350884819,0.1014880873309516,0.0564778822122896,-0.0133239597780635,-0.070898543026467,0.99506349245126,1.001189470066734,1182.0,460.0,30.0,0
54,54_D7,21,34,0.9952053374550388,0.1052488469202495,0.0544128684615528,-0.0572935725039184,-0.0881076898591907,0.9968559904342704,1.0024579393738573,1149.0,510.0,51.0,0
54,54_D7,22,34,0.9941485571868688,0.6221003522763543,0.6325351259861194,0.4087846722416577,0.4521713856710587,0.8477642449877294,0.8644521384601669,1047.0,680.0,124.0,0
54,54_D7,23,34,0.9933623515816604,0.1502141334333823,0.1226970762668741,-0.0704189952913727,-0.0526277705895949,0.9911292710547074,0.9938171512266832,1094.0,610.0,90.0,1
54,54_D7,24,34,0.993859970808775,0.2955975485147621,0.277332659327982,0.0888550956653835,0.0833869306501376,0.9590011005238162,0.9647822711299092,1148.0,530.0,50.0,1
54,54_D7,25,34,0.992442290338916,0.2777480346980163,0.2907834315235066,0.0630968771904317,0.0958194649675432,0.9626811198342092,0.9623079084024446,1096.0,590.0,86.0,0
54,54_D7,26,34,0.9957211012370588,0.0755251914813637,0.0599701934273243,-0.0500197553430825,-0.0647532270970726,0.9981439799010754,1.000427630869139,1168.0,480.0,39.0,0
54,54_D7,27,34,0.99635874091994,0.22365385710412,0.2332340378812353,0.0934282024444129,0.096305137061166,0.978509251018868,0.9756074610856846,1156.0,500.0,45.0,0
54,54_D7,28,34,0.9947561140813695,0.3572028284881073,0.3141182173603626,0.1370562406922414,0.1009458334805482,0.9445322345040116,0.954247293254255,1185.0,470.0,31.0,1
54,54_D7,29,34,0.9948039837616716,0.086928349487214,0.0405595988094507,-0.0797679627092959,-0.1071030078518973,0.9995925885773898,1.0046785433260084,1148.0,520.0,51.0,0
54,54_D7,30,34,0.9873169345643956,0.5152947922402658,0.4762210456199304,0.1848492300682381,0.1917376052928543,0.8726365101832873,0.8974154512255123,1139.0,530.0,59.0,0
54,54_D8,1,30,0.9934407439091072,0.2415239013159039,0.2517533676456909,0.0137592483816293,0.0771722154744915,0.9718494871183376,0.9705227893119132,1067.0,610.0,97.0,0
54,54_D8,2,30,0.9944066731469962,0.2634112244001251,0.2710371700291439,0.0317222492619924,0.0718158742717541,0.9649995814515844,0.9659748860872276,1059.0,630.0,117.0,0
54,54_D8,3,30,0.99414498008125,0.2076599677736549,0.2038337605329113,0.0082253164694432,0.0206529906596998,0.9782890081165097,0.9793879427678068,1093.0,590.0,95.0,0
54,54_D8,4,30,0.994851457440218,0.2481810073611843,0.2300714894497563,0.0575427812889759,0.039496430696472,0.9697121428067637,0.9744188015296638,1108.0,530.0,57.0,1
54,54_D8,5,30,0.9946692351105676,0.1226428486311577,0.0840753901385296,-0.0548874181501353,-0.0578698076394634,0.9966680225832096,0.9983487374393174,1163.0,490.0,40.0,0
54,54_D8,6,30,0.995688819965326,0.27275916270763,0.268168619817996,0.0858350986193022,0.0927719614463849,0.967388077884002,0.9698194400300316,1161.0,500.0,45.0,0
54,54_D8,7,30,0.9957260095370168,0.1549656349835336,0.1398893599291493,0.0011647867016009,-0.004326335513038,0.9879033204256944,0.9903516003689344,1104.0,580.0,87.0,0
54,54_D8,8,30,0.9955665815684578,0.2056452756032508,0.152952703342258,0.0302514361993659,-0.0210889361119282,0.9792857323310784,0.9887016901987358,1158.0,490.0,41.0,1
54,54_D8,9,30,0.9938214616932332,0.0609772793604203,0.016094966933747,-0.0801239416897303,-0.1218691957550937,1.0014888042891357,1.007320800634245,1166.0,480.0,41.0,0
54,54_D8,10,30,0.9921923147323086,0.2640837924802098,0.2376114032162827,0.040200376607014,0.0391929300166275,0.9655760888908737,0.972102442850487,1098.0,590.0,91.0,1
54,54_D8,11,30,0.9915791443863224,0.1285764418552158,0.0881643110346531,-0.1519673438760744,-0.1310244345208805,1.0015407932759914,1.0046391158052554,1018.0,700.0,148.0,1
54,54_D8,12,30,0.9930056897741012,0.0837900632314926,0.0869731157400781,-0.1151161945243978,-0.1023197799775618,1.0034645773780242,1.0015015744848987,1088.0,610.0,95.0,1
54,54_D8,13,30,0.9953703135355332,0.1693783901064027,0.0857870903228714,0.0002468632592502,-0.050709943330217,0.9856414853110904,0.9979570008582648,1175.0,480.0,39.0,0
54,54_D8,14,30,0.9948779719695916,0.2291640749966008,0.185166428178021,0.0574646769265706,0.024831133460711,0.9760885477328493,0.9834706702696788,1146.0,530.0,55.0,1
54,54_D8,15,30,0.9951817464597684,0.234351926436693,0.2087296188218298,0.0670710469617679,0.0458758722209097,0.9766030526851728,0.9794012226334972,1166.0,490.0,43.0,1
54,54_D8,16,30,0.9927581908696164,0.1219833723054681,0.1246965013310957,-0.0695630072454029,-0.0545692965962808,0.9952800888650346,0.9941159962791292,1156.0,510.0,45.0,1
54,54_D8,17,30,0.9941474159329324,0.5612785324917986,0.5447117498629219,0.3390162129254092,0.3755762280651425,0.8776312673015791,0.8970172756705279,1033.0,660.0,141.0,0
54,54_D8,18,30,0.9940631064310976,0.1247290963503996,0.0729276894185843,-0.0691241133433169,-0.0926352683704009,0.9948856751276752,1.0016330474997996,1152.0,500.0,46.0,0
54,54_D8,19,30,0.996010510359274,0.0277465510188128,-0.1267451386774939,-0.1164931584466454,-0.2562521774186087,1.0064267395262871,1.025727906634797,1139.0,540.0,57.0,0
54,54_D8,20,30,0.9951182761714424,0.0618665141468093,0.0464662220341748,-0.0923446901534487,-0.115112889282666,1.0024003506689558,1.0057650554091682,1163.0,490.0,44.0,0
54,54_D8,21,30,0.993602271848976,0.4493255218575848,0.4376558112437786,0.2036068741599508,0.2385097782499579,0.9160387640511148,0.9272540359019804,1068.0,630.0,111.0,0
54,54_D8,22,30,0.992981477217835,0.3499017575934925,0.3433671490031834,0.1280497638039782,0.1306624538207039,0.9446879303656296,0.9474338259206544,1104.0,580.0,85.0,0
54,54_D8,23,30,0.9928716802176056,0.1429469394084032,0.1003556852400091,-0.088648226048079,-0.0876962732260154,0.99337519776856,0.99938643109454,1099.0,610.0,89.0,1
54,54_D8,24,30,0.9934614722318972,0.2793425968746947,0.2465524134474275,0.0717995100972972,0.0498805565847237,0.9626606739895632,0.9707050007795072,1144.0,530.0,56.0,1
54,54_D8,25,30,0.9944311945467984,0.1329547259711865,0.1066377984165347,-0.0183828161834908,-0.0335389450076563,0.9912657167818164,0.9953295715784524,1148.0,520.0,50.0,0
54,54_D8,26,30,0.995766287975368,0.1036769084819053,0.0761008268873139,-0.0502892992647681,-0.0711982773980211,0.9956925644184992,0.9994882378998244,1154.0,510.0,46.0,0
54,54_D8,27,30,0.993440778004677,0.0852172932806327,0.0540874257507734,-0.0789360563327589,-0.1185406733161175,0.999261641172227,1.0063213673116618,1192.0,450.0,28.0,0
54,54_D8,28,30,0.9961934695199886,0.0759882686901046,-0.0295420291051731,-0.0384998044965119,-0.1624193936283538,0.9981527547038898,1.0128209392021894,1185.0,450.0,31.0,0
54,54_D8,29,30,0.994596915276874,0.0786360381700959,0.0517403822632231,-0.0895525275170111,-0.0958549764750755,1.0016127795111265,1.0033641660615715,1142.0,530.0,59.0,0
54,54_D9,1,34,0.9914125708359268,0.2063386228888262,0.1848411589773471,-0.0677076118156993,-0.0519026001802877,0.9810652851984396,0.9838737130017272,1093.0,550.0,71.0,1
54,54_D9,2,34,0.9951013252616134,0.2441313818186835,0.2099799257314264,0.0482860953484532,0.0469297399877179,0.971598777106694,0.979477638646732,1060.0,630.0,121.0,1
54,54_D9,3,34,0.9940815061391236,0.1865062053771331,0.1795972076574873,-0.0326942846783867,0.0025368368362863,0.9830431728179682,0.9838547821181232,1024.0,690.0,141.0,1
54,54_D9,4,34,0.9947284289540014,0.366487198720191,0.3495597466393701,0.1225898533648144,0.1541811879560833,0.9457495041171876,0.95084844860812,1098.0,540.0,64.0,0
54,54_D9,5,34,0.9920956367707774,0.1536987200729554,0.1505202833155079,-0.1168314814556495,-0.0675668452227496,0.995268680563318,0.9920827187086796,1037.0,680.0,137.0,1
54,54_D9,6,34,0.9921509469435548,0.1573013313068462,0.1087386741937558,-0.0830341637371678,-0.0827162365632409,0.99119092748904,0.9971643561019328,1056.0,650.0,118.0,1
54,54_D9,7,34,0.9952253527901342,0.2303643353835554,0.1994017440655557,0.0478583662916463,0.0449998904021743,0.9744574042962632,0.981918706129162,1155.0,500.0,47.0,1
54,54_D9,8,34,0.995146180002917,0.3562873500643911,0.3294924346850923,0.1350389327795667,0.1080228473948764,0.9433120207167508,0.9512185555077504,1151.0,500.0,51.0,1
54,54_D9,9,34,0.9937286845029126,0.130949139406749,0.1225415058661677,-0.0514893623210551,-0.0472182791714505,0.9928179976412148,0.993729135885428,1113.0,580.0,76.0,1
54,54_D9,10,34,0.9943896153034372,0.3048928132110919,0.2578308605590798,0.0673229056606426,0.0607955733061244,0.9553943741561994,0.967851731241897,1104.0,580.0,80.0,1
54,54_D9,11,34,0.997834368028788,0.0509373752563134,0.0503456292667806,-0.0371312299884618,-0.0372059444794829,0.9994503661691572,0.9994591722746676,1178.0,480.0,31.0,0
54,54_D9,12,34,0.9928095005824468,0.0660350028496761,0.008763299470589,-0.129253177883247,-0.1746724872368425,1.006433793397708,1.0155594369190315,1093.0,580.0,91.0,0
54,54_D9,13,34,0.9957985776080986,0.1341600729613644,0.064073181393548,0.0008565470272239,-0.0594017253719524,0.9910574183933816,0.9998061590199556,1162.0,470.0,36.0,0
54,54_D9,14,34,0.9950590540530068,-0.0442410551069681,-0.049343422241721,-0.1907061203451004,-0.196032817501221,1.0180755621619857,1.0179153194685004,1117.0,570.0,76.0,0
54,54_D9,15,34,0.99143366125089,0.2124012539729395,0.2143616938174378,0.0014863882896353,0.0283741618547018,0.9772685341824704,0.9771657485711772,1176.0,470.0,36.0,0
54,54_D9,16,34,0.9932126695908868,0.1241630755611689,0.0906409380401516,-0.0598876081833983,-0.0958430535782952,0.994354108813094,1.0011895646299285,1158.0,520.0,47.0,0
54,54_D9,17,34,0.995587609428544,-0.017580507621678,-0.0943596144358988,-0.1617992556467768,-0.2275847606592122,1.0131953041414734,1.0222001708358963,1130.0,540.0,62.0,0
54,54_D9,18,34,0.99358598316398,0.4606857262265883,0.4692636044007741,0.2332817287226715,0.2643540490080787,0.9085748920007276,0.9156510485041228,1086.0,600.0,96.0,0
54,54_D9,19,34,0.9920641950033312,0.3127766413962207,0.3269975430219635,0.0661979882558056,0.0923061400144023,0.951838342073288,0.9496393562526556,1094.0,590.0,93.0,0
54,54_D9,20,34,0.992326063529174,0.1263235733675315,0.0735364404995368,-0.0886522745774636,-0.1069174506472879,0.9951827280740562,1.0030884920655048,1129.0,540.0,69.0,0
54,54_D9,21,34,0.9925799338773938,0.1803225030671003,0.1439640052408087,-0.0408265863127644,-0.0307127511671041,0.9858408033885592,0.9902587437081956,1096.0,600.0,90.0,1
54,54_D9,22,34,0.996638702023886,0.1570044341043389,0.1352249262099359,0.0261428015118815,0.0030637764983453,0.988027599303212,0.9910624657382876,1170.0,490.0,38.0,1
54,54_D9,23,34,0.99366590034528,0.0670068629343345,0.0184966706354621,-0.1149540378256598,-0.1396650066753915,1.0042287724262182,1.0096085436150817,1134.0,550.0,64.0,0
54,54_D9,24,34,0.9946604324857796,0.0251103644877385,0.0425058616985825,-0.1181661290475853,-0.109516714056463,1.0069778562325775,1.0050679924263526,1166.0,480.0,40.0,1
54,54_D9,25,34,0.9950628543676348,0.0564311350961362,0.0182712381256555,-0.0997473544803169,-0.128644147961513,1.0038410516065213,1.00759381615145,1188.0,450.0,28.0,0
