animal,session,roi,plane,n_trials,valid_source_frames,nonfinite_source_entries,n_condition_one,n_condition_zero,condition_verified,timing_verified,event_effect_eligible,extraction_authority,default_alpha,corr_raw_neuropil,corr_raw_suite07,raw_std,neu_std,suite07_std,correction_std_fraction,old_carma1_std,raw_vs_oldcarma_r,raw_vs_suite07_r,effect_raw,effect_suite07,effect_carma1,effect_neu,suite07_signflip_vs_raw,carma1_signflip_vs_raw,suite07_preservation_abs_ratio
112,112_D1,1,1,5,435,0,,,0,0,0,Suite2p-style local neuropil,0.7,0.9999998281386653,0.999999061477159,13099.3770955924,13105.326429748255,3925.654004692916,0.700317907093456,9.256661327500897,-0.5657987209791019,0.999999061477159,,,,,,,
112,112_D1,2,1,5,435,0,,,0,0,0,Suite2p-style local neuropil,0.7,0.9999994318751239,0.9999968957440739,13097.752139496873,13104.823944660451,3924.3929696710275,0.7003779324924028,15.522285073071057,-0.4458841769446084,0.9999968957440739,,,,,,,
112,112_D1,3,1,5,435,0,,,0,0,0,Suite2p-style local neuropil,0.7,0.9999990396751157,0.9999947401813944,13094.64774129198,13106.420461280224,3920.182970409176,0.7006293244447618,21.827231473597013,-0.5463586053784746,0.9999947401813944,,,,,,,
112,112_D1,4,1,5,435,0,,,0,0,0,Suite2p-style local neuropil,0.7,0.9999992563559075,0.9999959368751588,13098.525753660848,13105.517330303042,3924.686504151248,0.70037362910981,17.146440106780098,-0.36480653544145103,0.9999959368751588,,,,,,,
112,112_D1,5,1,5,435,0,,,0,0,0,Suite2p-style local neuropil,0.7,0.9999994376852414,0.9999969067618465,13085.221137790673,13105.464942890803,3911.413046526728,0.701082943280877,24.674714467488656,-0.828577224987397,0.9999969067618465,,,,,,,
112,112_D1,6,1,5,435,0,,,0,0,0,Suite2p-style local neuropil,0.7,0.9999992518077256,0.9999958808185943,13082.618427064563,13104.50290461601,3909.489495582168,0.7011709429417203,29.169675408163585,-0.8359896143484009,0.9999958808185943,,,,,,,
112,112_D1,7,1,5,435,0,,,0,0,0,Suite2p-style local neuropil,0.7,0.9999996503738727,0.9999980820822701,13092.562891064648,13107.361659686208,3917.4206281879583,0.7007912095111463,18.88083982294719,-0.8075248800579488,0.9999980820822701,,,,,,,
112,112_D1,8,1,5,435,0,,,0,0,0,Suite2p-style local neuropil,0.7,0.999999405989996,0.9999967511673201,13097.945959394538,13106.915808717147,3923.1232036958845,0.7004793713190446,16.399889748475353,-0.48686520743513345,0.9999967511673201,,,,,,,
112,112_D1,9,1,5,435,0,,,0,0,0,Suite2p-style local neuropil,0.7,0.9999998931807036,0.9999994168019211,13100.490661386804,13105.986898986352,3926.303238359362,0.7002936706676604,8.193688469764796,-0.6788036644189901,0.9999994168019211,,,,,,,
112,112_D1,10,1,5,435,0,,,0,0,0,Suite2p-style local neuropil,0.7,0.9999996230195678,0.9999979338686564,13093.369703247006,13106.426026351799,3918.8831875058286,0.7006980081668939,16.685041980910945,-0.7278186578449418,0.9999979338686564,,,,,,,
112,112_D1,11,1,5,435,0,,,0,0,0,Suite2p-style local neuropil,0.7,0.9999996904819645,0.9999983102121484,13100.553830803525,13105.95894904206,3926.392184429328,0.7002887999387075,11.30047774938009,-0.4174553379872877,0.9999983102121484,,,,,,,
112,112_D1,12,1,5,435,0,,,0,0,0,Suite2p-style local neuropil,0.7,0.9999995308918825,0.9999974309693344,13093.22219274156,13104.727194196947,3919.9276687029405,0.7006150787546092,17.26757222709644,-0.6794424750784313,0.9999974309693344,,,,,,,
112,112_D1,13,1,5,435,0,,,0,0,0,Suite2p-style local neuropil,0.7,0.9999992287590483,0.9999957556152861,13085.21780017149,13106.32721837974,3910.8126123457478,0.7011292439002802,25.98227651051056,-0.7808015108486002,0.9999957556152861,,,,,,,
112,112_D1,14,1,5,435,0,,,0,0,0,Suite2p-style local neuropil,0.7,0.9999990622446672,0.9999948332986067,13083.532647473981,13106.887453241452,3908.7404196179677,0.7012495229015386,29.091710163842215,-0.7881724867636623,0.9999948332986067,,,,,,,
112,112_D1,15,1,5,435,0,,,0,0,0,Suite2p-style local neuropil,0.7,0.9999996070368422,0.9999978551714056,13100.405500578552,13105.334581262725,3926.6834535587204,0.7002633676956828,12.553929858034333,-0.3901808785621572,0.9999978551714056,,,,,,,
112,112_D1,16,1,5,435,0,,,0,0,0,Suite2p-style local neuropil,0.7,0.9999991024967337,0.9999950912223573,13096.38324444742,13105.378737112918,3922.645769922722,0.7004807962744954,19.898067834634077,-0.4650561696918136,0.9999950912223573,,,,,,,
112,112_D1,17,1,5,435,0,,,0,0,0,Suite2p-style local neuropil,0.7,0.9999997251371118,0.9999984986593564,13098.4721086133,13104.857885632393,3925.080231029733,0.7003412471176526,11.724190642716687,-0.5622625042673273,0.9999984986593564,,,,,,,
112,112_D1,18,1,5,435,0,,,0,0,0,Suite2p-style local neuropil,0.7,0.999999566487474,0.9999976262144304,13094.663309898395,13105.908971630728,3920.54044440532,0.7006011481169593,16.087581201547984,-0.650856523896246,0.9999976262144304,,,,,,,
112,112_D1,19,1,5,435,0,,,0,0,0,Suite2p-style local neuropil,0.7,0.9999995881880398,0.999997750284105,13097.813120335108,13104.48939688253,3924.68328057688,0.700356797162775,14.001596707323133,-0.5240069266280019,0.999997750284105,,,,,,,
112,112_D1,20,2,5,435,0,,,0,0,0,Suite2p-style local neuropil,0.7,0.9999998022969928,0.999998921690946,13101.577119681278,13105.099417724505,3928.0137183688685,0.7001881809157122,9.080999928095464,-0.43881925582935877,0.999998921690946,,,,,,,
112,112_D1,21,2,5,435,0,,,0,0,0,Suite2p-style local neuropil,0.7,0.9999995779910228,0.9999976957479276,13099.598044645121,13105.288513162099,3925.9092024012652,0.7003040649516946,13.294815237964096,-0.43967174227163663,0.9999976957479276,,,,,,,
112,112_D1,22,2,5,435,0,,,0,0,0,Suite2p-style local neuropil,0.7,0.9999994441239698,0.9999969488490402,13091.441465496147,13107.41397466491,3916.2688869719314,0.7008540390373562,21.10636009210729,-0.7522866696250415,0.9999969488490402,,,,,,,
112,112_D1,23,2,5,435,0,,,0,0,0,Suite2p-style local neuropil,0.7,0.999999146794968,0.9999952933734991,13082.588438150568,13108.344701094184,3906.773554314015,0.7013781060079004,29.66792921722178,-0.8180199232139425,0.9999952933734991,,,,,,,
112,112_D1,24,2,5,435,0,,,0,0,0,Suite2p-style local neuropil,0.7,0.9999996165477283,0.9999979035370298,13097.18562474092,13105.433410135822,3923.3941583591463,0.7004408024893487,12.72128503242581,-0.4455441064033452,0.9999979035370298,,,,,,,
112,112_D1,25,2,5,435,0,,,0,0,0,Suite2p-style local neuropil,0.7,0.9999979591780872,0.9999887250283516,13077.474023987286,13106.197835061566,3903.198425452556,0.7015374921293173,38.890373098286084,-0.7292747348791212,0.9999887250283516,,,,,,,
112,112_D1,26,2,5,435,0,,,0,0,0,Suite2p-style local neuropil,0.7,0.9999991404808596,0.9999952594690459,13079.414452158811,13104.78398030427,3906.0922560010827,0.7013577428347909,30.432670337171036,-0.8265152754865716,0.9999952594690459,,,,,,,
112,112_D1,27,2,5,435,0,,,0,0,0,Suite2p-style local neuropil,0.7,0.9999984776089745,0.9999915862493378,13079.796744137726,13109.200557433802,3903.403324340128,0.7015736109435825,36.07522764024132,-0.7754755302752694,0.9999915862493378,,,,,,,
112,112_D1,28,2,5,435,0,,,0,0,0,Suite2p-style local neuropil,0.7,0.9999993529450873,0.9999964252005074,13078.51269770174,13107.203051857781,3903.4906282843936,0.7015355776636579,31.332960454572007,-0.8796401378188632,0.9999964252005074,,,,,,,
112,112_D1,29,2,5,435,0,,,0,0,0,Suite2p-style local neuropil,0.7,0.9999994766333947,0.9999971277705904,13090.04207669549,13105.682761915783,3916.080346948515,0.7008363857983377,20.452244793067408,-0.7553743301719689,0.9999971277705904,,,,,,,
112,112_D1,30,2,5,435,0,,,0,0,0,Suite2p-style local neuropil,0.7,0.9999994645960159,0.9999970663385395,13092.960513727423,13105.51503885203,3919.1165554099175,0.7006712009689865,18.46117467628238,-0.6802485131820293,0.9999970663385395,,,,,,,
112,112_D1,31,2,5,435,0,,,0,0,0,Suite2p-style local neuropil,0.7,0.9999996086339302,0.9999978596163375,13096.909841464882,13105.757433304312,3922.891808198494,0.7004728696471186,14.41125056893968,-0.5938024852250826,0.9999978596163375,,,,,,,
112,112_D1,32,2,5,435,0,,,0,0,0,Suite2p-style local neuropil,0.7,0.9999996335438228,0.9999979996571542,13100.345387336922,13105.459407918122,3926.535183209121,0.7002732484604607,12.204707005762941,-0.41584574406713815,0.9999979996571542,,,,,,,
112,112_D1,33,2,5,435,0,,,0,0,0,Suite2p-style local neuropil,0.7,0.9999996164049075,0.9999979006743871,13095.532934290597,13105.730540218743,3921.5334209080697,0.7005450874803402,15.07280341722951,-0.6444472781098066,0.9999979006743871,,,,,,,
112,112_D1,34,2,5,435,0,,,0,0,0,Suite2p-style local neuropil,0.7,0.9999997600976973,0.9999986914926154,13101.222248410382,13104.799540963819,3927.87006809453,0.7001911231429959,9.792904155272009,-0.38085271030435847,0.9999986914926154,,,,,,,
112,112_D1,35,2,5,435,0,,,0,0,0,Suite2p-style local neuropil,0.7,0.9999996905664544,0.9999983113160672,13100.536031828795,13105.185066422204,3926.9161312486503,0.7002483980994403,11.354211847789388,-0.41971814335504287,0.9999983113160672,,,,,,,
112,112_D1,36,3,5,435,0,,,0,0,0,Suite2p-style local neuropil,0.7,0.9999997690361724,0.9999987402911537,13101.277829591343,13104.783528128546,3927.9366223820675,0.7001872941925457,9.623684125498823,-0.3891643614618306,0.9999987402911537,,,,,,,
112,112_D1,37,3,5,435,0,,,0,0,0,Suite2p-style local neuropil,0.7,0.9999996233838341,0.9999979417003388,13097.697490383267,13105.197265645398,3924.071079904922,0.7004008108341173,13.700490385614113,-0.5656318598901525,0.9999979417003388,,,,,,,
112,112_D1,38,3,5,435,0,,,0,0,0,Suite2p-style local neuropil,0.7,0.9999995715879451,0.9999976620297365,13100.749048347907,13105.389202911982,3926.9898720692345,0.7002479212265791,12.89306937672923,-0.35169974486694794,0.9999976620297365,,,,,,,
112,112_D1,39,3,5,435,0,,,0,0,0,Suite2p-style local neuropil,0.7,0.9999992905752849,0.999996106226637,13089.353648132124,13105.23400929855,3915.7117580861595,0.7008492467661273,23.192991797345016,-0.7363814745837827,0.999996106226637,,,,,,,
112,112_D1,40,3,5,435,0,,,0,0,0,Suite2p-style local neuropil,0.7,0.9999994778405172,0.9999971234582946,13086.134934643942,13109.233117285587,3909.6879503134955,0.7012355495428636,24.02242526170838,-0.835352208180852,0.9999971234582946,,,,,,,
112,112_D1,41,3,5,435,0,,,0,0,0,Suite2p-style local neuropil,0.7,0.9999994796790626,0.9999971436530666,13090.028500837632,13106.242751594536,3915.674631547178,0.70086706280561,21.599598157556052,-0.7850462500093366,0.9999971436530666,,,,,,,
112,112_D1,42,3,5,435,0,,,0,0,0,Suite2p-style local neuropil,0.7,0.9999998609347589,0.9999992414124138,13102.281665231043,13106.05453426014,3928.0479084144404,0.7002015562482142,7.7388010813695765,-0.4608551462592359,0.9999992414124138,,,,,,,
112,112_D1,43,3,5,435,0,,,0,0,0,Suite2p-style local neuropil,0.7,0.9999995992379128,0.9999977980801352,13088.91952424418,13106.81951598471,3914.1583219634413,0.7009572853472508,20.513546316889688,-0.8143805685898434,0.9999977980801352,,,,,,,
112,112_D1,44,3,5,435,0,,,0,0,0,Suite2p-style local neuropil,0.7,0.9999979532914569,0.9999886909665726,13081.634286949176,13110.636049139603,3904.252150988939,0.701551875820683,38.74332485460924,-0.7251060464101092,0.9999886909665726,,,,,,,
112,112_D1,45,3,5,435,0,,,0,0,0,Suite2p-style local neuropil,0.7,0.9999995677589283,0.999997639376948,13099.203615051672,13105.315605166252,3925.496101034387,0.7003266011781667,13.709627339355098,-0.4537486601366085,0.999997639376948,,,,,,,
112,112_D1,46,3,5,435,0,,,0,0,0,Suite2p-style local neuropil,0.7,0.9999993064820113,0.9999961896188453,13098.939866974199,13116.845863970104,3917.1692173066945,0.7009568741095329,22.153669882210004,-0.713357369171122,0.9999961896188453,,,,,,,
112,112_D1,47,3,5,435,0,,,0,0,0,Suite2p-style local neuropil,0.7,0.9999997928901762,0.9999988700820773,13101.390428230574,13105.437392532574,3927.590727733846,0.700216216636049,9.151644580230549,-0.3908505421154672,0.9999988700820773,,,,,,,
112,112_D1,48,3,5,435,0,,,0,0,0,Suite2p-style local neuropil,0.7,0.999999644565649,0.9999980491013257,13093.125780021794,13109.056012922114,3916.7976426106966,0.7008516678465576,18.750260439403526,-0.8118008533435876,0.9999980491013257,,,,,,,
112,112_D1,49,3,5,435,0,,,0,0,0,Suite2p-style local neuropil,0.7,0.9999998340988582,0.9999990948988274,13101.942509953224,13105.991962195953,3927.7533624474113,0.7002163394896134,9.285301589227078,-0.5858499780331557,0.9999990948988274,,,,,,,
112,112_D1,50,3,5,435,0,,,0,0,0,Suite2p-style local neuropil,0.7,0.9999997864494194,0.9999988343087117,13099.989590484094,13105.094542240211,3926.4301103502125,0.7002727714245759,9.968298303540697,-0.5047117125640583,0.9999988343087117,,,,,,,
112,112_D1,51,3,5,435,0,,,0,0,0,Suite2p-style local neuropil,0.7,0.9999997101228527,0.9999984141509758,13095.653186636324,13105.128844919258,3922.0719980692843,0.7005064914936674,13.875613328297703,-0.6934064669993678,0.9999984141509758,,,,,,,
112,112_D1,52,3,5,435,0,,,0,0,0,Suite2p-style local neuropil,0.7,0.999999841038893,0.9999991322412379,13099.674095083568,13104.904701903166,3926.24583240968,0.7002794925531944,8.899743523979044,-0.5569578677254403,0.9999991322412379,,,,,,,
112,112_D1,53,3,5,435,0,,,0,0,0,Suite2p-style local neuropil,0.7,0.9999998568207742,0.9999992192982814,13102.255350169004,13105.200730805222,3928.619384354396,0.7001573470515803,7.548483066716037,-0.3914240385746013,0.9999992192982814,,,,,,,
112,112_D1,54,3,5,435,0,,,0,0,0,Suite2p-style local neuropil,0.7,0.9999997772643855,0.9999987847415789,13101.268448092234,13105.463703205342,3927.450813895854,0.7002241414057588,9.524450046853751,-0.39640766772899044,0.9999987847415789,,,,,,,
112,112_D1,55,3,5,435,0,,,0,0,0,Suite2p-style local neuropil,0.7,0.9999998562410328,0.9999992163416448,13102.76765904427,13105.214248263292,3929.122282467814,0.7001306909473086,7.392187650709832,-0.3238511739113919,0.9999992163416448,,,,,,,
112,112_D1,56,3,5,435,0,,,0,0,0,Suite2p-style local neuropil,0.7,0.9999998470254751,0.9999991657159565,13101.682034618025,13105.051530807212,3928.150808764348,0.7001800136891148,7.972236359189539,-0.42250200928732123,0.9999991657159565,,,,,,,
112,112_D1,57,4,5,435,0,,,0,0,0,Suite2p-style local neuropil,0.7,0.9999992343295308,0.9999958173574738,13099.010626507066,13105.61226373833,3925.105662959593,0.7003527721779279,17.459504569756724,-0.36377730436128775,0.9999958173574738,,,,,,,
112,112_D1,58,4,5,435,0,,,0,0,0,Suite2p-style local neuropil,0.7,0.9999997636183766,0.999998708921289,13099.680077874957,13105.95986412915,3925.515569511306,0.7003355570949464,10.656947065604125,-0.5364894322705256,0.999998708921289,,,,,,,
112,112_D1,59,4,5,435,0,,,0,0,0,Suite2p-style local neuropil,0.7,0.9999996252650648,0.9999979527813402,13099.24223863501,13105.974653661806,3925.071610656572,0.7003597562521998,13.525316077890828,-0.5444334579897074,0.9999979527813402,,,,,,,
112,112_D1,60,4,5,435,0,,,0,0,0,Suite2p-style local neuropil,0.7,0.9999997260528324,0.9999985023552459,13097.837860293313,13105.937639051828,3923.690062270133,0.7004328718520315,12.322844264986845,-0.6268520118419729,0.9999985023552459,,,,,,,
112,112_D1,61,4,5,435,0,,,0,0,0,Suite2p-style local neuropil,0.7,0.99999969405284,0.9999983288401195,13099.487628626695,13105.910172182514,3925.360032799054,0.7003431907120087,12.04384854252081,-0.522301574920304,0.9999983288401195,,,,,,,
112,112_D1,62,4,5,435,0,,,0,0,0,Suite2p-style local neuropil,0.7,0.9999996304327685,0.999997979087698,13098.078983304471,13106.684735223906,3923.4111389414606,0.7004599052714093,13.93636682482347,-0.5958376491945887,0.999997979087698,,,,,,,
112,112_D1,63,4,5,435,0,,,0,0,0,Suite2p-style local neuropil,0.7,0.9999993576857316,0.9999964859201852,13095.706801032458,13105.26471906202,3922.041362738116,0.7005108813463052,17.88887124072133,-0.5592074316067568,0.9999964859201852,,,,,,,
112,112_D1,64,4,5,435,0,,,0,0,0,Suite2p-style local neuropil,0.7,0.9999998170423501,0.9999990019984193,13104.960256412194,13108.698807186842,3928.876836660511,0.7001996831790352,8.187222467926459,-0.28528199835424173,0.9999990019984193,,,,,,,
112,112_D1,65,4,5,435,0,,,0,0,0,Suite2p-style local neuropil,0.7,0.9999996882748067,0.999998292280626,13095.00473645128,13107.186804719653,3919.983645905539,0.7006511894802593,15.371835378210973,-0.7461248079250038,0.999998292280626,,,,,,,
112,112_D1,66,4,5,435,0,,,0,0,0,Suite2p-style local neuropil,0.7,0.9999996422819597,0.9999980429603279,13096.395193965865,13105.913506753783,3922.2668352330184,0.7005087415776236,13.963218967350889,-0.621864150794212,0.9999980429603279,,,,,,,
112,112_D1,67,4,5,435,0,,,0,0,0,Suite2p-style local neuropil,0.7,0.9999992561152764,0.9999959219796325,13092.088788083245,13105.620468242238,3918.177406705502,0.7007234928377133,21.031786448566233,-0.6566119831930636,0.9999959219796325,,,,,,,
112,112_D1,68,4,5,435,0,,,0,0,0,Suite2p-style local neuropil,0.7,0.9999995391757048,0.9999974779123255,13095.78322224185,13106.062227915892,3921.5539388844095,0.7005494246413837,16.166138716813524,-0.635209776445165,0.9999974779123255,,,,,,,
112,112_D1,69,4,5,435,0,,,0,0,0,Suite2p-style local neuropil,0.7,0.9999998354234156,0.9999991019156904,13101.677610261,13106.179482989754,3927.3571473918914,0.7002405167303783,8.434392467123239,-0.44920521654956275,0.9999991019156904,,,,,,,
112,112_D1,70,4,5,435,0,,,0,0,0,Suite2p-style local neuropil,0.7,0.9999998017758537,0.9999989164678424,13098.286726152137,13106.124669303603,3924.0056661930007,0.7004188656204011,10.861731540286392,-0.6447165579050758,0.9999989164678424,,,,,,,
112,112_D1,71,4,5,435,0,,,0,0,0,Suite2p-style local neuropil,0.7,0.9999997692080542,0.9999987385982453,13097.01162635473,13104.603963102065,3923.7960623404942,0.700405778990445,11.783667015883632,-0.660374011239832,0.9999987385982453,,,,,,,
112,112_D1,72,4,5,435,0,,,0,0,0,Suite2p-style local neuropil,0.7,0.9999995281528697,0.9999974206275641,13098.760331171567,13106.73588580133,3924.0598125759666,0.700426203494498,14.54368214992566,-0.4822068546373559,0.9999974206275641,,,,,,,
112,112_D1,73,4,5,435,0,,,0,0,0,Suite2p-style local neuropil,0.7,0.9999996482624975,0.9999980756847799,13095.764888783968,13105.292306697627,3922.071195323087,0.7005092520665211,14.426356516515133,-0.6422655490265093,0.9999980756847799,,,,,,,
112,112_D1,74,4,5,435,0,,,0,0,0,Suite2p-style local neuropil,0.7,0.9999999240524964,0.9999995858818146,13102.407335185739,13105.381313188152,3928.642933545903,0.7001588708546045,5.878120082422973,-0.5014690531270538,0.9999995858818146,,,,,,,
112,112_D1,75,4,5,435,0,,,0,0,0,Suite2p-style local neuropil,0.7,0.9999999097394376,0.9999995077161591,13101.984646969302,13105.426274962221,3928.189147395061,0.7001838659239227,6.334143579762802,-0.497645595410519,0.9999995077161591,,,,,,,
112,112_D1,76,4,5,435,0,,,0,0,0,Suite2p-style local neuropil,0.7,0.9999998162016303,0.9999989967057806,13100.024114852624,13105.163912957742,3926.415150244996,0.7002746338181701,9.389424211436536,-0.5353274375254423,0.9999989967057806,,,,,,,
112,112_D1,77,4,5,435,0,,,0,0,0,Suite2p-style local neuropil,0.7,0.9999998416988717,0.999999136365076,13101.357889202061,13105.405849120976,3927.5788185786746,0.7002162670777792,8.252479526680164,-0.4613944317063452,0.999999136365076,,,,,,,
112,112_D1,78,5,5,435,0,,,0,0,0,Suite2p-style local neuropil,0.7,0.9999988266000899,0.9999935739659074,13093.490889418788,13105.020997864487,3920.0123067863524,0.700616406611054,23.35466757237423,-0.508528039895855,0.9999935739659074,,,,,,,
112,112_D1,79,5,5,435,0,,,0,0,0,Suite2p-style local neuropil,0.7,0.9999993291746516,0.9999963074957289,13091.03091130948,13112.532238791759,3912.279080459616,0.701149702915495,22.795360650001484,-0.7493538777574213,0.9999963074957289,,,,,,,
112,112_D1,80,5,5,435,0,,,0,0,0,Suite2p-style local neuropil,0.7,0.9999998031734108,0.999998924424765,13097.74404138239,13105.006549131107,3924.2456629245326,0.7003881260675571,11.189402328306365,-0.6787523752941951,0.999998924424765,,,,,,,
112,112_D1,81,5,5,435,0,,,0,0,0,Suite2p-style local neuropil,0.7,0.9999989656810857,0.9999943232463903,13094.282307883643,13110.089382157947,3917.2516204564176,0.7008450101293071,23.170475998966886,-0.5693243022826698,0.9999943232463903,,,,,,,
112,112_D1,82,5,5,435,0,,,0,0,0,Suite2p-style local neuropil,0.7,0.9999997037803275,0.9999983813549668,13098.87071484129,13106.040364524473,3924.6517255461386,0.7003831291427493,12.510154900886949,-0.5932532502741483,0.9999983813549668,,,,,,,
112,112_D1,83,5,5,435,0,,,0,0,0,Suite2p-style local neuropil,0.7,0.9999994507779427,0.9999969934461974,13095.720437037297,13106.436004035015,3921.232272499847,0.700572758626036,17.0388265371407,-0.5929949986130728,0.9999969934461974,,,,,,,
112,112_D1,84,5,5,435,0,,,0,0,0,Suite2p-style local neuropil,0.7,0.9999976510638996,0.9999870160070196,13084.69614713104,13114.462926945598,3904.6445446124508,0.7015924375103073,40.18440843241205,-0.666136627209812,0.9999870160070196,,,,,,,
112,112_D1,85,5,5,435,0,,,0,0,0,Suite2p-style local neuropil,0.7,0.9999996906982006,0.9999983084576651,13097.316240516273,13106.126118607881,3923.0375765351105,0.7004708422022886,12.965208912103805,-0.606842910194176,0.9999983084576651,,,,,,,
112,112_D1,86,5,5,435,0,,,0,0,0,Suite2p-style local neuropil,0.7,0.999999634661299,0.9999979977203808,13093.571439985713,13106.577120948836,3918.9787778434707,0.7006952918014127,16.119035462465547,-0.7274766890492788,0.9999979977203808,,,,,,,
112,112_D1,87,5,5,435,0,,,0,0,0,Suite2p-style local neuropil,0.7,0.9999994934881681,0.9999972098093706,13086.350620626223,13109.350800708455,3909.8207501282914,0.7012302889998215,24.983474894960906,-0.8506823572800485,0.9999972098093706,,,,,,,
112,112_D1,88,5,5,435,0,,,0,0,0,Suite2p-style local neuropil,0.7,0.9999982839049438,0.9999905717673391,13089.65272104101,13107.475595724072,3914.4726390579117,0.7009531062152571,29.577328838699362,-0.5426852419676893,0.9999905717673391,,,,,,,
112,112_D1,89,5,5,435,0,,,0,0,0,Suite2p-style local neuropil,0.7,0.9999989457065582,0.9999942264465602,13096.195242887703,13107.645436573775,3920.8759097529924,0.7006120078304398,21.274109025542952,-0.45660913056316177,0.9999942264465602,,,,,,,
112,112_D1,90,5,5,435,0,,,0,0,0,Suite2p-style local neuropil,0.7,0.9999987836203731,0.9999933262424269,13090.599912947153,13105.754246515198,3916.60940131154,0.7008103425550984,24.782380387846818,-0.5673509940074596,0.9999933262424269,,,,,,,
112,112_D1,91,5,5,435,0,,,0,0,0,Suite2p-style local neuropil,0.7,0.9999997281696392,0.9999985139004933,13098.38321211858,13106.509036831954,3923.8353784418996,0.7004342452219926,11.936456661284335,-0.591453938216856,0.9999985139004933,,,,,,,
112,112_D1,92,5,5,435,0,,,0,0,0,Suite2p-style local neuropil,0.7,0.9999994541385522,0.999997001467291,13087.873503133758,13105.378904432204,3914.1251506442622,0.7009362593948618,22.519693591810423,-0.7881124409706738,0.999997001467291,,,,,,,
112,112_D1,93,5,5,435,0,,,0,0,0,Suite2p-style local neuropil,0.7,0.9999997868428158,0.999998835466071,13099.163341008112,13105.953952265489,3925.0022408059417,0.700362869573937,10.600234984095156,-0.6030188729201763,0.999998835466071,,,,,,,
112,112_D1,94,5,5,435,0,,,0,0,0,Suite2p-style local neuropil,0.7,0.9999997217432076,0.9999984778655121,13096.12882000833,13105.42176346235,3922.3422701291934,0.7004967039465084,13.057329842773484,-0.6584625500590247,0.9999984778655121,,,,,,,
112,112_D1,95,5,5,435,0,,,0,0,0,Suite2p-style local neuropil,0.7,0.9999997044217663,0.9999983844231561,13097.883201698738,13105.585054158231,3923.9828980584493,0.7004116018952273,12.378244684338314,-0.5865262724962352,0.9999983844231561,,,,,,,
112,112_D1,96,5,5,435,0,,,0,0,0,Suite2p-style local neuropil,0.7,0.9999996311044317,0.9999979821787311,13096.114275102304,13105.279792260768,3922.4298378870703,0.7004898967284955,14.511382155044588,-0.6339654998958623,0.9999979821787311,,,,,,,
112,112_D1,97,5,5,435,0,,,0,0,0,Suite2p-style local neuropil,0.7,0.9999999136043568,0.9999995285104942,13100.748412676883,13105.393821993632,3926.9755214244524,0.700248203108072,6.925987033486494,-0.6120652466714035,0.9999995285104942,,,,,,,
112,112_D1,98,6,5,435,58,,,0,0,0,Suite2p-style local neuropil,0.7,0.9999996510408912,0.9999980864163355,13791.12783544732,13805.986873023614,4126.948452811693,0.7007541926668845,18.42627982055607,-0.7773513488265383,0.9999980864163355,,,,,,,
112,112_D1,99,6,5,435,58,,,0,0,0,Suite2p-style local neuropil,0.7,0.9999992013519896,0.9999956029974165,13781.68137662206,13804.758223920175,4118.376599067887,0.7011721095245333,29.780882431888234,-0.8055722613714944,0.9999956029974165,,,,,,,
112,112_D1,100,6,5,435,58,,,0,0,0,Suite2p-style local neuropil,0.7,0.9999990711974474,0.9999949037684429,13787.83477989519,13803.906464722944,4125.130433537978,0.7008159365120223,26.50088720026435,-0.7048043702767354,0.9999949037684429,,,,,,,
112,112_D1,101,6,5,435,58,,,0,0,0,Suite2p-style local neuropil,0.7,0.9999996011049727,0.9999978151671524,13796.0933396786,13808.513418226046,4130.14703809947,0.7006301670313363,15.974913401933193,-0.656445953069765,0.9999978151671524,,,,,,,
112,112_D1,102,6,5,435,58,,,0,0,0,Suite2p-style local neuropil,0.7,0.9999995124347679,0.9999973274758615,13789.861317810784,13803.842872390178,4127.187199597918,0.7007097197512909,19.783238464042824,-0.7248763529600276,0.9999973274758615,,,,,,,
112,112_D1,103,6,5,435,58,,,0,0,0,Suite2p-style local neuropil,0.7,0.9999990753611336,0.9999948884112466,13773.922459946732,13805.438300011412,4110.1458047393135,0.7016016409432795,35.464376249665825,-0.8509365104706738,0.9999948884112466,,,,,,,
112,112_D1,104,6,5,435,58,,,0,0,0,Suite2p-style local neuropil,0.7,0.9999995034633679,0.9999972846761461,13795.183309331047,13804.327951072024,4132.16992056081,0.7004640090900702,16.744134963830067,-0.5654885045946734,0.9999972846761461,,,,,,,
112,112_D1,105,6,5,435,58,,,0,0,0,Suite2p-style local neuropil,0.7,0.9999997813353173,0.9999988032594588,13794.108805366985,13804.914459284015,4130.675901018898,0.7005483353140601,13.826728205001531,-0.7544926271227594,0.9999988032594588,,,,,,,
112,112_D1,106,6,5,435,58,,,0,0,0,Suite2p-style local neuropil,0.7,0.9999997333935506,0.9999985413849585,13792.569772569195,13802.650138930658,4130.723438934276,0.7005115866006032,14.577499628203894,-0.7241080299137262,0.9999985413849585,,,,,,,
112,112_D1,107,6,5,435,58,,,0,0,0,Suite2p-style local neuropil,0.7,0.9999999049115446,0.9999994794229121,13793.765615942924,13805.202437645621,4130.127143098239,0.7005803789085505,12.75799172975818,-0.8850619508881479,0.9999994794229121,,,,,,,
112,112_D1,108,6,5,435,58,,,0,0,0,Suite2p-style local neuropil,0.7,0.9999998782719957,0.9999993352944183,13798.394633552183,13804.508555949968,4135.242764178086,0.700310148462725,9.200470024975752,-0.6781612570497061,0.9999993352944183,,,,,,,
112,112_D1,109,6,5,435,58,,,0,0,0,Suite2p-style local neuropil,0.7,0.9999995704172049,0.9999976499476239,13793.600550355612,13803.498830023742,4131.165385531533,0.700502308213804,15.843335158108077,-0.6077956309894293,0.9999976499476239,,,,,,,
112,112_D1,110,6,5,435,58,,,0,0,0,Suite2p-style local neuropil,0.7,0.9999997747720367,0.9999987694017204,13797.525904581307,13804.873001755346,4134.122192081008,0.7003727366220172,11.473217328875146,-0.6031066716251229,0.9999987694017204,,,,,,,
112,112_D1,111,6,5,435,58,,,0,0,0,Suite2p-style local neuropil,0.7,0.9999997469517127,0.9999986159899784,13795.392003402812,13804.833728941354,4132.016685750678,0.7004790787622378,13.415929062183146,-0.6813369859420556,0.9999986159899784,,,,,,,
112,112_D1,112,7,5,435,0,,,0,0,0,Suite2p-style local neuropil,0.7,0.9999991538604645,0.9999953618855814,13094.997384268514,13108.332835993726,3919.1904556885224,0.7007128448373751,20.44939221109943,-0.5595495575318398,0.9999953618855814,,,,,,,
112,112_D1,113,7,5,435,0,,,0,0,0,Suite2p-style local neuropil,0.7,0.9999995882217833,0.9999977452883994,13095.418723851888,13106.614184039176,3920.8015873181607,0.70059842668524,15.932430831164341,-0.6634544540457126,0.9999977452883994,,,,,,,
112,112_D1,114,7,5,435,0,,,0,0,0,Suite2p-style local neuropil,0.7,0.9999997717556267,0.9999987530009066,13099.711562699025,13106.563097513234,3925.1245644500486,0.7003661067651132,10.535303258734883,-0.559365948243526,0.9999987530009066,,,,,,,
112,112_D1,115,7,5,435,0,,,0,0,0,Suite2p-style local neuropil,0.7,0.999999057430881,0.9999948336685277,13091.795629747563,13104.994547654578,3918.328519487183,0.7007057136951251,22.599507093357623,-0.5986424678983102,0.9999948336685277,,,,,,,
112,112_D1,116,7,5,435,0,,,0,0,0,Suite2p-style local neuropil,0.7,0.9999989979766709,0.9999944955892285,13089.36968907751,13106.917126510312,3914.5586549488885,0.700938394499763,25.985734850252218,-0.6921230260287237,0.9999944955892285,,,,,,,
112,112_D1,117,7,5,435,0,,,0,0,0,Suite2p-style local neuropil,0.7,0.9999996656475141,0.9999981725125716,13098.447160447728,13106.129339386,3924.1669873444876,0.7004105371824718,12.993276324714392,-0.5661150191928719,0.9999981725125716,,,,,,,
112,112_D1,118,7,5,435,0,,,0,0,0,Suite2p-style local neuropil,0.7,0.9999997125964113,0.9999984279645867,13096.915453507354,13106.041736556015,3922.695215389111,0.7004877655353202,12.963030654604463,-0.645732717670255,0.9999984279645867,,,,,,,
112,112_D1,119,7,5,435,0,,,0,0,0,Suite2p-style local neuropil,0.7,0.9999995423389239,0.9999974995810966,13098.63437383616,13105.50181963407,3924.7972073590718,0.7003669937486346,14.040590275613754,-0.4626486593153993,0.9999974995810966,,,,,,,
112,112_D1,120,7,5,435,0,,,0,0,0,Suite2p-style local neuropil,0.7,0.999999527428543,0.999997419666006,13099.131686918747,13104.81781583649,3925.7738369024632,0.700303847166957,13.901926476133514,-0.42184169911384856,0.999997419666006,,,,,,,
112,112_D1,121,7,5,435,0,,,0,0,0,Suite2p-style local neuropil,0.7,0.9999994511089828,0.9999969996417631,13097.243404173068,13105.095036205204,3923.6938913351255,0.7004196255287392,16.144523001510535,-0.5137013468487283,0.9999969996417631,,,,,,,
112,112_D1,122,7,5,435,0,,,0,0,0,Suite2p-style local neuropil,0.7,0.9999999171314218,0.9999995479462473,13101.683024527985,13105.520548637407,3927.8213324882495,0.7002050202762288,6.512869415817483,-0.5737473550331521,0.9999995479462473,,,,,,,
112,112_D1,123,8,5,435,0,,,0,0,0,Suite2p-style local neuropil,0.7,0.9999995285245019,0.9999974214238093,13096.675387450567,13105.58271424798,3922.78209847173,0.7004760718302458,15.877396632210615,-0.5987991048121533,0.9999974214238093,,,,,,,
112,112_D1,124,8,5,435,0,,,0,0,0,Suite2p-style local neuropil,0.7,0.9999996537127863,0.9999981043783457,13096.965779567343,13107.656876818999,3921.616695479692,0.7005714033092171,14.516682049719,-0.6680300138149126,0.9999981043783457,,,,,,,
112,112_D1,125,8,5,435,0,,,0,0,0,Suite2p-style local neuropil,0.7,0.999999895271671,0.9999994284299316,13100.910124438842,13105.65966544389,3926.951754266289,0.7002537601078141,7.659825216821012,-0.6321269173017798,0.9999994284299316,,,,,,,
112,112_D1,126,8,5,435,0,,,0,0,0,Suite2p-style local neuropil,0.7,0.9999997010374508,0.9999983628954795,13095.561672015974,13106.905507161278,3920.737116823871,0.7006063540114315,14.204842438645585,-0.7080123469740266,0.9999983628954795,,,,,,,
112,112_D1,127,8,5,435,0,,,0,0,0,Suite2p-style local neuropil,0.7,0.9999990477352004,0.9999947862392429,13093.83152466247,13104.88063073059,3920.4444654093695,0.7005906726206067,21.357738096678528,-0.540649130267605,0.9999947862392429,,,,,,,
112,112_D1,128,8,5,435,0,,,0,0,0,Suite2p-style local neuropil,0.7,0.9999991208399938,0.9999951839467065,13095.692962111327,13107.785134211257,3920.270460367761,0.7006463480168942,21.442409113722736,-0.5697539109299495,0.9999951839467065,,,,,,,
112,112_D1,129,8,5,435,0,,,0,0,0,Suite2p-style local neuropil,0.7,0.9999997303077477,0.9999985271091183,13101.179681011854,13107.285642476732,3926.088153609403,0.700326230762873,10.960879363003686,-0.47940402137133925,0.9999985271091183,,,,,,,
112,112_D1,130,8,5,435,0,,,0,0,0,Suite2p-style local neuropil,0.7,0.9999994068078004,0.9999967637882142,13101.500385979214,13105.536502958219,3927.643171363033,0.7002156315603758,14.921469387884056,-0.27260770395577855,0.9999967637882142,,,,,,,
112,112_D1,131,9,5,435,0,,,0,0,0,Suite2p-style local neuropil,0.7,0.9999993774668111,0.9999965983129623,13099.230242600854,13106.380304157336,3924.783273312656,0.7003820729672764,15.601938159425384,-0.37131694911395485,0.9999965983129623,,,,,,,
112,112_D1,132,9,5,435,0,,,0,0,0,Suite2p-style local neuropil,0.7,0.9999995683032207,0.9999976329111409,13094.65815261857,13108.601526429886,3918.650462956295,0.7007453588904239,17.358421457949408,-0.7277613021275706,0.9999976329111409,,,,,,,
112,112_D1,133,9,5,435,0,,,0,0,0,Suite2p-style local neuropil,0.7,0.9999999342181962,0.9999996414159189,13103.32738723143,13105.732332620748,3929.3169159002327,0.7001284645256051,5.357571309651675,-0.461190737720887,0.9999996414159189,,,,,,,
112,112_D1,134,9,5,435,0,,,0,0,0,Suite2p-style local neuropil,0.7,0.9999996043457148,0.9999978374202672,13097.937554268465,13105.647344958326,3923.9966415512104,0.7004120297848605,13.700788043389371,-0.5345366093048457,0.9999978374202672,,,,,,,
112,112_D1,135,9,5,435,0,,,0,0,0,Suite2p-style local neuropil,0.7,0.9999991240813736,0.999995166997209,13084.194029631628,13110.39404177861,3906.9452846213085,0.701401679387746,29.16241889349364,-0.8014873378578939,0.999995166997209,,,,,,,
112,112_D1,136,9,5,435,0,,,0,0,0,Suite2p-style local neuropil,0.7,0.9999993601914395,0.9999964900397247,13097.097229434932,13112.027983251479,3918.6973900789317,0.7007979940481412,20.139217684149017,-0.67871392172652,0.9999964900397247,,,,,,,
112,112_D1,137,9,5,435,0,,,0,0,0,Suite2p-style local neuropil,0.7,0.9999997853960493,0.9999988277138453,13098.982202620537,13105.520790312492,3925.1243397706494,0.700349408148262,10.740913577329403,-0.6022467400721936,0.9999988277138453,,,,,,,
112,112_D1,138,10,5,435,0,,,0,0,0,Suite2p-style local neuropil,0.7,0.9999996866445402,0.9999982874371907,13098.703376923508,13106.203435650974,3924.3707291121423,0.7004007938314657,12.548303889278149,-0.5706637308769632,0.9999982874371907,,,,,,,
112,112_D1,139,10,5,435,0,,,0,0,0,Suite2p-style local neuropil,0.7,0.9999997317155624,0.9999985359989185,13100.935396664234,13105.42089908844,3927.149189719287,0.7002396500500723,10.629759849467288,-0.4626736829949522,0.9999985359989185,,,,,,,
112,112_D1,140,10,5,435,0,,,0,0,0,Suite2p-style local neuropil,0.7,0.9999986307827442,0.9999925067258215,13097.97082289879,13108.163756180473,3922.2983059052613,0.700544732878045,23.26127391128929,-0.3584989152302596,0.9999925067258215,,,,,,,
112,112_D1,141,10,5,435,0,,,0,0,0,Suite2p-style local neuropil,0.7,0.9999995858587533,0.9999977401922352,13100.7835224866,13105.176019148363,3927.173115769091,0.7002346893836259,12.556189769153768,-0.3409346374186807,0.9999977401922352,,,,,,,
112,112_D1,142,10,5,435,0,,,0,0,0,Suite2p-style local neuropil,0.7,0.9999997327813278,0.9999985390018916,13097.72897417845,13106.011669500365,3923.5291669884914,0.7004426499474313,12.273382152237936,-0.6317728722744099,0.9999985390018916,,,,,,,
112,112_D1,143,10,5,435,0,,,0,0,0,Suite2p-style local neuropil,0.7,0.9999997425082625,0.9999985952103951,13101.705398136655,13105.754746664952,3927.6851240434307,0.7002163363560058,10.096632798939972,-0.38147928664912983,0.9999985952103951,,,,,,,
112,112_D1,144,10,5,435,0,,,0,0,0,Suite2p-style local neuropil,0.7,0.9999998112201569,0.9999989699648173,13100.842165235566,13105.107829541497,3927.2726428647443,0.7002279077696495,8.896909136173633,-0.3779685030353165,0.9999989699648173,,,,,,,
112,112_D1,145,11,5,435,0,,,0,0,0,Suite2p-style local neuropil,0.7,0.9999996384777362,0.9999980277823142,13101.950436976707,13105.877138371512,3927.8476325868432,0.7002097826375479,11.731712250620685,-0.32837624445947083,0.9999980277823142,,,,,,,
112,112_D1,146,12,5,435,0,,,0,0,0,Suite2p-style local neuropil,0.7,0.9999997218401385,0.9999984779881319,13095.739131478336,13105.556293485879,3921.858397756845,0.7005247403399125,13.663350432736715,-0.7031429336019462,0.9999984779881319,,,,,,,
112,112_D1,147,12,5,435,0,,,0,0,0,Suite2p-style local neuropil,0.7,0.9999997608522467,0.9999986925259643,13099.168050982244,13107.377240674046,3924.011432902049,0.7004386772597405,11.73123640108107,-0.6244519545520244,0.9999986925259643,,,,,,,
112,112_D1,148,12,5,435,0,,,0,0,0,Suite2p-style local neuropil,0.7,0.9999998077236038,0.9999989513673002,13101.967696143134,13105.33493141945,3928.2392817233663,0.7001798897954244,8.650928321562876,-0.3806152933859715,0.9999989513673002,,,,,,,
112,112_D1,149,12,5,435,0,,,0,0,0,Suite2p-style local neuropil,0.7,0.9999998091112274,0.999998958405103,13101.251262570231,13105.627535372534,3927.317973295374,0.7002338133418234,9.100774499187708,-0.4596278235543181,0.999998958405103,,,,,,,
112,112_D1,150,12,5,435,0,,,0,0,0,Suite2p-style local neuropil,0.7,0.9999997022043081,0.9999983758746752,13101.82469816732,13105.217418585326,3928.1817174060034,0.7001812574829774,10.523124655039242,-0.323709426038343,0.9999983758746752,,,,,,,
113,113_D1,1,1,5,435,0,,,0,0,0,Suite2p-style local neuropil,0.7,0.4314586326516044,0.9999687814182379,127.06967039249783,1.5840423682984162,126.5952081698204,0.008726159004204382,126.73455759791871,0.9999656112901886,0.9999687814182379,,,,,,,
113,113_D1,2,1,5,435,0,,,0,0,0,Suite2p-style local neuropil,0.7,-0.0012632839113833388,0.9937687792985003,8.751309935332223,1.402411803586165,8.807431081165758,0.11217614129786783,8.788501649777192,0.9914553640541703,0.9937687792985003,,,,,,,
113,113_D1,3,1,5,435,0,,,0,0,0,Suite2p-style local neuropil,0.7,-0.000170101937836295,0.9963623850769339,11.110799435540716,1.357576556644732,11.151526108053414,0.08552972072381788,11.1728277897014,0.9970936754705316,0.9963623850769339,,,,,,,
113,113_D1,4,1,5,435,0,,,0,0,0,Suite2p-style local neuropil,0.7,-0.03516725218845437,0.9933460130062617,8.517733084960346,1.4174310152595035,8.60991640387106,0.11648659423531296,8.600806621239675,0.9947514194257755,0.9933460130062617,,,,,,,
113,113_D1,5,1,5,435,0,,,0,0,0,Suite2p-style local neuropil,0.7,0.05632098845350929,0.9931761796883467,19.605423159988575,3.27236066531106,19.610228006086167,0.11683768827123364,19.514866258301613,0.9935036720402374,0.9931761796883467,,,,,,,
113,113_D1,6,1,5,435,0,,,0,0,0,Suite2p-style local neuropil,0.7,0.041893907689256105,0.9981313387622739,21.537155566582637,1.8803902331191027,21.522229336481914,0.06111638609552318,21.31533045412357,0.9967298760275792,0.9981313387622739,,,,,,,
113,113_D1,7,1,5,435,0,,,0,0,0,Suite2p-style local neuropil,0.7,0.08173109949225683,0.9987848362682104,76.16707111067029,5.365366545758996,75.95240435866847,0.04930944230510927,75.61186841353793,0.9993334916742452,0.9987848362682104,,,,,,,
113,113_D1,8,1,5,435,0,,,0,0,0,Suite2p-style local neuropil,0.7,-0.1456916195675072,0.9992006083440476,74.38330832722846,4.322728177429245,74.88401998683553,0.040679954505122115,74.8696644874197,0.9990285505343125,0.9992006083440476,,,,,,,
113,113_D1,9,1,5,435,0,,,0,0,0,Suite2p-style local neuropil,0.7,0.06174942381895216,0.9933423728355253,8.32977312508535,1.3728135494671336,8.325864341903198,0.11536561989723379,8.345114651900353,0.9935670615394847,0.9933423728355253,,,,,,,
113,113_D1,10,1,5,435,0,,,0,0,0,Suite2p-style local neuropil,0.7,0.08092486660095126,0.9972529746750836,17.001620915957254,1.7990799194641818,16.946259554634246,0.07407269264054935,16.95372155919891,0.9984653420204778,0.9972529746750836,,,,,,,
113,113_D1,11,1,5,435,0,,,0,0,0,Suite2p-style local neuropil,0.7,0.15061024221391425,0.9958514927354114,14.99469860284856,1.952691879134254,14.850439166553807,0.09115782607492154,14.680749077955983,0.9918553343031968,0.9958514927354114,,,,,,,
113,113_D1,12,1,5,435,0,,,0,0,0,Suite2p-style local neuropil,0.7,0.2847914773772399,0.998662663219188,56.25519769357926,4.274394887494908,55.477271945430125,0.05318754159750393,54.833056162548225,0.9984443737516746,0.998662663219188,,,,,,,
113,113_D1,13,1,5,435,0,,,0,0,0,Suite2p-style local neuropil,0.7,-0.08826014103756068,0.9956965622808804,27.83699715359737,3.7466833920463185,28.189788240957046,0.0942155556851643,28.181484183090806,0.9908100385852011,0.9956965622808804,,,,,,,
113,113_D1,14,1,5,435,0,,,0,0,0,Suite2p-style local neuropil,0.7,0.0461817898198728,0.9922974923629782,9.89329137119892,1.7561367719818597,9.912874294084917,0.12425548773495365,9.972015493199013,0.9865631672551907,0.9922974923629782,,,,,,,
113,113_D1,15,1,5,435,0,,,0,0,0,Suite2p-style local neuropil,0.7,0.12859927137307478,0.9944516623952698,12.371774886689245,1.8597209285954113,12.272455469597336,0.10522375867306306,12.279856004120038,0.9926291336784159,0.9944516623952698,,,,,,,
113,113_D1,16,1,5,435,0,,,0,0,0,Suite2p-style local neuropil,0.7,-0.007060996450445091,0.993978422601446,4.632148991444623,0.7300824875475407,4.6638412396678,0.11032842739197014,4.664442690745015,0.9876688741036301,0.993978422601446,,,,,,,
113,113_D1,17,1,5,435,0,,,0,0,0,Suite2p-style local neuropil,0.7,0.0020829556870427942,0.9962323578791881,12.162034097282335,1.5122030065732261,12.20581628848074,0.08703660081528194,12.243576016868438,0.9943771690609766,0.9962323578791881,,,,,,,
113,113_D1,18,1,5,435,0,,,0,0,0,Suite2p-style local neuropil,0.7,0.4550277537484652,0.9979254859589564,64.67658357366587,6.4802210319775595,62.742667072469644,0.0701359872157152,62.484798226878475,0.9968921765779114,0.9979254859589564,,,,,,,
113,113_D1,19,1,5,435,0,,,0,0,0,Suite2p-style local neuropil,0.7,0.0950770128230957,0.9991904669691828,25.05157904267164,1.441909986644746,24.975832530866686,0.040290357502542506,24.852578303455417,0.9991917979624604,0.9991904669691828,,,,,,,
113,113_D1,20,1,5,435,0,,,0,0,0,Suite2p-style local neuropil,0.7,0.0359808491459287,0.9940886732594031,7.235711074397955,1.1252516880715004,7.250228312911731,0.1088595378650498,7.29891755477428,0.9934209554469632,0.9940886732594031,,,,,,,
113,113_D1,21,1,5,435,0,,,0,0,0,Suite2p-style local neuropil,0.7,0.019942555018203127,0.99637865133961,13.99096539233311,1.7030588555929171,14.017954970827418,0.0852079240031012,13.854945923099917,0.9931625348268127,0.99637865133961,,,,,,,
113,113_D1,22,1,5,435,0,,,0,0,0,Suite2p-style local neuropil,0.7,0.18441828582623346,0.995499777901946,23.21344000935975,3.1554992101299613,22.909184269780454,0.0951539107191009,22.95918898913723,0.9976225234010129,0.995499777901946,,,,,,,
113,113_D1,23,1,5,435,0,,,0,0,0,Suite2p-style local neuropil,0.7,0.031142975754716983,0.9977067606774553,13.64493665357918,1.3202458269730168,13.647452014458581,0.06773003846459058,13.684456413278685,0.9979013496729164,0.9977067606774553,,,,,,,
113,113_D1,24,1,5,435,0,,,0,0,0,Suite2p-style local neuropil,0.7,-0.026282803120240606,0.9993293190434762,21.79988373489375,1.142658297084501,21.835550763643344,0.03669105323948581,21.839429283785854,0.9994217035809082,0.9993293190434762,,,,,,,
113,113_D1,25,1,5,435,0,,,0,0,0,Suite2p-style local neuropil,0.7,0.12466446095838386,0.9997951046206992,42.121170091124384,1.2247517225127156,42.022902515963416,0.020353807823919025,41.98671850716115,0.999793101533328,0.9997951046206992,,,,,,,
113,113_D1,26,1,5,435,0,,,0,0,0,Suite2p-style local neuropil,0.7,-0.02075441291198914,0.998980337451627,16.167014057199218,1.044981578532082,16.198712885621692,0.045245640716784635,16.205093774208514,0.9968446535193343,0.998980337451627,,,,,,,
113,113_D1,27,1,5,435,0,,,0,0,0,Suite2p-style local neuropil,0.7,0.0823401937122771,0.99978685645129,35.31595595193866,1.0435916404459578,35.26332121172546,0.02068509220273133,35.29035656325775,0.9998347615442574,0.99978685645129,,,,,,,
113,113_D1,28,1,5,435,0,,,0,0,0,Suite2p-style local neuropil,0.7,0.0266160448640519,0.9986099922091392,14.904273038890818,1.1226216623643677,14.904074119850723,0.05272550286908062,14.890757826068656,0.9962809298817911,0.9986099922091392,,,,,,,
113,113_D1,29,1,5,435,0,,,0,0,0,Suite2p-style local neuropil,0.7,0.033098586457226555,0.9953289415072935,8.192136103816626,1.1321204568233192,8.20422847773718,0.09673719902579943,8.199021438509478,0.9959155689308069,0.9953289415072935,,,,,,,
113,113_D1,30,1,5,435,0,,,0,0,0,Suite2p-style local neuropil,0.7,0.033536155891598265,0.9994886606544399,20.92912530753124,0.9560214907097712,20.917378270034416,0.03197529852855434,20.95333768593281,0.9997168718419117,0.9994886606544399,,,,,,,
113,113_D1,31,1,5,435,0,,,0,0,0,Suite2p-style local neuropil,0.7,0.03561091389324002,0.9957601659820737,7.673115896687579,1.0099406831143007,7.6805044726102905,0.09213446934964943,7.701428376907016,0.9962216147713274,0.9957601659820737,,,,,,,
113,113_D1,32,1,5,435,0,,,0,0,0,Suite2p-style local neuropil,0.7,0.07049609003431984,0.9998042482718145,31.466975226914368,0.89056038457995,31.42918103280311,0.01981100229826039,31.475455618805587,0.9998561479916205,0.9998042482718145,,,,,,,
113,113_D1,33,2,5,435,0,,,0,0,0,Suite2p-style local neuropil,0.7,-0.020871777621908588,0.9988168916241825,16.014059298199687,1.1151993851549218,16.049340720503235,0.048747141138121064,18.22222993037109,0.9822705855791608,0.9988168916241825,,,,,,,
113,113_D1,34,2,5,435,0,,,0,0,0,Suite2p-style local neuropil,0.7,0.06972111767119434,0.9922581445448453,7.461534236637695,1.3257949238668683,7.454541032253409,0.1243787659314633,7.458070929756296,0.9943722905858666,0.9922581445448453,,,,,,,
113,113_D1,35,2,5,435,0,,,0,0,0,Suite2p-style local neuropil,0.7,0.1464669240062622,0.9948038175622493,8.94976972585946,1.3030052179349074,8.86222646074995,0.10191364382173772,8.946020215366655,0.9948960017568884,0.9948038175622493,,,,,,,
113,113_D1,36,2,5,435,0,,,0,0,0,Suite2p-style local neuropil,0.7,0.11304250938542537,0.997154232786886,51.23429163005013,5.521778795897306,50.942323423315806,0.07544252902683045,50.87683115863216,0.9986201670797409,0.997154232786886,,,,,,,
113,113_D1,37,2,5,435,0,,,0,0,0,Suite2p-style local neuropil,0.7,0.04302034061118632,0.996258036629151,21.694640946439712,2.681165491145494,21.695081953162603,0.08651057323019383,21.555107059235006,0.9963035213725618,0.996258036629151,,,,,,,
113,113_D1,38,2,5,435,0,,,0,0,0,Suite2p-style local neuropil,0.7,-0.042261270398002475,0.9978848194535621,20.897138887752433,1.9518834453520275,20.99929850402022,0.06538303519145273,20.952580144320955,0.9986148761138776,0.9978848194535621,,,,,,,
113,113_D1,39,2,5,435,0,,,0,0,0,Suite2p-style local neuropil,0.7,0.0747590627682188,0.9983115915451722,21.228796164346274,1.7618064773043878,21.172346047933654,0.05809396253102399,21.21599273103802,0.9986519257338065,0.9983115915451722,,,,,,,
113,113_D1,40,2,5,435,0,,,0,0,0,Suite2p-style local neuropil,0.7,0.09512818226022358,0.9907961754928567,11.263904454820803,2.1799416780761116,11.22202831653995,0.13547337688957023,11.196995732934516,0.9911353620916366,0.9907961754928567,,,,,,,
113,113_D1,41,2,5,435,0,,,0,0,0,Suite2p-style local neuropil,0.7,0.05607757897094557,0.9994767188651257,21.498306709923725,0.9936980004744999,21.470534995738397,0.03235551083333967,21.437925319585602,0.9992175656420583,0.9994767188651257,,,,,,,
113,113_D1,42,2,5,435,0,,,0,0,0,Suite2p-style local neuropil,0.7,0.11704418520126227,0.9994745281556933,29.75850788857818,1.3829692777155957,29.660785281848913,0.03253115801048904,29.642274382237684,0.9995270641910319,0.9994745281556933,,,,,,,
113,113_D1,43,2,5,435,0,,,0,0,0,Suite2p-style local neuropil,0.7,-0.04439565899067883,0.9992149004345886,19.96105659224344,1.1337387310555278,20.01200111504863,0.039758273196922,20.033551873488403,0.999391260375902,0.9992149004345886,,,,,,,
113,113_D1,44,2,5,435,0,,,0,0,0,Suite2p-style local neuropil,0.7,0.03467062645799309,0.9976166905234062,6.547322910205546,0.6457563189432286,6.547254913981783,0.0690403472144273,6.536018202793817,0.9980130790260916,0.9976166905234062,,,,,,,
113,113_D1,45,2,5,435,0,,,0,0,0,Suite2p-style local neuropil,0.7,-0.017625134596163997,0.9991896354822013,12.147165969050674,0.6996360324148504,12.165656380711955,0.04031765367451348,12.184479419840176,0.9991119060366642,0.9991896354822013,,,,,,,
113,113_D1,46,2,5,435,0,,,0,0,0,Suite2p-style local neuropil,0.7,-0.007956073380877629,0.9950208423423567,4.941936404191412,0.7077478836390316,4.970627569303294,0.10024886728707068,4.974829450039822,0.9952009176629286,0.9950208423423567,,,,,,,
113,113_D1,47,3,5,435,0,,,0,0,0,Suite2p-style local neuropil,0.7,-0.07225688903553772,0.99676861468963,14.05391589487366,1.631709473165983,14.182275882578452,0.08127248360977929,14.158333397985423,0.9952626293216311,0.99676861468963,,,,,,,
113,113_D1,48,3,5,435,0,,,0,0,0,Suite2p-style local neuropil,0.7,0.6665542428553635,0.9999824629950819,241.82200412135117,2.730106318927537,240.55238751399062,0.007902821146643698,240.86465633690082,0.9999853242332255,0.9999824629950819,,,,,,,
113,113_D1,49,3,5,435,0,,,0,0,0,Suite2p-style local neuropil,0.7,-0.02689749470094986,0.9951796565761317,11.490199289765782,1.622438589036983,11.576549873799639,0.09884136555911,11.608800559308369,0.9964955100811832,0.9951796565761317,,,,,,,
113,113_D1,50,3,5,435,0,,,0,0,0,Suite2p-style local neuropil,0.7,0.05721454695037314,0.9947426514203992,13.304645271391607,1.948402354386577,13.29651589496454,0.10251168625133623,13.373727667890968,0.9959845768525357,0.9947426514203992,,,,,,,
113,113_D1,51,3,5,435,0,,,0,0,0,Suite2p-style local neuropil,0.7,0.06278135903097862,0.9964510833739645,17.911342916350257,2.1543054646833135,17.880122829395148,0.08419322802655065,17.870849003263864,0.9973465496131494,0.9964510833739645,,,,,,,
113,113_D1,52,3,5,435,0,,,0,0,0,Suite2p-style local neuropil,0.7,-0.2361069321200947,0.9993361935412001,76.561354503326,4.139838654076798,77.29687485638188,0.03785050217360699,77.48694610004745,0.9993588401301454,0.9993361935412001,,,,,,,
113,113_D1,53,3,5,435,0,,,0,0,0,Suite2p-style local neuropil,0.7,0.0899910671730867,0.9952107426520589,15.091517263278385,2.1075433947837574,15.030741311959458,0.0977556059260991,14.97845596652137,0.9939570503877364,0.9952107426520589,,,,,,,
113,113_D1,54,3,5,435,0,,,0,0,0,Suite2p-style local neuropil,0.7,-0.00866734962552464,0.9954803152402723,13.350876702076595,1.8210943977968328,13.422591506635978,0.09548182202144175,13.499999472053638,0.994865084707797,0.9954803152402723,,,,,,,
113,113_D1,55,3,5,435,0,,,0,0,0,Suite2p-style local neuropil,0.7,0.0868991087520118,0.9962571084366393,19.632489371974078,2.4243159768771174,19.558223717086708,0.08643943240226956,19.499916777753192,0.997791197841448,0.9962571084366393,,,,,,,
113,113_D1,56,3,5,435,0,,,0,0,0,Suite2p-style local neuropil,0.7,0.17433751517237223,0.9953813197231228,30.536647767614696,4.201020122147329,30.163285775856515,0.0963011426998098,29.913327394182453,0.9938637428662306,0.9953813197231228,,,,,,,
113,113_D1,57,3,5,435,0,,,0,0,0,Suite2p-style local neuropil,0.7,-0.03558624567353389,0.999574562531434,33.16910825562561,1.3849493925864491,33.21774000344654,0.029227934254577675,33.286647777032435,0.9996453351639244,0.999574562531434,,,,,,,
113,113_D1,58,3,5,435,0,,,0,0,0,Suite2p-style local neuropil,0.7,0.018938799615919676,0.9951219674613104,8.519870511236514,1.2045611470852966,8.54558712021895,0.0989677923847533,8.566820555368722,0.9860182786116579,0.9951219674613104,,,,,,,
113,113_D1,59,3,5,435,0,,,0,0,0,Suite2p-style local neuropil,0.7,0.10077175235264489,0.9996089343530158,33.007254959113084,1.322104197801599,32.926869622898515,0.028038502066547833,32.952614612564375,0.9996926542757559,0.9996089343530158,,,,,,,
113,113_D1,60,3,5,435,0,,,0,0,0,Suite2p-style local neuropil,0.7,0.06179909279655928,0.9976372840226055,13.486177601853681,1.3236260681439076,13.460722084880274,0.06870280435385223,13.533544477567753,0.9949828769379301,0.9976372840226055,,,,,,,
113,113_D1,61,3,5,435,0,,,0,0,0,Suite2p-style local neuropil,0.7,0.06782855929721725,0.9997562187119782,37.260738609810076,1.1765161767500218,37.2139500936002,0.02210265000341288,37.20654128727221,0.9998736122977558,0.9997562187119782,,,,,,,
113,113_D1,62,3,5,435,0,,,0,0,0,Suite2p-style local neuropil,0.7,0.09086110373651397,0.9996005978031353,27.101584212013222,1.0962967637963041,27.04265755471903,0.028315986503736665,27.050439404537546,0.9996913626609394,0.9996005978031353,,,,,,,
113,113_D1,63,3,5,435,0,,,0,0,0,Suite2p-style local neuropil,0.7,0.013270901026110461,0.9958107771986077,7.0231636904044015,0.920224199216544,7.0441245343809555,0.09171891147932998,7.027758502799969,0.995382076212717,0.9958107771986077,,,,,,,
113,113_D1,64,4,5,435,0,,,0,0,0,Suite2p-style local neuropil,0.7,-0.01239470204785394,0.996019846534151,6.215659732578018,0.7955525678925744,6.247427907278726,0.08959416372548668,6.249782460465162,0.9971029655836515,0.996019846534151,,,,,,,
113,113_D1,65,4,5,435,0,,,0,0,0,Suite2p-style local neuropil,0.7,-0.11840353915946444,0.9974890490602525,19.910242435274807,2.0511147213128287,20.130791291092624,0.07211264550800424,20.08357015378142,0.9985540278910586,0.9974890490602525,,,,,,,
113,113_D1,66,4,5,435,0,,,0,0,0,Suite2p-style local neuropil,0.7,-0.010069835174259401,0.9934112597275259,12.294306619271278,2.0286328224844365,12.390242363871707,0.115504107584378,12.390537594876374,0.9954464359902541,0.9934112597275259,,,,,,,
113,113_D1,67,4,5,435,0,,,0,0,0,Suite2p-style local neuropil,0.7,-0.048298376989471786,0.9987656958092243,37.475607568666334,2.6719714688001037,37.61236916421257,0.04990926715822086,37.59512144371955,0.9991566737349058,0.9987656958092243,,,,,,,
113,113_D1,68,4,5,435,0,,,0,0,0,Suite2p-style local neuropil,0.7,0.03702585047905778,0.9939485429695767,9.127747651096826,1.4361897925956055,9.1458701457211,0.11014029888587858,9.218423151366308,0.9915890040892481,0.9939485429695767,,,,,,,
113,113_D1,69,4,5,435,0,,,0,0,0,Suite2p-style local neuropil,0.7,0.14758468701873334,0.9957004767167383,16.432443835621445,2.1778493140306594,16.277437075614465,0.0927734495273317,16.326598032569482,0.9960824855006942,0.9957004767167383,,,,,,,
113,113_D1,70,4,5,435,0,,,0,0,0,Suite2p-style local neuropil,0.7,0.046611491729727804,0.9999528960560784,160.74646227726538,2.2303760121567695,160.68125865729866,0.009712579993363706,160.81452636547192,0.9999540505209568,0.9999528960560784,,,,,,,
113,113_D1,71,4,5,435,0,,,0,0,0,Suite2p-style local neuropil,0.7,-0.04363582690629811,0.9998810132602693,122.12680121941011,2.6960151400621095,122.2236947435383,0.01545288785475294,122.13429512496579,0.9999218060667366,0.9998810132602693,,,,,,,
113,113_D1,72,4,5,435,0,,,0,0,0,Suite2p-style local neuropil,0.7,0.059578390689458346,0.9885020823658401,8.038874255249556,1.7438832582485013,8.058805303030194,0.1518518904779675,8.066333550614088,0.9855415230446303,0.9885020823658401,,,,,,,
113,113_D1,73,4,5,435,0,,,0,0,0,Suite2p-style local neuropil,0.7,0.008930881155968821,0.9956461224225712,16.436594092475346,2.1965595895270345,16.49467787325138,0.09354685719237914,16.4523837117158,0.9975095022967465,0.9956461224225712,,,,,,,
113,113_D1,74,4,5,435,0,,,0,0,0,Suite2p-style local neuropil,0.7,-0.016612642445944133,0.9915061855765174,4.3158640441661,0.8106324534789618,4.362343694120971,0.13147835844222977,4.342701895857873,0.991112325353898,0.9915061855765174,,,,,,,
113,113_D1,75,4,5,435,0,,,0,0,0,Suite2p-style local neuropil,0.7,0.09956746657071672,0.9967963188466032,6.066046529136093,0.69323937602877,6.03707047516876,0.07999733303489934,6.053575271307365,0.9946848534203696,0.9967963188466032,,,,,,,
113,113_D1,76,4,5,435,0,,,0,0,0,Suite2p-style local neuropil,0.7,0.02805983715232716,0.9962087614124537,8.940976986078464,1.1131095129640727,8.953056571541099,0.0871466962095629,8.933496225397972,0.9971744417500304,0.9962087614124537,,,,,,,
113,113_D1,77,4,5,435,0,,,0,0,0,Suite2p-style local neuropil,0.7,0.049776297787307605,0.991315390251262,5.280503335293422,0.9953766815883088,5.291778044613296,0.1319502344095518,5.28977572180115,0.9901727623152122,0.991315390251262,,,,,,,
113,113_D1,78,5,5,435,0,,,0,0,0,Suite2p-style local neuropil,0.7,0.07383155487517812,0.997032102418892,9.23533190317722,1.015719220705077,9.210172248607202,0.07698731117241311,9.198656066139195,0.9959017900762284,0.997032102418892,,,,,,,
113,113_D1,79,5,5,435,0,,,0,0,0,Suite2p-style local neuropil,0.7,0.01722337121289246,0.9908296780543812,8.89415490851173,1.7288704054394048,8.955435224247541,0.13606792972486484,8.977530071371511,0.9923671447741543,0.9908296780543812,,,,,,,
113,113_D1,80,5,5,435,0,,,0,0,0,Suite2p-style local neuropil,0.7,0.08217599791521525,0.9939831886738099,8.903331987701364,1.393678224837965,8.876571781540067,0.10957411994963812,8.930066380947487,0.9944758804266292,0.9939831886738099,,,,,,,
113,113_D1,81,5,5,435,0,,,0,0,0,Suite2p-style local neuropil,0.7,0.040247028138746414,0.9924470955761606,12.27586890728645,2.158700314112498,12.308013294307065,0.12309435391583474,12.32058375619024,0.9945249388317673,0.9924470955761606,,,,,,,
113,113_D1,82,5,5,435,0,,,0,0,0,Suite2p-style local neuropil,0.7,-0.007091424001673005,0.9986411296272365,23.480852564268897,1.751194733541195,23.521508064244152,0.05220578687647083,23.593145275056088,0.9986737000688191,0.9986411296272365,,,,,,,
113,113_D1,83,5,5,435,0,,,0,0,0,Suite2p-style local neuropil,0.7,0.0068588345449934725,0.9865313143917863,7.452824898550411,1.763351552944014,7.545993359228329,0.1656212398100366,7.531648910300375,0.9852327335442624,0.9865313143917863,,,,,,,
113,113_D1,84,5,5,435,0,,,0,0,0,Suite2p-style local neuropil,0.7,-0.05057033610994886,0.9915636778755264,3.7792420042226107,0.7113773037535182,3.8367926329004804,0.13176295730742024,3.794130421507924,0.9887827299194372,0.9915636778755264,,,,,,,
113,113_D1,85,5,5,435,0,,,0,0,0,Suite2p-style local neuropil,0.7,0.09011562259515891,0.9996324734981326,27.51354632133368,1.0676625482275968,27.456288058044088,0.02716347252167372,27.382329949135173,0.9996828437929253,0.9996324734981326,,,,,,,
113,113_D1,86,6,5,435,0,,,0,0,0,Suite2p-style local neuropil,0.7,-0.014378092837137802,0.9888912370933657,5.3924162342954585,1.1605391656475164,5.464803869022887,0.15065183738831842,5.411318377012957,0.9883866125398365,0.9888912370933657,,,,,,,
113,113_D1,87,6,5,435,0,,,0,0,0,Suite2p-style local neuropil,0.7,0.08648759794175404,0.9935864605112649,10.550277210407776,1.7048545341502517,10.514498195804586,0.11311533705233734,10.57537024368487,0.9949822102363041,0.9935864605112649,,,,,,,
113,113_D1,88,6,5,435,0,,,0,0,0,Suite2p-style local neuropil,0.7,-0.032520113592596815,0.995013984537362,11.834453212195596,1.7010584816612715,11.932672766694594,0.10061647170849672,11.966285024703444,0.9947960633605971,0.995013984537362,,,,,,,
113,113_D1,89,6,5,435,0,,,0,0,0,Suite2p-style local neuropil,0.7,0.057416997230975,0.9877638550010164,8.211670802583345,1.8385537587391634,8.238584479898174,0.15672663971462006,8.24268348173228,0.9886076901284654,0.9877638550010164,,,,,,,
113,113_D1,90,6,5,435,0,,,0,0,0,Suite2p-style local neuropil,0.7,0.024389883794625863,0.9902037085891909,8.132834286088894,1.633189717501278,8.185134876573862,0.14057003159524423,8.165985453029105,0.9876759667159182,0.9902037085891909,,,,,,,
113,113_D1,91,6,5,435,0,,,0,0,0,Suite2p-style local neuropil,0.7,0.23042936565206967,0.9926482096292375,14.31388155356455,2.490354969304109,14.015222838854168,0.12178726507005609,13.876782008543882,0.9919582136017782,0.9926482096292375,,,,,,,
113,113_D1,92,6,5,435,0,,,0,0,0,Suite2p-style local neuropil,0.7,0.12358322260920535,0.9876071353342217,6.4478883542047996,1.4464959977143148,6.402094809058708,0.15703546846390184,6.319526468512039,0.987223084549017,0.9876071353342217,,,,,,,
113,113_D1,93,6,5,435,0,,,0,0,0,Suite2p-style local neuropil,0.7,0.14360628132509018,0.9952703714963838,14.347856169620702,1.9933305212427976,14.21470807265456,0.09725015929943434,14.20154682239642,0.993822120526104,0.9952703714963838,,,,,,,
113,113_D1,94,6,5,435,0,,,0,0,0,Suite2p-style local neuropil,0.7,-0.06859583869746283,0.9940590275478217,9.695803920196312,1.5317134144287434,9.827738617014502,0.11058385347632226,9.781334614977194,0.9932345437946936,0.9940590275478217,,,,,,,
113,113_D1,95,6,5,435,0,,,0,0,0,Suite2p-style local neuropil,0.7,0.06501773521668244,0.996635998827693,17.394018366019576,2.0367702553428995,17.359718050821343,0.0819672105817212,17.386601099927898,0.9975771527182997,0.996635998827693,,,,,,,
113,113_D1,96,7,5,435,0,,,0,0,0,Suite2p-style local neuropil,0.7,0.013210330106964515,0.9939204493403004,4.011124102559777,0.6338826532188088,4.029761587108662,0.11062182151848106,4.0800879148671685,0.9890768063142591,0.9939204493403004,,,,,,,
113,113_D1,97,7,5,435,0,,,0,0,0,Suite2p-style local neuropil,0.7,0.11392580214187421,0.9883999381875669,9.795746427603573,2.126865238466346,9.739107244225394,0.15198490640855636,9.68966921319186,0.9888679131038414,0.9883999381875669,,,,,,,
113,113_D1,98,7,5,435,0,,,0,0,0,Suite2p-style local neuropil,0.7,0.015292279153992326,0.9916519707698845,11.656659758188153,2.1612424527542853,11.731459136802224,0.12978586734680939,11.818388949430311,0.9927557123867949,0.9916519707698845,,,,,,,
113,113_D1,99,7,5,435,0,,,0,0,0,Suite2p-style local neuropil,0.7,0.01231201115600483,0.9953965814917496,7.281628681700778,1.0004780238077455,7.306641649258707,0.0961782873960492,7.339049497980822,0.9957876619578268,0.9953965814917496,,,,,,,
113,113_D1,100,7,5,435,0,,,0,0,0,Suite2p-style local neuropil,0.7,-0.027495045214487427,0.9933920352283597,4.943272058402598,0.8187899746887776,4.992017990563556,0.11594607913136537,4.989072497845417,0.9924447913329145,0.9933920352283597,,,,,,,
113,113_D1,101,8,5,435,0,,,0,0,0,Suite2p-style local neuropil,0.7,0.057978570821683534,0.9970906514327965,17.526864556201968,1.9088666054284327,17.50030779270224,0.07623763151906977,17.479168289447532,0.9974155893129864,0.9970906514327965,,,,,,,
113,113_D1,102,8,5,435,0,,,0,0,0,Suite2p-style local neuropil,0.7,-0.011230310080656327,0.9960716730039588,10.043555299811596,1.2768856634010843,10.093242822907419,0.08899436658935549,10.070966995328508,0.9954145092214371,0.9960716730039588,,,,,,,
113,113_D1,103,8,5,435,0,,,0,0,0,Suite2p-style local neuropil,0.7,0.1284301737037915,0.9953427263815177,19.437397032165602,2.6781839018873734,19.286447532725642,0.09644957638805333,19.30879379528069,0.9962277737302838,0.9953427263815177,,,,,,,
113,113_D1,104,8,5,435,0,,,0,0,0,Suite2p-style local neuropil,0.7,0.18371294394067092,0.9898943506505049,18.435001129035033,3.7379557552923126,18.13759566105464,0.14193484172655818,18.151182426402098,0.9916961006019689,0.9898943506505049,,,,,,,
113,113_D1,105,8,5,435,0,,,0,0,0,Suite2p-style local neuropil,0.7,0.16037473294045002,0.9976935780600561,12.046693582304199,1.1732488382889734,11.942526425115323,0.06817423696830266,11.992039283193249,0.9980010023847496,0.9976935780600561,,,,,,,
113,113_D1,106,8,5,435,0,,,0,0,0,Suite2p-style local neuropil,0.7,0.13162047953762296,0.9938984101358854,9.988187547553995,1.5742071175916579,9.903576648304515,0.11032481527768478,9.971557523136726,0.9944845689668731,0.9938984101358854,,,,,,,
113,113_D1,107,8,5,435,0,,,0,0,0,Suite2p-style local neuropil,0.7,0.20171395218616073,0.9924245395726277,14.10999821947299,2.484354398779494,13.8642359385515,0.12324934446202963,13.867515414506943,0.9952319323470579,0.9924245395726277,,,,,,,
113,113_D1,108,8,5,435,0,,,0,0,0,Suite2p-style local neuropil,0.7,0.09370489046262155,0.9977300875659116,19.352437095188716,1.8623550628340175,19.27402895383536,0.06736354159420506,19.276605490281298,0.9978819284331943,0.9977300875659116,,,,,,,
113,113_D1,109,9,5,435,0,,,0,0,0,Suite2p-style local neuropil,0.7,0.1617330439614073,0.9859028961267378,7.480288558234962,1.7880153361324935,7.381925547890211,0.16732117930786383,7.365020898429075,0.98292202391945,0.9859028961267378,,,,,,,
113,113_D1,110,9,5,435,0,,,0,0,0,Suite2p-style local neuropil,0.7,0.01831570522709922,0.9940376263440044,13.531371540529936,2.116500038896348,13.585236181211293,0.10949001125198148,13.557221402266315,0.9959446776818538,0.9940376263440044,,,,,,,
113,113_D1,111,9,5,435,0,,,0,0,0,Suite2p-style local neuropil,0.7,-0.0379613402507426,0.9920187426137602,8.645794314835301,1.578645432042604,8.757640587562813,0.12781379667110873,8.831541642582547,0.9932538821939648,0.9920187426137602,,,,,,,
113,113_D1,112,10,5,435,0,,,0,0,0,Suite2p-style local neuropil,0.7,0.09269372683895549,0.9906351053704084,9.052084070224788,1.7673435093998504,9.021898082262124,0.13666913041897885,9.051462769884457,0.991638517674317,0.9906351053704084,,,,,,,
113,113_D1,113,10,5,435,0,,,0,0,0,Suite2p-style local neuropil,0.7,0.09783965336075925,0.9916928709604985,9.857172909771359,1.8121726531106415,9.814592283311132,0.12869012689465648,9.845048146320325,0.9942728592775731,0.9916928709604985,,,,,,,
113,113_D1,114,10,5,435,0,,,0,0,0,Suite2p-style local neuropil,0.7,0.12932544681784058,0.9876096579267933,10.641821010751679,2.3866793820766152,10.556559552433116,0.15699150954928856,10.545400915531372,0.9891433668373989,0.9876096579267933,,,,,,,
113,113_D1,115,10,5,435,0,,,0,0,0,Suite2p-style local neuropil,0.7,0.023004859689533336,0.9950174997177136,15.87383378940358,2.267591720713942,15.916622427731648,0.09999563804052043,16.014779398796577,0.9941012607902802,0.9950174997177136,,,,,,,
113,113_D1,116,11,5,435,0,,,0,0,0,Suite2p-style local neuropil,0.7,0.14459297000662724,0.9950869910256352,15.66757885187785,2.2182827470686624,15.51930164342292,0.09910898727203044,15.554960660379438,0.9956082564660113,0.9950869910256352,,,,,,,
113,113_D1,117,11,5,435,0,,,0,0,0,Suite2p-style local neuropil,0.7,-0.0311043842859597,0.9886633533576985,5.2080766464690305,1.1358511490366372,5.2928103400915925,0.15266591765098578,5.291593856134161,0.9869755002043753,0.9886633533576985,,,,,,,
113,113_D1,118,11,5,435,0,,,0,0,0,Suite2p-style local neuropil,0.7,0.07726790972318631,0.992897416443766,13.108873358012204,2.229972587773033,13.081169710106668,0.11907817953440131,13.226719751313968,0.9940838163724897,0.992897416443766,,,,,,,
113,113_D1,119,11,5,435,0,,,0,0,0,Suite2p-style local neuropil,0.7,-0.0008492470700202948,0.9886737006788577,4.963674774251307,1.0765500570069484,5.021186177069646,0.15181998511836814,5.048606726609703,0.9860427576633115,0.9886737006788577,,,,,,,
113,113_D1,120,11,5,435,0,,,0,0,0,Suite2p-style local neuropil,0.7,0.0442362209993697,0.9891186327383891,7.928413315740435,1.6752760294250089,7.963188225552534,0.1479101965434139,7.92986402258671,0.9908013431505002,0.9891186327383891,,,,,,,
113,113_D1,121,12,5,435,0,,,0,0,0,Suite2p-style local neuropil,0.7,0.1462739451924829,0.9952904087685769,11.8970760547144,1.6495811610825735,11.783668866444563,0.09705803046053886,11.72615459822106,0.9951333493512333,0.9952904087685769,,,,,,,
113,113_D1,122,12,5,435,0,,,0,0,0,Suite2p-style local neuropil,0.7,-0.016032610765763657,0.9910123551667225,8.370281077805299,1.6177809270851105,8.46451321784721,0.13529373841729908,8.444636469373902,0.9935463548725333,0.9910123551667225,,,,,,,
113,113_D1,123,12,5,435,0,,,0,0,0,Suite2p-style local neuropil,0.7,0.0971905340853327,0.9935814910412779,15.209309658569515,2.458109648127959,15.139247622094421,0.11313312484001205,15.164266109188581,0.9956688944028023,0.9935814910412779,,,,,,,
113,113_D1,124,12,5,435,0,,,0,0,0,Suite2p-style local neuropil,0.7,0.07931607992117894,0.9945081317689467,12.599093917219387,1.8843429942957326,12.563469693682169,0.10469324030407359,12.555110064030284,0.9959678087282735,0.9945081317689467,,,,,,,
113,113_test5,1,1,1,87,0,,,0,0,0,Suite2p-style local neuropil,0.7,-0.014659522621980312,0.9997422823203609,43.64119289619988,1.4163179109449902,43.666980626720225,0.022717594468283024,43.7521703084739,0.9996858539704166,0.9997422823203609,,,,,,,
113,113_test5,2,1,1,87,0,,,0,0,0,Suite2p-style local neuropil,0.7,0.0695399506781944,0.9931445499011118,8.84353584490815,1.4784506550746084,8.832115950355549,0.11702505047722996,8.682106054999187,0.9915333867612856,0.9931445499011118,,,,,,,
113,113_test5,3,1,1,87,0,,,0,0,0,Suite2p-style local neuropil,0.7,-0.13117494144889533,0.9962514831538418,11.446742295366407,1.448904496313999,11.623354750853283,0.08860452411013812,11.597077501373642,0.9974480785715971,0.9962514831538418,,,,,,,
113,113_test5,4,1,1,87,0,,,0,0,0,Suite2p-style local neuropil,0.7,-0.05052069991904553,0.9940242579950926,8.323107717050508,1.3146975294713257,8.41991657829985,0.11057026579890711,8.436108702889326,0.9942595554796793,0.9940242579950926,,,,,,,
113,113_test5,5,1,1,87,0,,,0,0,0,Suite2p-style local neuropil,0.7,0.06461064707837616,0.9957973017250388,19.63351172792958,2.5696933428663185,19.5996622976469,0.09161810681613186,19.64089678568372,0.9954474315256856,0.9957973017250388,,,,,,,
113,113_test5,6,1,1,87,0,,,0,0,0,Suite2p-style local neuropil,0.7,-0.03999053392545727,0.9982342101011272,18.690386250562213,1.5939085058769094,18.76814495096267,0.05969573695358446,18.761993708533545,0.9975709873065128,0.9982342101011272,,,,,,,
113,113_test5,7,1,1,87,0,,,0,0,0,Suite2p-style local neuropil,0.7,0.040629191434483354,0.9983741160245518,69.84442230996822,5.68820672917884,69.79612908662631,0.05700875052932976,69.69655336925211,0.9992282206631372,0.9983741160245518,,,,,,,
113,113_test5,8,1,1,87,0,,,0,0,0,Suite2p-style local neuropil,0.7,-0.036664161944026906,0.9993111760281012,69.77450739836095,3.7091686468756557,69.9178646929724,0.03721155370692154,69.6829590952942,0.9991198078333121,0.9993111760281012,,,,,,,
113,113_test5,9,1,1,87,0,,,0,0,0,Suite2p-style local neuropil,0.7,0.16526657121129856,0.9904115018859535,7.88302329971893,1.5563419117370347,7.7775504693453374,0.1382006889480848,7.811632515418263,0.9900819396179545,0.9904115018859535,,,,,,,
113,113_test5,10,1,1,87,0,,,0,0,0,Suite2p-style local neuropil,0.7,0.03402649351955635,0.9970544645860656,15.53400039200656,1.7035663414627538,15.539195164340143,0.07676687243390747,15.581658859746113,0.9980581509225955,0.9970544645860656,,,,,,,
113,113_test5,11,1,1,87,0,,,0,0,0,Suite2p-style local neuropil,0.7,0.09485617241744716,0.9964274836612435,12.973467959532398,1.5652930718799558,12.915674892382603,0.08445737423825352,12.985784109569488,0.9947515011284529,0.9964274836612435,,,,,,,
113,113_test5,12,1,1,87,0,,,0,0,0,Suite2p-style local neuropil,0.7,0.011763002713318422,0.9975870508178523,38.34246550343418,3.809193564134424,38.403767174431664,0.06954257770973334,37.835176664277355,0.9976964633327495,0.9975870508178523,,,,,,,
113,113_test5,13,1,1,87,0,,,0,0,0,Suite2p-style local neuropil,0.7,-0.14279583378181457,0.9972161731372248,24.313174587277448,2.652602777621955,24.646933546173496,0.07637098759501185,24.84042927029207,0.996102427740512,0.9972161731372248,,,,,,,
113,113_test5,14,1,1,87,0,,,0,0,0,Suite2p-style local neuropil,0.7,0.32276872787349986,0.9933349708766762,10.013778253628928,1.6870610448057122,9.697239270604081,0.11793177849186785,9.968675738918193,0.990053772572436,0.9933349708766762,,,,,,,
113,113_test5,15,1,1,87,0,,,0,0,0,Suite2p-style local neuropil,0.7,0.016412544138605673,0.9962495791884767,12.014210594986592,1.4887311375283325,12.042270420160499,0.0867399275481776,11.947846108569369,0.9941097541591725,0.9962495791884767,,,,,,,
113,113_test5,16,1,1,87,0,,,0,0,0,Suite2p-style local neuropil,0.7,-0.0665823198890167,0.992289431024215,4.25541033615359,0.7674044332330969,4.324521811288959,0.12623531759438306,4.245411630079512,0.9876711063123644,0.992289431024215,,,,,,,
113,113_test5,17,1,1,87,0,,,0,0,0,Suite2p-style local neuropil,0.7,0.013744600482253243,0.9971454224948669,12.894085624341098,1.3934746826352917,12.917553016637262,0.07564957486300174,13.209027780809802,0.9962134367534403,0.9971454224948669,,,,,,,
113,113_test5,18,1,1,87,0,,,0,0,0,Suite2p-style local neuropil,0.7,0.004512694197162413,0.9984985726870496,43.634680703897,3.418899039107728,43.68947954072321,0.05484708695014996,43.86411022543675,0.9987355114946982,0.9984985726870496,,,,,,,
113,113_test5,19,1,1,87,0,,,0,0,0,Suite2p-style local neuropil,0.7,0.04154283506482716,0.9984450098483671,19.09334707315572,1.5206797636707516,19.078793284445304,0.05575115023157401,19.073010480067527,0.9987032696504355,0.9984450098483671,,,,,,,
113,113_test5,20,1,1,87,0,,,0,0,0,Suite2p-style local neuropil,0.7,0.14763440397521596,0.9937021185766385,7.229883016945831,1.1580846704826675,7.155264847962502,0.11212619393734011,7.257745711704549,0.9938919814181469,0.9937021185766385,,,,,,,
113,113_test5,21,1,1,87,0,,,0,0,0,Suite2p-style local neuropil,0.7,0.008312096378216598,0.9957682336598309,12.061800252032228,1.5891089883257117,12.103774525250781,0.09222307275116616,12.087711549455632,0.9959877209780702,0.9957682336598309,,,,,,,
113,113_test5,22,1,1,87,0,,,0,0,0,Suite2p-style local neuropil,0.7,0.0012482491022764212,0.996393209529964,21.740248021718166,2.6446817647078342,21.81662490642915,0.08515436356938924,21.829179209775322,0.9978719908401098,0.996393209529964,,,,,,,
113,113_test5,23,1,1,87,0,,,0,0,0,Suite2p-style local neuropil,0.7,-0.0070758108273024384,0.9979454792475365,13.617709768923298,1.2495524865645704,13.651947275824295,0.06423156201892248,13.702465883525242,0.9982494844671356,0.9979454792475365,,,,,,,
113,113_test5,24,1,1,87,0,,,0,0,0,Suite2p-style local neuropil,0.7,-0.07473383173937338,0.9992401537332506,20.639312298885926,1.1566720641788573,20.715562108376247,0.03922952264600836,20.79005851962562,0.9993494086024342,0.9992401537332506,,,,,,,
113,113_test5,25,1,1,87,0,,,0,0,0,Suite2p-style local neuropil,0.7,0.2093157053602738,0.9988378084583444,17.90260575723879,1.2491552822289074,17.740195910269446,0.04884255491383534,17.62689908499045,0.9987851151508128,0.9988378084583444,,,,,,,
113,113_test5,26,1,1,87,0,,,0,0,0,Suite2p-style local neuropil,0.7,-0.049284384533403794,0.9990841797976227,16.341429104966657,1.0031305022631913,16.391047419893287,0.0429700050409739,16.265124055999433,0.9972748048769298,0.9990841797976227,,,,,,,
113,113_test5,27,1,1,87,0,,,0,0,0,Suite2p-style local neuropil,0.7,0.03909552826923448,0.9997464987342235,32.671350341309704,1.0510051462091665,32.65086401123135,0.022518388075449453,32.62695246660676,0.9997945813790046,0.9997464987342235,,,,,,,
113,113_test5,28,1,1,87,0,,,0,0,0,Suite2p-style local neuropil,0.7,0.1402688950845389,0.9989298195724288,15.225884777064728,1.010537298702135,15.142867676075603,0.04645878947139235,15.198404966735772,0.9962130962133333,0.9989298195724288,,,,,,,
113,113_test5,29,1,1,87,0,,,0,0,0,Suite2p-style local neuropil,0.7,0.050914521462471524,0.9958780836932165,9.499922760327951,1.2319249745539869,9.495155045263202,0.09077415461438708,9.332032831354267,0.9968120019246838,0.9958780836932165,,,,,,,
113,113_test5,30,1,1,87,0,,,0,0,0,Suite2p-style local neuropil,0.7,0.10326855891522572,0.9995292725214109,21.826657097378494,0.9591549677736091,21.767568169329852,0.030760935302834694,21.821722704920404,0.9997830279098485,0.9995292725214109,,,,,,,
113,113_test5,31,1,1,87,0,,,0,0,0,Suite2p-style local neuropil,0.7,-0.002001059892526102,0.996970908609671,8.473238917280385,0.9444514751245722,8.500310092757887,0.07802400577001632,8.557571921026245,0.9969337714129294,0.996970908609671,,,,,,,
113,113_test5,32,1,1,87,0,,,0,0,0,Suite2p-style local neuropil,0.7,-0.06921111794604262,0.9998448707799109,31.83706628179381,0.8041207619238392,31.880971390767677,0.017680161207509815,31.859662901938673,0.9998872572549357,0.9998448707799109,,,,,,,
113,113_test5,33,2,1,87,0,,,0,0,0,Suite2p-style local neuropil,0.7,0.05591589010671805,0.9979051363957402,11.889004496020599,1.098827421385507,11.870862928325305,0.06469669585496081,11.948344714854775,0.9927918680205082,0.9979051363957402,,,,,,,
113,113_test5,34,2,1,87,0,,,0,0,0,Suite2p-style local neuropil,0.7,0.15198238405718859,0.9909305299319179,7.470056822560809,1.4342127857702185,7.384447249474676,0.13439643289937014,7.335288947124392,0.9949387439246755,0.9909305299319179,,,,,,,
113,113_test5,35,2,1,87,0,,,0,0,0,Suite2p-style local neuropil,0.7,0.015889922511479092,0.9932658485167333,8.05982433646537,1.3407154190703863,8.099454557787668,0.11644184666894414,8.125703193296506,0.993519954933329,0.9932658485167333,,,,,,,
113,113_test5,36,2,1,87,0,,,0,0,0,Suite2p-style local neuropil,0.7,0.09383117920597961,0.9985824378483217,51.275355379466845,3.90214495544229,51.091479841434456,0.053271165946235675,51.03956257042315,0.9989995623370156,0.9985824378483217,,,,,,,
113,113_test5,37,2,1,87,0,,,0,0,0,Suite2p-style local neuropil,0.7,0.21072092895770944,0.9981220222865735,23.53063755527756,2.08287448941192,23.26709882121677,0.06196228878433566,23.29766334514537,0.997878236791006,0.9981220222865735,,,,,,,
113,113_test5,38,2,1,87,0,,,0,0,0,Suite2p-style local neuropil,0.7,-0.04512797087132554,0.9976856987212572,19.334423488405676,1.8901434735456766,19.43912046444951,0.06843237185923413,19.372059125988862,0.9984510052924891,0.9976856987212572,,,,,,,
113,113_test5,39,2,1,87,0,,,0,0,0,Suite2p-style local neuropil,0.7,0.1507785114237508,0.9983015033651872,18.439448132394723,1.5413314500003086,18.30786427756646,0.05851217642674594,18.47728717899651,0.9985149126458622,0.9983015033651872,,,,,,,
113,113_test5,40,2,1,87,0,,,0,0,0,Suite2p-style local neuropil,0.7,-0.18786553007335685,0.9922756915706105,10.068041767379654,1.8755674049999662,10.394983942489299,0.13040244126635586,10.280021813961433,0.9916142005471378,0.9922756915706105,,,,,,,
113,113_test5,41,2,1,87,0,,,0,0,0,Suite2p-style local neuropil,0.7,0.00032107796750180227,0.99946953484561,21.734687480465286,1.0117372514730494,21.745995285208203,0.032584550773503154,21.643202666720832,0.9992629754873544,0.99946953484561,,,,,,,
113,113_test5,42,2,1,87,0,,,0,0,0,Suite2p-style local neuropil,0.7,-0.014456717767250635,0.999450806986659,26.018034879589635,1.233065402204231,26.044816373931436,0.03317493316200981,26.002977935349257,0.9994270623439774,0.999450806986659,,,,,,,
113,113_test5,43,2,1,87,0,,,0,0,0,Suite2p-style local neuropil,0.7,-0.010918737352667855,0.9990023876561857,16.818703280988466,1.0746164438952048,16.84372012689099,0.044725886799806755,16.935949582697894,0.9991653495355535,0.9990023876561857,,,,,,,
113,113_test5,44,2,1,87,0,,,0,0,0,Suite2p-style local neuropil,0.7,-0.11832476497084442,0.9984928761346461,7.0486262411138,0.5610516051125218,7.1058060150402,0.055718106935151716,7.042412376469086,0.998260199290765,0.9984928761346461,,,,,,,
113,113_test5,45,2,1,87,0,,,0,0,0,Suite2p-style local neuropil,0.7,0.046579774922485315,0.9991060342013245,12.707691741958659,0.7674514610375484,12.694016382397232,0.04227488155057358,12.729076672297664,0.999141860571017,0.9991060342013245,,,,,,,
113,113_test5,46,2,1,87,0,,,0,0,0,Suite2p-style local neuropil,0.7,0.10968921111515843,0.9956664090213398,4.765962548491797,0.6332594156937785,4.737871327615194,0.09300987691691176,4.791590309381677,0.9951441876570523,0.9956664090213398,,,,,,,
113,113_test5,47,3,1,87,0,,,0,0,0,Suite2p-style local neuropil,0.7,-0.04294251753061101,0.9975109283290162,15.356245237875717,1.5568791570188099,15.44147950188228,0.07096888027872515,15.441298719283663,0.9972578393758956,0.9975109283290162,,,,,,,
113,113_test5,48,3,1,87,0,,,0,0,0,Suite2p-style local neuropil,0.7,0.007589116053813744,0.9998435693481756,74.39642978392833,1.879901285483293,74.39808023971428,0.01768809589603039,74.11720388041051,0.9998425342883072,0.9998435693481756,,,,,,,
113,113_test5,49,3,1,87,0,,,0,0,0,Suite2p-style local neuropil,0.7,0.05523067841872253,0.9950991231639195,10.986990489528587,1.5535180400409252,10.980744416747589,0.09897729322582022,11.085269441752448,0.9967838707893176,0.9950991231639195,,,,,,,
113,113_test5,50,3,1,87,0,,,0,0,0,Suite2p-style local neuropil,0.7,0.017933976457398894,0.9952436215464245,13.653490119165326,1.9061649643072136,13.69469778957981,0.0977270502688885,13.649976742660083,0.9966245719443865,0.9952436215464245,,,,,,,
113,113_test5,51,3,1,87,0,,,0,0,0,Suite2p-style local neuropil,0.7,0.012275424062713617,0.9968532899931718,17.09136683425886,1.9398042619172273,17.128597070478165,0.07944730343862974,17.046607282396774,0.9983043150125342,0.9968532899931718,,,,,,,
113,113_test5,52,3,1,87,0,,,0,0,0,Suite2p-style local neuropil,0.7,0.24054298504032698,0.9987638758574867,51.53116162795086,3.728550537385262,50.96634808635687,0.050648653721266416,51.04419207305383,0.9989672239296488,0.9987638758574867,,,,,,,
113,113_test5,53,3,1,87,0,,,0,0,0,Suite2p-style local neuropil,0.7,0.01245535640389709,0.9970313354630865,14.88020158194467,1.6401783452892622,14.910164648899062,0.07715788522795305,14.949814334791915,0.9968590270086947,0.9970313354630865,,,,,,,
113,113_test5,54,3,1,87,0,,,0,0,0,Suite2p-style local neuropil,0.7,0.19451876384975642,0.9948967335478638,12.40795262932671,1.7965388638209594,12.22572127381631,0.10135250836008916,12.339737008330049,0.994547626839724,0.9948967335478638,,,,,,,
113,113_test5,55,3,1,87,0,,,0,0,0,Suite2p-style local neuropil,0.7,0.11824751567146499,0.9977648889565703,22.66083832047681,2.1661035751740534,22.531904346556676,0.06691158890638568,22.394125961528946,0.9988461803001674,0.9977648889565703,,,,,,,
113,113_test5,56,3,1,87,0,,,0,0,0,Suite2p-style local neuropil,0.7,-0.09728354379403344,0.9946204480725034,24.77227963117592,3.7412992753523238,25.162419407754083,0.10571935454864949,24.990942249932704,0.9937477953117969,0.9946204480725034,,,,,,,
113,113_test5,57,3,1,87,0,,,0,0,0,Suite2p-style local neuropil,0.7,-0.12257541611547125,0.9993200369137607,22.45268261388968,1.197900031352673,22.570812732986298,0.037346517016563496,22.57055732728592,0.9994624350365806,0.9993200369137607,,,,,,,
113,113_test5,58,3,1,87,0,,,0,0,0,Suite2p-style local neuropil,0.7,0.15011330803848985,0.9951510083163707,8.924599050721822,1.2557279188057253,8.835491220893308,0.0984928640419417,8.970765513501217,0.991622660802806,0.9951510083163707,,,,,,,
113,113_test5,59,3,1,87,0,,,0,0,0,Suite2p-style local neuropil,0.7,0.033142288325665584,0.9995114902820841,31.62145420316017,1.4118319666990347,31.60413879764477,0.031253548330589576,31.66808552599506,0.9996426751835007,0.9995114902820841,,,,,,,
113,113_test5,60,3,1,87,0,,,0,0,0,Suite2p-style local neuropil,0.7,0.036207426007727,0.9970606994798861,11.990143162069375,1.3134085511688316,11.992103086017037,0.07667847594701578,11.842816261384717,0.9946188260327955,0.9970606994798861,,,,,,,
113,113_test5,61,3,1,87,0,,,0,0,0,Suite2p-style local neuropil,0.7,0.04818195103995347,0.9997903994039422,35.63170711621501,1.042543909319869,35.60400734106687,0.02048120225052627,35.60426992905146,0.9998558792202232,0.9997903994039422,,,,,,,
113,113_test5,62,3,1,87,0,,,0,0,0,Suite2p-style local neuropil,0.7,0.12861884115605457,0.9996444730072152,28.185683465780038,1.079243366554481,28.098506138952178,0.026803379476607093,28.069998740149398,0.9997878339761374,0.9996444730072152,,,,,,,
113,113_test5,63,3,1,87,0,,,0,0,0,Suite2p-style local neuropil,0.7,0.1106641976986744,0.9950965609456357,7.1161645535154925,1.0055661264206615,7.072950156979458,0.09891512300390866,7.046580335811728,0.9951701483179002,0.9950965609456357,,,,,,,
113,113_test5,64,4,1,87,0,,,0,0,0,Suite2p-style local neuropil,0.7,-0.07700602415001988,0.9964900190472497,6.116759506514264,0.7410625107244695,6.178391917859264,0.08480696043941026,6.194720106407662,0.9970731776250941,0.9964900190472497,,,,,,,
113,113_test5,65,4,1,87,0,,,0,0,0,Suite2p-style local neuropil,0.7,-0.1765755972923375,0.9975990152404323,19.529272409460418,1.992515367373925,19.82314807016148,0.07141897766798742,19.646794305865388,0.9985879370562663,0.9975990152404323,,,,,,,
113,113_test5,66,4,1,87,0,,,0,0,0,Suite2p-style local neuropil,0.7,0.2008043693054017,0.9941624132354329,13.311172063100889,2.0608188507910308,13.09795772534987,0.10837310903796069,13.186790227725446,0.9967675828130285,0.9941624132354329,,,,,,,
113,113_test5,67,4,1,87,0,,,0,0,0,Suite2p-style local neuropil,0.7,-0.025802123819708308,0.9990775227365057,37.18400893330767,2.2865363983474674,37.259678278273384,0.04304474666490113,37.29454880860155,0.9993698121321168,0.9990775227365057,,,,,,,
113,113_test5,68,4,1,87,0,,,0,0,0,Suite2p-style local neuropil,0.7,0.13962425205409554,0.9955028422863396,9.00175120694287,1.2194616148796764,8.922691384421325,0.09482856630742285,9.013078382257333,0.9960562426920359,0.9955028422863396,,,,,,,
113,113_test5,69,4,1,87,0,,,0,0,0,Suite2p-style local neuropil,0.7,0.14095059512266558,0.9945098859776947,13.354243187609356,1.997656252943369,13.229776692192818,0.10471273820105081,13.412560778497575,0.996476694103521,0.9945098859776947,,,,,,,
113,113_test5,70,4,1,87,0,,,0,0,0,Suite2p-style local neuropil,0.7,-0.0067695246218825444,0.9999637753466202,159.33697801382152,1.9376807985474094,159.35193273665206,0.008512632700127339,159.28109771388293,0.9999693463366135,0.9999637753466202,,,,,,,
113,113_test5,71,4,1,87,0,,,0,0,0,Suite2p-style local neuropil,0.7,-0.20161610258621424,0.9998968793442722,96.97040550041987,2.0373320385155065,97.26797043775169,0.014706821237828311,97.0722118089991,0.999941458382613,0.9998968793442722,,,,,,,
113,113_test5,72,4,1,87,0,,,0,0,0,Suite2p-style local neuropil,0.7,0.10133244055973599,0.9916842489424501,8.827322998029729,1.6235167628068763,8.785218258882542,0.12874363670130332,8.937728987187075,0.9907697628846324,0.9916842489424501,,,,,,,
113,113_test5,73,4,1,87,0,,,0,0,0,Suite2p-style local neuropil,0.7,0.1088145477761223,0.9948531185510443,16.132626362245286,2.3353226524244346,16.037286465799713,0.10133042225883494,15.999868216887082,0.9980284712531721,0.9948531185510443,,,,,,,
113,113_test5,74,4,1,87,0,,,0,0,0,Suite2p-style local neuropil,0.7,-0.13256188642813,0.9935055491060626,4.4540193663264285,0.746650103662655,4.5528718658272025,0.11734458217987027,4.549726196349945,0.9917821226618951,0.9935055491060626,,,,,,,
113,113_test5,75,4,1,87,0,,,0,0,0,Suite2p-style local neuropil,0.7,-0.06314857529949972,0.997553874942733,6.689779217718846,0.6740056953529046,6.736050062745351,0.07052608086896793,6.776275863727457,0.9956237507571853,0.997553874942733,,,,,,,
113,113_test5,76,4,1,87,0,,,0,0,0,Suite2p-style local neuropil,0.7,0.2023688038835396,0.9963220098796558,8.56888424809677,1.0562738965016594,8.450334740119834,0.0862879775968633,8.521002083402475,0.9969403016795959,0.9963220098796558,,,,,,,
113,113_test5,77,4,1,87,0,,,0,0,0,Suite2p-style local neuropil,0.7,0.02780636443312561,0.990247544113597,4.734667839346372,0.9482652752317164,4.762657954861604,0.14019689105790178,4.782945678500395,0.9877039101214954,0.990247544113597,,,,,,,
113,113_test5,78,5,1,87,0,,,0,0,0,Suite2p-style local neuropil,0.7,0.09368352328013005,0.9973446646806148,9.459498923182776,0.9843545128958342,9.419959443163949,0.07284191121365313,9.37701515880406,0.9964937820015088,0.9973446646806148,,,,,,,
113,113_test5,79,5,1,87,0,,,0,0,0,Suite2p-style local neuropil,0.7,-0.09275187118507747,0.9881439408728079,8.08845887078103,1.8295719411557114,8.305719336969817,0.1583367550321515,8.31320645209466,0.9910899098063929,0.9881439408728079,,,,,,,
113,113_test5,80,5,1,87,0,,,0,0,0,Suite2p-style local neuropil,0.7,-0.03987418763195347,0.9940186338385978,8.692849550530171,1.3714759259453884,8.783668483481918,0.11043941624606575,8.725980902700966,0.9943114590603899,0.9940186338385978,,,,,,,
113,113_test5,81,5,1,87,0,,,0,0,0,Suite2p-style local neuropil,0.7,0.09973003290454474,0.9948707081017935,12.599116584283173,1.8206589021798396,12.536316906091178,0.10115480771423387,12.639987134504153,0.996326451334269,0.9948707081017935,,,,,,,
113,113_test5,82,5,1,87,0,,,0,0,0,Suite2p-style local neuropil,0.7,0.1791734278162274,0.9981532698963692,19.342113381605554,1.6905310369275883,19.165477906389086,0.06118110354976155,19.14118751965297,0.998178108163442,0.9981532698963692,,,,,,,
113,113_test5,83,5,1,87,0,,,0,0,0,Suite2p-style local neuropil,0.7,-0.012414522103808084,0.9876082292845123,7.220778196338257,1.642572252690509,7.325832462580315,0.15923499700053964,7.249531391443844,0.9864000953482981,0.9876082292845123,,,,,,,
113,113_test5,84,5,1,87,0,,,0,0,0,Suite2p-style local neuropil,0.7,-0.055476215867411624,0.9923790196262633,4.028985506056702,0.7207546224532653,4.088130378394183,0.12522463026501462,4.078858513563448,0.9913430488539204,0.9923790196262633,,,,,,,
113,113_test5,85,5,1,87,0,,,0,0,0,Suite2p-style local neuropil,0.7,0.044586554367807514,0.9997458277914135,27.01107789556566,0.8701640909777772,26.99077926947588,0.022550546354594168,26.86495713169364,0.9996910259547275,0.9997458277914135,,,,,,,
113,113_test5,86,6,1,87,0,,,0,0,0,Suite2p-style local neuropil,0.7,-0.008890275416277411,0.9935727059485718,6.261232286572502,1.0201159807390265,6.308124848070381,0.11404802032777878,6.280635264435942,0.994175364756705,0.9935727059485718,,,,,,,
113,113_test5,87,6,1,87,0,,,0,0,0,Suite2p-style local neuropil,0.7,0.10811880735621608,0.99260649781002,10.22812590342575,1.7736690662344932,10.169074101626988,0.1213876640078848,10.376594776810302,0.9944455887683596,0.99260649781002,,,,,,,
113,113_test5,88,6,1,87,0,,,0,0,0,Suite2p-style local neuropil,0.7,0.11123017847298429,0.9959615634406523,12.963683189987043,1.6630834168446988,12.886233822502454,0.0898015135373006,12.957032217409044,0.995612618945626,0.9959615634406523,,,,,,,
113,113_test5,89,6,1,87,0,,,0,0,0,Suite2p-style local neuropil,0.7,0.014282731965767103,0.9846962239095511,7.5783057376863265,1.9114630267420167,7.676677242091441,0.17655978184308516,7.66074025412794,0.9872969613108494,0.9846962239095511,,,,,,,
113,113_test5,90,6,1,87,0,,,0,0,0,Suite2p-style local neuropil,0.7,0.05432908318736287,0.9894199156881985,6.578099908654555,1.3690534986561622,6.595818593164906,0.1456860347650819,6.626669173369892,0.986820974936794,0.9894199156881985,,,,,,,
113,113_test5,91,6,1,87,0,,,0,0,0,Suite2p-style local neuropil,0.7,0.010674963289971749,0.9931559301320888,12.959397414486956,2.174588323622417,13.03234216030552,0.11746007307845559,12.736839284769212,0.9925595823509824,0.9931559301320888,,,,,,,
113,113_test5,92,6,1,87,0,,,0,0,0,Suite2p-style local neuropil,0.7,0.056480874536625585,0.9884128740959556,6.411225898859602,1.3966350787126631,6.430518892532594,0.15248948978087,6.376173684495749,0.9888772836927685,0.9884128740959556,,,,,,,
113,113_test5,93,6,1,87,0,,,0,0,0,Suite2p-style local neuropil,0.7,0.023796731347667452,0.9954937478473709,12.098502061414733,1.6431130830703247,12.12577327459985,0.0950678721776355,12.221168172602027,0.9947978801926552,0.9954937478473709,,,,,,,
113,113_test5,94,6,1,87,0,,,0,0,0,Suite2p-style local neuropil,0.7,-0.08498996149712011,0.9948233392574747,9.715926221425331,1.4354634102046449,9.85232827639962,0.10342033612374865,9.863709881413088,0.9947502964365458,0.9948233392574747,,,,,,,
113,113_test5,95,6,1,87,0,,,0,0,0,Suite2p-style local neuropil,0.7,0.050024917721265647,0.9963772770938434,15.720946728460945,1.911116303052688,15.710940558016055,0.08509547161681284,15.614518376963218,0.9981566721692628,0.9963772770938434,,,,,,,
113,113_test5,96,7,1,87,0,,,0,0,0,Suite2p-style local neuropil,0.7,-0.08770552275305576,0.9947565223333565,3.964933183064801,0.5899315491910949,4.022241905275197,0.10415108090589983,4.038582553763659,0.9903740947065597,0.9947565223333565,,,,,,,
113,113_test5,97,7,1,87,0,,,0,0,0,Suite2p-style local neuropil,0.7,0.2052478127330205,0.9901988795969732,10.390946688429182,2.077814991201148,10.192315841215223,0.13997478817787454,10.192613246239075,0.9920099445276789,0.9901988795969732,,,,,,,
113,113_test5,98,7,1,87,0,,,0,0,0,Suite2p-style local neuropil,0.7,0.004221311423665362,0.9942489452060824,12.447367743138994,1.9144949822096156,12.513677472641767,0.10766504942049243,12.472078419062491,0.9963300503397221,0.9942489452060824,,,,,,,
113,113_test5,99,7,1,87,0,,,0,0,0,Suite2p-style local neuropil,0.7,0.13107447974461456,0.9960201770329503,7.418877788780598,0.9454563396655791,7.361427324788136,0.08920748065829372,7.518340906062485,0.9965260287755221,0.9960201770329503,,,,,,,
113,113_test5,100,7,1,87,0,,,0,0,0,Suite2p-style local neuropil,0.7,-0.18341484208476078,0.9941588770037796,4.8858702378844745,0.7867448535993543,5.016180899845401,0.11271716934457085,5.000281203134338,0.9937672984020834,0.9941588770037796,,,,,,,
113,113_test5,101,8,1,87,0,,,0,0,0,Suite2p-style local neuropil,0.7,0.07668888064122625,0.9970609162875914,17.606925234770266,1.9270242602417973,17.55507395762269,0.07661285296434879,17.437716758902976,0.9975372433893502,0.9970609162875914,,,,,,,
113,113_test5,102,8,1,87,0,,,0,0,0,Suite2p-style local neuropil,0.7,0.18213677645332044,0.9964079790505405,10.26790898214218,1.2481968076433325,10.14521123215813,0.08509400072402205,10.189480242572234,0.9963392606227803,0.9964079790505405,,,,,,,
113,113_test5,103,8,1,87,0,,,0,0,0,Suite2p-style local neuropil,0.7,-0.0319418834817443,0.9942035902396957,15.375949335165965,2.3848334176690646,15.519228387920057,0.1085710745676288,15.480687380109439,0.994933869227582,0.9942035902396957,,,,,,,
113,113_test5,104,8,1,87,0,,,0,0,0,Suite2p-style local neuropil,0.7,0.1018064899711096,0.9916396540166592,17.16248639305853,3.1649212163987075,17.079732090267996,0.1290864740273987,17.020661770203386,0.994949091110315,0.9916396540166592,,,,,,,
113,113_test5,105,8,1,87,0,,,0,0,0,Suite2p-style local neuropil,0.7,0.1046590389498782,0.9980118808609086,12.01547131700277,1.0827852601058474,11.959922595512376,0.06308112852708468,12.001522604633463,0.9976235521678006,0.9980118808609086,,,,,,,
113,113_test5,106,8,1,87,0,,,0,0,0,Suite2p-style local neuropil,0.7,0.162172601303721,0.9962956926302297,9.285963955900453,1.1441334683695337,9.190124119183032,0.0862477396841688,9.280847146575619,0.9951650294820745,0.9962956926302297,,,,,,,
113,113_test5,107,8,1,87,0,,,0,0,0,Suite2p-style local neuropil,0.7,0.1747899551681079,0.9906321240676396,11.693080728514762,2.2828237775057305,11.521704458099382,0.1366600206057049,11.555538098355873,0.9949573635377139,0.9906321240676396,,,,,,,
113,113_test5,108,8,1,87,0,,,0,0,0,Suite2p-style local neuropil,0.7,0.17575779480229456,0.9979063216806336,17.64870995235148,1.6409107056399959,17.48343234368875,0.06508335543395376,17.64248813846225,0.9979418714967194,0.9979063216806336,,,,,,,
113,113_test5,109,9,1,87,0,,,0,0,0,Suite2p-style local neuropil,0.7,0.2422106146881334,0.9897887321839738,7.349987087704144,1.504450426684177,7.168106796543137,0.1432812415504476,7.225911477150791,0.9868912709597422,0.9897887321839738,,,,,,,
113,113_test5,110,9,1,87,0,,,0,0,0,Suite2p-style local neuropil,0.7,0.06109716922430843,0.9946739274944587,11.68895727202549,1.7226719878433954,11.67747699587008,0.10316320871304285,11.688123848201307,0.9963672589357784,0.9946739274944587,,,,,,,
113,113_test5,111,9,1,87,0,,,0,0,0,Suite2p-style local neuropil,0.7,-0.01859551655362898,0.9928303237691447,9.098739318137495,1.5687066139804062,9.185012583680455,0.12068646529034682,9.37430412137164,0.9940523562202301,0.9928303237691447,,,,,,,
113,113_test5,112,10,1,87,0,,,0,0,0,Suite2p-style local neuropil,0.7,-0.05279689249323171,0.9909971468259782,8.409096275616003,1.6369056697501794,8.546536003881329,0.13626124430067463,8.53265401735272,0.989520261341717,0.9909971468259782,,,,,,,
113,113_test5,113,10,1,87,0,,,0,0,0,Suite2p-style local neuropil,0.7,0.08765836824229598,0.99371489586492,9.569265852322845,1.5307268437467738,9.535269155317936,0.11197397805570335,9.702328457325683,0.9952359652146532,0.99371489586492,,,,,,,
113,113_test5,114,10,1,87,0,,,0,0,0,Suite2p-style local neuropil,0.7,0.060126612145889165,0.989884355840812,10.443362582050051,2.123839435805794,10.459780593464897,0.14235717540328538,10.600938945181388,0.9902667988052806,0.989884355840812,,,,,,,
113,113_test5,115,10,1,87,0,,,0,0,0,Suite2p-style local neuropil,0.7,-0.053336433195076555,0.9958236329257689,16.249181504736875,2.1417164911910525,16.397625936429243,0.09226319936381555,16.524341340009112,0.9950969813581174,0.9958236329257689,,,,,,,
113,113_test5,116,11,1,87,0,,,0,0,0,Suite2p-style local neuropil,0.7,0.2781862492930749,0.9952232722802786,15.330650589117996,2.1748394317737816,14.978692221339932,0.09930352731149535,15.392645165601271,0.9952063327672303,0.9952232722802786,,,,,,,
113,113_test5,117,11,1,87,0,,,0,0,0,Suite2p-style local neuropil,0.7,-0.1218037489770225,0.9895783294324875,5.3385696016641,1.1384052184708162,5.492877978252615,0.14926912936406922,5.479455963386548,0.9885564237960124,0.9895783294324875,,,,,,,
113,113_test5,118,11,1,87,0,,,0,0,0,Suite2p-style local neuropil,0.7,0.1454524297095288,0.9940176756643393,13.129199151320863,2.0498854783300273,12.998246240893973,0.10929224724803437,13.015456065336698,0.9952187506939905,0.9940176756643393,,,,,,,
113,113_test5,119,11,1,87,0,,,0,0,0,Suite2p-style local neuropil,0.7,-0.019270651801468263,0.9900476278730358,5.05943895697423,1.030422801577486,5.124338075269291,0.1425644048083462,5.211429984216939,0.9880937432577823,0.9900476278730358,,,,,,,
113,113_test5,120,11,1,87,0,,,0,0,0,Suite2p-style local neuropil,0.7,-0.0267508947345278,0.9895800616336188,7.23196443393701,1.5096294748440946,7.3366809939145305,0.14612081560830764,7.1433039541051535,0.9916883086731453,0.9895800616336188,,,,,,,
113,113_test5,121,12,1,87,0,,,0,0,0,Suite2p-style local neuropil,0.7,0.3068425503812428,0.9960399715996462,11.611135330162616,1.5121152318542161,11.331220329019589,0.09116081413123857,11.368035300863053,0.9949320997198874,0.9960399715996462,,,,,,,
113,113_test5,122,12,1,87,0,,,0,0,0,Suite2p-style local neuropil,0.7,-0.15643778534355318,0.9936634445437786,8.755516965040991,1.4585742077121056,8.972092424139731,0.11661241567871146,8.90503862894244,0.9949010838789591,0.9936634445437786,,,,,,,
113,113_test5,123,12,1,87,0,,,0,0,0,Suite2p-style local neuropil,0.7,0.050496972886151785,0.9949416680651771,16.626252963501912,2.388968944854652,16.62590724166241,0.1005805842430059,16.48107703962944,0.9970065473114337,0.9949416680651771,,,,,,,
113,113_test5,124,12,1,87,0,,,0,0,0,Suite2p-style local neuropil,0.7,0.0363534774763728,0.9922292267841102,10.323098551834596,1.8420963638005776,10.356701475395978,0.12491089545855301,10.231012859000847,0.9948237589698524,0.9922292267841102,,,,,,,
181,181_D1,1,3,121,11616,0,,,0,0,0,Suite2p-style local neuropil,0.7,0.2161431866141993,0.9504313539740806,78.35933716829877,34.975490863328034,76.8782902465457,0.3124432169269314,83.2875764107662,0.9234275536329802,0.9504313539740806,,,,,,,
181,181_D1,2,3,121,11616,0,,,0,0,0,Suite2p-style local neuropil,0.7,0.9445571903235958,0.9836318772339596,114.23977821024631,59.6280879760293,76.05922813016419,0.36536888958549385,72.63357932587735,0.9782347748561772,0.9836318772339596,,,,,,,
181,181_D1,3,3,121,11616,0,,,0,0,0,Suite2p-style local neuropil,0.7,-0.562499700100496,0.9976945772578846,70.23242041882693,8.654867541386132,73.81043685394697,0.08626225778782934,73.29535948145083,0.996636329095952,0.9976945772578846,,,,,,,
181,181_D1,4,3,121,11616,0,,,0,0,0,Suite2p-style local neuropil,0.7,-0.03797560830228883,0.9808614336891811,47.45292991271681,13.568790535374454,48.74656743835115,0.2001594689611786,47.68530467114552,0.9749690251897327,0.9808614336891811,,,,,,,
181,181_D1,5,3,121,11616,0,,,0,0,0,Suite2p-style local neuropil,0.7,-0.27690601510262586,0.9862972513166787,27.179367158983126,7.101306530835182,28.952573098836666,0.18289294453549998,29.38882404383994,0.9779639535134331,0.9862972513166787,,,,,,,
181,181_D1,6,3,121,11616,0,,,0,0,0,Suite2p-style local neuropil,0.7,0.8643151018250093,0.9836753532428942,52.96521607076476,20.93883130707981,40.96554050159607,0.2767322180005014,42.34843361709698,0.9830158256198483,0.9836753532428942,,,,,,,
181,181_D1,7,3,121,11616,0,,,0,0,0,Suite2p-style local neuropil,0.7,-0.02993983248351671,0.9834314641308249,30.993959453631696,8.21078917375856,31.691115579818806,0.18544104614561494,33.13465024842976,0.9759766962100712,0.9834314641308249,,,,,,,
181,181_D1,8,3,121,11616,0,,,0,0,0,Suite2p-style local neuropil,0.7,-0.030628542158380526,0.9948280550754839,52.53077050389467,7.689747762576237,52.969594433840044,0.10246991110628659,54.74730006871303,0.991252609814548,0.9948280550754839,,,,,,,
181,181_D1,9,3,121,11616,0,,,0,0,0,Suite2p-style local neuropil,0.7,-0.04936441567076434,0.9679558539411145,18.297565328523074,6.877906529805676,19.14884025450601,0.2631243236644872,19.778788370642797,0.9550483910481139,0.9679558539411145,,,,,,,
181,181_D1,10,3,121,11616,0,,,0,0,0,Suite2p-style local neuropil,0.7,-0.45683119128015054,0.9881914237560688,23.86577587868541,6.456977840963565,26.240462550895646,0.18938769929946278,28.610372920556493,0.977149977277261,0.9881914237560688,,,,,,,
181,181_D1,11,3,121,11616,0,,,0,0,0,Suite2p-style local neuropil,0.7,0.08196646898886693,0.9789532845191323,21.215385160459,6.232777683846865,21.306195450967,0.20565001668500382,22.280991451149355,0.9661331602974944,0.9789532845191323,,,,,,,
181,181_D1,12,3,121,11616,0,,,0,0,0,Suite2p-style local neuropil,0.7,-0.46068867189667984,0.9705181758473237,18.751429742268062,8.604712905087895,22.18020838047731,0.3212181174758517,25.48552745696191,0.9446000887290111,0.9705181758473237,,,,,,,
181,181_D1,13,3,121,11616,0,,,0,0,0,Suite2p-style local neuropil,0.7,0.13995238480937688,0.9863173073797031,22.011875739139164,5.185695827173798,21.80216268530822,0.1649103898693146,22.35240356789125,0.98191294292379,0.9863173073797031,,,,,,,
181,181_D1,14,3,121,11616,0,,,0,0,0,Suite2p-style local neuropil,0.7,0.107558239062958,0.9689859287584345,17.244500245299008,6.149540343869515,17.31861749770632,0.24962614800923508,18.72110602868372,0.9192890820178137,0.9689859287584345,,,,,,,
181,181_D1,15,3,121,11616,0,,,0,0,0,Suite2p-style local neuropil,0.7,-0.06351680255967286,0.9499677886399179,10.600703644005717,5.095993602619442,11.3975237956442,0.3365055325433505,12.797736796755485,0.908819034891455,0.9499677886399179,,,,,,,
181,181_D1,16,4,121,11616,0,,,0,0,0,Suite2p-style local neuropil,0.7,0.6438542336415967,0.9970226739824687,66.04566138040077,8.954029283592524,62.195274370304624,0.09490131765422041,62.5582072047158,0.9946541944842696,0.9970226739824687,,,,,,,
181,181_D1,17,4,121,11616,0,,,0,0,0,Suite2p-style local neuropil,0.7,0.7840461853553743,0.9894017644358659,71.42018422296638,20.3510633448701,60.89625570147317,0.199463839029353,65.88324399002764,0.9849597262555687,0.9894017644358659,,,,,,,
181,181_D1,18,4,121,11616,0,,,0,0,0,Suite2p-style local neuropil,0.7,0.5339463832822959,0.9811832157129589,46.629122739349704,13.789585776387405,42.27048786480494,0.20701032513785947,42.13265624099557,0.9678889416629708,0.9811832157129589,,,,,,,
181,181_D1,19,4,121,11616,0,,,0,0,0,Suite2p-style local neuropil,0.7,0.4525423768521475,0.9824989555273634,27.754912169392394,7.689786344210899,25.769945262063295,0.19394225738045193,27.14425035607359,0.9744301310703053,0.9824989555273634,,,,,,,
181,181_D1,20,4,121,11616,0,,,0,0,0,Suite2p-style local neuropil,0.7,0.6371340763765319,0.9739592329135842,25.30931158197334,9.157769377900054,21.792496083247737,0.25328379462824374,22.34985419061979,0.9728778186306845,0.9739592329135842,,,,,,,
181,181_D1,21,4,121,11616,0,,,0,0,0,Suite2p-style local neuropil,0.7,0.6507925012673746,0.9869461849457357,29.113916007832774,7.842016783993982,25.879271258889414,0.18854940912720272,25.119218985370157,0.9816312633488274,0.9869461849457357,,,,,,,
181,181_D1,22,4,121,11616,0,,,0,0,0,Suite2p-style local neuropil,0.7,0.5392263573670106,0.9877196375866503,33.72478460111494,8.216893101462583,31.003989155327908,0.17055187031752403,31.087279322182233,0.986035135696224,0.9877196375866503,,,,,,,
181,181_D1,23,4,121,11616,0,,,0,0,0,Suite2p-style local neuropil,0.7,-0.4415706832527837,0.9490871951015737,14.393687251143362,9.091835472270947,18.12685799060982,0.4421580538508546,19.691125829516547,0.9201350799574435,0.9490871951015737,,,,,,,
181,181_D1,24,4,121,11616,0,,,0,0,0,Suite2p-style local neuropil,0.7,0.08649787763637158,0.9840088252465221,19.7079177319318,5.036328780401637,19.71829417681187,0.17888394495567506,20.01432315856032,0.9752154762902691,0.9840088252465221,,,,,,,
181,181_D1,25,4,121,11616,0,,,0,0,0,Suite2p-style local neuropil,0.7,0.3955260415569658,0.9883101273060443,28.225674682159127,6.350522524969489,26.78047714165296,0.15749369124525184,27.415321560665706,0.9877019901763802,0.9883101273060443,,,,,,,
181,181_D2,1,3,150,14400,0,,,0,0,0,Suite2p-style local neuropil,0.7,0.9883853508741169,0.9947309196185908,641.5228627242037,372.1064185499313,386.1081282149115,0.40602526293788516,376.6814257296949,0.9935978011683954,0.9947309196185908,,,,,,,
181,181_D2,2,3,150,14400,0,,,0,0,0,Suite2p-style local neuropil,0.7,0.7312866465968282,0.9882063457265307,41.13323334940265,11.44783842927139,35.6940406239549,0.1948178184279392,34.37097526140752,0.9788739127471199,0.9882063457265307,,,,,,,
181,181_D2,3,3,150,14400,0,,,0,0,0,Suite2p-style local neuropil,0.7,0.6565767232160653,0.9719445655217722,36.01653059721431,13.635650630988703,30.608263267113603,0.26501595536051376,29.227104087976308,0.9358717554925624,0.9719445655217722,,,,,,,
181,181_D2,4,3,150,14400,0,,,0,0,0,Suite2p-style local neuropil,0.7,0.4360925405922629,0.9834809907185647,28.823052067004003,7.731835343983473,26.907276644828173,0.18777625125962383,26.726775373110183,0.9713019768188377,0.9834809907185647,,,,,,,
181,181_D2,5,3,150,14400,0,,,0,0,0,Suite2p-style local neuropil,0.7,0.5620660468078377,0.9555994960333437,37.691862466385594,16.596980865615386,32.6097314365148,0.3082332806429628,32.2862417438584,0.9239184804523303,0.9555994960333437,,,,,,,
181,181_D2,6,3,150,14400,0,,,0,0,0,Suite2p-style local neuropil,0.7,0.46765541604990435,0.9122725750145468,36.81928050085252,21.58876321347599,32.613069802893946,0.4104407764712787,32.723965135204885,0.8599842481936931,0.9122725750145468,,,,,,,
181,181_D2,7,3,150,14400,0,,,0,0,0,Suite2p-style local neuropil,0.7,0.14459448494515614,0.9610934414777635,11.143171080868596,4.4373809894475436,11.126947763076835,0.2787506925563738,10.801818330120446,0.94630362169267,0.9610934414777635,,,,,,,
181,181_D2,8,3,150,14400,0,,,0,0,0,Suite2p-style local neuropil,0.7,0.2879011989926383,0.9612473414401188,19.60557854537798,7.722070321754491,18.77700199920766,0.2757097495081134,18.6949495713941,0.9384669617139081,0.9612473414401188,,,,,,,
181,181_D2,9,3,150,14400,0,,,0,0,0,Suite2p-style local neuropil,0.7,0.8028625936497022,0.9729899157228227,43.552959571290046,18.765331651949836,33.92303577062313,0.30160365962581576,33.849860652498464,0.9683371934917222,0.9729899157228227,,,,,,,
181,181_D2,10,3,150,14400,0,,,0,0,0,Suite2p-style local neuropil,0.7,0.11577698267438401,0.9665022471441426,16.72589459854707,6.196336251232277,16.786013135577825,0.2593245639560244,17.078732507775428,0.9466740330495359,0.9665022471441426,,,,,,,
181,181_D2,11,3,150,14400,0,,,0,0,0,Suite2p-style local neuropil,0.7,0.30084686810268113,0.9511302106337493,18.70662076678178,8.252314558478872,17.840609536738686,0.3088008340352794,17.77444534557816,0.9342277405792544,0.9511302106337493,,,,,,,
181,181_D2,12,3,150,14400,0,,,0,0,0,Suite2p-style local neuropil,0.7,0.12326028166301242,0.9620724612470931,17.937991218173813,7.072861340532345,18.010835874857428,0.2760065388161265,18.24016899081894,0.9428684306297233,0.9620724612470931,,,,,,,
181,181_D2,13,4,150,14400,0,,,0,0,0,Suite2p-style local neuropil,0.7,0.425945320139935,0.9883588874175798,49.73633174143201,11.271783243419952,46.92173872002116,0.15864153760063654,47.483001982200726,0.9846468986448124,0.9883588874175798,,,,,,,
181,181_D2,14,4,150,14400,0,,,0,0,0,Suite2p-style local neuropil,0.7,0.7099051027480292,0.967965616785155,52.24191499679926,21.7896049376104,42.78450405376116,0.2919633265481858,41.23387721304003,0.9447490576653075,0.967965616785155,,,,,,,
181,181_D2,15,4,150,14400,0,,,0,0,0,Suite2p-style local neuropil,0.7,0.6164718939399428,0.9867437400695163,32.06635660412255,8.47698284731711,28.78992824832319,0.1850502688596553,28.97972963478853,0.9780653707556233,0.9867437400695163,,,,,,,
181,181_D2,16,4,150,14400,0,,,0,0,0,Suite2p-style local neuropil,0.7,0.47502620834320186,0.9817564680376778,46.134490979055926,13.13256044739809,42.543823339801335,0.1992607257306064,42.364242551092524,0.9775943341744273,0.9817564680376778,,,,,,,
181,181_D2,17,4,150,14400,0,,,0,0,0,Suite2p-style local neuropil,0.7,0.07535149613103774,0.9848374094972746,22.42628959443473,5.585186505779308,22.472433408873577,0.17433247256739437,22.309856762316667,0.9819941623306234,0.9848374094972746,,,,,,,
181,181_D2,18,4,150,14400,0,,,0,0,0,Suite2p-style local neuropil,0.7,0.550504511406309,0.9824181000746434,25.466123416744736,7.359130178573505,23.03526310297474,0.2022840684853256,23.310921107385607,0.9825376302592744,0.9824181000746434,,,,,,,
181,181_D2,19,4,150,14400,0,,,0,0,0,Suite2p-style local neuropil,0.7,0.4427821896745456,0.9523868159339794,23.91791899218901,10.534223103882752,21.685372209392057,0.30830257677627476,20.867878914088813,0.8903092385673678,0.9523868159339794,,,,,,,
181,181_D3,1,3,80,15360,0,,,0,1,0,Suite2p-style local neuropil,0.7,0.9370150782083219,0.9779525279829105,343.65288469029093,190.8195657374827,223.41812472346265,0.38868782850154104,228.00953750935514,0.9813995521590162,0.9779525279829105,,,,,,,
181,181_D3,2,3,80,15360,0,,,0,1,0,Suite2p-style local neuropil,0.7,0.6011156137447623,0.9787211212359576,48.068906094129765,15.561201460512544,42.42377985804208,0.2266088780253405,42.885518524555714,0.9786890191895399,0.9787211212359576,,,,,,,
181,181_D3,3,3,80,15360,0,,,0,1,0,Suite2p-style local neuropil,0.7,0.4764581429047457,0.9792411994230077,28.494302294304344,8.617098889988577,26.163443155092732,0.21169036200657906,25.82685163492899,0.9742359000242432,0.9792411994230077,,,,,,,
181,181_D3,4,3,80,15360,0,,,0,1,0,Suite2p-style local neuropil,0.7,0.7419263809733272,0.952080398657343,35.66724735049676,18.010509081861592,27.6379151070465,0.3534715206478496,26.33548475118758,0.9233888800831741,0.952080398657343,,,,,,,
181,181_D3,5,3,80,15360,0,,,0,1,0,Suite2p-style local neuropil,0.7,0.35379068437615013,0.9793974631411763,26.88374088968418,7.853830139339769,25.463321533770362,0.20449836522874287,24.72760660196937,0.9712380162576191,0.9793974631411763,,,,,,,
181,181_D3,6,3,80,15360,0,,,0,1,0,Suite2p-style local neuropil,0.7,0.5572968810314541,0.9782593746675857,20.320717303382104,6.488540341176785,18.184836742574316,0.22351465726648811,17.749948427924306,0.9676318774920575,0.9782593746675857,,,,,,,
181,181_D3,7,3,80,15360,0,,,0,1,0,Suite2p-style local neuropil,0.7,0.6140564591044434,0.9457360568157077,9.39443074630826,4.609948902049455,7.838225577845894,0.3434975754375752,7.358125946017369,0.8777933983794964,0.9457360568157077,,,,,,,
181,181_D3,8,3,80,15360,0,,,0,1,0,Suite2p-style local neuropil,0.7,0.36004715053504655,0.9774471606531695,22.865525653685193,6.9824952992073035,21.592682696863434,0.21376052071815363,21.433307493237383,0.9712485477955756,0.9774471606531695,,,,,,,
181,181_D3,9,4,80,15360,0,,,0,1,0,Suite2p-style local neuropil,0.7,0.9222580288482127,0.9840034035463979,185.62330632623383,86.72999418214124,131.73948695336836,0.327065584786697,120.86107177193301,0.9719895820913783,0.9840034035463979,,,,,,,
181,181_D3,10,4,80,15360,0,,,0,1,0,Suite2p-style local neuropil,0.7,0.7044870245597059,0.9636222419281664,115.3905055678736,50.51379225098832,93.89580702692811,0.30643469264718415,92.75164279413725,0.9466281682907991,0.9636222419281664,,,,,,,
181,181_D3,11,4,80,15360,0,,,0,1,0,Suite2p-style local neuropil,0.7,0.7894151401487319,0.9767043680455723,32.5010936428355,12.957003459472453,25.945594516111292,0.279064525230882,24.798849876959043,0.958824853240554,0.9767043680455723,,,,,,,
181,181_D3,12,4,80,15360,0,,,0,1,0,Suite2p-style local neuropil,0.7,0.6759434052846927,0.9857183098427909,33.08699981846955,9.473156572563587,29.01911956078881,0.20041737045720284,28.689687753744217,0.9762022846633199,0.9857183098427909,,,,,,,
181,181_D3,13,4,80,15360,0,,,0,1,0,Suite2p-style local neuropil,0.7,0.4005012069476706,0.9742590108617293,16.040065691833384,5.25498256061288,14.951698431201155,0.22933121186524852,14.713003927572888,0.9632631588745356,0.9742590108617293,,,,,,,
181,181_D3,14,4,80,15360,0,,,0,1,0,Suite2p-style local neuropil,0.7,0.27840456646152556,0.9827959543072501,23.714769143458792,6.286299168185772,22.883361441333786,0.18555564914347955,22.72407253282779,0.978406731588839,0.9827959543072501,,,,,,,
181,181_D3,15,4,80,15360,0,,,0,1,0,Suite2p-style local neuropil,0.7,0.4093986880564726,0.969359672422616,15.69965979351116,5.593445616383077,14.542275384287619,0.24939469461576874,14.101420502103945,0.9359201636333491,0.969359672422616,,,,,,,
181,181_D3,16,4,80,15360,0,,,0,1,0,Suite2p-style local neuropil,0.7,0.20343416341634196,0.9838573943817163,20.080014670794316,5.1350316522667905,19.66623026892121,0.1790099335857169,19.525280930062625,0.9834378774565212,0.9838573943817163,,,,,,,
181,181_D3,17,4,80,15360,0,,,0,1,0,Suite2p-style local neuropil,0.7,0.11567297982159774,0.9931549621502586,20.299246218908515,3.3871982695969396,20.162997577007925,0.11680427578054707,19.995847189462022,0.9911778297260899,0.9931549621502586,,,,,,,
181,181_D4,1,3,52,9984,0,,,0,1,0,Suite2p-style local neuropil,0.7,0.7148573368067074,0.9610244713510671,62.14589367829753,28.22334944156557,49.970554636204156,0.31790265151851366,48.96785072918401,0.9487948467847883,0.9610244713510671,,,,,,,
181,181_D4,2,3,52,9984,0,,,0,1,0,Suite2p-style local neuropil,0.7,0.4152931183681171,0.9883738941251303,22.07270304483594,4.982346975654334,20.866909929752804,0.1580070558271073,20.818951043584722,0.9842344613015618,0.9883738941251303,,,,,,,
181,181_D4,3,3,52,9984,0,,,0,1,0,Suite2p-style local neuropil,0.7,0.5354431039694875,0.9754845523815313,25.05437873084513,8.364302230136529,22.4702207564486,0.233692143666957,22.203150787107777,0.9656449983765473,0.9754845523815313,,,,,,,
181,181_D4,4,3,52,9984,0,,,0,1,0,Suite2p-style local neuropil,0.7,0.4484313939405602,0.9742852006410561,12.959095217125572,4.292039992908469,11.918291917060106,0.23183933108319857,11.626627259117852,0.9580862156448166,0.9742852006410561,,,,,,,
181,181_D4,5,3,52,9984,0,,,0,1,0,Suite2p-style local neuropil,0.7,0.27447832031510117,0.9741040321399231,21.02134694722801,6.798391025705062,20.239254380080876,0.22638290919853002,20.392606817111957,0.9623591944974633,0.9741040321399231,,,,,,,
181,181_D4,6,3,52,9984,0,,,0,1,0,Suite2p-style local neuropil,0.7,0.3801619385957436,0.9791627493726558,31.071204727742884,9.171366961458585,29.239859775343458,0.20662078719637877,29.14407360532269,0.9788924005001974,0.9791627493726558,,,,,,,
181,181_D4,7,3,52,9984,0,,,0,1,0,Suite2p-style local neuropil,0.7,0.5074156300359761,0.9819375097791252,21.674335267997925,6.218201717550221,19.823752718281984,0.2008246665382429,19.916121178699434,0.9804565618152048,0.9819375097791252,,,,,,,
181,181_D4,8,3,52,9984,0,,,0,1,0,Suite2p-style local neuropil,0.7,0.3153241102785929,0.9697177445883517,13.71140594676601,4.797032274753078,13.047685330713522,0.24489994388576944,13.013349362753319,0.9581620577103716,0.9697177445883517,,,,,,,
181,181_D4,9,3,52,9984,0,,,0,1,0,Suite2p-style local neuropil,0.7,0.32301605496248603,0.9853091141814481,26.904079400649493,6.645886457752458,25.78010228513857,0.1729150598529728,25.52156572237333,0.9809056061782294,0.9853091141814481,,,,,,,
181,181_D4,10,3,52,9984,0,,,0,1,0,Suite2p-style local neuropil,0.7,0.2610907424472505,0.967654965943894,8.547987202522151,3.080790477102428,8.251837033604074,0.25228785018606903,8.208342872913281,0.9524219210067651,0.967654965943894,,,,,,,
181,181_D4,11,4,52,9984,0,,,0,1,0,Suite2p-style local neuropil,0.7,0.6531494660182058,0.9638173210668315,142.35382742773902,59.97001778688892,119.25004436474421,0.2948920471621553,120.91811433198578,0.9536762321206532,0.9638173210668315,,,,,,,
181,181_D4,12,4,52,9984,0,,,0,1,0,Suite2p-style local neuropil,0.7,0.716541181400814,0.9687062337312324,109.6988258941953,45.570608615441074,89.64696476848795,0.29079095023638224,87.81785999696362,0.945721962102132,0.9687062337312324,,,,,,,
181,181_D4,13,4,52,9984,0,,,0,1,0,Suite2p-style local neuropil,0.7,0.4931681665653342,0.9789508415494735,24.957852243592296,7.641542689425824,22.799772368748577,0.21432452507661579,22.672421596498673,0.9660819234610779,0.9789508415494735,,,,,,,
181,181_D4,14,4,52,9984,0,,,0,1,0,Suite2p-style local neuropil,0.7,0.37482068498808296,0.9790859199958111,19.821135182390627,5.854676695968935,18.675600496263282,0.20676281084724976,18.5993545351157,0.9689850058468202,0.9790859199958111,,,,,,,
181,181_D4,15,4,52,9984,0,,,0,1,0,Suite2p-style local neuropil,0.7,0.2558143040058506,0.9621978520640673,17.10292997436348,6.655274308306311,16.536276704901088,0.2723914540287949,16.392550722418356,0.9485705871598894,0.9621978520640673,,,,,,,
181,181_D4,16,4,52,9984,0,,,0,1,0,Suite2p-style local neuropil,0.7,0.08127714439574903,0.9666796341664211,10.138269677343027,3.7667390126264215,10.266032788586362,0.26007567015549027,10.245797984661305,0.9505692693295076,0.9666796341664211,,,,,,,
181,181_D4,17,4,52,9984,0,,,0,1,0,Suite2p-style local neuropil,0.7,0.0815599616671618,0.9843753364754513,16.28614191354172,4.115426603075819,16.305959225681317,0.17688649605384607,16.097742139455367,0.9798310035795736,0.9843753364754513,,,,,,,
181,181_D4,18,4,52,9984,0,,,0,1,0,Suite2p-style local neuropil,0.7,0.15185954723913747,0.9882377387323957,23.31815733908391,5.094200282489385,23.047728716641544,0.1529254685254011,22.948869522046728,0.985998205258224,0.9882377387323957,,,,,,,
181,181_D5,1,3,42,8064,0,21,21,1,0,0,Suite2p-style local neuropil,0.7,0.44043195494958093,0.9750015399134104,32.38718312367336,10.563571289984402,29.877295503691236,0.228315621005744,29.54767122180028,0.9652664884241245,0.9750015399134104,,,,,,,
181,181_D5,2,3,42,8064,0,21,21,1,0,0,Suite2p-style local neuropil,0.7,0.4111373788500217,0.9727763654597588,53.9015046554404,18.1713515967072,50.03396570682082,0.2359849891764434,49.059953642335984,0.9605453419575356,0.9727763654597588,,,,,,,
181,181_D5,3,3,42,8064,0,21,21,1,0,0,Suite2p-style local neuropil,0.7,0.5320791518982085,0.969939288988468,20.58716406325017,7.527848574161704,18.334525097233605,0.25596016610310646,17.914347377785948,0.9569613597333129,0.969939288988468,,,,,,,
181,181_D5,4,3,42,8064,0,21,21,1,0,0,Suite2p-style local neuropil,0.7,0.3295499178222333,0.9824527483337426,19.881201092887917,5.355973792476552,18.97868228618647,0.18857923287703174,18.765767200367957,0.9753955251846348,0.9824527483337426,,,,,,,
181,181_D5,5,3,42,8064,0,21,21,1,0,0,Suite2p-style local neuropil,0.7,0.045488504523132356,0.9897557450361745,24.863181384388298,5.095387015121944,24.956596064501472,0.14345593214542715,24.89873975569994,0.9871921188955232,0.9897557450361745,,,,,,,
181,181_D5,6,3,42,8064,0,21,21,1,0,0,Suite2p-style local neuropil,0.7,-0.035867044920829004,0.9937504101763374,31.52009280137722,5.081678443272455,31.84670703682572,0.11285419965833762,31.765257160661513,0.9937644468252499,0.9937504101763374,,,,,,,
181,181_D5,7,3,42,8064,0,21,21,1,0,0,Suite2p-style local neuropil,0.7,0.16444225615785157,0.9786402320737309,16.750885580199288,4.923819316599494,16.53734061190823,0.20576067129576064,16.36208758848226,0.9684980592058342,0.9786402320737309,,,,,,,
181,181_D5,8,3,42,8064,0,21,21,1,0,0,Suite2p-style local neuropil,0.7,0.11068543556523802,0.9907379991756504,23.37261020574739,4.535316467565984,23.236430629786994,0.135830850380657,23.188494623500095,0.989952238787754,0.9907379991756504,,,,,,,
181,181_D5,9,4,42,8064,0,21,21,1,0,0,Suite2p-style local neuropil,0.7,0.9066892072562972,0.9910413255983886,124.2963028451753,43.98874788602204,97.248636017887,0.24773160950933065,92.02120342757169,0.9843555376551721,0.9910413255983886,,,,,,,
181,181_D5,10,4,42,8064,0,21,21,1,0,0,Suite2p-style local neuropil,0.7,0.37077162654388934,0.9793842432821216,19.69021009053682,5.771808612026411,18.575134515341105,0.20519161559470914,18.374645223849992,0.9687146850158178,0.9793842432821216,,,,,,,
181,181_D5,11,4,42,8064,0,21,21,1,0,0,Suite2p-style local neuropil,0.7,0.3867322414195196,0.9806167093596507,36.39495942105471,10.394186185769186,34.244901463403515,0.1999158753479491,33.7191652691345,0.9748404588510513,0.9806167093596507,,,,,,,
181,181_D5,12,4,42,8064,0,21,21,1,0,0,Suite2p-style local neuropil,0.7,0.4180056787430669,0.9675322101890104,18.02439079584825,6.6098311017428335,16.630276308707646,0.2567011408379865,16.299976191228545,0.9475505546662871,0.9675322101890104,,,,,,,
181,181_D5,13,4,42,8064,0,21,21,1,0,0,Suite2p-style local neuropil,0.7,0.23180665102717066,0.9850872376837408,20.58820074456998,5.069886163089093,20.06475837041151,0.17237641476676652,19.872815129687424,0.9811313234556187,0.9850872376837408,,,,,,,
181,181_D5,14,4,42,8064,0,21,21,1,0,0,Suite2p-style local neuropil,0.7,0.11502852353969426,0.9881163904633137,29.177983599012855,6.411849242734969,29.006402506890947,0.15382469314865985,28.773626967475334,0.9865810597957462,0.9881163904633137,,,,,,,
181,181_D6,48,3,52,9984,0,26,26,1,1,1,Suite2p-style local neuropil,0.7,0.6660117815999016,0.9832506448539629,30.790237809016283,9.378239576493591,26.868047764256154,0.2132093805152177,25.88930200101834,0.9701360990820286,0.9832506448539629,14.590452652711141,10.148458514458095,8.828627644441067,6.345706475086704,0,0,0.6955547404224501
181,181_D6,49,3,52,9984,0,26,26,1,1,1,Suite2p-style local neuropil,0.7,0.4776056704214092,0.9775899348100379,63.16972101331784,19.8010062932374,57.846104967197356,0.21942006658705135,57.54752667137049,0.9748890587025253,0.9775899348100379,2.415625957342286,-2.3064833971170273,-3.502026826907425,6.745870871421614,1,1,0.9548181002767829
181,181_D6,50,3,52,9984,0,26,26,1,1,1,Suite2p-style local neuropil,0.7,0.9525015834124908,0.9903563219245892,101.52455177774826,46.34583469371657,71.31111699346894,0.31954914642692905,69.65748197741999,0.9872303546921309,0.9903563219245892,12.389884967070358,7.75972381157753,7.127024072867158,6.614515634683471,0,0,0.6262950645577623
181,181_D6,51,3,52,9984,0,26,26,1,1,1,Suite2p-style local neuropil,0.7,0.7343523151161006,0.9835121145506631,28.20492344467514,9.103976693227589,23.91943602711552,0.22594578318615327,23.163009257350158,0.971408520262695,0.9835121145506631,9.767693803860592,7.4449397661747145,6.787748986329786,3.318219840526579,0,0,0.7622003625472131
181,181_D6,52,3,52,9984,0,26,26,1,1,1,Suite2p-style local neuropil,0.7,0.4973743129741758,0.9827919631754303,34.58948960980479,9.664011006349575,31.771574496359264,0.19557407893961137,30.922700026001575,0.9599908435322029,0.9827919631754303,3.5877079780285177,1.9441665304012785,0.9342704934951584,2.3479167360525883,0,0,0.5418965358631704
181,181_D6,53,3,52,9984,0,26,26,1,1,1,Suite2p-style local neuropil,0.7,0.4846937604429134,0.9601279509550402,18.950837631015442,7.760044698502832,16.995616020147544,0.28663805364044403,16.64861457915566,0.9267195879200663,0.9601279509550402,8.336373585921065,4.715718680467363,3.1303614393258705,5.172364156979779,0,0,0.5656798638168921
181,181_D6,54,3,52,9984,0,26,26,1,1,1,Suite2p-style local neuropil,0.7,0.30105132981699534,0.9835362298405572,31.12207724718132,8.096686748202421,29.908216477739693,0.18211125914647336,29.747321039518813,0.9812233226994908,0.9835362298405572,2.372945259778928,0.8489039601423802,0.27215728545800255,2.1772018640469266,0,0,0.3577427473586305
181,181_D6,55,3,52,9984,0,26,26,1,1,1,Suite2p-style local neuropil,0.7,0.41352065335442656,0.9838153526139681,18.19354044081535,4.801914174848358,17.079990601095634,0.18475457865897538,16.94176156435546,0.9768917335576135,0.9838153526139681,6.489025982526633,4.78813104216869,4.324842819800745,2.429849863052368,0,0,0.7378813165000645
181,181_D6,56,3,52,9984,0,26,26,1,1,1,Suite2p-style local neuropil,0.7,0.4396239578289553,0.9724612127377467,13.880649008734208,4.735649237321349,12.77512710814243,0.238818401935487,12.5100970717838,0.9569149769649319,0.9724612127377467,5.363566050926846,3.8100848243786727,3.3770377536614724,2.2192589235611426,0,0,0.7103641087102177
181,181_D6,57,3,52,9984,0,26,26,1,1,1,Suite2p-style local neuropil,0.7,0.6796447529368358,0.9062825245385598,15.333517309946012,9.724830702376162,11.814104271554244,0.44395433026997433,11.28696738739967,0.8061939525280042,0.9062825245385598,4.470967797132637,2.205063130611029,1.4682538402386196,3.2370066237755335,0,0,0.4931959311121054
181,181_D6,58,3,52,9984,0,26,26,1,1,1,Suite2p-style local neuropil,0.7,0.2701558029054789,0.9811691786786021,9.60638525921943,2.6590120455336743,9.27825922529154,0.1937574174672701,9.186444773873768,0.9704333108167307,0.9811691786786021,-0.16702106480415035,-0.4779484917720159,-0.637478646941674,0.4441818808897948,0,0,2.86160589214541
181,181_D6,59,4,52,9984,0,26,26,1,1,1,Suite2p-style local neuropil,0.7,0.30082839423181235,0.9693130818744561,17.410097946227904,6.12417653628445,16.63081825284619,0.2462320183639121,16.88216468707338,0.9377897315629081,0.9693130818744561,5.362107188273699,2.2612692530338574,0.6031624567814351,4.429768342238207,0,0,0.42171280234044195
181,181_D6,60,4,52,9984,0,26,26,1,1,1,Suite2p-style local neuropil,0.7,0.5874068112358085,0.9642470753893849,34.89641815688533,14.114002043051464,30.17168138225618,0.28311791999466457,29.369699561669343,0.942668098928633,0.9642470753893849,15.933893909821139,9.097330903395626,7.864025067060421,9.766518736496948,0,0,0.5709421029895839
181,181_D6,61,4,52,9984,0,26,26,1,1,1,Suite2p-style local neuropil,0.7,0.3645845659501581,0.9787721174946641,19.567170495500473,5.809636303624589,18.47671946853035,0.20783513059943337,18.52338869367325,0.96431500468296,0.9787721174946641,3.8817203014324884,2.2105175027480493,1.6745572716761847,2.3874324422616224,0,0,0.5694685153481066
181,181_D6,62,4,52,9984,0,26,26,1,1,1,Suite2p-style local neuropil,0.7,0.14789669829588092,0.990154482225928,34.58900076272641,6.916980703733664,34.209714047055115,0.13998341238633147,34.07545127955254,0.9872303774170207,0.990154482225928,4.025641337419167,2.0312560124275016,1.3729135470512586,2.849122029084427,0,0,0.5045794786785309
181,181_D6,63,4,52,9984,0,26,26,1,1,1,Suite2p-style local neuropil,0.7,0.44990165767718904,0.9804865016469235,19.137271999598585,5.574621860926805,17.7275769417438,0.2039076026667884,17.684971335788564,0.9760114554326159,0.9804865016469235,2.8826947319201928,1.8664666628226254,1.6349398952264051,1.4517543682685266,0,0,0.6474728786508115
181,181_D6,64,4,52,9984,0,26,26,1,1,1,Suite2p-style local neuropil,0.7,0.3091917852730194,0.9817015186506773,17.441666756109697,4.780755740826963,16.712765704832652,0.19186979140199328,16.36156487786107,0.9692420318694416,0.9817015186506773,-0.7830817344097003,-1.6373703162639572,-2.0134082642885356,1.2204122268236608,0,0,2.0909315380583076
181,181_D6,65,4,52,9984,0,26,26,1,1,1,Suite2p-style local neuropil,0.7,0.31928214376725994,0.9825871784276345,21.550694053344042,5.775206860676501,20.61898451753215,0.18758768203445897,20.637180479587567,0.9770307113645423,0.9825871784276345,6.098529681181295,3.9513360888530054,3.3820307591022583,3.06741970166182,0,0,0.6479161845463813
181,181_D6,66,4,52,9984,0,26,26,1,1,1,Suite2p-style local neuropil,0.7,0.2673095610448818,0.9858395205619802,27.826319543078487,6.700958288351867,26.95414198277831,0.16856957010633492,26.68242109321303,0.9829914798643951,0.9858395205619802,3.6448382185055648,2.6264480467026066,2.028178480191109,1.4548433942672543,0,0,0.7205938596016886
181,181_D6,67,4,52,9984,0,26,26,1,1,1,Suite2p-style local neuropil,0.7,0.1605638487788348,0.986467215659935,15.495978038107069,3.629592017280493,15.29501531324656,0.16395960045715932,15.07743058016313,0.979289412298624,0.986467215659935,0.12060933655653194,-0.12094284746891315,-0.4590605298678083,0.34507453747284766,1,1,1.0027651332330607
181,181_D6,68,4,52,9984,0,26,26,1,1,1,Suite2p-style local neuropil,0.7,0.26837768908679094,0.9887062672273867,15.252032951093085,3.289541591137044,14.801206101356708,0.15097522300060237,14.704433009891353,0.9842481310243745,0.9887062672273867,2.81745482197939,2.108697833923194,1.8073706573400727,1.0125099684183412,0,0,0.7484406883789289
181,181_D7,1,3,50,9600,0,,,0,1,0,Suite2p-style local neuropil,0.7,0.9270863503967726,0.984634208215222,260.7580839375463,122.51111299158312,184.08177991826602,0.32887869547058124,186.70469603187132,0.9853205440258676,0.984634208215222,,,,,,,
181,181_D7,2,3,50,9600,0,,,0,1,0,Suite2p-style local neuropil,0.7,0.6933016896051819,0.9643327023108166,45.3449691434689,19.5188238100552,37.19905574365659,0.3013162577875854,36.21844509620443,0.9451226957866186,0.9643327023108166,,,,,,,
181,181_D7,3,3,50,9600,0,,,0,1,0,Suite2p-style local neuropil,0.7,0.4655025129613509,0.983421387552396,30.349001104005083,8.234212990227267,28.132262247194145,0.18992219639191554,27.582503639510737,0.9754041656516792,0.983421387552396,,,,,,,
181,181_D7,4,3,50,9600,0,,,0,1,0,Suite2p-style local neuropil,0.7,0.6422908868485595,0.977492702765823,23.000301664053996,7.835232786032589,19.926033938267548,0.23846047369500295,19.49541953769263,0.9654858127603441,0.977492702765823,,,,,,,
181,181_D7,5,3,50,9600,0,,,0,1,0,Suite2p-style local neuropil,0.7,0.5145155712572405,0.9557381737791049,18.21721542996698,7.886352352716312,16.088987681575478,0.30303460142950817,15.611360707112347,0.9174746012204954,0.9557381737791049,,,,,,,
181,181_D7,6,3,50,9600,0,,,0,1,0,Suite2p-style local neuropil,0.7,0.20336641550751575,0.9778767376780633,18.163352759286315,5.42787515824628,17.784101839498604,0.20918563895615824,17.7284581871987,0.9665277303012153,0.9778767376780633,,,,,,,
181,181_D7,7,3,50,9600,0,,,0,1,0,Suite2p-style local neuropil,0.7,0.15045700340015256,0.9875720784269855,21.8488567474577,4.905704585618948,21.60063944954242,0.15717038190843824,21.442699859411636,0.9739707776083925,0.9875720784269855,,,,,,,
181,181_D7,8,3,50,9600,0,,,0,1,0,Suite2p-style local neuropil,0.7,0.3875356017587646,0.9726983607930917,25.994190674154947,8.734773823312269,24.28776128688213,0.23521954080742805,23.9912434664826,0.9546717376271086,0.9726983607930917,,,,,,,
181,181_D7,9,3,50,9600,0,,,0,1,0,Suite2p-style local neuropil,0.7,0.23741802435405254,0.9794619516118469,14.673711752827435,4.229484464656052,14.26375228037955,0.20176483819637064,14.181082186633937,0.9687057013739708,0.9794619516118469,,,,,,,
181,181_D7,10,3,50,9600,0,,,0,1,0,Suite2p-style local neuropil,0.7,0.30826907067866793,0.9757636687181158,15.733992437888594,4.939841185272906,15.032361578240584,0.219771857796309,14.955921798143024,0.9582217633491331,0.9757636687181158,,,,,,,
181,181_D7,11,3,50,9600,0,,,0,1,0,Suite2p-style local neuropil,0.7,0.28506709901172017,0.9789925372352802,17.754202736427157,5.189631776280712,17.077379900699995,0.20461308321045057,16.920383715175955,0.9752794273612219,0.9789925372352802,,,,,,,
181,181_D7,12,4,50,9600,0,,,0,1,0,Suite2p-style local neuropil,0.7,0.6955671980837481,0.9707964842529708,39.555375478984516,15.683995419571692,32.879069081470355,0.2775551126547081,31.979716206839484,0.9566309857466654,0.9707964842529708,,,,,,,
181,181_D7,13,4,50,9600,0,,,0,1,0,Suite2p-style local neuropil,0.7,0.4873448634178568,0.9729325553480717,29.593237631793425,10.153399306486573,26.856427721193523,0.2401690358173116,26.38707431320948,0.9659424143019716,0.9729325553480717,,,,,,,
181,181_D7,14,4,50,9600,0,,,0,1,0,Suite2p-style local neuropil,0.7,0.23434605782809137,0.9745314564074342,15.218944764645592,4.8757783190891,14.795942274556554,0.22426290450229736,14.74495718008327,0.9583834885368242,0.9745314564074342,,,,,,,
181,181_D7,15,4,50,9600,0,,,0,1,0,Suite2p-style local neuropil,0.7,0.28492914067364544,0.9738742714748014,15.007586988369669,4.8773618330871065,14.411300980809079,0.22749514760726497,14.279583457121557,0.9627968409994576,0.9738742714748014,,,,,,,
181,181_D7,16,4,50,9600,0,,,0,1,0,Suite2p-style local neuropil,0.7,0.25210641069453493,0.976539967937527,16.95726597690622,5.220181116976649,16.42128097111252,0.21549032484114589,16.268648466323043,0.9559806804275929,0.976539967937527,,,,,,,
181,181_D8,1,3,63,12096,0,31,32,1,0,0,Suite2p-style local neuropil,0.7,0.38500266938175326,0.9710242916714645,26.35816156017796,9.106329355041787,24.617292306982492,0.24183895967804206,24.94029627959331,0.9480185930416148,0.9710242916714645,,,,,,,
181,181_D8,2,3,63,12096,0,31,32,1,0,0,Suite2p-style local neuropil,0.7,0.5860068374421243,0.9817712402168877,39.553819609868725,11.842105379527217,35.34034197721134,0.20957454316736956,34.137695205656485,0.9713540740864115,0.9817712402168877,,,,,,,
181,181_D8,3,3,63,12096,0,31,32,1,0,0,Suite2p-style local neuropil,0.7,0.4899346750044009,0.9755591641249604,24.246733508123626,7.94407195000484,22.06148116592675,0.22934430571053094,21.8781550495437,0.9747319235457654,0.9755591641249604,,,,,,,
181,181_D8,4,3,63,12096,0,31,32,1,0,0,Suite2p-style local neuropil,0.7,0.2968593583781329,0.9861563297423186,25.784471904428255,6.163837622081428,24.847598818091743,0.1673366166041071,24.626659415752325,0.9806334330586837,0.9861563297423186,,,,,,,
181,181_D8,5,3,63,12096,0,31,32,1,0,0,Suite2p-style local neuropil,0.7,0.256927262059305,0.9493124895418905,23.076417155719113,10.381055331895402,22.34184647137993,0.3148989105041357,22.002560258735354,0.9176671028049858,0.9493124895418905,,,,,,,
181,181_D8,6,3,63,12096,0,31,32,1,0,0,Suite2p-style local neuropil,0.7,0.5730615491392183,0.9751495297956424,27.241756428063606,9.309855548144833,24.106223289684316,0.2392246189901062,23.0517833094208,0.9553294431961128,0.9751495297956424,,,,,,,
181,181_D8,7,3,63,12096,0,31,32,1,0,0,Suite2p-style local neuropil,0.7,0.8655341783590903,0.9580451343440302,26.777289221149836,15.062292405610252,18.4244337848269,0.3937517508900114,16.16122622859797,0.8989499151286932,0.9580451343440302,,,,,,,
181,181_D8,8,3,63,12096,0,31,32,1,0,0,Suite2p-style local neuropil,0.7,0.11665070392418919,0.9762637931547048,13.651107403333665,4.245554411310106,13.627909445903306,0.2177030760762206,13.629689192307872,0.9640403662298633,0.9762637931547048,,,,,,,
181,181_D8,9,3,63,12096,0,31,32,1,0,0,Suite2p-style local neuropil,0.7,0.6589152540287568,0.9793835361252498,26.668379073959105,8.847958700030707,23.062814354240917,0.23224399830977235,22.208960939712313,0.963732600013675,0.9793835361252498,,,,,,,
181,181_D8,10,4,63,12096,0,31,32,1,0,0,Suite2p-style local neuropil,0.7,0.1873895994153919,0.9814695641529222,14.743352270111018,4.035884826146389,14.482317966875499,0.19161987259151664,14.492416331680577,0.9732810060581435,0.9814695641529222,,,,,,,
181,181_D8,11,4,63,12096,0,31,32,1,0,0,Suite2p-style local neuropil,0.7,0.18919058167767056,0.966182871504167,16.656292540400184,6.1509156734309975,16.396177475577684,0.2584993560540598,16.411106243274546,0.9389975002192689,0.966182871504167,,,,,,,
181,181_D8,12,4,63,12096,0,31,32,1,0,0,Suite2p-style local neuropil,0.7,0.24201859434722375,0.9787328542670359,14.89992559994982,4.369635914735409,14.467331251958393,0.2052859309018836,14.484057534407128,0.9806619151842135,0.9787328542670359,,,,,,,
181,181_D9,1,3,34,6528,0,,,0,1,0,Suite2p-style local neuropil,0.7,0.5490725603089003,0.9680161071703803,37.12614843318127,14.05413170409262,32.77262817157405,0.2649855227414764,31.91531975717986,0.9531829800413708,0.9680161071703803,,,,,,,
181,181_D9,2,3,34,6528,0,,,0,1,0,Suite2p-style local neuropil,0.7,0.794835763041424,0.9876638644614665,22.59219059527262,6.9823568025078435,18.94097017576377,0.21634244290909657,18.43439938360473,0.981615009192657,0.9876638644614665,,,,,,,
181,181_D9,3,3,34,6528,0,,,0,1,0,Suite2p-style local neuropil,0.7,0.5278205369120743,0.9804789988620869,19.93740682661602,5.979601355669298,18.081057703978253,0.2099430994153464,17.85515219579409,0.9660858041469942,0.9804789988620869,,,,,,,
181,181_D9,4,3,34,6528,0,,,0,1,0,Suite2p-style local neuropil,0.7,0.4724119485742688,0.9815205200940463,33.15964348270653,9.487022827105745,30.587639159027653,0.20027102591898496,30.345102676257167,0.9785855353221732,0.9815205200940463,,,,,,,
181,181_D9,5,3,34,6528,0,,,0,1,0,Suite2p-style local neuropil,0.7,0.22120006395387967,0.9838097862713734,29.19076922001346,7.480364193645131,28.49383051486636,0.17938050379250797,28.166913912803103,0.9785465915366148,0.9838097862713734,,,,,,,
181,181_D9,6,3,34,6528,0,,,0,1,0,Suite2p-style local neuropil,0.7,0.35629881614586045,0.9718938752411722,16.29140525014633,5.523258987440681,15.34514640989994,0.2373203050689327,15.044589584282518,0.9537700411720278,0.9718938752411722,,,,,,,
181,181_D9,7,3,34,6528,0,,,0,1,0,Suite2p-style local neuropil,0.7,0.24042036693752553,0.966582509406083,13.053707810853217,4.781207924888415,12.672542579727196,0.25639040855478434,12.640768971819025,0.9534703581507682,0.966582509406083,,,,,,,
181,181_D9,8,3,34,6528,0,,,0,1,0,Suite2p-style local neuropil,0.7,0.1609241699107,0.9693183604080815,10.361752145260093,3.6523109997942806,10.26528640734987,0.24673603710739644,10.24395078615468,0.954682399062104,0.9693183604080815,,,,,,,
181,181_D9,9,4,34,6528,0,,,0,1,0,Suite2p-style local neuropil,0.7,0.729023462261476,0.9650346452400212,97.11471129798173,42.70026866402284,78.05322259853324,0.30778227296137717,76.8128353142063,0.9550793178820353,0.9650346452400212,,,,,,,
181,181_D9,10,4,34,6528,0,,,0,1,0,Suite2p-style local neuropil,0.7,0.8254405834521739,0.9833697021523581,28.682338436472783,10.555303899254447,22.965315334180953,0.2576049550594095,22.31225091737566,0.976324759308595,0.9833697021523581,,,,,,,
181,181_D9,11,4,34,6528,0,,,0,1,0,Suite2p-style local neuropil,0.7,0.5386159791755831,0.9784398130087387,50.41583254341407,15.898410009745144,45.40047918622228,0.22074190205349817,44.94181761550248,0.9761746969863512,0.9784398130087387,,,,,,,
181,181_D9,12,4,34,6528,0,,,0,1,0,Suite2p-style local neuropil,0.7,0.41779011455989196,0.9693357757854677,12.977611917319885,4.633016355880344,11.990346757900076,0.24990047135745122,11.798747373159268,0.9482723653084166,0.9693357757854677,,,,,,,
181,181_D9,13,4,34,6528,0,,,0,1,0,Suite2p-style local neuropil,0.7,0.3705168987338725,0.9703745729762899,18.060526137360462,6.2913073375138495,16.930370678974786,0.24384201488423557,16.594517981918187,0.9532902431404189,0.9703745729762899,,,,,,,
181,181_D9,14,4,34,6528,0,,,0,1,0,Suite2p-style local neuropil,0.7,0.5401669511375191,0.9728140367528556,22.53048377985915,7.898039533645339,20.090275437690416,0.24538432497065735,19.704302672593062,0.9710569632439533,0.9728140367528556,,,,,,,
181,181_D9,15,4,34,6528,0,,,0,1,0,Suite2p-style local neuropil,0.7,0.36972827458143676,0.973081257385631,16.67829016093309,5.55020569225745,15.66348393034278,0.23294617647427301,15.446544675240432,0.9663087336948966,0.973081257385631,,,,,,,
181,181_D9,16,4,34,6528,0,,,0,1,0,Suite2p-style local neuropil,0.7,0.09392586466495499,0.9862548608824635,15.256960440044335,3.6106587701738455,15.22888965179232,0.16565954496491947,15.206856376008009,0.9820320196439303,0.9862548608824635,,,,,,,
185,185_D1,1,1,6,522,0,,,0,0,0,Suite2p-style local neuropil,0.7,0.18444491186783052,0.995629177023699,27.97853082135665,3.748762909856347,27.615224710424624,0.09379098522069941,27.539725767038668,0.9947607121764496,0.995629177023699,,,,,,,
185,185_D1,2,1,6,522,0,,,0,0,0,Suite2p-style local neuropil,0.7,0.21471583147454498,0.9966015188279439,45.71478731027829,5.428173907920225,45.05203551121452,0.08311799863258817,45.082755424154314,0.996479389291153,0.9966015188279439,,,,,,,
185,185_D1,3,1,6,522,0,,,0,0,0,Suite2p-style local neuropil,0.7,0.051361202876266984,0.964954591539526,13.892536242850454,5.329789333648201,14.198507758899645,0.2685508749262786,14.076566365589656,0.970010048314668,0.964954591539526,,,,,,,
185,185_D1,4,1,6,522,0,,,0,0,0,Suite2p-style local neuropil,0.7,0.21550461323099335,0.9856806468964643,16.77377371949352,4.045246445975395,16.398348909249755,0.16881547027954188,16.23761230508527,0.9862117190012658,0.9856806468964643,,,,,,,
185,185_D1,5,1,6,522,0,,,0,0,0,Suite2p-style local neuropil,0.7,0.11542663690619938,0.9895302828818151,5.773065430403764,1.190791409215063,5.736914955187086,0.1443867194109283,5.990471696334289,0.945846085959721,0.9895302828818151,,,,,,,
185,185_D1,6,1,6,522,0,,,0,0,0,Suite2p-style local neuropil,0.7,0.17585944878385792,0.9851722638160293,7.776330011451702,1.9059754286061752,7.6552108299829005,0.17156972192479422,7.926081564505006,0.9475257486044769,0.9851722638160293,,,,,,,
185,185_D1,7,1,6,522,0,,,0,0,0,Suite2p-style local neuropil,0.7,0.015651823908122118,0.9948359192339786,21.7255632129238,3.1617813252710585,21.8035169143757,0.10187293373683226,21.81421141312527,0.9932880218372061,0.9948359192339786,,,,,,,
185,185_D1,8,1,6,522,0,,,0,0,0,Suite2p-style local neuropil,0.7,0.2004895991696865,0.9889038811411209,14.191994684287717,3.016076344693428,13.92320380212782,0.1487636858504516,13.695169038859095,0.9779692159694536,0.9889038811411209,,,,,,,
185,185_D1,9,1,6,522,0,,,0,0,0,Suite2p-style local neuropil,0.7,0.1310301737256381,0.9895391287894467,15.772043047643605,3.2507897225131117,15.637458535640262,0.14427761034791886,15.661046008102723,0.9867809122876787,0.9895391287894467,,,,,,,
185,185_D1,10,1,6,522,0,,,0,0,0,Suite2p-style local neuropil,0.7,0.1428708756381354,0.9883129399849004,11.813128172579527,2.572658927451309,11.692488363926595,0.152445752274044,11.651450742844775,0.9872074198549183,0.9883129399849004,,,,,,,
185,185_D1,11,1,6,522,0,,,0,0,0,Suite2p-style local neuropil,0.7,0.9673733005705962,0.9998463111402847,95.29791426243459,8.830749426657029,89.33180077817117,0.0648652762219027,90.88016122219999,0.9996334018783721,0.9998463111402847,,,,,,,
185,185_D1,12,1,6,522,0,,,0,0,0,Suite2p-style local neuropil,0.7,0.3791963303631234,0.9418006590488236,5.069055244326355,2.436977707052049,4.695462807161909,0.33652905869868505,4.854205090449408,0.9409983084948643,0.9418006590488236,,,,,,,
185,185_D1,13,1,6,522,0,,,0,0,0,Suite2p-style local neuropil,0.7,0.14937237778170576,0.9874267478949985,13.163587381622733,2.972777876511542,13.016410311311056,0.15808338599392066,12.927864871668778,0.9868789904067768,0.9874267478949985,,,,,,,
185,185_D1,14,1,6,522,0,,,0,0,0,Suite2p-style local neuropil,0.7,0.04601139189102235,0.965833773607601,14.150150225076327,5.363620638987896,14.471847248105087,0.2653352931738023,14.330403274093113,0.9804233776362377,0.965833773607601,,,,,,,
185,185_D1,15,1,6,522,0,,,0,0,0,Suite2p-style local neuropil,0.7,0.09040414615640599,0.8563800725729533,9.8789665071228,8.100791340256524,10.937112146163976,0.5740027449548336,10.782615013896313,0.8811309624162342,0.8563800725729533,,,,,,,
185,185_D1,16,2,6,522,0,,,0,0,0,Suite2p-style local neuropil,0.7,0.24524241217639253,0.9973440484620558,43.57998225795188,4.604685560104333,42.90344660470887,0.07396239362776225,42.86331971923175,0.9963294739848867,0.9973440484620558,,,,,,,
185,185_D1,17,2,6,522,0,,,0,0,0,Suite2p-style local neuropil,0.7,0.24355330851830267,0.9698662349937464,8.977166609335706,3.1245416978689593,8.706841806475275,0.2436380235915779,8.931524368880225,0.9375268940298063,0.9698662349937464,,,,,,,
185,185_D1,18,2,6,522,0,,,0,0,0,Suite2p-style local neuropil,0.7,0.2877380563093539,0.9921418060791484,22.75061817128976,4.1234281473894585,22.09370774599665,0.12687126345007127,22.153606896131897,0.9915819238911927,0.9921418060791484,,,,,,,
185,185_D1,19,2,6,522,0,,,0,0,0,Suite2p-style local neuropil,0.7,0.4314473104421396,0.9997730115715753,150.80155522087327,5.037577677738797,149.3140290659504,0.02338375145228048,149.83770816077495,0.9994420144394531,0.9997730115715753,,,,,,,
185,185_D1,20,2,6,522,0,,,0,0,0,Suite2p-style local neuropil,0.7,0.14835913068230874,0.9968053461767835,27.71217942799565,3.169463103182377,27.470785997476707,0.08005953392348036,27.46490388982661,0.996453203478324,0.9968053461767835,,,,,,,
185,185_D1,21,2,6,522,0,,,0,0,0,Suite2p-style local neuropil,0.7,0.2642593429614309,0.9949127266195197,14.620259818758301,2.133590888994446,14.298324269703311,0.10215369630641577,14.239324496356137,0.9942109161128342,0.9949127266195197,,,,,,,
185,185_D1,22,2,6,522,0,,,0,0,0,Suite2p-style local neuropil,0.7,0.8905280926445578,0.9999319009426875,29.620289736682803,1.0613186031872819,28.960667698937407,0.025081570531139234,29.19595120742108,0.9999226693028112,0.9999319009426875,,,,,,,
185,185_D1,23,2,6,522,0,,,0,0,0,Suite2p-style local neuropil,0.7,0.018214324631420416,0.9919278797453449,23.502004102335274,4.2827153494442225,23.638209785412155,0.1275593667558706,23.685441885940794,0.9899864370631173,0.9919278797453449,,,,,,,
185,185_D1,24,2,6,522,0,,,0,0,0,Suite2p-style local neuropil,0.7,0.13999950483163942,0.9943984941741105,24.885706986416405,3.7598439313079086,24.655350679987794,0.10575913329160215,24.43582866587711,0.9915909081272368,0.9943984941741105,,,,,,,
185,185_D1,25,2,6,522,0,,,0,0,0,Suite2p-style local neuropil,0.7,0.33796994966767036,0.9816766367968394,13.00553641013296,3.58223882226209,12.38498869608148,0.19280766905382124,12.262174094503752,0.979678780703961,0.9816766367968394,,,,,,,
185,185_D1,26,2,6,522,0,,,0,0,0,Suite2p-style local neuropil,0.7,0.2595713505819412,0.9925858609033005,18.539020581037306,3.2511917800383614,18.08234411521908,0.1227591412219771,18.062961203933114,0.9939592707640623,0.9925858609033005,,,,,,,
185,185_D1,27,2,6,522,0,,,0,0,0,Suite2p-style local neuropil,0.7,0.11793679343919439,0.9951246269171682,13.15517122802504,1.8538276845190498,13.06582787544816,0.09864404914959632,13.364221878132197,0.9748965010447742,0.9951246269171682,,,,,,,
185,185_D1,28,2,6,522,0,,,0,0,0,Suite2p-style local neuropil,0.7,0.20572045281228743,0.9892176112448333,23.615296538862086,4.949734595507417,23.152148868737438,0.146719061357101,22.970443501883185,0.9841858682033748,0.9892176112448333,,,,,,,
185,185_D1,29,2,6,522,0,,,0,0,0,Suite2p-style local neuropil,0.7,0.290227800150964,0.9972914066848716,27.6645759831285,2.979180486177293,27.132819088635767,0.0753825504896552,27.474497180233936,0.9903035200629764,0.9972914066848716,,,,,,,
185,185_D1,30,2,6,522,0,,,0,0,0,Suite2p-style local neuropil,0.7,-0.0029407662688269,0.9966294965642158,11.683844759960232,1.3742227895978856,11.726196781842875,0.08233214039066382,11.858300680093494,0.9878436203628091,0.9966294965642158,,,,,,,
185,185_D1,31,2,6,522,0,,,0,0,0,Suite2p-style local neuropil,0.7,0.10764556156605988,0.9855288769102356,18.990532383305194,4.607617695323081,18.917091153342533,0.16983896715901914,18.99792020698938,0.9802147696751307,0.9855288769102356,,,,,,,
185,185_D1,32,2,6,522,0,,,0,0,0,Suite2p-style local neuropil,0.7,-0.01957971658884459,0.9949009302658907,11.435151610703173,1.6596500230922382,11.516622561905326,0.10159506478916133,11.721189804643311,0.9762616901896222,0.9949009302658907,,,,,,,
185,185_D1,33,2,6,522,0,,,0,0,0,Suite2p-style local neuropil,0.7,0.0907216308000872,0.9933700385283171,18.459402777592704,3.0324806997495943,18.388741360112334,0.11499486025528599,18.304787541458133,0.9866641651107262,0.9933700385283171,,,,,,,
185,185_D1,34,2,6,522,0,,,0,0,0,Suite2p-style local neuropil,0.7,0.08419396724870433,0.9875961325742222,14.533075052270712,3.2686786815231246,14.520543843271547,0.15743915561204613,14.410592805787376,0.9832015737701425,0.9875961325742222,,,,,,,
185,185_D1,35,2,6,522,0,,,0,0,0,Suite2p-style local neuropil,0.7,0.6130602614036005,0.9027426410432703,18.536381578324228,11.660479934973386,14.990294324874178,0.44034137681139485,15.22712280646525,0.9279813103498897,0.9027426410432703,,,,,,,
185,185_D1,36,2,6,522,0,,,0,0,0,Suite2p-style local neuropil,0.7,0.078813911046398,0.9957135388433929,9.533002118352345,1.2597115676949273,9.504243777149549,0.09249951785708084,9.495568150649461,0.9943872365654624,0.9957135388433929,,,,,,,
185,185_D1,37,3,6,522,0,,,0,0,0,Suite2p-style local neuropil,0.7,0.5380183870382345,0.984434957634398,25.589123453380573,6.950331558901508,23.33474538751431,0.1901289031685373,22.601062578982585,0.9685271902805788,0.984434957634398,,,,,,,
185,185_D1,38,3,6,522,0,,,0,0,0,Suite2p-style local neuropil,0.7,0.5628387600526924,0.9926076313743614,101.98572577470591,19.895563746039233,94.84828353453231,0.1365572858239067,93.93565885444039,0.9894827483397346,0.9926076313743614,,,,,,,
185,185_D1,39,3,6,522,0,,,0,0,0,Suite2p-style local neuropil,0.7,0.20347758085533454,0.9991552911521513,28.806637063174726,1.7140517348805722,28.586644541175467,0.041651381789286436,28.453024499229546,0.9988187557503456,0.9991552911521513,,,,,,,
185,185_D1,40,3,6,522,0,,,0,0,0,Suite2p-style local neuropil,0.7,0.27338601848109634,0.9827841883306726,18.19280463766353,4.8217780902082366,17.572586264515177,0.1855263457549085,17.980235169990284,0.9503565609567428,0.9827841883306726,,,,,,,
185,185_D1,41,3,6,522,0,,,0,0,0,Suite2p-style local neuropil,0.7,0.036372024397140525,0.9893183078581903,18.440552734599155,3.8634623093914007,18.540228446255018,0.14665631684548813,18.773952865220508,0.9821321281208154,0.9893183078581903,,,,,,,
185,185_D1,42,3,6,522,0,,,0,0,0,Suite2p-style local neuropil,0.7,0.2730267992744062,0.9862261666539109,20.365214152213085,4.841538465573039,19.71140687093186,0.16641498608272376,19.539492573884303,0.9854765998639892,0.9862261666539109,,,,,,,
185,185_D1,43,3,6,522,0,,,0,0,0,Suite2p-style local neuropil,0.7,0.1548025834822209,0.9957876667924811,53.29742889672436,6.995293869294472,52.76165597543214,0.09187507998556146,52.630295771260485,0.9935193576128443,0.9957876667924811,,,,,,,
185,185_D1,44,3,6,522,0,,,0,0,0,Suite2p-style local neuropil,0.7,0.28981604698088875,0.9880725367476922,25.6489800238679,5.697672374425055,24.78875329321354,0.15549821974228267,24.70649952847985,0.9470847773144764,0.9880725367476922,,,,,,,
185,185_D1,45,3,6,522,0,,,0,0,0,Suite2p-style local neuropil,0.7,0.3076975909191878,0.9922869699143445,32.90214496201847,5.931652903510865,31.87035412968683,0.12619714395907966,33.213782493278174,0.9667037990181252,0.9922869699143445,,,,,,,
185,185_D1,46,3,6,522,0,,,0,0,0,Suite2p-style local neuropil,0.7,0.4003946601829333,0.9725721025706072,29.304883630208078,9.892560109950931,27.280480140204197,0.23630164158852213,26.986371095177308,0.9629537091275705,0.9725721025706072,,,,,,,
185,185_D1,47,3,6,522,0,,,0,0,0,Suite2p-style local neuropil,0.7,0.46531501007977777,0.9857608979789813,22.802982058887164,5.76123756959758,21.228706602530238,0.17685696620904448,21.539805894643916,0.9858041973278657,0.9857608979789813,,,,,,,
185,185_D1,48,3,6,522,0,,,0,0,0,Suite2p-style local neuropil,0.7,0.3524247925881315,0.9776884012865936,23.698051611680008,7.190626671904721,22.424468800820936,0.2123988363977667,21.895160269199827,0.9371691221895128,0.9776884012865936,,,,,,,
185,185_D1,49,3,6,522,0,,,0,0,0,Suite2p-style local neuropil,0.7,0.22885232953371132,0.9843736765275564,15.571697128642374,3.9229143275272573,15.180474455991021,0.17634814995077364,14.958853897969176,0.9537076525408774,0.9843736765275564,,,,,,,
185,185_D1,50,3,6,522,0,,,0,0,0,Suite2p-style local neuropil,0.7,0.20312309847069063,0.9752023464946517,12.645104290325635,3.9986255513043667,12.383640307794572,0.2213534782703947,12.360242591928158,0.9532308598557994,0.9752023464946517,,,,,,,
185,185_D1,51,4,6,522,0,,,0,0,0,Suite2p-style local neuropil,0.7,0.6964797654154496,0.9949568911732072,71.49935184844541,13.070895235563462,65.45692895830939,0.12796796336867336,65.6810948199126,0.9919813409446809,0.9949568911732072,,,,,,,
185,185_D1,52,4,6,522,0,,,0,0,0,Suite2p-style local neuropil,0.7,0.3665204210578174,0.9871934544580137,52.90888004577124,12.342060721543907,50.38763956606676,0.16328908139813525,51.0308705024814,0.9528562188343704,0.9871934544580137,,,,,,,
185,185_D1,53,4,6,522,0,,,0,0,0,Suite2p-style local neuropil,0.7,0.6861998675555833,0.9876001327775985,59.45226283327801,16.13987873547535,52.348752792284905,0.19003338167019027,52.403595795520104,0.9816460124720087,0.9876001327775985,,,,,,,
185,185_D1,54,4,6,522,0,,,0,0,0,Suite2p-style local neuropil,0.7,0.574060880947524,0.9952629049556112,54.28309879286079,8.6582912887319,51.04563650322648,0.11165176201049656,51.046128610698304,0.9941501399618957,0.9952629049556112,,,,,,,
185,185_D1,55,4,6,522,0,,,0,0,0,Suite2p-style local neuropil,0.7,0.39560900327807585,0.9751667537731956,28.68626722793728,9.230822708553443,26.79542719270082,0.22524979258490288,26.519575673165384,0.9600018600329725,0.9751667537731956,,,,,,,
185,185_D1,56,4,6,522,0,,,0,0,0,Suite2p-style local neuropil,0.7,0.20696757776721011,0.9963012647504034,82.6909830355855,10.22735415363439,81.510760083919,0.08657712412243611,81.78822824964656,0.997387983081395,0.9963012647504034,,,,,,,
185,185_D1,57,4,6,522,0,,,0,0,0,Suite2p-style local neuropil,0.7,0.7790285000136026,0.9361774136154043,11.674122785235364,6.810394784954072,8.50295971224322,0.4083626850830338,10.764647073221385,0.8652311338350076,0.9361774136154043,,,,,,,
185,185_D1,58,4,6,522,0,,,0,0,0,Suite2p-style local neuropil,0.7,0.1687678111811007,0.9976454811790613,29.406197139914184,2.8957930167537187,29.1326889274414,0.06893292417027372,28.889978960875954,0.9898540426074844,0.9976454811790613,,,,,,,
185,185_D1,59,4,6,522,0,,,0,0,0,Suite2p-style local neuropil,0.7,0.5789736846279037,0.976047498338893,48.78522364550195,16.448968075315786,43.152366974047254,0.23601977395332743,42.95510581569791,0.9670000634293644,0.976047498338893,,,,,,,
185,185_D1,60,4,6,522,0,,,0,0,0,Suite2p-style local neuropil,0.7,0.43140263267057805,0.9485842288138424,23.03711872879228,10.497465232224878,20.943922872859353,0.31897328422157023,21.09124305298984,0.9020520782059563,0.9485842288138424,,,,,,,
185,185_D1,61,4,6,522,0,,,0,0,0,Suite2p-style local neuropil,0.7,0.21537030989120207,0.9988841428760601,48.26355563597146,3.3037897294660006,47.818836502674344,0.04791717138951684,48.041392796790205,0.9975603307250589,0.9988841428760601,,,,,,,
185,185_D1,62,4,6,522,0,,,0,0,0,Suite2p-style local neuropil,0.7,0.50409289099917,0.9804699053108611,19.711737359515592,5.854744160771934,17.997291742805984,0.20791271750512025,17.51350894225519,0.9612075117585955,0.9804699053108611,,,,,,,
185,185_D1,63,4,6,522,0,,,0,0,0,Suite2p-style local neuropil,0.7,0.2656550601529897,0.9860346580662407,19.059587167094964,4.558042924470422,18.469918763601733,0.16740289526153349,18.060377298496864,0.9630475973348963,0.9860346580662407,,,,,,,
185,185_D1,64,4,6,522,0,,,0,0,0,Suite2p-style local neuropil,0.7,0.2130189284474802,0.9918268935728295,40.387296260360365,7.389267001719027,39.609188836411384,0.12807212279533361,39.578287538640375,0.9878599171986551,0.9918268935728295,,,,,,,
185,185_D1,65,4,6,522,0,,,0,0,0,Suite2p-style local neuropil,0.7,0.3580957817948995,0.9527794827965916,19.257511243353935,8.367914960908703,18.010411696704868,0.304169130209626,17.94036793642832,0.9058851527753983,0.9527794827965916,,,,,,,
185,185_D1,66,5,6,522,0,,,0,0,0,Suite2p-style local neuropil,0.7,0.7548286131798317,0.9905728409309619,88.96671860362913,23.117087811039355,77.48255219630194,0.18188779529832638,72.72595000901302,0.9744000841338782,0.9905728409309619,,,,,,,
185,185_D1,67,5,6,522,0,,,0,0,0,Suite2p-style local neuropil,0.7,0.47564581742681716,0.9807054314460352,112.15560331809007,32.77569214591689,103.23473849178204,0.20456387139015772,102.24641208576936,0.9739547322283827,0.9807054314460352,,,,,,,
185,185_D1,68,5,6,522,0,,,0,0,0,Suite2p-style local neuropil,0.7,0.25406481248999235,0.9890895248592056,55.61100085488376,11.773294214884803,54.107514988210035,0.14819560293850362,54.160856285062934,0.9757072318916092,0.9890895248592056,,,,,,,
185,185_D1,69,5,6,522,0,,,0,0,0,Suite2p-style local neuropil,0.7,0.42555757411135026,0.9439793656002624,36.0632126629928,17.092521384727807,32.80952694175241,0.33177201922633304,32.39800178156504,0.9128334828997682,0.9439793656002624,,,,,,,
185,185_D1,70,5,6,522,0,,,0,0,0,Suite2p-style local neuropil,0.7,0.6530901530834194,0.9524474476697509,55.58476868835211,26.291782456657288,45.740198860912,0.3311023486639781,43.76621385281509,0.852887835725043,0.9524474476697509,,,,,,,
185,185_D1,71,5,6,522,0,,,0,0,0,Suite2p-style local neuropil,0.7,0.5316801030508767,0.9875443922111901,41.40605918530362,10.115675207054222,38.116004814171376,0.17101295825626925,38.078294093882484,0.974685071181043,0.9875443922111901,,,,,,,
185,185_D1,72,5,6,522,0,,,0,0,0,Suite2p-style local neuropil,0.7,0.6882055432941646,0.9835094362308676,47.00264436627782,14.491243687055533,40.692620776231166,0.21581488756092784,39.76908099540772,0.967790895702795,0.9835094362308676,,,,,,,
185,185_D1,73,5,6,522,0,,,0,0,0,Suite2p-style local neuropil,0.7,0.6194324111827608,0.9755384608720883,49.07397066096043,17.085345928989067,42.71048312771332,0.24370846010819708,40.6810414943313,0.9452147914645042,0.9755384608720883,,,,,,,
185,185_D1,74,5,6,522,0,,,0,0,0,Suite2p-style local neuropil,0.7,0.20726798807852176,0.9557719959810758,25.8355963781177,10.898817223868038,25.376672641048426,0.2952969280185424,26.387695350156342,0.8980446540069255,0.9557719959810758,,,,,,,
185,185_D1,75,5,6,522,0,,,0,0,0,Suite2p-style local neuropil,0.7,0.4264216563742279,0.9785316863229855,33.077884111043595,10.009257037315185,30.7503269010456,0.21181765522232662,30.092883282050725,0.9592065175379588,0.9785316863229855,,,,,,,
185,185_D1,76,5,6,522,0,,,0,0,0,Suite2p-style local neuropil,0.7,0.3619633848057112,0.9909455997036611,13.105527677672493,2.5851941053483762,12.56426765656308,0.13808188006603056,12.584359052194584,0.9867976986133479,0.9909455997036611,,,,,,,
185,185_D1,77,5,6,522,0,,,0,0,0,Suite2p-style local neuropil,0.7,0.3260734911201512,0.9848704022037907,34.00166021991616,8.52361285824648,32.548580102502655,0.1754775774856369,32.1428094849178,0.973786479205764,0.9848704022037907,,,,,,,
185,185_D1,78,6,6,522,0,,,0,0,0,Suite2p-style local neuropil,0.7,0.5514577623795878,0.9923945733795322,50.695520781363015,9.952641163555949,47.21266990872163,0.13742533590656525,46.46155676491338,0.987918652018535,0.9923945733795322,,,,,,,
185,185_D1,79,6,6,522,0,,,0,0,0,Suite2p-style local neuropil,0.7,0.3400645472342067,0.9977941709810961,86.12216604430614,8.49960708487184,84.28479428181707,0.0690847139581611,84.79184583316444,0.9988331432733142,0.9977941709810961,,,,,,,
185,185_D1,80,6,6,522,0,,,0,0,0,Suite2p-style local neuropil,0.7,0.7805871655818726,0.9911966485047228,95.22274729949241,24.914376566871635,82.33407318977629,0.18315018390679125,77.47135321388564,0.977974525649196,0.9911966485047228,,,,,,,
185,185_D1,81,6,6,522,0,,,0,0,0,Suite2p-style local neuropil,0.7,0.5928520908933542,0.9761554762518596,97.94978081187304,33.2034848306557,86.22648193432285,0.23728934670731916,84.8385853587298,0.9650993876513416,0.9761554762518596,,,,,,,
185,185_D1,82,6,6,522,0,,,0,0,0,Suite2p-style local neuropil,0.7,0.5012351236987469,0.9591417804220453,66.89710561634296,27.823973556404955,59.568522608904104,0.2911453523041905,58.476025430444444,0.883111169088484,0.9591417804220453,,,,,,,
185,185_D1,83,6,6,522,0,,,0,0,0,Suite2p-style local neuropil,0.7,0.6457403817950306,0.9813553063386314,48.922299185802466,15.379340858325437,42.76795196681515,0.2200538129856622,42.32526922177371,0.9650198314604542,0.9813553063386314,,,,,,,
185,185_D1,84,6,6,522,0,,,0,0,0,Suite2p-style local neuropil,0.7,0.5327967281778268,0.9347680260641381,33.29170357676026,17.235108978385025,28.738399596095864,0.36238986821169844,28.71309691002195,0.8866164722480602,0.9347680260641381,,,,,,,
185,185_D1,85,6,6,522,0,,,0,0,0,Suite2p-style local neuropil,0.7,0.5005147122322979,0.968564931961832,30.90492350210511,11.404477162428233,27.78259539593081,0.25831268586892103,26.799001660039863,0.9229851828978366,0.968564931961832,,,,,,,
185,185_D1,86,6,6,522,0,,,0,0,0,Suite2p-style local neuropil,0.7,0.5302669559644617,0.9880720117166847,42.28281469685246,10.117490830789706,38.99243646049968,0.16749697738055347,39.014990654877465,0.9778743513176194,0.9880720117166847,,,,,,,
185,185_D1,87,6,6,522,0,,,0,0,0,Suite2p-style local neuropil,0.7,0.5396459987955556,0.9994498307514983,42.16700706992233,2.3249820814962363,41.31146862063689,0.03859622422443888,41.67342651731602,0.9992370154487655,0.9994498307514983,,,,,,,
185,185_D1,88,6,6,522,0,,,0,0,0,Suite2p-style local neuropil,0.7,0.6928635452867868,0.9527927808735546,47.65029161693576,23.031121806482652,38.2875427448364,0.33833549715963174,37.225824167536736,0.8916119420461351,0.9527927808735546,,,,,,,
185,185_D1,89,6,6,522,0,,,0,0,0,Suite2p-style local neuropil,0.7,0.4103649967592944,0.988018631790379,34.12896176305921,7.803030692064935,32.27418729077387,0.16004358782615039,32.48886632428215,0.9863256795488745,0.988018631790379,,,,,,,
185,185_D1,90,6,6,522,0,,,0,0,0,Suite2p-style local neuropil,0.7,0.2588141968865452,0.9946387442881981,27.918822885723387,4.176589074110993,27.308558364347572,0.10471832944948395,27.235725262345454,0.9885700570494796,0.9946387442881981,,,,,,,
185,185_D1,91,6,6,522,0,,,0,0,0,Suite2p-style local neuropil,0.7,0.464924027814997,0.9737451475214247,48.288013666219065,16.22342319752571,44.167770364853496,0.23518043639426425,43.337876639156015,0.9514475150404129,0.9737451475214247,,,,,,,
185,185_D1,92,6,6,522,0,,,0,0,0,Suite2p-style local neuropil,0.7,0.17798589796721334,0.9811655762457128,35.63485771891854,9.834796809837233,35.07006344460457,0.19319167116317928,35.202735336706326,0.9755988415100373,0.9811655762457128,,,,,,,
185,185_D1,93,6,6,522,0,,,0,0,0,Suite2p-style local neuropil,0.7,0.34240817732989004,0.9891809994006898,13.530855880079587,2.8946853018451777,12.977444096945364,0.14975251559746514,12.91774400810037,0.9842440835446108,0.9891809994006898,,,,,,,
185,185_D1,94,7,6,522,0,,,0,0,0,Suite2p-style local neuropil,0.7,0.618249805904362,0.9891574620022409,44.79660930885093,10.82430168537969,40.55180785517301,0.1691425036724847,40.506459581029205,0.9813776874101809,0.9891574620022409,,,,,,,
185,185_D1,95,7,6,522,0,,,0,0,0,Suite2p-style local neuropil,0.7,0.7952228872234698,0.9918756664990573,100.37321098362682,25.963665063675883,86.62414521794523,0.18106987456587983,81.02216114272842,0.9761488188548054,0.9918756664990573,,,,,,,
185,185_D1,96,7,6,522,0,,,0,0,0,Suite2p-style local neuropil,0.7,0.6249850553331783,0.9634032226071388,80.35576161384805,33.461591780029394,68.21304341131577,0.2914926451302788,66.1426628006417,0.9417583390610523,0.9634032226071388,,,,,,,
185,185_D1,97,7,6,522,0,,,0,0,0,Suite2p-style local neuropil,0.7,0.4871950604849105,0.9552088383551822,70.05012451998309,30.26965644817327,62.52775661972299,0.3024799609055032,61.339964436437214,0.8699947853940208,0.9552088383551822,,,,,,,
185,185_D1,98,7,6,522,0,,,0,0,0,Suite2p-style local neuropil,0.7,0.3920033418783475,0.9545196133521355,47.00479418464225,20.1211949625513,43.46007251506253,0.29964679914486886,43.42653944891388,0.9345159029431842,0.9545196133521355,,,,,,,
185,185_D1,99,7,6,522,0,,,0,0,0,Suite2p-style local neuropil,0.7,0.503302963429033,0.9706455851110183,33.04435156192993,11.829357635887574,29.750020793709332,0.2505889779754186,29.004208874638937,0.9327715231517639,0.9706455851110183,,,,,,,
185,185_D1,100,7,6,522,0,,,0,0,0,Suite2p-style local neuropil,0.7,0.6505229363839738,0.9755140410906763,46.576420277093774,16.55511126721969,40.01765551693509,0.24880782061327253,38.92582283181034,0.9540115106202315,0.9755140410906763,,,,,,,
185,185_D1,101,7,6,522,0,,,0,0,0,Suite2p-style local neuropil,0.7,0.45975891901774474,0.983496954628407,38.14354632186933,10.30633034871288,35.41103704879194,0.18913897303091337,35.726348373012144,0.9642752386732962,0.983496954628407,,,,,,,
185,185_D1,102,7,6,522,0,,,0,0,0,Suite2p-style local neuropil,0.7,0.4839000129556419,0.998480006651246,75.32415595135839,6.586291636876632,73.20444933160015,0.06120752453868197,73.85799156584186,0.9976149380811945,0.998480006651246,,,,,,,
185,185_D1,103,7,6,522,0,,,0,0,0,Suite2p-style local neuropil,0.7,0.6414617787430758,0.9720676675055538,47.79782503895551,17.880588810725346,40.91178701324437,0.26186153171363874,38.2110391137498,0.9328813192749021,0.9720676675055538,,,,,,,
185,185_D1,104,7,6,522,0,,,0,0,0,Suite2p-style local neuropil,0.7,0.21823524603267896,0.9509396897269735,19.068505955538726,8.46543087662916,18.692339147960762,0.3107638044195452,19.057819020543185,0.8969186239840242,0.9509396897269735,,,,,,,
185,185_D1,105,7,6,522,0,,,0,0,0,Suite2p-style local neuropil,0.7,0.5647256070475358,0.930019835585651,26.345974469428153,14.185671811081777,22.298735204959385,0.3769065416768124,22.306631427686828,0.9004048009577073,0.930019835585651,,,,,,,
185,185_D1,106,7,6,522,0,,,0,0,0,Suite2p-style local neuropil,0.7,0.35907647927277103,0.9989612740527857,64.63901379123868,4.435270374024327,63.59024695307055,0.04803119107817371,64.37608891582221,0.9972151840189368,0.9989612740527857,,,,,,,
185,185_D1,107,7,6,522,0,,,0,0,0,Suite2p-style local neuropil,0.7,0.19250348565190267,0.992663506890987,29.618511148975703,5.129428916312323,29.141101422801285,0.12122824732006733,29.27256206332333,0.9789273403027653,0.992663506890987,,,,,,,
185,185_D1,108,7,6,522,0,,,0,0,0,Suite2p-style local neuropil,0.7,0.6155225091801466,0.9873984641176725,41.224028128915734,10.643943501084632,37.10550386230248,0.18073828516624305,36.25723877628159,0.9814639820762204,0.9873984641176725,,,,,,,
185,185_D1,109,7,6,522,0,,,0,0,0,Suite2p-style local neuropil,0.7,0.45413354561283176,0.9645439544139616,26.906195575947123,10.35997300363785,24.480820968972946,0.2695282890950842,24.16058193222471,0.9256515916743121,0.9645439544139616,,,,,,,
185,185_D1,110,7,6,522,0,,,0,0,0,Suite2p-style local neuropil,0.7,0.3206969954081424,0.9872639859706153,12.685080370303876,2.9234916245289746,12.183967060998135,0.16132685775235267,12.04438160763046,0.980610325139854,0.9872639859706153,,,,,,,
185,185_D1,111,7,6,522,0,,,0,0,0,Suite2p-style local neuropil,0.7,0.5952464155475617,0.9635576168201696,23.894806861396642,9.781859770759437,20.568541630728497,0.28656024971719923,19.67859026070884,0.9297093394551746,0.9635576168201696,,,,,,,
185,185_D1,112,8,6,522,0,,,0,0,0,Suite2p-style local neuropil,0.7,0.6420688359891343,0.9892853096434686,46.41202778362161,11.359097755058535,41.75408471058395,0.1713212804432603,41.90010374380571,0.980061342657974,0.9892853096434686,,,,,,,
185,185_D1,113,8,6,522,0,,,0,0,0,Suite2p-style local neuropil,0.7,0.8316761262523533,0.9882477959513273,83.80942792282391,27.078790943321273,68.85406582913153,0.2261697087771562,62.73250912872482,0.9666653995920188,0.9882477959513273,,,,,,,
185,185_D1,114,8,6,522,0,,,0,0,0,Suite2p-style local neuropil,0.7,0.5965207195502079,0.975468337159945,104.74251314062052,36.030446758303135,91.95324347859487,0.24079346465110693,90.27704356880143,0.962565510743913,0.975468337159945,,,,,,,
185,185_D1,115,8,6,522,0,,,0,0,0,Suite2p-style local neuropil,0.7,0.5553262136225667,0.9554382510981416,69.96007978107781,30.779594580303467,60.700080533561774,0.30797157296559796,59.19398877681574,0.8639965089454897,0.9554382510981416,,,,,,,
185,185_D1,116,8,6,522,0,,,0,0,0,Suite2p-style local neuropil,0.7,0.3519986323722201,0.9589938061649225,50.87887208983748,20.6546592180828,47.74752818983438,0.28417023993621776,47.8730872331911,0.9380862543696672,0.9589938061649225,,,,,,,
185,185_D1,117,8,6,522,0,,,0,0,0,Suite2p-style local neuropil,0.7,0.45692184449523654,0.9882791153407922,50.30500239626474,11.562238257676958,47.159627423114806,0.16088989648117707,47.11019818694023,0.9784787931981427,0.9882791153407922,,,,,,,
185,185_D1,118,8,6,522,0,,,0,0,0,Suite2p-style local neuropil,0.7,0.49939656553063627,0.9689052363168167,34.68719778088482,12.732118384152418,31.206699556358878,0.2569386795765136,30.146104232309884,0.931831821438099,0.9689052363168167,,,,,,,
185,185_D1,119,8,6,522,0,,,0,0,0,Suite2p-style local neuropil,0.7,0.644932626404703,0.9774086467666321,50.728994398809746,17.341080834125563,43.89189143001867,0.23928636035594608,43.04763325658615,0.9562000945275979,0.9774086467666321,,,,,,,
185,185_D1,120,8,6,522,0,,,0,0,0,Suite2p-style local neuropil,0.7,0.5212404992144096,0.9414335594037684,40.50042115220891,19.924164980634696,35.29800245768397,0.3443647002935052,36.078687297829596,0.8997942733291026,0.9414335594037684,,,,,,,
185,185_D1,121,8,6,522,0,,,0,0,0,Suite2p-style local neuropil,0.7,0.4086739979975916,0.9614677829974624,47.775122989634625,18.95529784809595,44.04988694251384,0.2777325821628671,44.05100327971522,0.932405596352628,0.9614677829974624,,,,,,,
185,185_D1,122,8,6,522,0,,,0,0,0,Suite2p-style local neuropil,0.7,0.27133510924434623,0.9928864653451389,27.804499547562482,4.787054447062592,27.08796372544052,0.12051783782894283,27.13305457336077,0.9747534861932423,0.9928864653451389,,,,,,,
185,185_D1,123,8,6,522,0,,,0,0,0,Suite2p-style local neuropil,0.7,0.23489432048372555,0.99705615312034,49.475129989125044,5.48971436037914,48.71588969786865,0.07767134858404397,48.87327317563756,0.9936201811501874,0.99705615312034,,,,,,,
185,185_D1,124,8,6,522,0,,,0,0,0,Suite2p-style local neuropil,0.7,0.5926925522139189,0.9735221294447702,53.46309164130753,18.98564109689789,46.82609356238392,0.24858174383772177,44.716505152475236,0.9381377920785293,0.9735221294447702,,,,,,,
185,185_D1,125,8,6,522,0,,,0,0,0,Suite2p-style local neuropil,0.7,0.7294613408462812,0.9581351112011618,53.30593913054244,25.22832005975816,42.19006257787835,0.33129186461591587,41.233194397507596,0.9021377066270942,0.9581351112011618,,,,,,,
185,185_D1,126,8,6,522,0,,,0,0,0,Suite2p-style local neuropil,0.7,0.3009867350831933,0.9931756668708069,53.107089252800904,9.008382946279365,51.560976309512384,0.1187387243098113,51.29527859106196,0.9895346534070861,0.9931756668708069,,,,,,,
185,185_D1,127,8,6,522,0,,,0,0,0,Suite2p-style local neuropil,0.7,0.6061425347010456,0.9989095002941152,45.338874926514244,3.675308613717639,43.82723600698919,0.05674415013645981,44.09049328734763,0.998426751355661,0.9989095002941152,,,,,,,
185,185_D1,128,8,6,522,0,,,0,0,0,Suite2p-style local neuropil,0.7,0.45010334239531213,0.9639597546431771,20.557829732000467,7.968433678308508,18.721939924133363,0.2713274490708377,18.725917654722057,0.9308582890146028,0.9639597546431771,,,,,,,
185,185_D1,129,8,6,522,0,,,0,0,0,Suite2p-style local neuropil,0.7,0.5118737457867523,0.9746936759825032,30.790489314754183,10.331446624311859,27.791923381430493,0.23487812434456745,27.13743425861676,0.9554678971638021,0.9746936759825032,,,,,,,
185,185_D1,130,8,6,522,0,,,0,0,0,Suite2p-style local neuropil,0.7,0.45755329211977863,0.942894011914752,17.87050572103401,8.582479887724611,16.03748273813185,0.33618163036663984,16.056737043671145,0.858474977096199,0.942894011914752,,,,,,,
185,185_D1,131,9,6,522,0,,,0,0,0,Suite2p-style local neuropil,0.7,0.5959868149255949,0.9877041451546313,45.7130045583249,11.519114705186835,41.41658913461492,0.1763913810506117,41.2088161824956,0.9779772950922931,0.9877041451546313,,,,,,,
185,185_D1,132,9,6,522,0,,,0,0,0,Suite2p-style local neuropil,0.7,0.7949228672480025,0.9920849725841759,111.55937539377457,28.51812010283539,96.45401783589473,0.17894223632944192,89.2672850870639,0.9776414196754762,0.9920849725841759,,,,,,,
185,185_D1,133,9,6,522,0,,,0,0,0,Suite2p-style local neuropil,0.7,0.539784762676991,0.9565465506597801,76.95315774815789,33.29917199650706,67.29530114183348,0.3029040023650576,65.93768751633631,0.869648275462102,0.9565465506597801,,,,,,,
185,185_D1,134,9,6,522,0,,,0,0,0,Suite2p-style local neuropil,0.7,0.5394690541725268,0.9848629527625961,129.72592274917707,34.811418764722355,118.37194544643154,0.1878421223701681,115.75348884115773,0.9733923892712343,0.9848629527625961,,,,,,,
185,185_D1,135,9,6,522,0,,,0,0,0,Suite2p-style local neuropil,0.7,0.6735272632773874,0.9771706881269989,76.29827528408492,26.759442103030796,65.16980711090582,0.245505014435695,62.114560515127636,0.9423667211344594,0.9771706881269989,,,,,,,
185,185_D1,136,9,6,522,0,,,0,0,0,Suite2p-style local neuropil,0.7,0.3418862398172669,0.9692946170100931,63.63566477616883,22.4678188188929,60.104179710602345,0.2471487186059738,60.18411987514144,0.957065532930357,0.9692946170100931,,,,,,,
185,185_D1,137,9,6,522,0,,,0,0,0,Suite2p-style local neuropil,0.7,0.6455017824658202,0.9779863024590875,53.733719446516524,18.168320690002325,46.54905800025935,0.23668237738920947,45.41128327340222,0.9570147304381782,0.9779863024590875,,,,,,,
185,185_D1,138,9,6,522,0,,,0,0,0,Suite2p-style local neuropil,0.7,0.5085403997168797,0.9863771680341654,45.549475739075255,11.473224256498925,42.03793278037997,0.17631941715390956,41.87765149105836,0.9743921236873072,0.9863771680341654,,,,,,,
185,185_D1,139,9,6,522,0,,,0,0,0,Suite2p-style local neuropil,0.7,0.20483704999203436,0.9992500645913266,170.26346348129564,9.552011595811313,169.02059855781505,0.03927094689567415,169.9768062433708,0.9982357334555395,0.9992500645913266,,,,,,,
185,185_D1,140,9,6,522,0,,,0,0,0,Suite2p-style local neuropil,0.7,0.5077049977624403,0.9539589457524457,47.840293199355415,21.042756358443313,42.309823295375544,0.3078979710908916,42.682419820080256,0.9245978707195085,0.9539589457524457,,,,,,,
185,185_D1,141,9,6,522,0,,,0,0,0,Suite2p-style local neuropil,0.7,0.4503901532026785,0.9735531036646262,40.40843644708098,13.566499473379732,37.11280269217725,0.235014031221136,35.941930596396894,0.9435069750827098,0.9735531036646262,,,,,,,
185,185_D1,142,9,6,522,0,,,0,0,0,Suite2p-style local neuropil,0.7,0.18861284072320528,0.9917788336788854,26.497245497367945,4.852997348832013,26.070842029171832,0.1282056975932111,26.360559310475832,0.9670173102243189,0.9917788336788854,,,,,,,
185,185_D1,143,9,6,522,0,,,0,0,0,Suite2p-style local neuropil,0.7,0.42916618537913165,0.9992685733632526,59.434702072122384,3.5331222910221682,58.41601941190186,0.04161182565207425,58.88777527384204,0.999127951632058,0.9992685733632526,,,,,,,
185,185_D1,144,9,6,522,0,,,0,0,0,Suite2p-style local neuropil,0.7,0.6455630238637349,0.958755428715067,59.27543092454062,26.284387664002377,49.43666519224627,0.31039961635275654,48.188706216629555,0.9049467625941362,0.958755428715067,,,,,,,
185,185_D1,145,9,6,522,0,,,0,0,0,Suite2p-style local neuropil,0.7,0.5409955019310816,0.9773348305364933,63.553424604662624,20.523738887237243,57.07475879546144,0.22605574946762652,55.08240409975452,0.9500190033756618,0.9773348305364933,,,,,,,
185,185_D1,146,9,6,522,0,,,0,0,0,Suite2p-style local neuropil,0.7,0.43953471083926116,0.996608101961748,30.412720312449096,3.838947403070029,29.331063248469178,0.08835983386410892,29.68481637134865,0.9977208581653455,0.996608101961748,,,,,,,
185,185_D1,147,9,6,522,0,,,0,0,0,Suite2p-style local neuropil,0.7,0.4340185933935948,0.9562945255832301,30.46770270673439,12.875880755306245,27.76952275027504,0.29582527203746206,27.645431065838174,0.9109048564693106,0.9562945255832301,,,,,,,
185,185_D1,148,9,6,522,0,,,0,0,0,Suite2p-style local neuropil,0.7,0.4433248686493807,0.9665245468093805,30.823337685926592,11.527201645387729,28.189797486144357,0.2617834888479598,27.80020889576962,0.9311002863597474,0.9665245468093805,,,,,,,
185,185_D1,149,9,6,522,0,,,0,0,0,Suite2p-style local neuropil,0.7,0.9846348680315234,0.9997232828969366,11.064552686761559,1.8803777721637343,9.771216667412547,0.11896228378664735,10.621362916688742,0.9525442619562087,0.9997232828969366,,,,,,,
185,185_D1,150,9,6,522,0,,,0,0,0,Suite2p-style local neuropil,0.7,0.5937656240614327,0.9656063559998231,27.512195165588743,10.97242828818241,23.76916811946019,0.27917436737188234,23.20896300781966,0.9405565271208606,0.9656063559998231,,,,,,,
185,185_D1,151,10,6,522,0,,,0,0,0,Suite2p-style local neuropil,0.7,0.5420548451089203,0.9899735633787441,55.831275916863866,12.401068068534208,51.64363593912683,0.15548180830408212,51.56818819529835,0.9826039238199191,0.9899735633787441,,,,,,,
185,185_D1,152,10,6,522,0,,,0,0,0,Suite2p-style local neuropil,0.7,0.3432653674897108,0.9992753914915874,122.4309895472042,6.995460508932461,120.83763655954081,0.03999660420116037,121.29447772681634,0.9995250456849726,0.9992753914915874,,,,,,,
185,185_D1,153,10,6,522,0,,,0,0,0,Suite2p-style local neuropil,0.7,0.7653746072619184,0.9937763719338749,139.73343271016313,30.67762547577601,124.06968324158687,0.15368074226066894,116.18342640977485,0.9833258682433197,0.9937763719338749,,,,,,,
185,185_D1,154,10,6,522,0,,,0,0,0,Suite2p-style local neuropil,0.7,0.6075608600146106,0.9791229579918657,122.90870141148476,39.604037697846486,108.32694424560509,0.22555624667460247,106.31548725790326,0.968108554769949,0.9791229579918657,,,,,,,
185,185_D1,155,10,6,522,0,,,0,0,0,Suite2p-style local neuropil,0.7,0.5525847922976113,0.9492306576311406,74.27111705632744,34.58900923861593,64.14854494174239,0.325998947172945,62.55303297200654,0.8428160370485914,0.9492306576311406,,,,,,,
185,185_D1,156,10,6,522,0,,,0,0,0,Suite2p-style local neuropil,0.7,0.44391651738220206,0.9607430829666171,59.41791289700632,23.931507830434015,54.10540999181687,0.28193611207790753,53.69908458591643,0.9430620641630493,0.9607430829666171,,,,,,,
185,185_D1,157,10,6,522,0,,,0,0,0,Suite2p-style local neuropil,0.7,0.6419339748137953,0.9705060478643831,36.55205286198721,14.004173594869687,31.17881075265481,0.2681907215843513,29.21006662055523,0.9306888567168881,0.9705060478643831,,,,,,,
185,185_D1,158,10,6,522,0,,,0,0,0,Suite2p-style local neuropil,0.7,0.6823727756254713,0.9772810108843313,52.044809101340775,18.34436932392941,44.2886131070346,0.24673081243235878,43.036037925748964,0.9521892056960105,0.9772810108843313,,,,,,,
185,185_D1,159,10,6,522,0,,,0,0,0,Suite2p-style local neuropil,0.7,0.5483088919741209,0.9873628422900849,49.722417483573764,12.334919266389255,45.5638734628328,0.1736529261962028,44.9186491003516,0.9770647273830054,0.9873628422900849,,,,,,,
185,185_D1,160,10,6,522,0,,,0,0,0,Suite2p-style local neuropil,0.7,0.632448608925337,0.9740554715631307,58.619923230947386,21.11300957462877,50.58530969331309,0.2521174704335187,48.22924250709872,0.9368387616210958,0.9740554715631307,,,,,,,
185,185_D1,161,10,6,522,0,,,0,0,0,Suite2p-style local neuropil,0.7,0.26419894595461985,0.9930840633946816,28.957123899707263,4.911679620718531,28.24409598443326,0.11873332928514393,28.444296436377513,0.9699136320957987,0.9930840633946816,,,,,,,
185,185_D1,162,10,6,522,0,,,0,0,0,Suite2p-style local neuropil,0.7,0.4602727856721605,0.9524598674358155,48.12177624594977,21.245921947286085,43.33676831126427,0.3090522922992576,43.00534742674342,0.9148304974690935,0.9524598674358155,,,,,,,
185,185_D1,163,10,6,522,0,,,0,0,0,Suite2p-style local neuropil,0.7,0.5082126553291879,0.9606325676808793,38.91946268938142,15.94876108293965,34.6081429885376,0.2868521746743896,34.807461502848795,0.9409008316607436,0.9606325676808793,,,,,,,
185,185_D1,164,10,6,522,0,,,0,0,0,Suite2p-style local neuropil,0.7,0.7013619816308431,0.9572416925614465,62.60866101140164,29.229132452937442,50.41414304464095,0.32679811655533525,48.53918752682183,0.9060162976174817,0.9572416925614465,,,,,,,
185,185_D1,165,10,6,522,0,,,0,0,0,Suite2p-style local neuropil,0.7,0.247474456570073,0.97239582674966,41.856516282272985,13.95389700819367,40.55884657334238,0.2333621795402338,40.7712207757442,0.9518002408779738,0.97239582674966,,,,,,,
185,185_D1,166,10,6,522,0,,,0,0,0,Suite2p-style local neuropil,0.7,0.19728815646420608,0.9802127757980622,33.984241398263194,9.610102097250865,33.316307261149326,0.19794679039161245,33.30990723063011,0.9653900080234112,0.9802127757980622,,,,,,,
185,185_D1,167,10,6,522,0,,,0,0,0,Suite2p-style local neuropil,0.7,0.306344349468648,0.9848816310005705,15.445651947494458,3.858611147231739,14.842603411880338,0.17487301985423886,14.81429335049301,0.9681463323184502,0.9848816310005705,,,,,,,
185,185_D1,168,10,6,522,0,,,0,0,0,Suite2p-style local neuropil,0.7,0.643757792129224,0.9826809752390294,50.473364861329785,15.335592269104898,44.33044018589518,0.21268473529807583,43.25241973818943,0.9735201691255607,0.9826809752390294,,,,,,,
185,185_D1,169,11,6,522,0,,,0,0,0,Suite2p-style local neuropil,0.7,0.3891967810495697,0.9978636232557702,127.4208955248559,12.589553623566767,124.25648378661793,0.06916202837085904,124.76987273317003,0.9964400115028207,0.9978636232557702,,,,,,,
185,185_D1,170,11,6,522,0,,,0,0,0,Suite2p-style local neuropil,0.7,0.49224881480401245,0.9996067808035759,145.32966404741597,6.586204894572114,143.11650119619475,0.031723357045207956,143.81174840933645,0.9996517090088489,0.9996067808035759,,,,,,,
185,185_D1,171,11,6,522,0,,,0,0,0,Suite2p-style local neuropil,0.7,0.7928292191945573,0.9923224611484235,123.74605525559764,31.10856967742607,107.3052490619667,0.17597326518867556,99.84123276688956,0.9773855662782363,0.9923224611484235,,,,,,,
185,185_D1,172,11,6,522,0,,,0,0,0,Suite2p-style local neuropil,0.7,0.6060025518949661,0.983794029984713,97.89041297563264,28.13445936512915,87.37166758415601,0.20118539588139225,83.73937513605703,0.9567390646192635,0.983794029984713,,,,,,,
185,185_D1,173,11,6,522,0,,,0,0,0,Suite2p-style local neuropil,0.7,0.5939370075463951,0.9788664391344015,128.28075106903188,41.22954739028112,113.5388034987633,0.2249806188668913,110.93496091567289,0.9673203928317694,0.9788664391344015,,,,,,,
185,185_D1,174,11,6,522,0,,,0,0,0,Suite2p-style local neuropil,0.7,0.54198243510631,0.9548011346644723,80.6399472355739,35.53959136368438,70.33575969969871,0.3085035946378814,67.98885670971511,0.8625419252443713,0.9548011346644723,,,,,,,
185,185_D1,175,11,6,522,0,,,0,0,0,Suite2p-style local neuropil,0.7,0.3803265031143964,0.9473298771186925,52.692807025979135,24.157352347798057,48.83349653396637,0.32091945009876804,48.95482642754601,0.9218985442987943,0.9473298771186925,,,,,,,
185,185_D1,176,11,6,522,0,,,0,0,0,Suite2p-style local neuropil,0.7,0.6571091862618282,0.9739518568776515,53.733301245426674,19.708846469222266,45.86232498954716,0.25675311251903477,44.92802509635933,0.9474407724973184,0.9739518568776515,,,,,,,
185,185_D1,177,11,6,522,0,,,0,0,0,Suite2p-style local neuropil,0.7,0.5491893188401655,0.9798577048660425,39.52678040569024,12.14411532196598,35.57474461724694,0.21506635334452473,35.16117571305045,0.9606085473494097,0.9798577048660425,,,,,,,
185,185_D1,178,11,6,522,0,,,0,0,0,Suite2p-style local neuropil,0.7,0.5404419106941453,0.9726140612373847,40.91125774837346,14.390627549197404,36.46579948165749,0.24622657002146234,34.638510440744746,0.9381476052967123,0.9726140612373847,,,,,,,
185,185_D1,179,11,6,522,0,,,0,0,0,Suite2p-style local neuropil,0.7,0.6243080804537771,0.9775799319106314,66.49422078973467,22.345466169037305,58.029938333111446,0.23523587008194613,55.19799620537614,0.9489626664452392,0.9775799319106314,,,,,,,
185,185_D1,180,11,6,522,0,,,0,0,0,Suite2p-style local neuropil,0.7,0.42437118204951746,0.9753673329274114,19.044221300061043,6.143864955332836,17.653990618905315,0.22582731794685898,17.70154634968647,0.9518840146879038,0.9753673329274114,,,,,,,
185,185_D1,181,11,6,522,0,,,0,0,0,Suite2p-style local neuropil,0.7,0.6114903906487217,0.9740785095060971,79.91851577179875,28.40964327852991,69.56108660110056,0.24883782562575965,68.09957552220645,0.9403440473781671,0.9740785095060971,,,,,,,
185,185_D1,182,11,6,522,0,,,0,0,0,Suite2p-style local neuropil,0.7,0.29355488642831107,0.9886486307522582,16.303133607408196,3.5374773043592844,15.755064540125916,0.15188700172064679,15.68971399424622,0.9804938479968888,0.9886486307522582,,,,,,,
185,185_D1,183,11,6,522,0,,,0,0,0,Suite2p-style local neuropil,0.7,0.5664400877403557,0.9674467962114902,33.47897578494012,12.86781836772257,29.33162014774615,0.269048641858995,28.246794843171422,0.9279733462083931,0.9674467962114902,,,,,,,
185,185_D1,184,11,6,522,0,,,0,0,0,Suite2p-style local neuropil,0.7,0.6197213830749683,0.9836049722032333,49.387114441401074,14.397529916252724,43.860488883258654,0.2040668045439114,43.07003617594285,0.9739870598721574,0.9836049722032333,,,,,,,
185,185_D1,185,11,6,522,0,,,0,0,0,Suite2p-style local neuropil,0.7,0.4777722374624366,0.9736434360865138,33.326292559343045,11.260466885841067,30.360535185998344,0.23651975993558766,29.639611121037873,0.9520406273104135,0.9736434360865138,,,,,,,
185,185_D1,186,11,6,522,0,,,0,0,0,Suite2p-style local neuropil,0.7,0.3526648120737844,0.9824288079219131,35.724409815346064,9.668826426352407,33.93376829083845,0.18945528924745167,33.69427115943707,0.9625499400405324,0.9824288079219131,,,,,,,
185,185_D1,187,12,6,522,0,,,0,0,0,Suite2p-style local neuropil,0.7,0.33371652058979373,0.9983603263912729,147.04390778057896,12.522445749535043,144.35534078751027,0.059612884111637426,144.4770133169309,0.996975156172313,0.9983603263912729,,,,,,,
185,185_D1,188,12,6,522,0,,,0,0,0,Suite2p-style local neuropil,0.7,0.7993759212866054,0.9917990396736812,123.38976791630954,32.272856919374256,106.20202530589187,0.18308648913694953,97.80790668675287,0.9760567533269082,0.9917990396736812,,,,,,,
185,185_D1,189,12,6,522,0,,,0,0,0,Suite2p-style local neuropil,0.7,0.6392935188230606,0.9743186025433527,124.43814492338072,44.81679507876838,107.13372887327584,0.25210722919561707,104.0609379229318,0.9601149467449164,0.9743186025433527,,,,,,,
185,185_D1,190,12,6,522,0,,,0,0,0,Suite2p-style local neuropil,0.7,0.5876891799922931,0.9502361882272328,81.49039666519819,38.099080179167125,69.2639432191635,0.32726992004988525,67.3216802042038,0.8473252466211646,0.9502361882272328,,,,,,,
185,185_D1,191,12,6,522,0,,,0,0,0,Suite2p-style local neuropil,0.7,0.4298894643558334,0.9434009839306432,52.788006142804264,25.152539987249526,47.93193816819035,0.33353746170143894,48.061595207373266,0.9135188103809986,0.9434009839306432,,,,,,,
185,185_D1,192,12,6,522,0,,,0,0,0,Suite2p-style local neuropil,0.7,0.696091448769567,0.9761724922850828,57.84496361363143,21.04907983841005,48.75009783011834,0.2547214928708591,47.64952357119624,0.95259808637327,0.9761724922850828,,,,,,,
185,185_D1,193,12,6,522,0,,,0,0,0,Suite2p-style local neuropil,0.7,0.5330421878913559,0.9850488063392603,50.27703623440031,13.372952023010093,45.97456760039266,0.18618969565062904,45.82880784956007,0.9736553258778762,0.9850488063392603,,,,,,,
185,185_D1,194,12,6,522,0,,,0,0,0,Suite2p-style local neuropil,0.7,0.5871787126769519,0.9737035061100848,44.24581553787162,15.619260695482975,38.84745970045206,0.24710772570494863,36.65647921144213,0.9396042850350421,0.9737035061100848,,,,,,,
185,185_D1,195,12,6,522,0,,,0,0,0,Suite2p-style local neuropil,0.7,0.26035289223534164,0.9944384622020469,35.74668208509188,5.446032461288911,34.94852653345502,0.1066454994391995,35.03323295039471,0.9758597163028285,0.9944384622020469,,,,,,,
185,185_D1,196,12,6,522,0,,,0,0,0,Suite2p-style local neuropil,0.7,0.6744353767575882,0.9704466626599287,59.35446043365834,23.27131421515962,49.840927964083846,0.2744514788834899,47.12027634305407,0.9271047538028927,0.9704466626599287,,,,,,,
185,185_D1,197,12,6,522,0,,,0,0,0,Suite2p-style local neuropil,0.7,0.9574045750175759,0.9996928289719119,24.62109096803275,2.7905165982509783,22.757924323761866,0.07933691857165316,23.428460378466582,0.9978424995704099,0.9996928289719119,,,,,,,
185,185_D1,198,12,6,522,0,,,0,0,0,Suite2p-style local neuropil,0.7,0.6463554977834036,0.9660577171565737,76.97983174139438,31.42153114163962,64.9683707764027,0.2857251169544463,63.940039821992585,0.9310359714386517,0.9660577171565737,,,,,,,
185,185_D1,199,12,6,522,0,,,0,0,0,Suite2p-style local neuropil,0.7,0.38512362836808806,0.9874876252201329,16.199123711462743,3.7542811227352266,15.379453447007215,0.1622307980267519,15.18379812090209,0.9752309499705616,0.9874876252201329,,,,,,,
54,54_D1,1,3,120,11440,0,66,54,1,0,0,Suite2p-style local neuropil,0.7,0.5824472082582108,0.9833400623815466,37.43781524259024,10.73996361645036,33.619083891078006,0.20081231588332116,32.43355771595004,0.9675349092874468,0.9833400623815466,,,,,,,
54,54_D1,2,3,120,11440,0,66,54,1,0,0,Suite2p-style local neuropil,0.7,0.7891697914193163,0.9835008839424044,38.23503109801585,13.23130337598539,31.4446182339007,0.24223629348212797,30.619105795268844,0.969456349143861,0.9835008839424044,,,,,,,
54,54_D1,3,3,120,11440,0,66,54,1,0,0,Suite2p-style local neuropil,0.7,0.41537024542436995,0.9779348932558771,26.179929417493398,8.002419817590045,24.391350227007106,0.21396901874981505,24.08219487115576,0.9606767468954694,0.9779348932558771,,,,,,,
54,54_D1,4,3,120,11440,0,66,54,1,0,0,Suite2p-style local neuropil,0.7,0.5549817055724604,0.9866629854752934,28.19485653384113,7.196053837285262,25.742611367145603,0.17865803373809655,25.05251944494987,0.9745121557619894,0.9866629854752934,,,,,,,
54,54_D1,5,3,120,11440,0,66,54,1,0,0,Suite2p-style local neuropil,0.7,0.46519401535205074,0.9791019916350756,21.02454591498682,6.354025092960232,19.360033998629586,0.21155355651093333,19.013926682605,0.9738505267510823,0.9791019916350756,,,,,,,
54,54_D1,6,3,120,11440,0,66,54,1,0,0,Suite2p-style local neuropil,0.7,0.19011801183784285,0.9699729700889644,21.45181137091415,7.464402679681312,21.091751868078195,0.243572986793558,21.32184745196456,0.9417821389423309,0.9699729700889644,,,,,,,
54,54_D1,7,3,120,11440,0,66,54,1,0,0,Suite2p-style local neuropil,0.7,0.2544933581538874,0.9876239998224641,31.522283470835397,7.098143173421197,30.636945127274185,0.15762500604923868,30.366992833194953,0.9796431008363401,0.9876239998224641,,,,,,,
54,54_D1,8,3,120,11440,0,66,54,1,0,0,Suite2p-style local neuropil,0.7,0.18075794963517158,0.9714811947837931,21.84136435876119,7.410807729319943,21.51731888580384,0.23751104927743127,21.29539761207659,0.9572463724544427,0.9714811947837931,,,,,,,
54,54_D1,9,3,120,11440,0,66,54,1,0,0,Suite2p-style local neuropil,0.7,-0.028440499904250554,0.9851570929996358,14.464262576220213,3.6197934412720687,14.75533880347847,0.17518040449527164,15.087638432789703,0.9802526672930826,0.9851570929996358,,,,,,,
54,54_D1,10,3,120,11440,0,66,54,1,0,0,Suite2p-style local neuropil,0.7,0.3076208181517562,0.9789535088366376,17.975981407098846,5.2710940664530925,17.202995301749173,0.20526088330879522,17.098221784309768,0.9681039627294015,0.9789535088366376,,,,,,,
54,54_D1,11,3,120,11440,0,66,54,1,0,0,Suite2p-style local neuropil,0.7,0.372700453637806,0.9797968863401942,22.043426334098264,6.402050695211965,20.793282321904815,0.20330031307535626,20.75268750813706,0.9754368055869824,0.9797968863401942,,,,,,,
54,54_D1,12,3,120,11440,0,66,54,1,0,0,Suite2p-style local neuropil,0.7,0.3566204534659328,0.9850863350323977,20.71319655277383,5.18635834037061,19.712489005235366,0.17527235572160124,19.369185651242255,0.9769528698010816,0.9850863350323977,,,,,,,
54,54_D1,13,3,120,11440,0,66,54,1,0,0,Suite2p-style local neuropil,0.7,0.5488042221733834,0.9623579047023465,27.095533409400726,11.031658435251064,23.75164047342543,0.2849975554121913,23.09726388765321,0.939205216515463,0.9623579047023465,,,,,,,
54,54_D1,14,3,120,11440,0,66,54,1,0,0,Suite2p-style local neuropil,0.7,0.4064296752216456,0.97069153206969,27.523927679947725,9.597699562334137,25.54197083697616,0.2440926925646813,25.18377328745244,0.960554535284637,0.97069153206969,,,,,,,
54,54_D1,15,4,120,11440,0,66,54,1,0,0,Suite2p-style local neuropil,0.7,0.4513699204152848,0.9831030615636829,29.74570794963162,8.103717461715062,27.6525087452495,0.19070321473779317,27.083680881329574,0.9694369042218949,0.9831030615636829,,,,,,,
54,54_D1,16,4,120,11440,0,66,54,1,0,0,Suite2p-style local neuropil,0.7,0.26137765724142165,0.9812378519668018,25.151487473222215,6.944697703712797,24.337478696283593,0.19328035271010457,24.211026109342523,0.9728126792491486,0.9812378519668018,,,,,,,
54,54_D1,17,4,120,11440,0,66,54,1,0,0,Suite2p-style local neuropil,0.7,0.22003425805983592,0.9812236463336332,21.27834743602063,5.865156398374501,20.76486107647202,0.19294775826319807,20.70922768569035,0.9740813494075806,0.9812236463336332,,,,,,,
54,54_D1,18,4,120,11440,0,66,54,1,0,0,Suite2p-style local neuropil,0.7,0.537179076286377,0.9688017674141424,20.966445135370112,7.811569304033954,18.609686401786007,0.26080236147505703,18.161607475367244,0.9500812000182135,0.9688017674141424,,,,,,,
54,54_D1,19,4,120,11440,0,66,54,1,0,0,Suite2p-style local neuropil,0.7,0.16161625241176272,0.9895661222605923,32.94330049254288,6.781714695503895,32.5153367570522,0.1441021447430558,32.31982459561498,0.9886340581106351,0.9895661222605923,,,,,,,
54,54_D1,20,4,120,11440,0,66,54,1,0,0,Suite2p-style local neuropil,0.7,0.22703516512432353,0.9701193630119201,13.749437094107904,4.766328413090016,13.392115154776452,0.24265937681967725,13.16783264351453,0.9525026672912724,0.9701193630119201,,,,,,,
54,54_D1,21,4,120,11440,0,66,54,1,0,0,Suite2p-style local neuropil,0.7,0.14995992712811654,0.979574062953703,14.274401080259254,4.1060357560990735,14.132042726086082,0.20135520700340345,13.994344758177597,0.9686731358652327,0.979574062953703,,,,,,,
54,54_D1,22,4,120,11440,0,66,54,1,0,0,Suite2p-style local neuropil,0.7,0.20089514513997436,0.9733774689577117,14.18310548128625,4.6460684495953934,13.899792311225685,0.22930435502927782,13.780893168820224,0.9620818020125104,0.9733774689577117,,,,,,,
54,54_D2,1,3,120,11520,0,63,57,1,0,0,Suite2p-style local neuropil,0.7,0.35264387587862844,0.9721797079971206,21.631238063247977,7.294286726048943,20.398119858077386,0.23604754189901053,20.204491945919195,0.9517750176403686,0.9721797079971206,,,,,,,
54,54_D2,2,3,120,11520,0,63,57,1,0,0,Suite2p-style local neuropil,0.7,0.1788443032362057,0.9876127729005767,32.86171809844274,7.36805200598903,32.3399059914655,0.15694968446851956,32.344246688286695,0.9854907632845011,0.9876127729005767,,,,,,,
54,54_D2,3,3,120,11520,0,63,57,1,0,0,Suite2p-style local neuropil,0.7,0.4434109255159025,0.9697547621768063,25.287108898877744,9.020835568610554,23.188494526429356,0.24971557086434507,22.432659658758723,0.9448130250913194,0.9697547621768063,,,,,,,
54,54_D2,4,3,120,11520,0,63,57,1,0,0,Suite2p-style local neuropil,0.7,0.18846505717370915,0.9860161916076379,17.83918373852545,4.248032106275519,17.52380941873345,0.16669049879305867,17.480176675366266,0.987739158728314,0.9860161916076379,,,,,,,
54,54_D2,5,3,120,11520,0,63,57,1,0,0,Suite2p-style local neuropil,0.7,0.4096919843186695,0.9811947268221958,19.8142931087216,5.608657243035859,18.554744841041824,0.19814282571416636,18.406534053898493,0.972563816342987,0.9811947268221958,,,,,,,
54,54_D2,6,3,120,11520,0,63,57,1,0,0,Suite2p-style local neuropil,0.7,0.31282575720753575,0.9713891730530384,14.234075388932036,4.844155600860077,13.561312112752384,0.2382247375466389,13.43335569305137,0.9534964560555919,0.9713891730530384,,,,,,,
54,54_D2,7,3,120,11520,0,63,57,1,0,0,Suite2p-style local neuropil,0.7,0.2625047283289801,0.9802879336854607,21.406519504965228,6.055444839630373,20.70188849191843,0.19801496961383122,20.46196991649866,0.9685908830842003,0.9802879336854607,,,,,,,
54,54_D2,8,3,120,11520,0,63,57,1,0,0,Suite2p-style local neuropil,0.7,0.1520770048210411,0.9751453529434593,12.983862815736016,4.119998797414395,12.865028626660713,0.22212181222768732,12.805832049178196,0.9596420686414586,0.9751453529434593,,,,,,,
54,54_D2,9,3,120,11520,0,63,57,1,0,0,Suite2p-style local neuropil,0.7,0.2548825706635199,0.9814778687750212,20.989141972896366,5.75643601016177,20.338809439719995,0.19198046028412838,20.12336663216541,0.9665547864426677,0.9814778687750212,,,,,,,
54,54_D2,10,3,120,11520,0,63,57,1,0,0,Suite2p-style local neuropil,0.7,0.3332162086019819,0.9766909668789622,26.17681846783144,8.08843048635045,24.869873903525544,0.21629447734527096,24.540359181333184,0.9616670068811781,0.9766909668789622,,,,,,,
54,54_D2,11,3,120,11520,0,63,57,1,0,0,Suite2p-style local neuropil,0.7,0.2841165954888417,0.9728891381209472,16.359531788014074,5.413098011430674,15.708846511642005,0.23161839710370888,15.449703649654905,0.9548412005276582,0.9728891381209472,,,,,,,
54,54_D2,12,3,120,11520,0,63,57,1,0,0,Suite2p-style local neuropil,0.7,0.1897569806349877,0.97826437738804,15.91904638792513,4.716472354717122,15.63233647308101,0.20739499620493415,15.568043319514153,0.9701707811322938,0.97826437738804,,,,,,,
54,54_D2,13,3,120,11520,0,63,57,1,0,0,Suite2p-style local neuropil,0.7,0.12236370694939268,0.984180783148806,15.724719304475501,3.985984893899452,15.63056467775296,0.17743969428540976,15.495142192021845,0.9794219489813689,0.984180783148806,,,,,,,
54,54_D2,14,3,120,11520,0,63,57,1,0,0,Suite2p-style local neuropil,0.7,0.2379512356973992,0.9784972203997174,19.08113772795833,5.625365308073044,18.542867104606398,0.20636901563875512,18.357286702192017,0.9734943249382121,0.9784972203997174,,,,,,,
54,54_D2,15,3,120,11520,0,63,57,1,0,0,Suite2p-style local neuropil,0.7,0.13858048046050936,0.9798632592771869,19.681668617640298,5.624852392538177,19.529278311418715,0.2000540027099265,19.40587481563408,0.9713720468168383,0.9798632592771869,,,,,,,
54,54_D2,16,3,120,11520,0,63,57,1,0,0,Suite2p-style local neuropil,0.7,0.18385273454085127,0.9885054631374401,22.25843685993503,4.8099908683283195,21.89103318554851,0.151268194784941,21.92356106406183,0.9883056612686799,0.9885054631374401,,,,,,,
54,54_D2,17,3,120,11520,0,63,57,1,0,0,Suite2p-style local neuropil,0.7,0.18918083784847295,0.9824973268912175,21.36087264940431,5.684357093706023,20.97523535156033,0.18627749720953993,20.842980516400527,0.9776710654497174,0.9824973268912175,,,,,,,
54,54_D2,18,3,120,11520,0,63,57,1,0,0,Suite2p-style local neuropil,0.7,0.26079273415563153,0.9818085651152032,21.050189592357604,5.724986758962791,20.375728890382106,0.19037788947998896,20.158782822958194,0.9770703394921871,0.9818085651152032,,,,,,,
54,54_D2,19,4,120,11520,0,63,57,1,0,0,Suite2p-style local neuropil,0.7,0.4068580132341378,0.9734190602305243,29.191839170862682,9.722387267193131,27.144421629633364,0.23313608095687718,26.830912352816462,0.9674961360833064,0.9734190602305243,,,,,,,
54,54_D2,20,4,120,11520,0,63,57,1,0,0,Suite2p-style local neuropil,0.7,0.14190046059554143,0.9807153471686626,16.69163547517432,4.667227816124601,16.547144167445158,0.19573033797581477,16.428144748355535,0.9702440617437508,0.9807153471686626,,,,,,,
54,54_D2,21,4,120,11520,0,63,57,1,0,0,Suite2p-style local neuropil,0.7,0.2959936868995641,0.9823212689877273,16.535520620197154,4.450111554872963,15.894471228650822,0.18838705516800788,15.692388855462267,0.9702071463865245,0.9823212689877273,,,,,,,
54,54_D2,22,4,120,11520,0,63,57,1,0,0,Suite2p-style local neuropil,0.7,0.2600275997183866,0.9820677195485195,19.018892092185904,5.136114824246924,18.414229088526035,0.1890373163617653,18.25167872866262,0.9758858625380031,0.9820677195485195,,,,,,,
54,54_D2,23,4,120,11520,0,63,57,1,0,0,Suite2p-style local neuropil,0.7,0.1919633714836744,0.9867280681092703,20.021424639190396,4.646537665305744,19.657948103221702,0.1624547871599121,19.53454088846773,0.982270774160734,0.9867280681092703,,,,,,,
54,54_D2,24,4,120,11520,0,63,57,1,0,0,Suite2p-style local neuropil,0.7,0.40674645432837403,0.9802053154571496,24.702937788713413,7.158729335720162,23.122386719672086,0.2028548395347551,22.93961308995209,0.9775436730149475,0.9802053154571496,,,,,,,
54,54_D2,25,4,120,11520,0,63,57,1,0,0,Suite2p-style local neuropil,0.7,0.2919137008595709,0.9777412936233322,20.35887991277403,6.124286438113293,19.542435041815803,0.21057152878714508,19.264809435208456,0.9677653921152427,0.9777412936233322,,,,,,,
54,54_D2,26,4,120,11520,0,63,57,1,0,0,Suite2p-style local neuropil,0.7,0.2774182855537694,0.9746193322019802,10.941006645563046,3.5044303400499466,10.52767082950065,0.22421165381836983,10.389222219142724,0.9644323756579903,0.9746193322019802,,,,,,,
54,54_D3,1,3,71,13632,0,,,0,1,0,Suite2p-style local neuropil,0.7,0.5054528011158742,0.9834119891874733,19.647013897773583,5.414659509228411,18.030302361749847,0.19291794904790285,17.759118049364837,0.9745625363778184,0.9834119891874733,,,,,,,
54,54_D3,2,3,71,13632,0,,,0,1,0,Suite2p-style local neuropil,0.7,0.34017971294608945,0.9738313959630891,13.056416437706782,4.26867673014036,12.363469129213641,0.22885863683417096,12.222240229226704,0.9571842096208371,0.9738313959630891,,,,,,,
54,54_D3,3,3,71,13632,0,,,0,1,0,Suite2p-style local neuropil,0.7,0.1618680044110159,0.9772717381984779,14.580687822149253,4.421421596513346,14.407156768685516,0.2122667423711353,14.217791006783752,0.9655645657408808,0.9772717381984779,,,,,,,
54,54_D3,4,3,71,13632,0,,,0,1,0,Suite2p-style local neuropil,0.7,0.5779493341817227,0.9751325664898619,23.32133955744403,7.992088915828986,20.600300527713625,0.23988596900892512,20.265781117017948,0.9621381699515383,0.9751325664898619,,,,,,,
54,54_D3,5,3,71,13632,0,,,0,1,0,Suite2p-style local neuropil,0.7,0.39890695376837687,0.9692157640794593,18.98387730572286,6.765345759875517,17.637720635140514,0.24946126256128276,17.440961394313884,0.9522917947416312,0.9692157640794593,,,,,,,
54,54_D3,6,3,71,13632,0,,,0,1,0,Suite2p-style local neuropil,0.7,0.23907391950151954,0.9863615355610702,37.84313946949396,8.923981509481118,36.852304405102736,0.16507052633128333,36.609661483590145,0.9812597717819527,0.9863615355610702,,,,,,,
54,54_D3,7,3,71,13632,0,,,0,1,0,Suite2p-style local neuropil,0.7,0.3193499830912038,0.9661353446819216,13.597520450745387,5.0226543966718475,12.911991383606496,0.25856611164270765,12.912972274884023,0.9463741335760427,0.9661353446819216,,,,,,,
54,54_D3,8,3,71,13632,0,,,0,1,0,Suite2p-style local neuropil,0.7,0.33215843962714575,0.9899904559864449,33.70783786206659,6.930210982228761,32.42100771628701,0.1439174966117337,32.35810693439907,0.987382709304037,0.9899904559864449,,,,,,,
54,54_D3,9,3,71,13632,0,,,0,1,0,Suite2p-style local neuropil,0.7,0.27628363895094604,0.9685846519140802,14.511696969148312,5.157578446247169,13.95255313496558,0.24878584818015115,13.81435544118925,0.9443332198929771,0.9685846519140802,,,,,,,
54,54_D3,10,3,71,13632,0,,,0,1,0,Suite2p-style local neuropil,0.7,0.22915624458779296,0.9787787821025663,17.431183307416845,5.104421045568093,16.97256481376769,0.20498291082905087,16.822163831373956,0.9671434092757921,0.9787787821025663,,,,,,,
54,54_D3,11,3,71,13632,0,,,0,1,0,Suite2p-style local neuropil,0.7,0.15722168791422733,0.9785495557391881,10.238395061841272,3.016896032423455,10.123524124489336,0.20626545172165836,9.996316029038097,0.9666063204539459,0.9785495557391881,,,,,,,
54,54_D3,12,3,71,13632,0,,,0,1,0,Suite2p-style local neuropil,0.7,0.4992496262098074,0.9855981809998331,12.30908925880426,3.1687794816926558,11.365362805176582,0.1802038744962288,11.432664705749895,0.9793500449703144,0.9855981809998331,,,,,,,
54,54_D3,13,3,71,13632,0,,,0,1,0,Suite2p-style local neuropil,0.7,0.23576709199689266,0.9822105209958367,20.191968902694473,5.423266098411031,19.64642929643068,0.1880097114584486,19.549754611471368,0.9763909171418004,0.9822105209958367,,,,,,,
54,54_D3,14,3,71,13632,0,,,0,1,0,Suite2p-style local neuropil,0.7,0.19563840043907826,0.9792381399842927,29.304828621358258,8.486617391456681,28.73929401558981,0.20271854147304966,28.58441183621993,0.9731433918238213,0.9792381399842927,,,,,,,
54,54_D3,15,3,71,13632,0,,,0,1,0,Suite2p-style local neuropil,0.7,0.049865116546858684,0.9796794889132815,10.306533516395543,2.987578331971382,10.413865440646775,0.2029105892038832,10.401623275693803,0.9676877534514537,0.9796794889132815,,,,,,,
54,54_D3,16,3,71,13632,0,,,0,1,0,Suite2p-style local neuropil,0.7,0.39962998437336533,0.9738537209829059,18.321720093660605,6.045864329957625,17.076942557451765,0.2309884079427155,16.89273662120001,0.9659642046188444,0.9738537209829059,,,,,,,
54,54_D3,17,3,71,13632,0,,,0,1,0,Suite2p-style local neuropil,0.7,0.3658212053084459,0.9712816177727999,14.028948284204269,4.811810529883188,13.175133186310868,0.24009407209643227,12.964691000269115,0.9623321124601731,0.9712816177727999,,,,,,,
54,54_D3,18,3,71,13632,0,,,0,1,0,Suite2p-style local neuropil,0.7,0.1378827905757959,0.9871011333987982,21.648374356170915,4.952478858731859,21.4470134168639,0.16013835872699272,21.235898138399698,0.9832942803658686,0.9871011333987982,,,,,,,
54,54_D3,19,3,71,13632,0,,,0,1,0,Suite2p-style local neuropil,0.7,0.11558375180936598,0.9798805753883063,14.293956039354091,4.090306462612402,14.249710958644364,0.20030945150121374,14.24140421127899,0.9696643967964377,0.9798805753883063,,,,,,,
54,54_D3,20,3,71,13632,0,,,0,1,0,Suite2p-style local neuropil,0.7,0.28225860610584635,0.9784455044928093,18.549908778286575,5.489112641767833,17.85011451451782,0.20713734111786933,17.66373913223301,0.9690918640853429,0.9784455044928093,,,,,,,
54,54_D3,21,3,71,13632,0,,,0,1,0,Suite2p-style local neuropil,0.7,0.36482437107667853,0.9717692246422076,14.010101924825857,4.765604001155343,13.164726442378376,0.23810838594366168,12.925915342795912,0.9607883372121315,0.9717692246422076,,,,,,,
54,54_D3,22,4,71,13632,0,,,0,1,0,Suite2p-style local neuropil,0.7,0.18844060464093604,0.9832443971447364,21.282136440487914,5.542348562650851,20.901267298524758,0.18229579366962942,20.786048678373074,0.9753314631930885,0.9832443971447364,,,,,,,
54,54_D3,23,4,71,13632,0,,,0,1,0,Suite2p-style local neuropil,0.7,0.2042369103821727,0.974540861431314,13.165244920095985,4.217709156526606,12.890436007919503,0.22425684939133872,12.817963874788047,0.9708627181994846,0.974540861431314,,,,,,,
54,54_D3,24,4,71,13632,0,,,0,1,0,Suite2p-style local neuropil,0.7,0.19717351238223182,0.9871545416411671,25.82218250848075,5.897928047376799,25.33356312772297,0.15988383571858467,25.098861691364675,0.9823343584195627,0.9871545416411671,,,,,,,
54,54_D3,25,4,71,13632,0,,,0,1,0,Suite2p-style local neuropil,0.7,0.2719467977913681,0.9773828068185436,15.380400631395336,4.655630301513764,14.82954472706657,0.2118892228213068,14.739810123318538,0.9687876514333065,0.9773828068185436,,,,,,,
54,54_D3,26,4,71,13632,0,,,0,1,0,Suite2p-style local neuropil,0.7,0.3696720708654221,0.984794013676791,19.58944527862812,4.964702874244429,18.587366132755232,0.17740634912960598,18.148471831164837,0.9763252912063758,0.984794013676791,,,,,,,
54,54_D3,27,4,71,13632,0,,,0,1,0,Suite2p-style local neuropil,0.7,-0.056633184146176026,0.9905729528294085,23.526658499369677,4.692134201674239,23.938337657887253,0.13960732590597674,23.672310881399287,0.9885746136562608,0.9905729528294085,,,,,,,
54,54_D5,36,3,20,3840,0,10,10,1,1,1,Suite2p-style local neuropil,0.7,0.8535595155822843,0.9826160583592949,31.890922643573894,12.616175398210464,24.783701592329262,0.2769227719514212,22.571955774823767,0.9601289553746741,0.9826160583592949,3.430942559242247,2.6260455011079697,2.4924980784455935,1.1498533986508843,0,0,0.7654006000129446
54,54_D5,37,3,20,3840,0,10,10,1,1,1,Suite2p-style local neuropil,0.7,0.5748554267199347,0.9808934957060976,22.55222969044519,6.8540862777784985,20.179717493997,0.21274438811272986,19.719074465658853,0.9686100375142034,0.9808934957060976,-5.875502145290374,-5.371189093589783,-5.312929292519888,-0.7204471170902251,0,0,0.9141668152999483
54,54_D5,38,3,20,3840,0,10,10,1,1,1,Suite2p-style local neuropil,0.7,0.6075307217016225,0.9739975470410499,36.396676652389544,12.926784505549177,31.724190433590643,0.24861470248102416,31.245504778768883,0.9696248471586101,0.9739975470410499,5.151944637298586,2.423372350136439,2.573233743508657,3.8979604482650756,0,0,0.4703801216899973
54,54_D5,39,3,20,3840,0,10,10,1,1,1,Suite2p-style local neuropil,0.7,0.2943265284115034,0.9808170490180076,15.848655733446622,4.4367255573017985,15.226655745100787,0.1959603313752833,15.041790786557725,0.9671937537063647,0.9808170490180076,0.5446158329645796,-0.14046711921691846,-0.778472403685252,0.9786900023619332,1,1,0.25791963460389833
54,54_D5,40,3,20,3840,0,10,10,1,1,1,Suite2p-style local neuropil,0.7,0.40548768932891,0.9798688599184008,17.37990177538065,5.0753061993219175,16.26678885550026,0.20441509453864698,15.649456711789194,0.9575489990550177,0.9798688599184008,2.1202111601829525,1.7538595537344617,1.4969757159550987,0.523359803358714,0,0,0.8272098451321345
54,54_D5,41,3,20,3840,0,10,10,1,1,1,Suite2p-style local neuropil,0.7,0.580513898074478,0.9792124833124184,16.829852041856743,5.329342367359576,14.975525975579357,0.22166205427072747,14.444505520116431,0.9655330892150326,0.9792124833124184,1.460759583115578,1.5347573270400368,1.7130013336737953,-0.10571112831433599,0,0,1.0506570241080073
54,54_D5,42,3,20,3840,0,10,10,1,1,1,Suite2p-style local neuropil,0.7,0.5526993313614365,0.9786132948645522,15.3915307646895,4.867460827769988,13.803574129503525,0.22136995778892593,13.16586311707956,0.955294213842057,0.9786132948645522,-1.8393971691528956,-1.9426924516757331,-1.960549865166346,0.14756475687026965,0,0,1.0561571332681985
54,54_D5,43,3,20,3840,0,10,10,1,1,1,Suite2p-style local neuropil,0.7,0.42616590778298064,0.9879070722134565,17.846863218212718,4.118655478151406,16.821624530344145,0.16154428915890331,16.481886556591057,0.9795260665997418,0.9879070722134565,0.04967175920804401,-0.0372764925161988,0.03297933340072756,0.1242116034030914,1,0,0.750456307687992
54,54_D5,44,3,20,3840,0,10,10,1,1,1,Suite2p-style local neuropil,0.7,0.1381599919239821,0.9899359917560415,26.712490711052812,5.40037468029425,26.456467788400495,0.14151665006235375,26.29422065312485,0.9881490168495216,0.9899359917560415,2.0199844325582186,0.817974146207173,0.8992179403702418,1.7171574811140693,0,0,0.4049408148763987
54,54_D5,45,3,20,3840,0,10,10,1,1,1,Suite2p-style local neuropil,0.7,0.33479278726846806,0.9742313555741464,17.459446458405658,5.662383693126203,16.55914554188391,0.22702143333306213,16.175488998334263,0.9559224857888128,0.9742313555741464,2.2857708642880117,2.0716848582029352,2.059462418158849,0.3058373987674713,0,0,0.9063396867580783
54,54_D5,46,3,20,3840,0,10,10,1,1,1,Suite2p-style local neuropil,0.7,0.18640496634257223,0.9857971774595182,19.331439226062717,4.638711565462453,18.995960260740397,0.1679698043820749,18.98896522944775,0.9871311957080142,0.9857971774595182,-3.8400930424531308,-4.01943398018678,-4.033550010124841,0.25620100895563763,0,0,1.0467022348896162
54,54_D5,47,3,20,3840,0,10,10,1,1,1,Suite2p-style local neuropil,0.7,0.6522775088910259,0.967566756857085,13.073081205675836,5.25267345677339,11.032562500048666,0.2812551457285666,10.573741414930716,0.940089805848575,0.967566756857085,-1.6475694954395292,-1.29258117377758,-1.0558757478992142,-0.5071262339750928,0,0,0.7845381754821643
54,54_D5,48,3,20,3840,0,10,10,1,1,1,Suite2p-style local neuropil,0.7,0.19830203631953586,0.9795532767361469,19.195994198768894,5.517088054799441,18.81486154616101,0.2011858055748276,18.78650430547266,0.974467454620529,0.9795532767361469,0.3638586262861887,-0.15952688952287042,-0.21065618197123226,0.7476938396692275,1,1,0.4384309553598075
54,54_D5,49,3,20,3840,0,10,10,1,1,1,Suite2p-style local neuropil,0.7,0.04862784703438058,0.9900443453865524,21.092394173032133,4.25949277408662,21.15804541255666,0.14136114124773513,21.021149008645203,0.9878358412952661,0.9900443453865524,-1.3923262188831964,-1.2134219894806544,-1.3256646881500878,-0.2555774768193563,0,0,0.8715069531182764
54,54_D5,50,3,20,3840,0,10,10,1,1,1,Suite2p-style local neuropil,0.7,0.32547964233315807,0.9746145538472258,14.993570654368757,4.822496580795511,14.256747499478037,0.22514633922842164,13.974388425290979,0.9580484742036557,0.9746145538472258,2.4642136534055075,1.436377465724945,1.1179759422938031,1.4683373272418971,0,0,0.5828948548803565
54,54_D5,51,4,20,3840,0,10,10,1,1,1,Suite2p-style local neuropil,0.7,0.5272325664291029,0.9817247692827508,19.97508465183157,5.811007756757349,18.1623795845996,0.20363895447407826,17.883630264521095,0.971607177259511,0.9817247692827508,-1.1255429784456885,-1.1060258249441786,-1.418361028035482,-0.027882530291875263,0,0,0.9826597795891724
54,54_D5,52,4,20,3840,0,10,10,1,1,1,Suite2p-style local neuropil,0.7,0.7685905874001234,0.9686250966313836,18.09336434071233,7.923959474612406,14.27814329815068,0.30656385641952705,13.031089354168849,0.9296798036046184,0.9686250966313836,-1.9785677850246426,-2.05166592001915,-2.3763618012269334,0.10442613561948166,0,0,1.03694496856682
54,54_D5,53,4,20,3840,0,10,10,1,1,1,Suite2p-style local neuropil,0.7,0.3736838740320733,0.9800795693045665,19.955300012818803,5.75794295562287,18.824129572413028,0.20197942232031568,18.40262220480279,0.9688569767415687,0.9800795693045665,2.052241961161296,0.7036636531352998,0.5383063077926624,1.9265407482783,0,0,0.34287557852504097
54,54_D5,54,4,20,3840,0,10,10,1,1,1,Suite2p-style local neuropil,0.7,0.4749690391756006,0.9744371326838384,25.73230048798321,8.56512419511852,23.484924313777597,0.23299847692485592,22.993642522836296,0.9603594406241305,0.9744371326838384,-0.6285285174846653,-0.5398573358853662,-0.6410144011179606,-0.12667328119277932,0,0,0.8589225664041756
54,54_D5,55,4,20,3840,0,10,10,1,1,1,Suite2p-style local neuropil,0.7,0.3708325809176723,0.9641396021335078,17.28997264070564,6.596067619701592,16.15714870826101,0.2670476882411407,16.14359881122892,0.9381399741908966,0.9641396021335078,-0.3337326844533285,-0.5385446866353353,-0.41789203484853094,0.292588412761688,0,0,1.6137007119350397
54,54_D5,56,4,20,3840,0,10,10,1,1,1,Suite2p-style local neuropil,0.7,0.5044871612470788,0.9625586990550403,14.740347372060873,5.897810538190039,13.149939466262031,0.28007937547117573,12.9406012593254,0.955723351045043,0.9625586990550403,3.7864582811792697,2.105697828531265,1.8876097093025843,2.4010864595572157,0,0,0.5561127752117555
54,54_D5,57,4,20,3840,0,10,10,1,1,1,Suite2p-style local neuropil,0.7,0.38629781074716274,0.9714499616452724,22.933329593867878,7.869476020641013,21.416807288560417,0.24020206670524336,21.179679680240042,0.9621557078510665,0.9714499616452724,1.5501649399598443,1.8046821117401122,1.3653047164281207,-0.36359607776006075,0,0,1.1641871478173087
54,54_D5,58,4,20,3840,0,10,10,1,1,1,Suite2p-style local neuropil,0.7,0.18879627216970782,0.9827868407546911,21.93543704334768,5.789222778646993,21.541139484397483,0.18474470647595478,21.464000310062847,0.9763564205176372,0.9827868407546911,-4.685786136984825,-4.547641741236051,-4.46265650788943,-0.19734920263290387,0,0,0.9705184143246345
54,54_D5,59,4,20,3840,0,10,10,1,1,1,Suite2p-style local neuropil,0.7,0.12575846261245013,0.9890009476758015,15.524409075942492,3.281109834053616,15.405010479444606,0.14794616764973367,15.265748509256529,0.9860279804540892,0.9890009476758015,0.49379251524806045,0.10621515909830713,0.049705570936202995,0.5536818752686185,0,0,0.21510078356279114
54,54_D6,36,3,60,11520,0,30,30,1,1,1,Suite2p-style local neuropil,0.7,0.45857674684478933,0.9826692753432171,19.955456233118888,5.514602742962319,18.505970074282203,0.19344192366035518,18.147113254088353,0.9699391755466078,0.9826692753432171,4.247043185763889,2.579456926716699,2.1223669979307385,2.382266395621829,0,0,0.6073535887954981
54,54_D6,37,3,60,11520,0,30,30,1,1,1,Suite2p-style local neuropil,0.7,0.4020409059894654,0.9760780583333302,20.993471518631495,6.645992910063995,19.591772065119052,0.2216019826135118,19.716795964053148,0.9715299913339512,0.9760780583333302,-1.9921424547831212,-2.0914984583854674,-2.048629305097791,0.14193729824490015,0,0,1.0498739399208394
54,54_D6,38,3,60,11520,0,30,30,1,1,1,Suite2p-style local neuropil,0.7,0.2662630132485002,0.9769555847214147,12.41610745315349,3.7915086886555875,11.985632374508914,0.2137591069306275,11.991872086274405,0.9626860431385744,0.9769555847214147,1.17615519894494,0.30551473829481335,-0.06823523971769552,1.2437716099951,0,1,0.2597571612754007
54,54_D6,39,3,60,11520,0,30,30,1,1,1,Suite2p-style local neuropil,0.7,0.30255584970485633,0.9742774603151364,22.834030352326078,7.374612202836009,21.833788349468144,0.22607609643008356,21.741276267672273,0.9588023924681164,0.9742774603151364,5.614027778307596,2.2580796427196925,1.2392575926250884,4.794211831357744,0,0,0.40222095933023744
54,54_D6,40,3,60,11520,0,30,30,1,1,1,Suite2p-style local neuropil,0.7,0.5083492926169195,0.9585197050904304,15.789535109982664,6.625823106910557,14.013037367679031,0.2937436775894805,13.715410348092638,0.9144141803988709,0.9585197050904304,9.969075053268009,5.694694672690497,3.862707861264548,6.1062578333748725,0,0,0.5712360110190295
54,54_D6,41,3,60,11520,0,30,30,1,1,1,Suite2p-style local neuropil,0.7,0.2910568611905992,0.9702732241406014,13.715671384558778,4.748088806360728,13.138873074547066,0.24232587547473036,13.00734764677112,0.9446096579984923,0.9702732241406014,-0.26734566688537775,-2.570335863696204,-3.235319826338027,3.2899861276149744,0,0,9.614278763139358
54,54_D6,42,3,60,11520,0,30,30,1,1,1,Suite2p-style local neuropil,0.7,0.07279107793961524,0.9782848354052203,13.999944020953079,4.183872699553607,14.092787182521569,0.20919446551950918,14.086520127927965,0.964185241334998,0.9782848354052203,-1.2012049360407726,-3.1400088293684854,-3.6049393547905817,2.769720097382864,0,0,2.614049200944519
54,54_D6,43,3,60,11520,0,30,30,1,1,1,Suite2p-style local neuropil,0.7,0.3378377418409125,0.979637279987845,37.12101096158205,10.756104158615654,35.296062330863144,0.20283048755534963,35.0778571417755,0.9711587280524908,0.979637279987845,-0.9570470551649723,-2.5083707551161445,-3.3905066649119058,2.2161765310499404,0,0,2.620948171116078
54,54_D6,44,3,60,11520,0,30,30,1,1,1,Suite2p-style local neuropil,0.7,0.2678537687167369,0.9826154199872553,12.820286264836861,3.4123277528916787,12.395981808531488,0.18631638552128393,12.349382364937782,0.9795470028176286,0.9826154199872553,-0.33875459962420995,-0.5678567502233716,-0.6031945294804043,0.3272887415356107,0,0,1.6763070791960915
54,54_D6,45,3,60,11520,0,30,30,1,1,1,Suite2p-style local neuropil,0.7,0.5104696268279716,0.9588493071870551,22.462233704080813,9.3977252977642,19.92404469517466,0.29286524432757177,19.627191973379347,0.9466476088606403,0.9588493071870551,9.652699931462609,4.050727001825968,3.198035373952654,8.002818710274164,0,0,0.41964704449439133
54,54_D6,46,3,60,11520,0,30,30,1,1,1,Suite2p-style local neuropil,0.7,0.16936034555892396,0.9901270914638716,30.9103431389754,6.192390429234073,30.477119180338978,0.14023374705291206,30.120156330269552,0.9872118817164758,0.9901270914638716,2.721099560459455,0.954944199985927,0.27284229199091614,2.523079422447416,0,0,0.3509405573955846
54,54_D6,47,4,60,11520,0,30,30,1,1,1,Suite2p-style local neuropil,0.7,0.43283993666089005,0.9821057070760926,27.349105787693958,7.610334002040497,25.499562912653523,0.1947863960013016,25.48858011007677,0.9786330365899583,0.9821057070760926,-2.8637081318431417,-3.4969185762935218,-4.300299762354956,0.9045860475964017,0,0,1.2211155617425569
54,54_D6,48,4,60,11520,0,30,30,1,1,1,Suite2p-style local neuropil,0.7,0.317457535613626,0.9622442620722559,13.863760459162762,5.3968295913428275,13.161393653471915,0.2724932171903721,13.093141463816748,0.9350934001416856,0.9622442620722559,3.3153413454691574,0.895298120710585,-0.20603210528691596,3.457204736603631,0,1,0.2700470403247181
54,54_D6,49,4,60,11520,0,30,30,1,1,1,Suite2p-style local neuropil,0.7,0.04310133895345639,0.9898404589066504,22.337954827176848,4.5598141084728825,22.42824158291744,0.1428899769768872,22.237465241617787,0.9861104783840543,0.9898404589066504,0.3453511642085192,-1.078519984086354,-1.6691913114653691,2.0341016742918225,1,1,3.1229660259824557
54,54_D6,50,4,60,11520,0,30,30,1,1,1,Suite2p-style local neuropil,0.7,0.02300169760007953,0.9923541956317435,25.620519896466273,4.540377788705778,25.744249870235134,0.12405151915733387,25.55463161703809,0.9888063838905065,0.9923541956317435,-0.667791761623489,-2.241806240876515,-3.126716586616305,2.2485921190844635,0,0,3.3570438213492677
54,54_D6,51,4,60,11520,0,30,30,1,1,1,Suite2p-style local neuropil,0.7,0.015374651898710064,0.9886855348460891,20.061983391856725,4.3386745156424,20.244343404693304,0.15138443913584698,20.12413529038856,0.9855092560299186,0.9886855348460891,1.0140945484240853,-0.3293814775016575,-0.9365835534201734,1.91925154791938,1,1,0.3248035153778166
54,54_D7,1,3,34,6528,0,,,0,1,0,Suite2p-style local neuropil,0.7,0.40973020793627923,0.9810193224327362,17.651687391465025,5.018528919224276,16.52599192126575,0.19901611178168357,16.39657381275229,0.970773648615591,0.9810193224327362,,,,,,,
54,54_D7,2,3,34,6528,0,,,0,1,0,Suite2p-style local neuropil,0.7,0.13970515502353578,0.9854758972382346,13.954959144548408,3.3869536631157766,13.82452553180428,0.16989426367527877,13.884807170911449,0.9802013904496383,0.9854758972382346,,,,,,,
54,54_D7,3,3,34,6528,0,,,0,1,0,Suite2p-style local neuropil,0.7,0.196543030908566,0.9794431659436742,34.36967473424178,9.90451194983432,33.69977138171251,0.2017231281121061,33.635994456475046,0.9773367042375081,0.9794431659436742,,,,,,,
54,54_D7,4,3,34,6528,0,,,0,1,0,Suite2p-style local neuropil,0.7,0.2801606553531965,0.9855695771149423,24.7248478624531,6.017824004127975,23.889411926967817,0.17037422269034255,23.867181718564098,0.9790152157910389,0.9855695771149423,,,,,,,
54,54_D7,5,3,34,6528,0,,,0,1,0,Suite2p-style local neuropil,0.7,0.24003718100102414,0.9815037190096152,16.006190439728712,4.382962383935742,15.557494501953686,0.19168044204419782,15.77637477196266,0.9690859748684987,0.9815037190096152,,,,,,,
54,54_D7,6,3,34,6528,0,,,0,1,0,Suite2p-style local neuropil,0.7,0.2080335601965378,0.9813767492207314,11.04711208271389,3.0319322199998533,10.806850218328362,0.1921183107492515,10.755355166260953,0.9699644985070831,0.9813767492207314,,,,,,,
54,54_D7,7,3,34,6528,0,,,0,1,0,Suite2p-style local neuropil,0.7,0.16796664864407287,0.9780104749619334,17.107225745564296,5.1012291222779025,16.87859251806988,0.20873403682860836,16.828241267645488,0.9667265063400357,0.9780104749619334,,,,,,,
54,54_D7,8,3,34,6528,0,,,0,1,0,Suite2p-style local neuropil,0.7,0.16080265198674595,0.9866935610541703,12.538703994468356,2.912404551148756,12.375552890347777,0.16259121545887448,12.353468406925415,0.9825174484697099,0.9866935610541703,,,,,,,
54,54_D7,9,3,34,6528,0,,,0,1,0,Suite2p-style local neuropil,0.7,0.4309747627111801,0.9700073501267561,15.3266393286546,5.430476774353243,14.111604849159463,0.24802134598137734,14.009157362780014,0.9561056312325097,0.9700073501267561,,,,,,,
54,54_D7,10,3,34,6528,0,,,0,1,0,Suite2p-style local neuropil,0.7,0.5564665086203142,0.9728666243888446,29.24509375013714,10.315305356424494,25.93059294874352,0.24690342021439737,25.445406184151242,0.9651256685409194,0.9728666243888446,,,,,,,
54,54_D7,11,3,34,6528,0,,,0,1,0,Suite2p-style local neuropil,0.7,0.5670701950071613,0.972398549603144,23.563482176400093,8.41604409148159,20.796761557352976,0.25001528719649907,20.683863856653133,0.9655183944334751,0.972398549603144,,,,,,,
54,54_D7,12,3,34,6528,0,,,0,1,0,Suite2p-style local neuropil,0.7,0.48344314833452595,0.9747200923706425,19.888809859988868,6.604038383731245,18.11180055466024,0.23243355685115485,17.989703694766177,0.9671917001820887,0.9747200923706425,,,,,,,
54,54_D7,13,3,34,6528,0,,,0,1,0,Suite2p-style local neuropil,0.7,0.057925219727476794,0.9806431309149094,11.07675117848095,3.1286095590037437,11.166032827106013,0.19771380692632196,11.110652512368596,0.9719415838152592,0.9806431309149094,,,,,,,
54,54_D7,14,3,34,6528,0,,,0,1,0,Suite2p-style local neuropil,0.7,0.45856480913843617,0.9864565244349514,23.768025716110774,5.85107229068437,22.19039367221005,0.17232186678076292,21.95292919957313,0.9798694511014876,0.9864565244349514,,,,,,,
54,54_D7,15,3,34,6528,0,,,0,1,0,Suite2p-style local neuropil,0.7,0.12238912030224038,0.9874579069841548,19.489731664007216,4.398665556362737,19.355647783872968,0.15798400041355387,19.22559645060988,0.9835082745383852,0.9874579069841548,,,,,,,
54,54_D7,16,3,34,6528,0,,,0,1,0,Suite2p-style local neuropil,0.7,0.12109344549302009,0.9800860401970427,11.143135178554727,3.170808841528511,11.095311877382924,0.199186866729765,11.065605399138363,0.9707261034124725,0.9800860401970427,,,,,,,
54,54_D7,17,3,34,6528,0,,,0,1,0,Suite2p-style local neuropil,0.7,0.2128702085333236,0.9881480000358298,14.589067182912986,3.2051052308275882,14.280732413318074,0.15378458150671284,14.178258479217048,0.9808135303716359,0.9881480000358298,,,,,,,
54,54_D7,18,3,34,6528,0,,,0,1,0,Suite2p-style local neuropil,0.7,0.23212609850611077,0.9843026663540271,13.75064314650158,3.4725134498737815,13.396692823636945,0.17677423148885651,13.374243036203225,0.9851273593770283,0.9843026663540271,,,,,,,
54,54_D7,19,3,34,6528,0,,,0,1,0,Suite2p-style local neuropil,0.7,0.3713371876441484,0.9755788248537949,14.965730530554504,4.756011362290643,14.073154829765924,0.22245542022060236,14.045657573145164,0.9711813899868511,0.9755788248537949,,,,,,,
54,54_D7,20,3,34,6528,0,,,0,1,0,Suite2p-style local neuropil,0.7,0.08670133993643754,0.9908462148079114,26.64545760641543,5.144668883596623,26.576498353517753,0.13515505067812966,26.44437300709842,0.9926380705423027,0.9908462148079114,,,,,,,
54,54_D7,21,3,34,6528,0,,,0,1,0,Suite2p-style local neuropil,0.7,0.08525613741846694,0.9883780564646165,17.123768180383177,3.727115926835066,17.100072587501074,0.15236022245660538,16.986755241527998,0.9861401792944325,0.9883780564646165,,,,,,,
54,54_D7,22,4,34,6528,0,,,0,1,0,Suite2p-style local neuropil,0.7,0.6948111118410034,0.9799323581553774,22.818481580283606,7.705525397844574,19.461304711767728,0.23638153933360936,19.042328010262825,0.9686997549647696,0.9799323581553774,,,,,,,
54,54_D7,23,4,34,6528,0,,,0,1,0,Suite2p-style local neuropil,0.7,0.12653919852555343,0.983192655224366,14.421467368731378,3.767406003500696,14.328585642907282,0.18286517917788497,14.36715313959646,0.9757722023302384,0.983192655224366,,,,,,,
54,54_D7,24,4,34,6528,0,,,0,1,0,Suite2p-style local neuropil,0.7,0.32495862569960354,0.9803220392829789,25.920979169247367,7.3743003315604625,24.730178931007277,0.1991441051905211,24.590899136521866,0.9763702602276156,0.9803220392829789,,,,,,,
54,54_D7,25,4,34,6528,0,,,0,1,0,Suite2p-style local neuropil,0.7,0.4042189240952354,0.9786339717578917,13.75775618817699,4.130976675705275,12.863729737825578,0.21018570043680995,12.748769522876662,0.9690268707292594,0.9786339717578917,,,,,,,
54,54_D7,26,4,34,6528,0,,,0,1,0,Suite2p-style local neuropil,0.7,0.0868277487266699,0.9925891567092413,21.518384355684674,3.737821840785892,21.45016550541458,0.1215925512733994,21.407745193980265,0.9913562948037454,0.9925891567092413,,,,,,,
54,54_D7,27,4,34,6528,0,,,0,1,0,Suite2p-style local neuropil,0.7,0.25547354981418346,0.9893587696689413,16.01083492262007,3.3489897579846266,15.57769599114897,0.1464191468190453,15.623565220811866,0.9904675140091076,0.9893587696689413,,,,,,,
54,54_D7,28,4,34,6528,0,,,0,1,0,Suite2p-style local neuropil,0.7,0.3382476647551952,0.9759178090375223,22.4055126914646,7.03718776539497,21.25106634508894,0.21985800730117927,21.06463765239694,0.9728788887070492,0.9759178090375223,,,,,,,
54,54_D7,29,4,34,6528,0,,,0,1,0,Suite2p-style local neuropil,0.7,0.09301563649305485,0.9870518252903496,20.51585978871041,4.711984651390171,20.47416101569435,0.16077265256782908,20.31207347962695,0.9818370215256637,0.9870518252903496,,,,,,,
54,54_D7,30,4,34,6528,0,,,0,1,0,Suite2p-style local neuropil,0.7,0.6432079849164359,0.950338576984846,8.957504365135945,4.292186695230182,7.392066829951472,0.33542050502632986,7.05471470944337,0.9255861577495504,0.950338576984846,,,,,,,
54,54_D8,1,3,30,5760,0,15,15,1,1,1,Suite2p-style local neuropil,0.7,0.26190049928979237,0.9873809734132118,20.386818227540413,4.638178388286589,19.78618175787358,0.1592560803278644,19.729584972378333,0.9782148918717554,0.9873809734132118,-8.083376383781431,-6.778246365653143,-6.184782245424058,-1.8644717322455513,0,0,0.8385414751770893
54,54_D8,2,3,30,5760,0,15,15,1,1,1,Suite2p-style local neuropil,0.7,0.29230674268902934,0.9783867096723478,15.92093459747882,4.721541684284214,15.285201195475551,0.20759328567706598,15.206693308684821,0.9706229339211566,0.9783867096723478,-0.029997420310974354,-0.8746733731693693,-0.9467838234371612,1.206679924329122,0,0,29.158276695766705
54,54_D8,3,3,30,5760,0,15,15,1,1,1,Suite2p-style local neuropil,0.7,0.235643349519649,0.977904076334236,10.645701068480216,3.1805077331612415,10.349762753317021,0.20913187430031716,10.329790542499953,0.9712086543392449,0.977904076334236,1.9798317882749763,1.7732245670424565,1.642328442467584,0.29515301651424836,0,0,0.8956440484426322
54,54_D8,4,3,30,5760,0,15,15,1,1,1,Suite2p-style local neuropil,0.7,0.15991621823820965,0.9817954131704474,22.428498401662914,6.0886916165501495,22.15015645600973,0.19002984415620505,21.85057428625992,0.9777149930625588,0.9817954131704474,-4.775645899772646,-3.5763226562076142,-3.658642715877957,-1.7133188751008777,0,0,0.748866797031414
54,54_D8,5,3,30,5760,0,15,15,1,1,1,Suite2p-style local neuropil,0.7,0.16123866965918712,0.9885687258421103,25.133776512684168,5.413793999820502,24.80630513586751,0.15077939988375105,24.74792438821445,0.9847751549127477,0.9885687258421103,0.3034029510286117,1.2033035357793174,1.823511404461331,-1.2855724864535865,0,0,3.9660243647584004
54,54_D8,6,3,30,5760,0,15,15,1,1,1,Suite2p-style local neuropil,0.7,0.2648170139642465,0.9864671478498427,26.714517542155512,6.290808501331495,25.89886385216581,0.16483793528082924,25.807289755387597,0.9812177513375989,0.9864671478498427,-8.066774622599285,-5.686593641175164,-5.106338516871134,-3.400258464283413,0,0,0.7049401898739822
54,54_D8,7,3,30,5760,0,15,15,1,1,1,Suite2p-style local neuropil,0.7,0.1483638452300036,0.9890702098655435,12.792700895045066,2.6946065625101356,12.651127556725672,0.14744537522234866,12.58661281251291,0.9865074678253835,0.9890702098655435,0.35526821745766546,0.18043920066621555,0.3061576075024075,0.24975573089387693,0,0,0.5078956875976676
54,54_D8,8,3,30,5760,0,15,15,1,1,1,Suite2p-style local neuropil,0.7,0.20372034371364517,0.9837645026260238,21.853232303881075,5.604387469033215,21.401486709479553,0.17951903548897927,21.209168013935795,0.9832912026379369,0.9837645026260238,2.869444419278039,2.7926894863446554,2.596958805455102,0.10964998404184984,0,0,0.9732509393978069
54,54_D8,9,3,30,5760,0,15,15,1,1,1,Suite2p-style local neuropil,0.7,0.024349437094008705,0.9900452121966922,16.20179983939324,3.2800860875795794,16.308237123292646,0.1417163680426847,16.197412337350503,0.9877539025493842,0.9900452121966922,-0.2828420612547131,-0.5101266238424512,-0.37205132643381755,0.3246918466356066,0,0,1.8035740637150732
54,54_D8,10,3,30,5760,0,15,15,1,1,1,Suite2p-style local neuropil,0.7,0.254631280505677,0.9803635274355081,11.942925228555445,3.3703294114493936,11.569372992660064,0.1975421016882125,11.46869418754324,0.9715966836904641,0.9803635274355081,-1.2330740027957499,-0.888153435124291,-0.6097973704338076,-0.4927435371610855,0,0,0.7202758519827857
54,54_D8,11,3,30,5760,0,15,15,1,1,1,Suite2p-style local neuropil,0.7,0.11926364298195566,0.9745033698965104,9.528161058252216,3.071571845512317,9.514315238066443,0.22565741961099595,9.523613589598687,0.9589247803839395,0.9745033698965104,0.6200825108422174,0.648836558394962,0.773843320210775,-0.041077334351009825,0,0,1.0463713079892816
54,54_D8,12,3,30,5760,0,15,15,1,1,1,Suite2p-style local neuropil,0.7,0.2751711957474965,0.9747367221931232,7.358089574100769,2.3511945395190885,7.084172286755469,0.22367710074734792,7.028999562005371,0.9659262026583992,0.9747367221931232,-0.34780687226189505,-0.5180667367246417,-0.45140167011155025,0.24322855340109933,0,0,1.4895241099183962
54,54_D8,13,3,30,5760,0,15,15,1,1,1,Suite2p-style local neuropil,0.7,0.1122953497681327,0.9892278947262392,20.34807585985259,4.257695322273975,20.231326274137956,0.14647019590118424,20.042867789657116,0.9869477831672718,0.9892278947262392,-4.277439622746574,-3.681797783904605,-3.2991488781240257,-0.8509171737564936,0,0,0.8607480408883053
54,54_D8,14,3,30,5760,0,15,15,1,1,1,Suite2p-style local neuropil,0.7,0.24301321763286549,0.9861881275231897,17.25444560792588,4.095422006729903,16.78967328123958,0.16614821646102118,16.664127441044084,0.982526278270886,0.9861881275231897,-4.19714659386211,-3.079089219702615,-2.781930596298642,-1.5972248713175454,0,0,0.7336148841856784
54,54_D8,15,3,30,5760,0,15,15,1,1,1,Suite2p-style local neuropil,0.7,0.23605303660409743,0.9873424568362622,20.49019615550977,4.657112085993162,19.973483589776798,0.15909942394512333,19.90114658389469,0.9862572136797595,0.9873424568362622,-4.269735006491343,-2.8953283336427473,-2.729323095745511,-1.963438210222456,0,0,0.6781049227785533
54,54_D8,16,3,30,5760,0,15,15,1,1,1,Suite2p-style local neuropil,0.7,0.14442493746386098,0.9833010021859955,15.53768782527682,4.04243223304328,15.385937989547596,0.1821186362900729,15.393012085187303,0.9811904151950226,0.9833010021859955,-0.7201235433419548,-0.35460693505075225,0.08309678567780363,-0.5221664124064976,0,1,0.4924251309446687
54,54_D8,17,4,30,5760,0,15,15,1,1,1,Suite2p-style local neuropil,0.7,0.600720660597372,0.9790909794735971,17.439431059177856,5.600316629167452,15.406610042294297,0.22479068384226386,15.09109350415399,0.9675901937591592,0.9790909794735971,-5.173847516377767,-3.1984429412417947,-2.672835252020095,-2.8220062388314133,0,0,0.618194279003239
54,54_D8,18,4,30,5760,0,15,15,1,1,1,Suite2p-style local neuropil,0.7,0.10350046638455264,0.9841741604607793,18.93211442761578,4.80595117389974,18.88275714601437,0.17769625153109647,18.771491105449943,0.9795092191273838,0.9841741604607793,-1.4319142182668052,-0.009174622429741763,0.22768316268920885,-2.0324848810831706,0,1,0.0064072430098322045
54,54_D8,19,4,30,5760,0,15,15,1,1,1,Suite2p-style local neuropil,0.7,-0.16121705699945346,0.99283659076084,19.58847932623676,3.4806607844923754,20.12544546550649,0.12438242143573076,19.736305376791396,0.9910760598555506,0.99283659076084,-2.2295808404684068,-1.487354079882304,-1.4967083553473157,-1.0603240648905436,0,0,0.6671003115091474
54,54_D8,20,4,30,5760,0,15,15,1,1,1,Suite2p-style local neuropil,0.7,0.11154504585028277,0.9878699103644207,16.87732264287147,3.7476123575853633,16.788347516132987,0.155435115990285,16.710437135702463,0.9857637825180557,0.9878699103644207,-0.5800345937410982,0.02695752249823724,0.33940748241212626,-0.8671316650178699,1,1,0.046475714249403444
54,54_D8,21,4,30,5760,0,15,15,1,1,1,Suite2p-style local neuropil,0.7,0.47220788195569335,0.9760969502874687,12.127589726898682,3.9098569688318525,11.100540834500643,0.22567549528655223,10.996561160630533,0.9665433237340234,0.9760969502874687,-1.0178679426511128,-0.5048625561926099,-0.39565612607532086,-0.732864843474494,0,0,0.4960000507704932
54,54_D8,22,4,30,5760,0,15,15,1,1,1,Suite2p-style local neuropil,0.7,0.36610827112890293,0.9758516900399447,15.252510863801747,4.816989136058996,14.364921806698057,0.22107129738813786,14.313418492117165,0.9718780598820475,0.9758516900399447,1.366421874364217,1.2658093651135767,1.5341467433505587,0.14373218483395034,0,0,0.9263678953023691
54,54_D8,23,4,30,5760,0,15,15,1,1,1,Suite2p-style local neuropil,0.7,0.12317778435544208,0.9816836595162491,13.281798030156788,3.6233151097347602,13.211363517246644,0.19096213599694514,13.18110426719056,0.9734043206561577,0.9816836595162491,0.11736921866734806,0.499222201771206,0.8616935809453329,-0.5455042984750537,0,0,4.253433437703837
54,54_D8,24,4,30,5760,0,15,15,1,1,1,Suite2p-style local neuropil,0.7,0.26556486502569077,0.9792598993945179,13.097647958440966,3.7989511067589676,12.65388323819895,0.20303383770503727,12.547620466969251,0.975417647282829,0.9792598993945179,-0.7174230568938784,-0.6758156769805486,-0.6056412047810021,-0.05943931738535568,0,0,0.9420043878802624
54,54_D8,25,4,30,5760,0,15,15,1,1,1,Suite2p-style local neuropil,0.7,0.12300610609529061,0.9868755025992798,13.44092837218017,3.1030312232907784,13.348942296322212,0.1616050444076245,13.276112830533455,0.9839752264553394,0.9868755025992798,0.8677776469124687,1.032043737835354,1.17951061990526,-0.2346660865677727,0,0,1.1892951260203446
54,54_D8,26,4,30,5760,0,15,15,1,1,1,Suite2p-style local neuropil,0.7,0.10854411249760816,0.9894507621715536,14.645706145320213,3.0330581114505004,14.568942967564766,0.14496676498727512,14.496239532692591,0.9883030020316041,0.9894507621715536,-3.7438707927862804,-2.9143068744076626,-2.752849737803141,-1.1850912584198845,0,0,0.7784207917214355
54,54_D8,27,4,30,5760,0,15,15,1,1,1,Suite2p-style local neuropil,0.7,0.12659351056869364,0.9839525521861248,14.990572295095664,3.826366846411295,14.890450823917098,0.17867608547224997,14.814609945063369,0.981322583835931,0.9839525521861248,-2.285416797796886,-2.256380840142568,-2.0863712138599824,-0.04147997564739653,0,0,0.9872951106532255
54,54_D8,28,4,30,5760,0,15,15,1,1,1,Suite2p-style local neuropil,0.7,0.00673734091666116,0.9920416385567744,10.92939627618526,1.9800123898245612,11.007661215519837,0.12681475126122108,10.894444228608695,0.9917757155368429,0.9920416385567744,-1.5480511125591065,-1.409876623087459,-1.394030969010459,-0.1973920106887817,0,0,0.91074293512786
54,54_D8,29,4,30,5760,0,15,15,1,1,1,Suite2p-style local neuropil,0.7,0.07761893611494704,0.9869844144932068,11.855594518395595,2.7332654672581422,11.861471308343653,0.16138252778789453,11.847640179376082,0.9861358686151652,0.9869844144932068,-2.837005735768212,-2.293383112218645,-2.337830256753498,-0.7766037119759456,0,0,0.8083815535585518
54,54_D9,1,3,34,6528,0,,,0,1,0,Suite2p-style local neuropil,0.7,0.10497348046201468,0.9694787956352,18.76759319604337,6.640695349693038,18.85510589968109,0.24768688055195653,18.829954995683334,0.9611557045446867,0.9694787956352,,,,,,,
54,54_D9,2,3,34,6528,0,,,0,1,0,Suite2p-style local neuropil,0.7,0.1359588087280463,0.988427959438309,19.312515396166688,4.185579520033692,19.135606918013245,0.15171020222282386,18.975122743842412,0.9833797308872567,0.988427959438309,,,,,,,
54,54_D9,3,3,34,6528,0,,,0,1,0,Suite2p-style local neuropil,0.7,0.2390881824450805,0.9850304425933458,9.564041387058642,2.3607048980184273,9.308290734060654,0.1727819162159155,9.23010710584352,0.9755981794499555,0.9850304425933458,,,,,,,
54,54_D9,4,3,34,6528,0,,,0,1,0,Suite2p-style local neuropil,0.7,0.5001323217304293,0.9766280345029165,26.630237731801763,8.57827588143757,24.19247230214268,0.22548777007948725,23.91248149633507,0.968427343962773,0.9766280345029165,,,,,,,
54,54_D9,5,3,34,6528,0,,,0,1,0,Suite2p-style local neuropil,0.7,0.1394563014260924,0.9779495696980203,11.2271636249491,3.3578991018713946,11.145122248968548,0.2093609227877243,11.182361020927244,0.9654764593188139,0.9779495696980203,,,,,,,
54,54_D9,6,3,34,6528,0,,,0,1,0,Suite2p-style local neuropil,0.7,0.18701577466808875,0.9783849503144288,9.785093021841359,2.8912709706149777,9.614409693301129,0.20683397507604437,9.527574122514665,0.9680824920090542,0.9783849503144288,,,,,,,
54,54_D9,7,3,34,6528,0,,,0,1,0,Suite2p-style local neuropil,0.7,0.20721372990141387,0.988219670621069,22.968158287057097,5.029191339114615,22.503777949972292,0.15327453895873594,22.431344930178987,0.9814009197639996,0.988219670621069,,,,,,,
54,54_D9,8,3,34,6528,0,,,0,1,0,Suite2p-style local neuropil,0.7,0.3717002871013469,0.9723382346840024,27.05663339326952,9.124169632898212,25.384802341556068,0.23605740394439564,25.14917065924477,0.9725127567824542,0.9723382346840024,,,,,,,
54,54_D9,9,3,34,6528,0,,,0,1,0,Suite2p-style local neuropil,0.7,0.11615736412742471,0.9849573243941246,15.35457708095488,3.7965580890112727,15.275665223297352,0.17308132721057137,15.210231133476382,0.9798193469202178,0.9849573243941246,,,,,,,
54,54_D9,10,3,34,6528,0,,,0,1,0,Suite2p-style local neuropil,0.7,0.3371497891981177,0.9763316565694173,15.227445914751724,4.742345823285214,14.450242595787133,0.21800386247716586,14.294873189305036,0.9694862084731309,0.9763316565694173,,,,,,,
54,54_D9,11,3,34,6528,0,,,0,1,0,Suite2p-style local neuropil,0.7,0.09954264536243959,0.9950717699097573,20.168155103493213,2.856886049387491,20.067987348815787,0.09915732042279925,20.051239318880267,0.995270538161092,0.9950717699097573,,,,,,,
54,54_D9,12,3,34,6528,0,,,0,1,0,Suite2p-style local neuropil,0.7,-0.0054313581752696875,0.9837197473191082,10.704591490713046,2.7964621401421232,10.892557083038703,0.18286764858596188,10.803681260727986,0.9786089201403021,0.9837197473191082,,,,,,,
54,54_D9,13,3,34,6528,0,,,0,1,0,Suite2p-style local neuropil,0.7,0.10289765629402936,0.9909710737411066,21.204272807247193,4.063404134025753,21.102121963995636,0.13414196732157693,20.939547190245243,0.9893523526001288,0.9909710737411066,,,,,,,
54,54_D9,14,3,34,6528,0,,,0,1,0,Suite2p-style local neuropil,0.7,-0.032787191692538166,0.9889424066900424,9.848510941926461,2.121378833818967,10.007861656810885,0.1507806774525152,10.028166553375659,0.9876764111184483,0.9889424066900424,,,,,,,
54,54_D9,15,3,34,6528,0,,,0,1,0,Suite2p-style local neuropil,0.7,0.2514006479842651,0.980513004181893,14.897760373520986,4.187694877875904,14.442243912682791,0.19676691381616093,14.426885933095566,0.9772146866323236,0.980513004181893,,,,,,,
54,54_D9,16,3,34,6528,0,,,0,1,0,Suite2p-style local neuropil,0.7,0.16244008456794842,0.9799299468499393,16.01702820835108,4.564454710452207,15.815429433412321,0.1994825866204886,15.66614630458383,0.9783630674038919,0.9799299468499393,,,,,,,
54,54_D9,17,4,34,6528,0,,,0,1,0,Suite2p-style local neuropil,0.7,-0.15459333773437905,0.9955595330778002,23.950285065604188,3.323672582875807,24.418386424186316,0.09714167368892587,24.283236913555307,0.9947344425927925,0.9955595330778002,,,,,,,
54,54_D9,18,4,34,6528,0,,,0,1,0,Suite2p-style local neuropil,0.7,0.5170775811462897,0.9738461486296125,16.956006070911567,5.78698906173763,15.260501357884714,0.23890604254192116,15.112660253627078,0.9621077116612312,0.9738461486296125,,,,,,,
54,54_D9,19,4,34,6528,0,,,0,1,0,Suite2p-style local neuropil,0.7,0.412706339841904,0.9742220883351402,13.40656349054491,4.406558589077089,12.45458652246421,0.23008065635698674,12.554414996061789,0.9712672373311373,0.9742220883351402,,,,,,,
54,54_D9,20,4,34,6528,0,,,0,1,0,Suite2p-style local neuropil,0.7,0.09959094628430644,0.9837014626782128,11.921925690483395,3.072475256997944,11.901712716980532,0.18040144834567134,11.794437629955159,0.9794357336157732,0.9837014626782128,,,,,,,
54,54_D9,21,4,34,6528,0,,,0,1,0,Suite2p-style local neuropil,0.7,0.1938874279756949,0.9838023055621036,13.485105646404381,3.453665534459405,13.230676485440368,0.17927674406112398,13.11255889986318,0.9768453295022644,0.9838023055621036,,,,,,,
54,54_D9,22,4,34,6528,0,,,0,1,0,Suite2p-style local neuropil,0.7,0.18415800648410274,0.9923435815917322,18.361138164064,3.2457526791378934,18.08116320710707,0.12374106732312712,18.053930198167677,0.9915758976911174,0.9923435815917322,,,,,,,
54,54_D9,23,4,34,6528,0,,,0,1,0,Suite2p-style local neuropil,0.7,0.035378695641720456,0.9848677045649541,13.955701526309246,3.488741904716503,14.08240164197853,0.17499079534367593,13.985870949194112,0.9805406197721689,0.9848677045649541,,,,,,,
54,54_D9,24,4,34,6528,0,,,0,1,0,Suite2p-style local neuropil,0.7,0.04818989536034372,0.9887601489619242,12.965997958383678,2.7837902472218383,13.018417670350049,0.15028948413192258,13.030428211989271,0.9870715632785793,0.9887601489619242,,,,,,,
54,54_D9,25,4,34,6528,0,,,0,1,0,Suite2p-style local neuropil,0.7,0.03931241437658601,0.9894882245986075,18.764318817312365,3.8983308862958355,18.855243952704623,0.14542662606454096,18.79599142234365,0.9879203293940122,0.9894882245986075,,,,,,,
