analysis,condition,AnmID,x,DA_z
outcome_fixed,active,1,-3.0,-0.1357177268374655
outcome_fixed,active,1,-2.9,-0.19702390177600215
outcome_fixed,active,1,-2.8,-0.16563639618066056
outcome_fixed,active,1,-2.6999999999999997,-0.11305579663910607
outcome_fixed,active,1,-2.5999999999999996,-0.12582648859719847
outcome_fixed,active,1,-2.4999999999999996,-0.20682636706862828
outcome_fixed,active,1,-2.3999999999999995,-0.16034435633689717
outcome_fixed,active,1,-2.2999999999999994,-0.16624805247477578
outcome_fixed,active,1,-2.1999999999999993,-0.1248268206177543
outcome_fixed,active,1,-2.099999999999999,-0.15786522831269353
outcome_fixed,active,1,-1.9999999999999991,-0.1027005658078427
outcome_fixed,active,1,-1.899999999999999,-0.015570319794779682
outcome_fixed,active,1,-1.799999999999999,-0.016908617757658978
outcome_fixed,active,1,-1.6999999999999988,0.033865625491346064
outcome_fixed,active,1,-1.5999999999999988,-0.03830150973244613
outcome_fixed,active,1,-1.4999999999999987,-0.027782059246600037
outcome_fixed,active,1,-1.3999999999999986,-0.04064407261333774
outcome_fixed,active,1,-1.2999999999999985,-0.05623363379765301
outcome_fixed,active,1,-1.1999999999999984,-0.04596453196346731
outcome_fixed,active,1,-1.0999999999999983,-0.1483762153678121
outcome_fixed,active,1,-0.9999999999999982,-0.037381000629939404
outcome_fixed,active,1,-0.8999999999999981,-0.06292360212532966
outcome_fixed,active,1,-0.799999999999998,-0.11814041797342585
outcome_fixed,active,1,-0.699999999999998,-0.15614064835232733
outcome_fixed,active,1,-0.5999999999999979,-0.040067077675059695
outcome_fixed,active,1,-0.4999999999999978,0.06322155230608509
outcome_fixed,active,1,-0.3999999999999977,0.025624581368566282
outcome_fixed,active,1,-0.2999999999999976,-0.027210481180205717
outcome_fixed,active,1,-0.1999999999999975,-0.019964218667833072
outcome_fixed,active,1,-0.09999999999999742,0.02184732363806751
outcome_fixed,active,1,2.6645352591003757e-15,0.021288069848553307
outcome_fixed,active,1,0.10000000000000275,0.008393569015138984
outcome_fixed,active,1,0.20000000000000284,0.04038370843136853
outcome_fixed,active,1,0.30000000000000293,0.08334923566616412
outcome_fixed,active,1,0.400000000000003,-0.004447647185592096
outcome_fixed,active,1,0.5000000000000031,0.024839163990167095
outcome_fixed,active,1,0.6000000000000032,0.015755492537811663
outcome_fixed,active,1,0.7000000000000033,-0.02206020572967913
outcome_fixed,active,1,0.8000000000000034,0.006329037834780815
outcome_fixed,active,1,0.9000000000000035,-0.030324797032495274
outcome_fixed,active,1,1.0000000000000036,-0.01612219143905041
outcome_fixed,active,1,1.1000000000000032,0.021043719829548033
outcome_fixed,active,1,1.2000000000000037,0.06909951853611301
outcome_fixed,active,1,1.3000000000000043,0.0034623022361183918
outcome_fixed,active,1,1.400000000000004,-0.04396235595746368
outcome_fixed,active,1,1.5000000000000036,-0.07457249528692624
outcome_fixed,active,1,1.600000000000004,-0.08642767373723995
outcome_fixed,active,1,1.7000000000000046,-0.11801557459754729
outcome_fixed,active,1,1.8000000000000043,-0.14082479276803972
outcome_fixed,active,1,1.900000000000004,-0.1206143243007382
outcome_fixed,active,1,2.0000000000000044,-0.11109431225271398
outcome_fixed,active,1,2.100000000000005,-0.12260569545502369
outcome_fixed,active,1,2.2000000000000046,-0.03976521960679757
outcome_fixed,active,1,2.3000000000000043,-0.047531368826819756
outcome_fixed,active,1,2.400000000000005,-0.08957219210458615
outcome_fixed,active,1,2.5000000000000053,-0.13339653238027993
outcome_fixed,active,1,2.600000000000005,-0.12232426620111886
outcome_fixed,active,1,2.7000000000000046,-0.1688592723464518
outcome_fixed,active,1,2.800000000000005,-0.1906789822441006
outcome_fixed,active,1,2.9000000000000057,-0.15703839047633156
outcome_fixed,active,1,3.0000000000000053,-0.12615691876958768
outcome_fixed,active,1,3.100000000000005,-0.15937904410253642
outcome_fixed,active,1,3.2000000000000055,-0.14109029838290735
outcome_fixed,active,1,3.300000000000006,-0.1950798473556011
outcome_fixed,active,1,3.4000000000000057,-0.2594303429153037
outcome_fixed,active,1,3.5000000000000053,-0.22873216998533974
outcome_fixed,active,1,3.600000000000006,-0.24212532885152788
outcome_fixed,active,1,3.7000000000000064,-0.17570105212310014
outcome_fixed,active,1,3.800000000000006,-0.22240259803453788
outcome_fixed,active,1,3.9000000000000057,-0.1553358969929794
outcome_fixed,active,1,4.000000000000006,-0.24595576881970266
outcome_fixed,active,1,4.100000000000007,-0.2117871640330204
outcome_fixed,active,1,4.200000000000006,-0.25092380437076645
outcome_fixed,active,1,4.300000000000006,-0.2646062531023836
outcome_fixed,active,1,4.400000000000007,-0.2650594141020933
outcome_fixed,active,1,4.500000000000007,-0.12760398159774647
outcome_fixed,active,1,4.600000000000007,-0.05913584045665471
outcome_fixed,active,1,4.700000000000006,-0.050071983518148525
outcome_fixed,active,1,4.800000000000007,-0.003196242060258866
outcome_fixed,active,1,4.9000000000000075,0.03598079322311498
outcome_fixed,active,1,5.000000000000007,0.03292731294800767
outcome_fixed,active,1,5.100000000000007,0.01906273988338285
outcome_fixed,active,1,5.200000000000006,0.007053550737501683
outcome_fixed,active,1,5.300000000000008,-0.051765949771556595
outcome_fixed,active,1,5.4000000000000075,-0.04232049954646712
outcome_fixed,active,1,5.500000000000007,-0.048931838843055284
outcome_fixed,active,1,5.6000000000000085,-0.0760116908537445
outcome_fixed,active,1,5.700000000000008,-0.08968148580088722
outcome_fixed,active,1,5.800000000000008,-0.06602473916514018
outcome_fixed,active,1,5.9000000000000075,-0.022454781754626327
outcome_fixed,active,3,-3.0,0.11572027785311255
outcome_fixed,active,3,-2.9,0.1708778413417546
outcome_fixed,active,3,-2.8,0.21956007760153903
outcome_fixed,active,3,-2.6999999999999997,0.020358512254080606
outcome_fixed,active,3,-2.5999999999999996,-0.048650810476269006
outcome_fixed,active,3,-2.4999999999999996,-0.15017531550875948
outcome_fixed,active,3,-2.3999999999999995,-0.12454260766075574
outcome_fixed,active,3,-2.2999999999999994,-0.06295987690152094
outcome_fixed,active,3,-2.1999999999999993,-0.10347872125416169
outcome_fixed,active,3,-2.099999999999999,-0.10224616684381574
outcome_fixed,active,3,-1.9999999999999991,-0.22646256164870818
outcome_fixed,active,3,-1.899999999999999,-0.3156944207200213
outcome_fixed,active,3,-1.799999999999999,-0.29668976343850095
outcome_fixed,active,3,-1.6999999999999988,-0.41147516785174415
outcome_fixed,active,3,-1.5999999999999988,-0.3135012933283286
outcome_fixed,active,3,-1.4999999999999987,-0.2886991983934584
outcome_fixed,active,3,-1.3999999999999986,-0.17022074852007024
outcome_fixed,active,3,-1.2999999999999985,-0.05656260918606745
outcome_fixed,active,3,-1.1999999999999984,-0.016074585368012602
outcome_fixed,active,3,-1.0999999999999983,0.0626015706609882
outcome_fixed,active,3,-0.9999999999999982,0.09731842341086872
outcome_fixed,active,3,-0.8999999999999981,0.08448514496459808
outcome_fixed,active,3,-0.799999999999998,0.07469947501007444
outcome_fixed,active,3,-0.699999999999998,0.5282594155634124
outcome_fixed,active,3,-0.5999999999999979,0.6301881241473092
outcome_fixed,active,3,-0.4999999999999978,0.6497357480132137
outcome_fixed,active,3,-0.3999999999999977,0.7409203324474907
outcome_fixed,active,3,-0.2999999999999976,0.8877050139998316
outcome_fixed,active,3,-0.1999999999999975,0.8410226284460912
outcome_fixed,active,3,-0.09999999999999742,1.0469958654627611
outcome_fixed,active,3,2.6645352591003757e-15,1.1183550275318908
outcome_fixed,active,3,0.10000000000000275,0.9983753888268535
outcome_fixed,active,3,0.20000000000000284,0.941977303756921
outcome_fixed,active,3,0.30000000000000293,0.8535966637522644
outcome_fixed,active,3,0.400000000000003,0.7675008769450435
outcome_fixed,active,3,0.5000000000000031,0.6652044899860324
outcome_fixed,active,3,0.6000000000000032,0.7249823280333545
outcome_fixed,active,3,0.7000000000000033,0.6249695980880196
outcome_fixed,active,3,0.8000000000000034,0.6212518433057153
outcome_fixed,active,3,0.9000000000000035,0.5869539979451586
outcome_fixed,active,3,1.0000000000000036,0.595965772857873
outcome_fixed,active,3,1.1000000000000032,0.5437493201449223
outcome_fixed,active,3,1.2000000000000037,0.5788089042441169
outcome_fixed,active,3,1.3000000000000043,0.42087615412701707
outcome_fixed,active,3,1.400000000000004,0.4777375931546864
outcome_fixed,active,3,1.5000000000000036,0.5432579032257219
outcome_fixed,active,3,1.600000000000004,0.4643574623633913
outcome_fixed,active,3,1.7000000000000046,0.5133234022832852
outcome_fixed,active,3,1.8000000000000043,0.4654895454729071
outcome_fixed,active,3,1.900000000000004,0.4433396274135627
outcome_fixed,active,3,2.0000000000000044,0.5029654020607065
outcome_fixed,active,3,2.100000000000005,0.496344613751704
outcome_fixed,active,3,2.2000000000000046,0.3910599286038665
outcome_fixed,active,3,2.3000000000000043,0.4691221292445001
outcome_fixed,active,3,2.400000000000005,0.5346791133117088
outcome_fixed,active,3,2.5000000000000053,0.5339628655579799
outcome_fixed,active,3,2.600000000000005,0.6423173554946805
outcome_fixed,active,3,2.7000000000000046,0.5766559530735007
outcome_fixed,active,3,2.800000000000005,0.6690941571671264
outcome_fixed,active,3,2.9000000000000057,0.7611007034046429
outcome_fixed,active,3,3.0000000000000053,0.7324771349027055
outcome_fixed,active,3,3.100000000000005,0.7368342673574745
outcome_fixed,active,3,3.2000000000000055,0.7327389495484842
outcome_fixed,active,3,3.300000000000006,0.6512769449822747
outcome_fixed,active,3,3.4000000000000057,0.5560972339156336
outcome_fixed,active,3,3.5000000000000053,0.5585002748902079
outcome_fixed,active,3,3.600000000000006,0.5377583139487715
outcome_fixed,active,3,3.7000000000000064,0.39750559371536137
outcome_fixed,active,3,3.800000000000006,0.3828612787185199
outcome_fixed,active,3,3.9000000000000057,0.2797493578636296
outcome_fixed,active,3,4.000000000000006,0.3283793207830823
outcome_fixed,active,3,4.100000000000007,0.2787442102528845
outcome_fixed,active,3,4.200000000000006,0.14457959160768197
outcome_fixed,active,3,4.300000000000006,0.1743064001794787
outcome_fixed,active,3,4.400000000000007,0.1404143305978275
outcome_fixed,active,3,4.500000000000007,0.14722759568212898
outcome_fixed,active,3,4.600000000000007,0.09210959214809827
outcome_fixed,active,3,4.700000000000006,0.08150469127125935
outcome_fixed,active,3,4.800000000000007,0.08151738043644521
outcome_fixed,active,3,4.9000000000000075,0.1024020020179424
outcome_fixed,active,3,5.000000000000007,0.19733850407901668
outcome_fixed,active,3,5.100000000000007,0.19062219475366668
outcome_fixed,active,3,5.200000000000006,0.09430364270523973
outcome_fixed,active,3,5.300000000000008,0.07988189906163225
outcome_fixed,active,3,5.4000000000000075,0.09191411110427061
outcome_fixed,active,3,5.500000000000007,0.0047285417154544285
outcome_fixed,active,3,5.6000000000000085,0.03557764479433092
outcome_fixed,active,3,5.700000000000008,0.02027918847508076
outcome_fixed,active,3,5.800000000000008,-0.066736082332507
outcome_fixed,active,3,5.9000000000000075,-0.08603803270617308
outcome_fixed,active,4,-3.0,-0.17097011283695665
outcome_fixed,active,4,-2.9,-0.11561046688005219
outcome_fixed,active,4,-2.8,-0.09403921380531535
outcome_fixed,active,4,-2.6999999999999997,0.05702077136798671
outcome_fixed,active,4,-2.5999999999999996,0.21309428070659947
outcome_fixed,active,4,-2.4999999999999996,0.03633986962113026
outcome_fixed,active,4,-2.3999999999999995,-0.0618779232481419
outcome_fixed,active,4,-2.2999999999999994,0.012822219526423782
outcome_fixed,active,4,-2.1999999999999993,0.06876574045839118
outcome_fixed,active,4,-2.099999999999999,-0.0016182812855223847
outcome_fixed,active,4,-1.9999999999999991,-0.04188028481989015
outcome_fixed,active,4,-1.899999999999999,0.0034469293891675064
outcome_fixed,active,4,-1.799999999999999,-0.1252891651221396
outcome_fixed,active,4,-1.6999999999999988,-0.16042383920455427
outcome_fixed,active,4,-1.5999999999999988,-0.18738192601134857
outcome_fixed,active,4,-1.4999999999999987,-0.21234448261232955
outcome_fixed,active,4,-1.3999999999999986,-0.244297230997916
outcome_fixed,active,4,-1.2999999999999985,-0.24665308562460686
outcome_fixed,active,4,-1.1999999999999984,-0.09977273622792723
outcome_fixed,active,4,-1.0999999999999983,-0.024558620341929235
outcome_fixed,active,4,-0.9999999999999982,0.04484074647338572
outcome_fixed,active,4,-0.8999999999999981,0.12394612795523073
outcome_fixed,active,4,-0.799999999999998,0.18672890075427992
outcome_fixed,active,4,-0.699999999999998,0.3030316107419664
outcome_fixed,active,4,-0.5999999999999979,0.5077868772478721
outcome_fixed,active,4,-0.4999999999999978,0.5466903174663368
outcome_fixed,active,4,-0.3999999999999977,0.4106684384596033
outcome_fixed,active,4,-0.2999999999999976,0.26481666387601377
outcome_fixed,active,4,-0.1999999999999975,0.21886594779888244
outcome_fixed,active,4,-0.09999999999999742,0.2782958635502726
outcome_fixed,active,4,2.6645352591003757e-15,0.21630693334697954
outcome_fixed,active,4,0.10000000000000275,0.2595135899385673
outcome_fixed,active,4,0.20000000000000284,0.43998179197496784
outcome_fixed,active,4,0.30000000000000293,0.3683434754105884
outcome_fixed,active,4,0.400000000000003,0.279290549370338
outcome_fixed,active,4,0.5000000000000031,0.18181398139989657
outcome_fixed,active,4,0.6000000000000032,0.06840648017346271
outcome_fixed,active,4,0.7000000000000033,-0.01959288445059521
outcome_fixed,active,4,0.8000000000000034,-0.1435876136710493
outcome_fixed,active,4,0.9000000000000035,-0.1384247182184636
outcome_fixed,active,4,1.0000000000000036,-0.20766046176859823
outcome_fixed,active,4,1.1000000000000032,-0.13328467209204165
outcome_fixed,active,4,1.2000000000000037,-0.18865425080808548
outcome_fixed,active,4,1.3000000000000043,-0.26301483462883096
outcome_fixed,active,4,1.400000000000004,-0.32718493336673016
outcome_fixed,active,4,1.5000000000000036,-0.3738512858387936
outcome_fixed,active,4,1.600000000000004,-0.4166327281778978
outcome_fixed,active,4,1.7000000000000046,-0.4024095682808837
outcome_fixed,active,4,1.8000000000000043,-0.35067253159739986
outcome_fixed,active,4,1.900000000000004,-0.27697638695737287
outcome_fixed,active,4,2.0000000000000044,-0.17933583708779052
outcome_fixed,active,4,2.100000000000005,-0.18540113774276593
outcome_fixed,active,4,2.2000000000000046,-0.18876905762216614
outcome_fixed,active,4,2.3000000000000043,-0.2893132519977996
outcome_fixed,active,4,2.400000000000005,-0.36065359856761187
outcome_fixed,active,4,2.5000000000000053,-0.48684274077600387
outcome_fixed,active,4,2.600000000000005,-0.4530268200267567
outcome_fixed,active,4,2.7000000000000046,-0.3767577883188952
outcome_fixed,active,4,2.800000000000005,-0.3264281038364795
outcome_fixed,active,4,2.9000000000000057,-0.3352806384662974
outcome_fixed,active,4,3.0000000000000053,-0.31137588892970974
outcome_fixed,active,4,3.100000000000005,-0.4393200234539604
outcome_fixed,active,4,3.2000000000000055,-0.3686401221689454
outcome_fixed,active,4,3.300000000000006,-0.3166845137991887
outcome_fixed,active,4,3.4000000000000057,-0.27233156999107894
outcome_fixed,active,4,3.5000000000000053,-0.2543905584952716
outcome_fixed,active,4,3.600000000000006,-0.13451964069007966
outcome_fixed,active,4,3.7000000000000064,0.001025342999300889
outcome_fixed,active,4,3.800000000000006,0.05049203918382698
outcome_fixed,active,4,3.9000000000000057,0.07878192725140688
outcome_fixed,active,4,4.000000000000006,0.026604201316285592
outcome_fixed,active,4,4.100000000000007,-0.00920539156005777
outcome_fixed,active,4,4.200000000000006,0.05781083460135184
outcome_fixed,active,4,4.300000000000006,0.017518626134225952
outcome_fixed,active,4,4.400000000000007,0.032777275092078825
outcome_fixed,active,4,4.500000000000007,-0.03877525536627331
outcome_fixed,active,4,4.600000000000007,-0.17612332452947926
outcome_fixed,active,4,4.700000000000006,-0.14429216751360213
outcome_fixed,active,4,4.800000000000007,-0.2700326568931706
outcome_fixed,active,4,4.9000000000000075,-0.21223886106172205
outcome_fixed,active,4,5.000000000000007,-0.07826914933726402
outcome_fixed,active,4,5.100000000000007,0.017132952576729733
outcome_fixed,active,4,5.200000000000006,0.2464352201753715
outcome_fixed,active,4,5.300000000000008,0.16470130040508973
outcome_fixed,active,4,5.4000000000000075,0.1750074467210082
outcome_fixed,active,4,5.500000000000007,0.128874437556965
outcome_fixed,active,4,5.6000000000000085,0.23153407650407268
outcome_fixed,active,4,5.700000000000008,0.14151883200626073
outcome_fixed,active,4,5.800000000000008,-0.0017578401341018359
outcome_fixed,active,4,5.9000000000000075,-0.001096818681129832
outcome_fixed,active,5,-3.0,-0.35199792219256604
outcome_fixed,active,5,-2.9,-0.29584548816736583
outcome_fixed,active,5,-2.8,-0.3234641389732171
outcome_fixed,active,5,-2.6999999999999997,-0.39741693924819954
outcome_fixed,active,5,-2.5999999999999996,-0.44643148200399924
outcome_fixed,active,5,-2.4999999999999996,-0.5154014759398309
outcome_fixed,active,5,-2.3999999999999995,-0.5266486443963215
outcome_fixed,active,5,-2.2999999999999994,-0.5086572290818283
outcome_fixed,active,5,-2.1999999999999993,-0.5356645256306015
outcome_fixed,active,5,-2.099999999999999,-0.5510533225567777
outcome_fixed,active,5,-1.9999999999999991,-0.5364126990558095
outcome_fixed,active,5,-1.899999999999999,-0.5240780653843846
outcome_fixed,active,5,-1.799999999999999,-0.519830671223717
outcome_fixed,active,5,-1.6999999999999988,-0.5117324647197168
outcome_fixed,active,5,-1.5999999999999988,-0.5384781469898025
outcome_fixed,active,5,-1.4999999999999987,-0.5899820328939137
outcome_fixed,active,5,-1.3999999999999986,-0.6274295099598738
outcome_fixed,active,5,-1.2999999999999985,-0.6822254049237058
outcome_fixed,active,5,-1.1999999999999984,-0.6307664075206546
outcome_fixed,active,5,-1.0999999999999983,-0.5216883687116979
outcome_fixed,active,5,-0.9999999999999982,-0.5149326289818728
outcome_fixed,active,5,-0.8999999999999981,-0.5047603109863831
outcome_fixed,active,5,-0.799999999999998,-0.4206060237384044
outcome_fixed,active,5,-0.699999999999998,-0.34183395999031596
outcome_fixed,active,5,-0.5999999999999979,-0.21891879483008547
outcome_fixed,active,5,-0.4999999999999978,-0.09526504095253503
outcome_fixed,active,5,-0.3999999999999977,0.019263867603245905
outcome_fixed,active,5,-0.2999999999999976,0.17140233938631486
outcome_fixed,active,5,-0.1999999999999975,0.6435913663760457
outcome_fixed,active,5,-0.09999999999999742,0.9290778236735724
outcome_fixed,active,5,2.6645352591003757e-15,0.8817711738279382
outcome_fixed,active,5,0.10000000000000275,0.7974310894805947
outcome_fixed,active,5,0.20000000000000284,0.527382892739163
outcome_fixed,active,5,0.30000000000000293,0.33073745909135077
outcome_fixed,active,5,0.400000000000003,0.2884732377738483
outcome_fixed,active,5,0.5000000000000031,0.28478242866663056
outcome_fixed,active,5,0.6000000000000032,0.24238459685418082
outcome_fixed,active,5,0.7000000000000033,0.0909542975320469
outcome_fixed,active,5,0.8000000000000034,0.12620673576404937
outcome_fixed,active,5,0.9000000000000035,0.18508808332410043
outcome_fixed,active,5,1.0000000000000036,0.15050500546537227
outcome_fixed,active,5,1.1000000000000032,0.10005037760753613
outcome_fixed,active,5,1.2000000000000037,0.028429299288534392
outcome_fixed,active,5,1.3000000000000043,-0.07577141638329975
outcome_fixed,active,5,1.400000000000004,-0.052481919233607795
outcome_fixed,active,5,1.5000000000000036,-0.003752710154609301
outcome_fixed,active,5,1.600000000000004,0.09301754157040365
outcome_fixed,active,5,1.7000000000000046,0.08358311578525456
outcome_fixed,active,5,1.8000000000000043,0.15134661744903474
outcome_fixed,active,5,1.900000000000004,0.14989001418248432
outcome_fixed,active,5,2.0000000000000044,0.18051253781627383
outcome_fixed,active,5,2.100000000000005,0.21799509087133925
outcome_fixed,active,5,2.2000000000000046,0.2701115686551931
outcome_fixed,active,5,2.3000000000000043,0.2462820098129233
outcome_fixed,active,5,2.400000000000005,0.28024143148474523
outcome_fixed,active,5,2.5000000000000053,0.18080490882704328
outcome_fixed,active,5,2.600000000000005,0.18382042615898778
outcome_fixed,active,5,2.7000000000000046,0.15785873409267745
outcome_fixed,active,5,2.800000000000005,0.024132304453038763
outcome_fixed,active,5,2.9000000000000057,0.04685466952882854
outcome_fixed,active,5,3.0000000000000053,-0.029228499745033533
outcome_fixed,active,5,3.100000000000005,-0.012759304426491128
outcome_fixed,active,5,3.2000000000000055,0.0982318406251501
outcome_fixed,active,5,3.300000000000006,0.11572834545951614
outcome_fixed,active,5,3.4000000000000057,0.15817809083012885
outcome_fixed,active,5,3.5000000000000053,0.14578609221190492
outcome_fixed,active,5,3.600000000000006,0.1786900843460128
outcome_fixed,active,5,3.7000000000000064,0.1471389040086952
outcome_fixed,active,5,3.800000000000006,0.08765869666596611
outcome_fixed,active,5,3.9000000000000057,0.14155237493156356
outcome_fixed,active,5,4.000000000000006,0.15678769887563568
outcome_fixed,active,5,4.100000000000007,0.17027917678539684
outcome_fixed,active,5,4.200000000000006,0.12054385308795369
outcome_fixed,active,5,4.300000000000006,0.10262287582462848
outcome_fixed,active,5,4.400000000000007,0.03487768713199398
outcome_fixed,active,5,4.500000000000007,0.041761131325367455
outcome_fixed,active,5,4.600000000000007,0.10272841926231004
outcome_fixed,active,5,4.700000000000006,0.1444904380434248
outcome_fixed,active,5,4.800000000000007,0.1305891008466119
outcome_fixed,active,5,4.9000000000000075,0.07917128230393108
outcome_fixed,active,5,5.000000000000007,0.1264692618442009
outcome_fixed,active,5,5.100000000000007,0.15533487671560767
outcome_fixed,active,5,5.200000000000006,0.12068505248112037
outcome_fixed,active,5,5.300000000000008,0.16975096060547892
outcome_fixed,active,5,5.4000000000000075,0.2382445136686326
outcome_fixed,active,5,5.500000000000007,0.21559409450165273
outcome_fixed,active,5,5.6000000000000085,0.1436891883824866
outcome_fixed,active,5,5.700000000000008,0.08222401344655994
outcome_fixed,active,5,5.800000000000008,0.1300961425710048
outcome_fixed,active,5,5.9000000000000075,0.13674411752651328
outcome_fixed,active,6,-3.0,-0.12447988171790918
outcome_fixed,active,6,-2.9,-0.020748591861612868
outcome_fixed,active,6,-2.8,-0.0067816231400153375
outcome_fixed,active,6,-2.6999999999999997,-0.04860518557422998
outcome_fixed,active,6,-2.5999999999999996,-0.1042579701316207
outcome_fixed,active,6,-2.4999999999999996,-0.15964601884615498
outcome_fixed,active,6,-2.3999999999999995,-0.11330580131499152
outcome_fixed,active,6,-2.2999999999999994,-0.22899369883839932
outcome_fixed,active,6,-2.1999999999999993,-0.1429628255662928
outcome_fixed,active,6,-2.099999999999999,-0.1651108529005409
outcome_fixed,active,6,-1.9999999999999991,-0.055389499121311414
outcome_fixed,active,6,-1.899999999999999,-0.0721102736521566
outcome_fixed,active,6,-1.799999999999999,0.03110858312807589
outcome_fixed,active,6,-1.6999999999999988,0.041306305908355705
outcome_fixed,active,6,-1.5999999999999988,0.04861913380293043
outcome_fixed,active,6,-1.4999999999999987,0.0611437720160418
outcome_fixed,active,6,-1.3999999999999986,0.029434736285076882
outcome_fixed,active,6,-1.2999999999999985,0.03904456880484917
outcome_fixed,active,6,-1.1999999999999984,0.1723301720966954
outcome_fixed,active,6,-1.0999999999999983,0.29152837551903993
outcome_fixed,active,6,-0.9999999999999982,0.3126462926302628
outcome_fixed,active,6,-0.8999999999999981,0.303103928282607
outcome_fixed,active,6,-0.799999999999998,0.3926191060360138
outcome_fixed,active,6,-0.699999999999998,0.428340582166288
outcome_fixed,active,6,-0.5999999999999979,0.4493611728428922
outcome_fixed,active,6,-0.4999999999999978,0.39557959942493537
outcome_fixed,active,6,-0.3999999999999977,0.2615956313405181
outcome_fixed,active,6,-0.2999999999999976,0.282571269148284
outcome_fixed,active,6,-0.1999999999999975,0.33481726708707793
outcome_fixed,active,6,-0.09999999999999742,0.6364063464364086
outcome_fixed,active,6,2.6645352591003757e-15,0.777468650796041
outcome_fixed,active,6,0.10000000000000275,0.7987180826258845
outcome_fixed,active,6,0.20000000000000284,0.8454329695266759
outcome_fixed,active,6,0.30000000000000293,0.7057020018503449
outcome_fixed,active,6,0.400000000000003,0.6640879273007333
outcome_fixed,active,6,0.5000000000000031,0.5566293423711669
outcome_fixed,active,6,0.6000000000000032,0.4409466347470267
outcome_fixed,active,6,0.7000000000000033,0.43928925658495144
outcome_fixed,active,6,0.8000000000000034,0.32953047302349847
outcome_fixed,active,6,0.9000000000000035,0.2570358299511236
outcome_fixed,active,6,1.0000000000000036,0.26730518362639
outcome_fixed,active,6,1.1000000000000032,0.3158255385862554
outcome_fixed,active,6,1.2000000000000037,0.23044760519364388
outcome_fixed,active,6,1.3000000000000043,0.23573747609509507
outcome_fixed,active,6,1.400000000000004,0.26541206631954617
outcome_fixed,active,6,1.5000000000000036,0.3338643976690219
outcome_fixed,active,6,1.600000000000004,0.21654062838604496
outcome_fixed,active,6,1.7000000000000046,0.013778603348078676
outcome_fixed,active,6,1.8000000000000043,-0.10476620126825777
outcome_fixed,active,6,1.900000000000004,-0.05725940926976942
outcome_fixed,active,6,2.0000000000000044,-0.12635507080317232
outcome_fixed,active,6,2.100000000000005,-0.1031654564479081
outcome_fixed,active,6,2.2000000000000046,-0.08392696609977494
outcome_fixed,active,6,2.3000000000000043,-0.06564450009165998
outcome_fixed,active,6,2.400000000000005,-0.08534722809360179
outcome_fixed,active,6,2.5000000000000053,-0.07644823667501598
outcome_fixed,active,6,2.600000000000005,-0.01614869650262348
outcome_fixed,active,6,2.7000000000000046,-0.07324903060095597
outcome_fixed,active,6,2.800000000000005,-0.09768949506312379
outcome_fixed,active,6,2.9000000000000057,-0.015375822355031092
outcome_fixed,active,6,3.0000000000000053,-0.06712046692140267
outcome_fixed,active,6,3.100000000000005,-0.1321822315709931
outcome_fixed,active,6,3.2000000000000055,-0.08414406105182105
outcome_fixed,active,6,3.300000000000006,-0.10476710294309413
outcome_fixed,active,6,3.4000000000000057,-0.07405068003544504
outcome_fixed,active,6,3.5000000000000053,-0.14331994065932138
outcome_fixed,active,6,3.600000000000006,-0.019079161710265857
outcome_fixed,active,6,3.7000000000000064,-0.03873680179239962
outcome_fixed,active,6,3.800000000000006,0.028853244903647567
outcome_fixed,active,6,3.9000000000000057,0.03721250810029705
outcome_fixed,active,6,4.000000000000006,0.03194182396503027
outcome_fixed,active,6,4.100000000000007,0.08008613063145648
outcome_fixed,active,6,4.200000000000006,0.04234351403443847
outcome_fixed,active,6,4.300000000000006,0.028268685913023554
outcome_fixed,active,6,4.400000000000007,0.16780491385051155
outcome_fixed,active,6,4.500000000000007,0.09171223998457047
outcome_fixed,active,6,4.600000000000007,0.04217500740627927
outcome_fixed,active,6,4.700000000000006,0.10579976530287252
outcome_fixed,active,6,4.800000000000007,0.06790606939950028
outcome_fixed,active,6,4.9000000000000075,0.0984222675260629
outcome_fixed,active,6,5.000000000000007,0.1602348863440743
outcome_fixed,active,6,5.100000000000007,0.12334795205621234
outcome_fixed,active,6,5.200000000000006,0.16934231412733933
outcome_fixed,active,6,5.300000000000008,0.2258148203060679
outcome_fixed,active,6,5.4000000000000075,0.09231377588905931
outcome_fixed,active,6,5.500000000000007,0.1639522586852845
outcome_fixed,active,6,5.6000000000000085,0.24414979135773496
outcome_fixed,active,6,5.700000000000008,0.13599000475770973
outcome_fixed,active,6,5.800000000000008,0.1912051310551514
outcome_fixed,active,6,5.9000000000000075,0.20168815918499403
outcome_fixed,active,18,-3.0,0.06521864614506233
outcome_fixed,active,18,-2.9,0.05092205501681296
outcome_fixed,active,18,-2.8,0.11630764845214997
outcome_fixed,active,18,-2.6999999999999997,0.15488896124572768
outcome_fixed,active,18,-2.5999999999999996,0.2036806833667485
outcome_fixed,active,18,-2.4999999999999996,0.3614271317692449
outcome_fixed,active,18,-2.3999999999999995,0.3590451116301767
outcome_fixed,active,18,-2.2999999999999994,0.28219813294242113
outcome_fixed,active,18,-2.1999999999999993,0.3385714370809643
outcome_fixed,active,18,-2.099999999999999,0.4073827003689075
outcome_fixed,active,18,-1.9999999999999991,0.3315991214115851
outcome_fixed,active,18,-1.899999999999999,0.3173412549642015
outcome_fixed,active,18,-1.799999999999999,0.3695288764601111
outcome_fixed,active,18,-1.6999999999999988,0.46670379701547526
outcome_fixed,active,18,-1.5999999999999988,0.5693671071854134
outcome_fixed,active,18,-1.4999999999999987,0.673882202835466
outcome_fixed,active,18,-1.3999999999999986,0.6718183208972572
outcome_fixed,active,18,-1.2999999999999985,0.6475906731279902
outcome_fixed,active,18,-1.1999999999999984,0.6047588425672195
outcome_fixed,active,18,-1.0999999999999983,0.5924196289660479
outcome_fixed,active,18,-0.9999999999999982,0.4692378102179259
outcome_fixed,active,18,-0.8999999999999981,0.3443084289823125
outcome_fixed,active,18,-0.799999999999998,0.23024287832149934
outcome_fixed,active,18,-0.699999999999998,0.17762638601819863
outcome_fixed,active,18,-0.5999999999999979,0.23793116740379172
outcome_fixed,active,18,-0.4999999999999978,0.18919096181455392
outcome_fixed,active,18,-0.3999999999999977,0.11958358921085346
outcome_fixed,active,18,-0.2999999999999976,0.1376864113388844
outcome_fixed,active,18,-0.1999999999999975,0.03041757760556832
outcome_fixed,active,18,-0.09999999999999742,0.004877636694125775
outcome_fixed,active,18,2.6645352591003757e-15,0.16987820139727486
outcome_fixed,active,18,0.10000000000000275,0.45291293138309163
outcome_fixed,active,18,0.20000000000000284,0.5594235838823782
outcome_fixed,active,18,0.30000000000000293,0.5003806905934323
outcome_fixed,active,18,0.400000000000003,0.4728692730536585
outcome_fixed,active,18,0.5000000000000031,0.40873498111247386
outcome_fixed,active,18,0.6000000000000032,0.3302371061000504
outcome_fixed,active,18,0.7000000000000033,0.30711613627927364
outcome_fixed,active,18,0.8000000000000034,0.17502777850812318
outcome_fixed,active,18,0.9000000000000035,0.14706697339459157
outcome_fixed,active,18,1.0000000000000036,0.10202698878537801
outcome_fixed,active,18,1.1000000000000032,0.07302472881647196
outcome_fixed,active,18,1.2000000000000037,0.06228382619351748
outcome_fixed,active,18,1.3000000000000043,-0.0062198130837322835
outcome_fixed,active,18,1.400000000000004,-0.03157459008996169
outcome_fixed,active,18,1.5000000000000036,-0.016096904782498946
outcome_fixed,active,18,1.600000000000004,-6.406046961149325e-05
outcome_fixed,active,18,1.7000000000000046,0.0037669798125729245
outcome_fixed,active,18,1.8000000000000043,0.0019483114306800863
outcome_fixed,active,18,1.900000000000004,0.013055012238383417
outcome_fixed,active,18,2.0000000000000044,-0.018595667205541566
outcome_fixed,active,18,2.100000000000005,-0.05407434668817674
outcome_fixed,active,18,2.2000000000000046,-0.0324708906242615
outcome_fixed,active,18,2.3000000000000043,0.011983426107488206
outcome_fixed,active,18,2.400000000000005,-0.05491573614763282
outcome_fixed,active,18,2.5000000000000053,-0.1518025630444681
outcome_fixed,active,18,2.600000000000005,-0.17624953901763166
outcome_fixed,active,18,2.7000000000000046,-0.14103983641328574
outcome_fixed,active,18,2.800000000000005,-0.11902967754048491
outcome_fixed,active,18,2.9000000000000057,-0.0935846519310849
outcome_fixed,active,18,3.0000000000000053,-0.046091552572499174
outcome_fixed,active,18,3.100000000000005,-0.08371296189863911
outcome_fixed,active,18,3.2000000000000055,-0.070166499103821
outcome_fixed,active,18,3.300000000000006,-0.1160077631563475
outcome_fixed,active,18,3.4000000000000057,-0.15851385947631075
outcome_fixed,active,18,3.5000000000000053,-0.1703706504407865
outcome_fixed,active,18,3.600000000000006,-0.10960754427291122
outcome_fixed,active,18,3.7000000000000064,-0.1447790808414238
outcome_fixed,active,18,3.800000000000006,-0.16403648995817444
outcome_fixed,active,18,3.9000000000000057,-0.19762504788627655
outcome_fixed,active,18,4.000000000000006,-0.27493288163192203
outcome_fixed,active,18,4.100000000000007,-0.2407067540498419
outcome_fixed,active,18,4.200000000000006,-0.20170199391649968
outcome_fixed,active,18,4.300000000000006,-0.1615102420025599
outcome_fixed,active,18,4.400000000000007,-0.2615271755912606
outcome_fixed,active,18,4.500000000000007,-0.2435419772428404
outcome_fixed,active,18,4.600000000000007,-0.16768392303262625
outcome_fixed,active,18,4.700000000000006,-0.14121288378062358
outcome_fixed,active,18,4.800000000000007,-0.02891435753998813
outcome_fixed,active,18,4.9000000000000075,0.011121770496155262
outcome_fixed,active,18,5.000000000000007,0.0025287019651907524
outcome_fixed,active,18,5.100000000000007,-0.02864888260371383
outcome_fixed,active,18,5.200000000000006,-0.013647455523918727
outcome_fixed,active,18,5.300000000000008,0.027792515373189646
outcome_fixed,active,18,5.4000000000000075,0.08344799225621555
outcome_fixed,active,18,5.500000000000007,0.0855502083513614
outcome_fixed,active,18,5.6000000000000085,0.113748008652522
outcome_fixed,active,18,5.700000000000008,0.16379192167156006
outcome_fixed,active,18,5.800000000000008,0.14161723568859771
outcome_fixed,active,18,5.9000000000000075,0.10910574167818268
outcome_fixed,active,19,-3.0,0.4253757394222582
outcome_fixed,active,19,-2.9,0.39057241640518353
outcome_fixed,active,19,-2.8,0.3782818214765116
outcome_fixed,active,19,-2.6999999999999997,0.3772293748022732
outcome_fixed,active,19,-2.5999999999999996,0.352556475333454
outcome_fixed,active,19,-2.4999999999999996,0.3344622624945828
outcome_fixed,active,19,-2.3999999999999995,0.39206575295098256
outcome_fixed,active,19,-2.2999999999999994,0.47203350840696473
outcome_fixed,active,19,-2.1999999999999993,0.49513570679080243
outcome_fixed,active,19,-2.099999999999999,0.3551601343802189
outcome_fixed,active,19,-1.9999999999999991,0.5086004932779653
outcome_fixed,active,19,-1.899999999999999,0.40034826421441094
outcome_fixed,active,19,-1.799999999999999,0.4080011944901108
outcome_fixed,active,19,-1.6999999999999988,0.44740097568479836
outcome_fixed,active,19,-1.5999999999999988,0.3262342509572947
outcome_fixed,active,19,-1.4999999999999987,0.4298517106559898
outcome_fixed,active,19,-1.3999999999999986,0.39124903209837014
outcome_fixed,active,19,-1.2999999999999985,0.5674866731736098
outcome_fixed,active,19,-1.1999999999999984,0.7457251873932561
outcome_fixed,active,19,-1.0999999999999983,0.7151335322659147
outcome_fixed,active,19,-0.9999999999999982,0.7223976499432979
outcome_fixed,active,19,-0.8999999999999981,0.5959187710003759
outcome_fixed,active,19,-0.799999999999998,0.5932249411313388
outcome_fixed,active,19,-0.699999999999998,0.7776437364268635
outcome_fixed,active,19,-0.5999999999999979,0.7037868661853892
outcome_fixed,active,19,-0.4999999999999978,0.6364495472522611
outcome_fixed,active,19,-0.3999999999999977,0.45103109818585824
outcome_fixed,active,19,-0.2999999999999976,0.48479013361175843
outcome_fixed,active,19,-0.1999999999999975,0.4598725030918937
outcome_fixed,active,19,-0.09999999999999742,0.4373146552186212
outcome_fixed,active,19,2.6645352591003757e-15,0.7386117399828415
outcome_fixed,active,19,0.10000000000000275,0.9393562354390967
outcome_fixed,active,19,0.20000000000000284,0.8409404788043924
outcome_fixed,active,19,0.30000000000000293,0.813518056069848
outcome_fixed,active,19,0.400000000000003,0.7535861408682071
outcome_fixed,active,19,0.5000000000000031,0.6934889427320927
outcome_fixed,active,19,0.6000000000000032,0.5130267655973056
outcome_fixed,active,19,0.7000000000000033,0.5661807475154379
outcome_fixed,active,19,0.8000000000000034,0.5349229462447265
outcome_fixed,active,19,0.9000000000000035,0.5097212065808256
outcome_fixed,active,19,1.0000000000000036,0.4632963247865734
outcome_fixed,active,19,1.1000000000000032,0.3306156226984251
outcome_fixed,active,19,1.2000000000000037,0.3091156101791801
outcome_fixed,active,19,1.3000000000000043,0.3014048635440059
outcome_fixed,active,19,1.400000000000004,0.320286571317964
outcome_fixed,active,19,1.5000000000000036,0.40866454554162446
outcome_fixed,active,19,1.600000000000004,0.4631873169495935
outcome_fixed,active,19,1.7000000000000046,0.44616919429663154
outcome_fixed,active,19,1.8000000000000043,0.6394014803582467
outcome_fixed,active,19,1.900000000000004,0.8186162461641179
outcome_fixed,active,19,2.0000000000000044,0.9157786996524481
outcome_fixed,active,19,2.100000000000005,0.8943630339504879
outcome_fixed,active,19,2.2000000000000046,0.7132255400619498
outcome_fixed,active,19,2.3000000000000043,0.7273880078068272
outcome_fixed,active,19,2.400000000000005,0.6702126404912813
outcome_fixed,active,19,2.5000000000000053,0.92562103101427
outcome_fixed,active,19,2.600000000000005,0.9621449688740579
outcome_fixed,active,19,2.7000000000000046,0.9991428076392453
outcome_fixed,active,19,2.800000000000005,0.9666696803227772
outcome_fixed,active,19,2.9000000000000057,1.051582829014255
outcome_fixed,active,19,3.0000000000000053,0.8863463202602396
outcome_fixed,active,19,3.100000000000005,0.8703491250967534
outcome_fixed,active,19,3.2000000000000055,0.6127713501158931
outcome_fixed,active,19,3.300000000000006,0.5321392926698806
outcome_fixed,active,19,3.4000000000000057,0.6820733023616606
outcome_fixed,active,19,3.5000000000000053,0.7442986570281281
outcome_fixed,active,19,3.600000000000006,0.7604422610452325
outcome_fixed,active,19,3.7000000000000064,0.7383591323994327
outcome_fixed,active,19,3.800000000000006,0.7155269074701384
outcome_fixed,active,19,3.9000000000000057,0.7393815354098149
outcome_fixed,active,19,4.000000000000006,0.7051216536259725
outcome_fixed,active,19,4.100000000000007,0.7756016176664655
outcome_fixed,active,19,4.200000000000006,0.7361426801083121
outcome_fixed,active,19,4.300000000000006,0.7378627575500923
outcome_fixed,active,19,4.400000000000007,0.682120893916637
outcome_fixed,active,19,4.500000000000007,0.6314274377529411
outcome_fixed,active,19,4.600000000000007,0.5664821735052111
outcome_fixed,active,19,4.700000000000006,0.49036088936229394
outcome_fixed,active,19,4.800000000000007,0.494191243221932
outcome_fixed,active,19,4.9000000000000075,0.4462908238771586
outcome_fixed,active,19,5.000000000000007,0.32682234465028764
outcome_fixed,active,19,5.100000000000007,0.4299362093226366
outcome_fixed,active,19,5.200000000000006,0.4948372434321396
outcome_fixed,active,19,5.300000000000008,0.5531155287674723
outcome_fixed,active,19,5.4000000000000075,0.6679947850449883
outcome_fixed,active,19,5.500000000000007,0.6645504134200938
outcome_fixed,active,19,5.6000000000000085,0.5283228210145879
outcome_fixed,active,19,5.700000000000008,0.4923957755669777
outcome_fixed,active,19,5.800000000000008,0.5519577227842255
outcome_fixed,active,19,5.9000000000000075,0.457407262839938
outcome_fixed,active,27,-3.0,-0.06626479992117265
outcome_fixed,active,27,-2.9,-0.04831992201602329
outcome_fixed,active,27,-2.8,-0.01980607106784848
outcome_fixed,active,27,-2.6999999999999997,-0.020801396586647876
outcome_fixed,active,27,-2.5999999999999996,-0.0971674335178923
outcome_fixed,active,27,-2.4999999999999996,-0.1471754086841721
outcome_fixed,active,27,-2.3999999999999995,-0.09053684184602709
outcome_fixed,active,27,-2.2999999999999994,-0.12731956972740346
outcome_fixed,active,27,-2.1999999999999993,-0.06518288289720595
outcome_fixed,active,27,-2.099999999999999,0.056985747143437446
outcome_fixed,active,27,-1.9999999999999991,0.023788432408409024
outcome_fixed,active,27,-1.899999999999999,-0.039591381246325094
outcome_fixed,active,27,-1.799999999999999,-0.042056462553740286
outcome_fixed,active,27,-1.6999999999999988,-0.03206681750435105
outcome_fixed,active,27,-1.5999999999999988,-0.054318150249795305
outcome_fixed,active,27,-1.4999999999999987,-0.011019647586855981
outcome_fixed,active,27,-1.3999999999999986,0.0005325420598381471
outcome_fixed,active,27,-1.2999999999999985,0.033519780051281506
outcome_fixed,active,27,-1.1999999999999984,0.06861532805740277
outcome_fixed,active,27,-1.0999999999999983,0.1183738684822371
outcome_fixed,active,27,-0.9999999999999982,0.1488251275204191
outcome_fixed,active,27,-0.8999999999999981,0.27637429840313105
outcome_fixed,active,27,-0.799999999999998,0.3885647689723379
outcome_fixed,active,27,-0.699999999999998,0.5392925651800545
outcome_fixed,active,27,-0.5999999999999979,0.7639721179620019
outcome_fixed,active,27,-0.4999999999999978,1.1750655785266073
outcome_fixed,active,27,-0.3999999999999977,1.5237952977102074
outcome_fixed,active,27,-0.2999999999999976,1.601747478449852
outcome_fixed,active,27,-0.1999999999999975,1.3740530917610598
outcome_fixed,active,27,-0.09999999999999742,1.1019506920896938
outcome_fixed,active,27,2.6645352591003757e-15,0.9627251710581466
outcome_fixed,active,27,0.10000000000000275,0.9887542053985877
outcome_fixed,active,27,0.20000000000000284,0.918705962208963
outcome_fixed,active,27,0.30000000000000293,0.825377393147317
outcome_fixed,active,27,0.400000000000003,0.6040952036778838
outcome_fixed,active,27,0.5000000000000031,0.43956215208942945
outcome_fixed,active,27,0.6000000000000032,0.3891917932483783
outcome_fixed,active,27,0.7000000000000033,0.2680848051132462
outcome_fixed,active,27,0.8000000000000034,0.2809577718122491
outcome_fixed,active,27,0.9000000000000035,0.3281717961807978
outcome_fixed,active,27,1.0000000000000036,0.20849527590087055
outcome_fixed,active,27,1.1000000000000032,0.08283724034315887
outcome_fixed,active,27,1.2000000000000037,-0.008402418236096276
outcome_fixed,active,27,1.3000000000000043,-0.044786996878577116
outcome_fixed,active,27,1.400000000000004,-0.07495804559112905
outcome_fixed,active,27,1.5000000000000036,-0.041637134653763036
outcome_fixed,active,27,1.600000000000004,-0.03846717286656373
outcome_fixed,active,27,1.7000000000000046,-0.025172304214004664
outcome_fixed,active,27,1.8000000000000043,-0.013750633597930006
outcome_fixed,active,27,1.900000000000004,-0.036268520651310386
outcome_fixed,active,27,2.0000000000000044,-0.15833092435117394
outcome_fixed,active,27,2.100000000000005,-0.20290799419954605
outcome_fixed,active,27,2.2000000000000046,-0.18291055568461018
outcome_fixed,active,27,2.3000000000000043,-0.24059317337781772
outcome_fixed,active,27,2.400000000000005,-0.26884760366403
outcome_fixed,active,27,2.5000000000000053,-0.28135454002652777
outcome_fixed,active,27,2.600000000000005,-0.2804400028839144
outcome_fixed,active,27,2.7000000000000046,-0.32630393884454073
outcome_fixed,active,27,2.800000000000005,-0.37459007100566605
outcome_fixed,active,27,2.9000000000000057,-0.39494625310909354
outcome_fixed,active,27,3.0000000000000053,-0.3563635681686414
outcome_fixed,active,27,3.100000000000005,-0.2795679576229108
outcome_fixed,active,27,3.2000000000000055,-0.2209193706343056
outcome_fixed,active,27,3.300000000000006,-0.1798490167126227
outcome_fixed,active,27,3.4000000000000057,-0.15273549991205038
outcome_fixed,active,27,3.5000000000000053,-0.1709069726306421
outcome_fixed,active,27,3.600000000000006,-0.21617866323186313
outcome_fixed,active,27,3.7000000000000064,-0.2760295701408729
outcome_fixed,active,27,3.800000000000006,-0.3622457740265541
outcome_fixed,active,27,3.9000000000000057,-0.3836371134012347
outcome_fixed,active,27,4.000000000000006,-0.3561185862690602
outcome_fixed,active,27,4.100000000000007,-0.2618767394336093
outcome_fixed,active,27,4.200000000000006,-0.17945705783495886
outcome_fixed,active,27,4.300000000000006,-0.10621417764584384
outcome_fixed,active,27,4.400000000000007,-0.12344615631863336
outcome_fixed,active,27,4.500000000000007,-0.10340409246905458
outcome_fixed,active,27,4.600000000000007,-0.1458520805670311
outcome_fixed,active,27,4.700000000000006,-0.06131851682270067
outcome_fixed,active,27,4.800000000000007,-0.056277092884215146
outcome_fixed,active,27,4.9000000000000075,-0.001881901388554309
outcome_fixed,active,27,5.000000000000007,0.057733354121901614
outcome_fixed,active,27,5.100000000000007,0.12514417054122945
outcome_fixed,active,27,5.200000000000006,0.10627817706315618
outcome_fixed,active,27,5.300000000000008,0.019078113277011196
outcome_fixed,active,27,5.4000000000000075,0.08380351929580214
outcome_fixed,active,27,5.500000000000007,0.0220095234206289
outcome_fixed,active,27,5.6000000000000085,-0.07223037091836478
outcome_fixed,active,27,5.700000000000008,-0.11502901103093001
outcome_fixed,active,27,5.800000000000008,-0.0607722922181622
outcome_fixed,active,27,5.9000000000000075,1.553366669635688e-05
outcome_fixed,active,35,-3.0,0.09346533299619778
outcome_fixed,active,35,-2.9,-0.013609519932150142
outcome_fixed,active,35,-2.8,0.11424219432472388
outcome_fixed,active,35,-2.6999999999999997,0.08773423192773885
outcome_fixed,active,35,-2.5999999999999996,0.05189715466495013
outcome_fixed,active,35,-2.4999999999999996,-0.1686017629282188
outcome_fixed,active,35,-2.3999999999999995,-0.013625407706751965
outcome_fixed,active,35,-2.2999999999999994,-0.05795321984761003
outcome_fixed,active,35,-2.1999999999999993,-0.06472161884255918
outcome_fixed,active,35,-2.099999999999999,0.1887772800225197
outcome_fixed,active,35,-1.9999999999999991,-0.042742738118429165
outcome_fixed,active,35,-1.899999999999999,-0.04072114354550845
outcome_fixed,active,35,-1.799999999999999,0.025159558168752087
outcome_fixed,active,35,-1.6999999999999988,0.1657411504240387
outcome_fixed,active,35,-1.5999999999999988,0.19710575245551606
outcome_fixed,active,35,-1.4999999999999987,0.17635205656170932
outcome_fixed,active,35,-1.3999999999999986,0.41296324262196143
outcome_fixed,active,35,-1.2999999999999985,0.6174977743522697
outcome_fixed,active,35,-1.1999999999999984,0.8956035228424878
outcome_fixed,active,35,-1.0999999999999983,1.035779849033735
outcome_fixed,active,35,-0.9999999999999982,1.2662887391270246
outcome_fixed,active,35,-0.8999999999999981,1.3222285699377363
outcome_fixed,active,35,-0.799999999999998,1.362839870297618
outcome_fixed,active,35,-0.699999999999998,1.1359663876718287
outcome_fixed,active,35,-0.5999999999999979,1.0705753806485956
outcome_fixed,active,35,-0.4999999999999978,0.8913016270992398
outcome_fixed,active,35,-0.3999999999999977,0.3902925593316664
outcome_fixed,active,35,-0.2999999999999976,0.21606659251422713
outcome_fixed,active,35,-0.1999999999999975,0.19074375658068077
outcome_fixed,active,35,-0.09999999999999742,0.1394954910560079
outcome_fixed,active,35,2.6645352591003757e-15,0.35961000735107357
outcome_fixed,active,35,0.10000000000000275,0.7199521715294975
outcome_fixed,active,35,0.20000000000000284,0.6185667953035061
outcome_fixed,active,35,0.30000000000000293,0.37387344833415864
outcome_fixed,active,35,0.400000000000003,0.2843270964132887
outcome_fixed,active,35,0.5000000000000031,0.24376792840044975
outcome_fixed,active,35,0.6000000000000032,0.3993968087841658
outcome_fixed,active,35,0.7000000000000033,0.0907969821516871
outcome_fixed,active,35,0.8000000000000034,-0.014257000862907461
outcome_fixed,active,35,0.9000000000000035,0.6484286204272558
outcome_fixed,active,35,1.0000000000000036,0.563063420989444
outcome_fixed,active,35,1.1000000000000032,0.7188273473792799
outcome_fixed,active,35,1.2000000000000037,0.7168705795185448
outcome_fixed,active,35,1.3000000000000043,0.4656644319273035
outcome_fixed,active,35,1.400000000000004,0.7169955159006873
outcome_fixed,active,35,1.5000000000000036,0.4398311030052817
outcome_fixed,active,35,1.600000000000004,0.4587484578908382
outcome_fixed,active,35,1.7000000000000046,0.6902179670820158
outcome_fixed,active,35,1.8000000000000043,0.4721579908884411
outcome_fixed,active,35,1.900000000000004,0.3520912379373552
outcome_fixed,active,35,2.0000000000000044,0.49196761284976204
outcome_fixed,active,35,2.100000000000005,0.2806309773800199
outcome_fixed,active,35,2.2000000000000046,0.2603855766633052
outcome_fixed,active,35,2.3000000000000043,0.3103630842187051
outcome_fixed,active,35,2.400000000000005,0.36037073877948345
outcome_fixed,active,35,2.5000000000000053,0.19205341905148549
outcome_fixed,active,35,2.600000000000005,0.4554132679704679
outcome_fixed,active,35,2.7000000000000046,0.30922970441989817
outcome_fixed,active,35,2.800000000000005,0.512723074066515
outcome_fixed,active,35,2.9000000000000057,0.592283320303463
outcome_fixed,active,35,3.0000000000000053,0.4895616849041731
outcome_fixed,active,35,3.100000000000005,0.5760070743426029
outcome_fixed,active,35,3.2000000000000055,0.5280270429845534
outcome_fixed,active,35,3.300000000000006,0.5696810859268734
outcome_fixed,active,35,3.4000000000000057,0.5301611440302921
outcome_fixed,active,35,3.5000000000000053,0.33181617732259006
outcome_fixed,active,35,3.600000000000006,0.6644999467313224
outcome_fixed,active,35,3.7000000000000064,0.33478137863066854
outcome_fixed,active,35,3.800000000000006,0.39264676324841263
outcome_fixed,active,35,3.9000000000000057,0.5238113512217188
outcome_fixed,active,35,4.000000000000006,0.44641964711974735
outcome_fixed,active,35,4.100000000000007,0.6371457479497092
outcome_fixed,active,35,4.200000000000006,0.4575341233213534
outcome_fixed,active,35,4.300000000000006,0.3024124378577912
outcome_fixed,active,35,4.400000000000007,0.41972886409194643
outcome_fixed,active,35,4.500000000000007,0.47376967910963924
outcome_fixed,active,35,4.600000000000007,0.3851860799062544
outcome_fixed,active,35,4.700000000000006,0.46554612641897597
outcome_fixed,active,35,4.800000000000007,0.5420235465016597
outcome_fixed,active,35,4.9000000000000075,0.4009360036022546
outcome_fixed,active,35,5.000000000000007,0.6494704282347067
outcome_fixed,active,35,5.100000000000007,0.26758097810638726
outcome_fixed,active,35,5.200000000000006,0.34766240729347947
outcome_fixed,active,35,5.300000000000008,0.3643701091170833
outcome_fixed,active,35,5.4000000000000075,0.3900276470370341
outcome_fixed,active,35,5.500000000000007,0.44370810419460854
outcome_fixed,active,35,5.6000000000000085,0.3940754247375821
outcome_fixed,active,35,5.700000000000008,0.09547058183394441
outcome_fixed,active,35,5.800000000000008,0.41107180997122544
outcome_fixed,active,35,5.9000000000000075,0.6142733811040784
outcome_bout_phase,active,1,0.0,0.028211498691882234
outcome_bout_phase,active,1,1.0,-0.005669773100544748
outcome_bout_phase,active,1,2.0,-0.022206918882192807
outcome_bout_phase,active,1,3.0,-0.04893649469021172
outcome_bout_phase,active,1,4.0,-0.0814776106606753
outcome_bout_phase,active,1,5.0,-0.12889830400420624
outcome_bout_phase,active,1,6.0,-0.15280977999055909
outcome_bout_phase,active,1,7.0,-0.047992583474214624
outcome_bout_phase,active,1,8.0,-0.23426182439508694
outcome_bout_phase,active,1,9.0,-0.11626876989464109
outcome_bout_phase,active,1,10.0,-0.1908316627847928
outcome_bout_phase,active,1,11.0,-0.2236835834589806
outcome_bout_phase,active,1,12.0,-0.24484940462741084
outcome_bout_phase,active,1,13.0,-0.27187134320380923
outcome_bout_phase,active,1,14.0,-0.2184761570641517
outcome_bout_phase,active,1,15.0,-0.3124888314071916
outcome_bout_phase,active,1,16.0,-0.25739806696924
outcome_bout_phase,active,1,17.0,-0.22202919432910861
outcome_bout_phase,active,1,18.0,-0.1532406279910943
outcome_bout_phase,active,1,19.0,0.007992372662938346
outcome_bout_phase,active,1,20.0,0.006633101075528788
outcome_bout_phase,active,1,21.0,-0.13462467792912397
outcome_bout_phase,active,1,22.0,-0.14058416698226325
outcome_bout_phase,active,1,23.0,-0.140927329302888
outcome_bout_phase,active,1,24.0,-0.14880871925584338
outcome_bout_phase,active,1,25.0,-0.08813382074605507
outcome_bout_phase,active,1,26.0,-0.21243235693728696
outcome_bout_phase,active,1,27.0,-0.22178494666846701
outcome_bout_phase,active,1,28.0,-0.1904183803649538
outcome_bout_phase,active,1,29.0,-0.23180404647960107
outcome_bout_phase,active,1,30.0,-0.13055613469743205
outcome_bout_phase,active,1,31.0,-0.019625968592643546
outcome_bout_phase,active,1,32.0,-0.18757130188920867
outcome_bout_phase,active,1,33.0,-0.1769660535453189
outcome_bout_phase,active,1,34.0,-0.12379867781059067
outcome_bout_phase,active,1,35.0,-0.16914471806495368
outcome_bout_phase,active,1,36.0,-0.07322232372962374
outcome_bout_phase,active,1,37.0,0.07591557816910999
outcome_bout_phase,active,1,38.0,0.01098618119405522
outcome_bout_phase,active,1,39.0,-0.060079534046791505
outcome_bout_phase,active,1,40.0,0.12725933810504209
outcome_bout_phase,active,1,41.0,0.031950245490296285
outcome_bout_phase,active,1,42.0,0.060050021260907256
outcome_bout_phase,active,1,43.0,-0.10156325564872787
outcome_bout_phase,active,1,44.0,0.09932873417637199
outcome_bout_phase,active,1,45.0,0.16582741071622042
outcome_bout_phase,active,1,46.0,-0.031797871960356106
outcome_bout_phase,active,1,47.0,-0.0156396055576952
outcome_bout_phase,active,1,48.0,-0.07407111622667459
outcome_bout_phase,active,1,49.0,-0.17593318374453878
outcome_bout_phase,active,1,50.0,-0.07297233783732744
outcome_bout_phase,active,1,51.0,-0.10856252146339669
outcome_bout_phase,active,1,52.0,0.10184231365574341
outcome_bout_phase,active,1,53.0,0.1503241893362982
outcome_bout_phase,active,1,54.0,0.10594752957458028
outcome_bout_phase,active,1,55.0,0.2523970433761284
outcome_bout_phase,active,1,56.0,0.1727022964630873
outcome_bout_phase,active,1,57.0,0.22453515298732102
outcome_bout_phase,active,1,58.0,0.2824424200739564
outcome_bout_phase,active,1,59.0,0.18528672359474957
outcome_bout_phase,active,1,60.0,0.19435579438606407
outcome_bout_phase,active,1,61.0,0.5276432785793748
outcome_bout_phase,active,1,62.0,0.4898981317538291
outcome_bout_phase,active,1,63.0,0.47805826854287037
outcome_bout_phase,active,1,64.0,0.44833304406402796
outcome_bout_phase,active,1,65.0,0.45497273602786836
outcome_bout_phase,active,1,66.0,0.4508007266554304
outcome_bout_phase,active,1,67.0,0.4327642229688939
outcome_bout_phase,active,1,68.0,0.33860349437518467
outcome_bout_phase,active,1,69.0,0.2654163971857187
outcome_bout_phase,active,1,70.0,0.2759591552492383
outcome_bout_phase,active,1,71.0,0.2665985480855141
outcome_bout_phase,active,1,72.0,0.15900263727387584
outcome_bout_phase,active,1,73.0,0.08008653582837197
outcome_bout_phase,active,1,74.0,-0.08364348352174573
outcome_bout_phase,active,1,75.0,0.026697138258029177
outcome_bout_phase,active,1,76.0,-0.14246429919624654
outcome_bout_phase,active,1,77.0,-0.16303829902366823
outcome_bout_phase,active,1,78.0,-0.13950602506255236
outcome_bout_phase,active,1,79.0,-0.16870076945776816
outcome_bout_phase,active,1,80.0,-0.08727973291186572
outcome_bout_phase,active,1,81.0,-0.1546519298224141
outcome_bout_phase,active,1,82.0,-0.10611056167283019
outcome_bout_phase,active,1,83.0,-0.1376035763645888
outcome_bout_phase,active,1,84.0,-0.17315273888598512
outcome_bout_phase,active,1,85.0,-0.15612932458336667
outcome_bout_phase,active,1,86.0,-0.000553456208606447
outcome_bout_phase,active,1,87.0,-0.11972816934511478
outcome_bout_phase,active,1,88.0,-0.14624638799827525
outcome_bout_phase,active,1,89.0,0.0063422272214594825
outcome_bout_phase,active,1,90.0,-0.14001410155141264
outcome_bout_phase,active,1,91.0,-0.022760825319165956
outcome_bout_phase,active,1,92.0,-0.03910522982077537
outcome_bout_phase,active,1,93.0,0.0381651022528722
outcome_bout_phase,active,1,94.0,0.05465645322434824
outcome_bout_phase,active,1,95.0,0.05248116732778524
outcome_bout_phase,active,1,96.0,-0.12633056065798487
outcome_bout_phase,active,1,97.0,-0.04455680544849778
outcome_bout_phase,active,1,98.0,-0.10504121043637298
outcome_bout_phase,active,1,99.0,-0.0748969987982309
outcome_bout_phase,active,1,100.0,-0.19235672021177302
outcome_bout_phase,active,3,0.0,1.1274219573619684
outcome_bout_phase,active,3,1.0,0.7609351581124594
outcome_bout_phase,active,3,2.0,0.5540681051991833
outcome_bout_phase,active,3,3.0,0.4358524004117181
outcome_bout_phase,active,3,4.0,0.24728795809242593
outcome_bout_phase,active,3,5.0,0.17759066631582637
outcome_bout_phase,active,3,6.0,0.10630842424072982
outcome_bout_phase,active,3,7.0,0.08887293967867993
outcome_bout_phase,active,3,8.0,0.19938089715932703
outcome_bout_phase,active,3,9.0,0.1429884864666927
outcome_bout_phase,active,3,10.0,0.3703676853230895
outcome_bout_phase,active,3,11.0,0.07067161523292302
outcome_bout_phase,active,3,12.0,-0.17991104966795224
outcome_bout_phase,active,3,13.0,-0.2848275709248265
outcome_bout_phase,active,3,14.0,-0.14552283894228787
outcome_bout_phase,active,3,15.0,-0.05278119534584131
outcome_bout_phase,active,3,16.0,0.17330891146940416
outcome_bout_phase,active,3,17.0,0.08943941501927906
outcome_bout_phase,active,3,18.0,0.2501921245417556
outcome_bout_phase,active,3,19.0,0.36298293561378836
outcome_bout_phase,active,3,20.0,0.001551132353046752
outcome_bout_phase,active,3,21.0,0.02057904356136933
outcome_bout_phase,active,3,22.0,0.18960974107512527
outcome_bout_phase,active,3,23.0,0.2306566610224547
outcome_bout_phase,active,3,24.0,0.2207187584010012
outcome_bout_phase,active,3,25.0,-0.030542838087107907
outcome_bout_phase,active,3,26.0,-0.1773025309806922
outcome_bout_phase,active,3,27.0,0.1958650680103345
outcome_bout_phase,active,3,28.0,0.22185875545298914
outcome_bout_phase,active,3,29.0,0.15992668053673875
outcome_bout_phase,active,3,30.0,0.5538052528474283
outcome_bout_phase,active,3,31.0,0.04521198862459148
outcome_bout_phase,active,3,32.0,0.26762657307148796
outcome_bout_phase,active,3,33.0,0.13963094493509529
outcome_bout_phase,active,3,34.0,0.22883694017194228
outcome_bout_phase,active,3,35.0,-0.024646024995656556
outcome_bout_phase,active,3,36.0,0.12293907183925507
outcome_bout_phase,active,3,37.0,-0.1884002746115608
outcome_bout_phase,active,3,38.0,0.04244083177404181
outcome_bout_phase,active,3,39.0,0.3727732294070739
outcome_bout_phase,active,3,40.0,0.27035653524821823
outcome_bout_phase,active,3,41.0,0.39978321370008524
outcome_bout_phase,active,3,42.0,0.48062711366291616
outcome_bout_phase,active,3,43.0,0.17449697584243729
outcome_bout_phase,active,3,44.0,0.3426152842138493
outcome_bout_phase,active,3,45.0,0.18294758104464223
outcome_bout_phase,active,3,46.0,0.5050772715005938
outcome_bout_phase,active,3,47.0,0.18035412255801966
outcome_bout_phase,active,3,48.0,0.29319522318415
outcome_bout_phase,active,3,49.0,0.12727083913748916
outcome_bout_phase,active,3,50.0,-0.1948200280748289
outcome_bout_phase,active,3,51.0,-0.22471157969907368
outcome_bout_phase,active,3,52.0,-0.10839782013857627
outcome_bout_phase,active,3,53.0,-0.18754737039876285
outcome_bout_phase,active,3,54.0,0.035753049168968085
outcome_bout_phase,active,3,55.0,-0.35265168169499433
outcome_bout_phase,active,3,56.0,-0.3091859966987281
outcome_bout_phase,active,3,57.0,-0.05494289898619008
outcome_bout_phase,active,3,58.0,0.04556297431228592
outcome_bout_phase,active,3,59.0,0.18171838220335024
outcome_bout_phase,active,3,60.0,0.13539904315090687
outcome_bout_phase,active,3,61.0,-0.14098647324007776
outcome_bout_phase,active,3,62.0,-0.13112432949855873
outcome_bout_phase,active,3,63.0,-0.156226080185998
outcome_bout_phase,active,3,64.0,0.036118766571173
outcome_bout_phase,active,3,65.0,-0.31897360426920957
outcome_bout_phase,active,3,66.0,-0.232585989389914
outcome_bout_phase,active,3,67.0,-0.18488563678197548
outcome_bout_phase,active,3,68.0,-0.25317801514202765
outcome_bout_phase,active,3,69.0,-0.5015408720631643
outcome_bout_phase,active,3,70.0,-0.4106095309581277
outcome_bout_phase,active,3,71.0,-0.3778047813958338
outcome_bout_phase,active,3,72.0,-0.2560077206327007
outcome_bout_phase,active,3,73.0,-0.418883311577356
outcome_bout_phase,active,3,74.0,-0.674240402742402
outcome_bout_phase,active,3,75.0,-0.5255466264970307
outcome_bout_phase,active,3,76.0,-0.2929951857704379
outcome_bout_phase,active,3,77.0,-0.1912635442863655
outcome_bout_phase,active,3,78.0,-0.2498848770775401
outcome_bout_phase,active,3,79.0,-0.06549053482179702
outcome_bout_phase,active,3,80.0,-0.08817543395468795
outcome_bout_phase,active,3,81.0,-0.16771540814848657
outcome_bout_phase,active,3,82.0,-0.03115378476776111
outcome_bout_phase,active,3,83.0,-0.23821944467103454
outcome_bout_phase,active,3,84.0,-0.19817659167206508
outcome_bout_phase,active,3,85.0,-0.25931586605750495
outcome_bout_phase,active,3,86.0,-0.1616297944689805
outcome_bout_phase,active,3,87.0,-0.32939977787020075
outcome_bout_phase,active,3,88.0,-0.3597139003052887
outcome_bout_phase,active,3,89.0,-0.26547045026565824
outcome_bout_phase,active,3,90.0,-0.6325553382559431
outcome_bout_phase,active,3,91.0,-0.3611137068254328
outcome_bout_phase,active,3,92.0,-0.2487648834965985
outcome_bout_phase,active,3,93.0,-0.25728026354575373
outcome_bout_phase,active,3,94.0,0.1808690800452699
outcome_bout_phase,active,3,95.0,-0.2375476237262834
outcome_bout_phase,active,3,96.0,-0.14072067494377455
outcome_bout_phase,active,3,97.0,0.23604714257315132
outcome_bout_phase,active,3,98.0,0.43445779939542684
outcome_bout_phase,active,3,99.0,0.642010732236151
outcome_bout_phase,active,3,100.0,1.2330585759636323
outcome_bout_phase,active,4,0.0,0.21630693334697917
outcome_bout_phase,active,4,1.0,0.26817210887447407
outcome_bout_phase,active,4,2.0,0.16809673033111783
outcome_bout_phase,active,4,3.0,0.15135815569691588
outcome_bout_phase,active,4,4.0,0.06028131890486753
outcome_bout_phase,active,4,5.0,0.14093570081524695
outcome_bout_phase,active,4,6.0,0.12319697904931619
outcome_bout_phase,active,4,7.0,0.02239290534109342
outcome_bout_phase,active,4,8.0,-0.13620076256053296
outcome_bout_phase,active,4,9.0,-0.14404087804493032
outcome_bout_phase,active,4,10.0,-0.28166947759858624
outcome_bout_phase,active,4,11.0,-0.2048955102801097
outcome_bout_phase,active,4,12.0,-0.18304473148910325
outcome_bout_phase,active,4,13.0,-0.21578351136972204
outcome_bout_phase,active,4,14.0,-0.18511276218975198
outcome_bout_phase,active,4,15.0,-0.1687512692347943
outcome_bout_phase,active,4,16.0,0.06411934736094671
outcome_bout_phase,active,4,17.0,-0.11507115190110623
outcome_bout_phase,active,4,18.0,-0.12892002059351854
outcome_bout_phase,active,4,19.0,-0.09194833415330514
outcome_bout_phase,active,4,20.0,-0.2125795952046622
outcome_bout_phase,active,4,21.0,-0.3858949718320859
outcome_bout_phase,active,4,22.0,-0.25898350694056405
outcome_bout_phase,active,4,23.0,-0.30406816802093356
outcome_bout_phase,active,4,24.0,-0.2571963004029636
outcome_bout_phase,active,4,25.0,-0.27015618728357876
outcome_bout_phase,active,4,26.0,-0.4241130792675424
outcome_bout_phase,active,4,27.0,-0.4187305267590891
outcome_bout_phase,active,4,28.0,-0.5445945614623737
outcome_bout_phase,active,4,29.0,-0.5102318769848534
outcome_bout_phase,active,4,30.0,-0.41125493049722944
outcome_bout_phase,active,4,31.0,-0.38606835657222066
outcome_bout_phase,active,4,32.0,-0.21036889864840844
outcome_bout_phase,active,4,33.0,-0.1357368236136652
outcome_bout_phase,active,4,34.0,-0.036119915188145856
outcome_bout_phase,active,4,35.0,-0.29652738322688704
outcome_bout_phase,active,4,36.0,-0.1941623086228691
outcome_bout_phase,active,4,37.0,-0.28357500212359205
outcome_bout_phase,active,4,38.0,-0.39054052280321744
outcome_bout_phase,active,4,39.0,-0.030726156977654743
outcome_bout_phase,active,4,40.0,-0.17907892424942853
outcome_bout_phase,active,4,41.0,-0.24290527057516778
outcome_bout_phase,active,4,42.0,-0.1862645361330614
outcome_bout_phase,active,4,43.0,-0.15610385315952047
outcome_bout_phase,active,4,44.0,-0.24273082153390033
outcome_bout_phase,active,4,45.0,-0.31014555026038565
outcome_bout_phase,active,4,46.0,-0.15118725945289918
outcome_bout_phase,active,4,47.0,-0.31289739045385023
outcome_bout_phase,active,4,48.0,-0.02172380743651824
outcome_bout_phase,active,4,49.0,-0.14283641133981614
outcome_bout_phase,active,4,50.0,-0.009100187284406865
outcome_bout_phase,active,4,51.0,-0.24797429578297137
outcome_bout_phase,active,4,52.0,-0.27128525695267824
outcome_bout_phase,active,4,53.0,-0.22236451078207534
outcome_bout_phase,active,4,54.0,-0.2545703806533074
outcome_bout_phase,active,4,55.0,-0.14938881367193038
outcome_bout_phase,active,4,56.0,-0.01551397268703303
outcome_bout_phase,active,4,57.0,-0.09435430855061187
outcome_bout_phase,active,4,58.0,-0.4179368922269485
outcome_bout_phase,active,4,59.0,-0.3958654382824208
outcome_bout_phase,active,4,60.0,-0.21094986740613209
outcome_bout_phase,active,4,61.0,-0.3847866272767904
outcome_bout_phase,active,4,62.0,-0.26691179218066546
outcome_bout_phase,active,4,63.0,-0.4173782712239953
outcome_bout_phase,active,4,64.0,-0.40207644279476856
outcome_bout_phase,active,4,65.0,-0.44764701121167993
outcome_bout_phase,active,4,66.0,-0.29289287358748217
outcome_bout_phase,active,4,67.0,-0.24887008987056386
outcome_bout_phase,active,4,68.0,-0.23191540768669283
outcome_bout_phase,active,4,69.0,-0.4652221193920647
outcome_bout_phase,active,4,70.0,-0.46568580572390395
outcome_bout_phase,active,4,71.0,-0.41507934508455224
outcome_bout_phase,active,4,72.0,-0.4364989210218196
outcome_bout_phase,active,4,73.0,-0.390716747636663
outcome_bout_phase,active,4,74.0,-0.1982932183499253
outcome_bout_phase,active,4,75.0,-0.2698640888293826
outcome_bout_phase,active,4,76.0,-0.24859872134267907
outcome_bout_phase,active,4,77.0,-0.2420552554183896
outcome_bout_phase,active,4,78.0,-0.31687433282253513
outcome_bout_phase,active,4,79.0,-0.21343411997016268
outcome_bout_phase,active,4,80.0,-0.28699300520860027
outcome_bout_phase,active,4,81.0,-0.3138475914317944
outcome_bout_phase,active,4,82.0,-0.2776176701045411
outcome_bout_phase,active,4,83.0,-0.19295960629475056
outcome_bout_phase,active,4,84.0,-0.26434531662271
outcome_bout_phase,active,4,85.0,-0.08954392991695549
outcome_bout_phase,active,4,86.0,0.09136613384599575
outcome_bout_phase,active,4,87.0,-0.19799129195932358
outcome_bout_phase,active,4,88.0,-0.07533749114666329
outcome_bout_phase,active,4,89.0,-0.15824065153479638
outcome_bout_phase,active,4,90.0,0.12408262933840947
outcome_bout_phase,active,4,91.0,0.019153045043913828
outcome_bout_phase,active,4,92.0,-0.023576413323493257
outcome_bout_phase,active,4,93.0,-0.035738855292951795
outcome_bout_phase,active,4,94.0,0.0894164753267552
outcome_bout_phase,active,4,95.0,0.1697030075122145
outcome_bout_phase,active,4,96.0,0.3347077592007125
outcome_bout_phase,active,4,97.0,0.38953626135047764
outcome_bout_phase,active,4,98.0,0.8423769746167596
outcome_bout_phase,active,4,99.0,0.9496424997415782
outcome_bout_phase,active,4,100.0,0.6564338481638745
outcome_bout_phase,active,5,0.0,0.8817711738279381
outcome_bout_phase,active,5,1.0,0.4654261468332585
outcome_bout_phase,active,5,2.0,0.30252305400793683
outcome_bout_phase,active,5,3.0,0.34294942703185044
outcome_bout_phase,active,5,4.0,0.3213268505738287
outcome_bout_phase,active,5,5.0,0.13356242588258324
outcome_bout_phase,active,5,6.0,0.005220364806244516
outcome_bout_phase,active,5,7.0,0.08509757945083433
outcome_bout_phase,active,5,8.0,0.23139815016029597
outcome_bout_phase,active,5,9.0,0.24338478708282502
outcome_bout_phase,active,5,10.0,0.15774633885364023
outcome_bout_phase,active,5,11.0,-0.031552868908514574
outcome_bout_phase,active,5,12.0,0.06575993256437221
outcome_bout_phase,active,5,13.0,0.08487811310743909
outcome_bout_phase,active,5,14.0,0.02637859352195095
outcome_bout_phase,active,5,15.0,-0.004931717989762761
outcome_bout_phase,active,5,16.0,0.23165155858026473
outcome_bout_phase,active,5,17.0,0.3150729992089207
outcome_bout_phase,active,5,18.0,0.5501410609099275
outcome_bout_phase,active,5,19.0,0.14932070369733547
outcome_bout_phase,active,5,20.0,0.3115668859569878
outcome_bout_phase,active,5,21.0,0.3858091648393512
outcome_bout_phase,active,5,22.0,0.3399093750163014
outcome_bout_phase,active,5,23.0,0.1871578261194817
outcome_bout_phase,active,5,24.0,0.14331040948569856
outcome_bout_phase,active,5,25.0,0.24737177719262443
outcome_bout_phase,active,5,26.0,0.23706865312632566
outcome_bout_phase,active,5,27.0,0.32901295161573557
outcome_bout_phase,active,5,28.0,0.1164255050615868
outcome_bout_phase,active,5,29.0,0.0795947193033102
outcome_bout_phase,active,5,30.0,0.14865500232972376
outcome_bout_phase,active,5,31.0,0.3279550104574939
outcome_bout_phase,active,5,32.0,0.12922575756967206
outcome_bout_phase,active,5,33.0,0.20997152965916435
outcome_bout_phase,active,5,34.0,0.18932780860218984
outcome_bout_phase,active,5,35.0,0.18080616507895497
outcome_bout_phase,active,5,36.0,0.16427182974220883
outcome_bout_phase,active,5,37.0,0.17021531137236567
outcome_bout_phase,active,5,38.0,-0.04764329669096788
outcome_bout_phase,active,5,39.0,0.1455597000208522
outcome_bout_phase,active,5,40.0,0.1134063149723468
outcome_bout_phase,active,5,41.0,0.05781530831162894
outcome_bout_phase,active,5,42.0,0.11126424433436714
outcome_bout_phase,active,5,43.0,0.14285028048959073
outcome_bout_phase,active,5,44.0,0.16045722027436304
outcome_bout_phase,active,5,45.0,0.2410379433872723
outcome_bout_phase,active,5,46.0,0.08770560590135415
outcome_bout_phase,active,5,47.0,0.22844343048110266
outcome_bout_phase,active,5,48.0,0.33944208121648883
outcome_bout_phase,active,5,49.0,0.542038828368062
outcome_bout_phase,active,5,50.0,0.5639283757716592
outcome_bout_phase,active,5,51.0,0.26382875985050586
outcome_bout_phase,active,5,52.0,0.1399389734911672
outcome_bout_phase,active,5,53.0,0.12961481932654434
outcome_bout_phase,active,5,54.0,-0.09503533340842539
outcome_bout_phase,active,5,55.0,-0.15552743877971825
outcome_bout_phase,active,5,56.0,-0.11132500700725148
outcome_bout_phase,active,5,57.0,-0.16565598078930804
outcome_bout_phase,active,5,58.0,-0.038917743188927885
outcome_bout_phase,active,5,59.0,-0.02046642418822093
outcome_bout_phase,active,5,60.0,-0.13144874401338327
outcome_bout_phase,active,5,61.0,-0.1104570244630422
outcome_bout_phase,active,5,62.0,-0.08356076386380518
outcome_bout_phase,active,5,63.0,-0.15225276663525805
outcome_bout_phase,active,5,64.0,-0.2620753686918919
outcome_bout_phase,active,5,65.0,-0.3280971963161369
outcome_bout_phase,active,5,66.0,-0.24332201049190846
outcome_bout_phase,active,5,67.0,-0.2530597994601223
outcome_bout_phase,active,5,68.0,-0.23391834587193827
outcome_bout_phase,active,5,69.0,-0.22933271432745478
outcome_bout_phase,active,5,70.0,-0.18364625149732544
outcome_bout_phase,active,5,71.0,-0.18925615376354873
outcome_bout_phase,active,5,72.0,-0.17433962333469433
outcome_bout_phase,active,5,73.0,-0.07419721912751885
outcome_bout_phase,active,5,74.0,-0.17513705614041836
outcome_bout_phase,active,5,75.0,-0.22130719667517096
outcome_bout_phase,active,5,76.0,-0.2862903355899136
outcome_bout_phase,active,5,77.0,-0.31658553593083705
outcome_bout_phase,active,5,78.0,-0.25452792343032904
outcome_bout_phase,active,5,79.0,-0.302256320140328
outcome_bout_phase,active,5,80.0,-0.3743833270445919
outcome_bout_phase,active,5,81.0,-0.3395794080875521
outcome_bout_phase,active,5,82.0,-0.10486677732576925
outcome_bout_phase,active,5,83.0,-0.2615445818013632
outcome_bout_phase,active,5,84.0,-0.21275950525728185
outcome_bout_phase,active,5,85.0,-0.24662727973407242
outcome_bout_phase,active,5,86.0,-0.288526283909503
outcome_bout_phase,active,5,87.0,-0.29588548435285394
outcome_bout_phase,active,5,88.0,-0.24337317317992896
outcome_bout_phase,active,5,89.0,-0.18912836574348393
outcome_bout_phase,active,5,90.0,-0.21188132026715217
outcome_bout_phase,active,5,91.0,-0.13760396539218359
outcome_bout_phase,active,5,92.0,-0.09935588614580579
outcome_bout_phase,active,5,93.0,-0.0835727810285858
outcome_bout_phase,active,5,94.0,-0.07750684713019843
outcome_bout_phase,active,5,95.0,-0.23573936429098877
outcome_bout_phase,active,5,96.0,-0.2154376235250929
outcome_bout_phase,active,5,97.0,-0.16759836876834258
outcome_bout_phase,active,5,98.0,-0.15943831308659553
outcome_bout_phase,active,5,99.0,0.37337616282471237
outcome_bout_phase,active,5,100.0,0.6956208013539353
outcome_bout_phase,active,6,0.0,0.7774686507960408
outcome_bout_phase,active,6,1.0,0.6965405026654156
outcome_bout_phase,active,6,2.0,0.6275706558856103
outcome_bout_phase,active,6,3.0,0.6055036829104071
outcome_bout_phase,active,6,4.0,0.39272276841965054
outcome_bout_phase,active,6,5.0,0.2636017247704252
outcome_bout_phase,active,6,6.0,0.268629189493161
outcome_bout_phase,active,6,7.0,0.26160162015459115
outcome_bout_phase,active,6,8.0,0.2639499510792421
outcome_bout_phase,active,6,9.0,0.2778547219829077
outcome_bout_phase,active,6,10.0,0.26842971283938877
outcome_bout_phase,active,6,11.0,0.2670141283112581
outcome_bout_phase,active,6,12.0,0.20575578077900292
outcome_bout_phase,active,6,13.0,0.23951877294518994
outcome_bout_phase,active,6,14.0,0.2324557602840128
outcome_bout_phase,active,6,15.0,0.2115038043357147
outcome_bout_phase,active,6,16.0,0.1984385971397822
outcome_bout_phase,active,6,17.0,0.1687334990998569
outcome_bout_phase,active,6,18.0,0.1854960818020038
outcome_bout_phase,active,6,19.0,0.2058129822537765
outcome_bout_phase,active,6,20.0,0.12549515122660984
outcome_bout_phase,active,6,21.0,0.026677814013949214
outcome_bout_phase,active,6,22.0,-0.0039019361616487416
outcome_bout_phase,active,6,23.0,-0.0017766845340219388
outcome_bout_phase,active,6,24.0,0.051028072664212505
outcome_bout_phase,active,6,25.0,0.06731099755246901
outcome_bout_phase,active,6,26.0,0.07703787586759978
outcome_bout_phase,active,6,27.0,0.06606380738157275
outcome_bout_phase,active,6,28.0,0.03394814568797902
outcome_bout_phase,active,6,29.0,-0.007825827558217254
outcome_bout_phase,active,6,30.0,-0.03610726871377415
outcome_bout_phase,active,6,31.0,0.06526896386252853
outcome_bout_phase,active,6,32.0,0.056013639146926524
outcome_bout_phase,active,6,33.0,-0.006674299944537
outcome_bout_phase,active,6,34.0,-0.05887079024846119
outcome_bout_phase,active,6,35.0,-0.11021048210485575
outcome_bout_phase,active,6,36.0,-0.06988651409132814
outcome_bout_phase,active,6,37.0,-0.057989077980129235
outcome_bout_phase,active,6,38.0,-0.032229745395499325
outcome_bout_phase,active,6,39.0,0.01638313583346898
outcome_bout_phase,active,6,40.0,-0.011268657399397093
outcome_bout_phase,active,6,41.0,-0.1052660944542571
outcome_bout_phase,active,6,42.0,-0.09125509581220005
outcome_bout_phase,active,6,43.0,-0.08327566529403471
outcome_bout_phase,active,6,44.0,-0.04899928231709352
outcome_bout_phase,active,6,45.0,-0.029769849443974105
outcome_bout_phase,active,6,46.0,-0.055793619780387466
outcome_bout_phase,active,6,47.0,-0.04279253563771021
outcome_bout_phase,active,6,48.0,-0.09692621432787539
outcome_bout_phase,active,6,49.0,-0.15862771252584126
outcome_bout_phase,active,6,50.0,-0.12940467916623122
outcome_bout_phase,active,6,51.0,-0.09771867604873384
outcome_bout_phase,active,6,52.0,0.004161551791225896
outcome_bout_phase,active,6,53.0,-0.005863971286243222
outcome_bout_phase,active,6,54.0,0.0006120966905369034
outcome_bout_phase,active,6,55.0,-0.04907533623365083
outcome_bout_phase,active,6,56.0,-0.059788867837322464
outcome_bout_phase,active,6,57.0,0.005799519445038193
outcome_bout_phase,active,6,58.0,-0.037101518177577814
outcome_bout_phase,active,6,59.0,-0.04093984798286045
outcome_bout_phase,active,6,60.0,0.013633702034613317
outcome_bout_phase,active,6,61.0,0.052490767244308345
outcome_bout_phase,active,6,62.0,0.00873418179022201
outcome_bout_phase,active,6,63.0,0.052255593174691
outcome_bout_phase,active,6,64.0,0.05799846320693228
outcome_bout_phase,active,6,65.0,0.06483412327918753
outcome_bout_phase,active,6,66.0,0.18427539052770606
outcome_bout_phase,active,6,67.0,0.11906648370848796
outcome_bout_phase,active,6,68.0,0.10689286772157902
outcome_bout_phase,active,6,69.0,0.1258299471351644
outcome_bout_phase,active,6,70.0,0.10974443996471156
outcome_bout_phase,active,6,71.0,0.03750179197943283
outcome_bout_phase,active,6,72.0,0.0004491512099559733
outcome_bout_phase,active,6,73.0,0.029050456402442935
outcome_bout_phase,active,6,74.0,0.11791057831498136
outcome_bout_phase,active,6,75.0,0.08434293876045752
outcome_bout_phase,active,6,76.0,0.052858365015374914
outcome_bout_phase,active,6,77.0,0.11481510179636942
outcome_bout_phase,active,6,78.0,0.12342691978648958
outcome_bout_phase,active,6,79.0,0.011844845342478877
outcome_bout_phase,active,6,80.0,0.0035340045002119646
outcome_bout_phase,active,6,81.0,0.0069694210218521095
outcome_bout_phase,active,6,82.0,-0.04002402943337323
outcome_bout_phase,active,6,83.0,0.029298863450460674
outcome_bout_phase,active,6,84.0,0.05971792502120504
outcome_bout_phase,active,6,85.0,-0.005586721887448923
outcome_bout_phase,active,6,86.0,0.10370863642236021
outcome_bout_phase,active,6,87.0,0.0399283988479675
outcome_bout_phase,active,6,88.0,0.11031822883908256
outcome_bout_phase,active,6,89.0,0.11116529450373473
outcome_bout_phase,active,6,90.0,0.19695662102447165
outcome_bout_phase,active,6,91.0,0.18840574041058256
outcome_bout_phase,active,6,92.0,0.09892789168619481
outcome_bout_phase,active,6,93.0,0.18173150600224727
outcome_bout_phase,active,6,94.0,0.22219430494757234
outcome_bout_phase,active,6,95.0,0.24900791741255462
outcome_bout_phase,active,6,96.0,0.17897438706344165
outcome_bout_phase,active,6,97.0,0.09067763904786495
outcome_bout_phase,active,6,98.0,0.09200020534749487
outcome_bout_phase,active,6,99.0,0.10955597254660526
outcome_bout_phase,active,6,100.0,0.2057686858325059
outcome_bout_phase,active,18,0.0,0.16987820139727527
outcome_bout_phase,active,18,1.0,0.4414762414911715
outcome_bout_phase,active,18,2.0,0.28878581044390417
outcome_bout_phase,active,18,3.0,0.1440964116909973
outcome_bout_phase,active,18,4.0,0.078042391015843
outcome_bout_phase,active,18,5.0,0.1310120795687578
outcome_bout_phase,active,18,6.0,0.07661353959047423
outcome_bout_phase,active,18,7.0,-0.08093394087996197
outcome_bout_phase,active,18,8.0,-0.02939848026659501
outcome_bout_phase,active,18,9.0,-0.07196180501252869
outcome_bout_phase,active,18,10.0,-0.12220251354517411
outcome_bout_phase,active,18,11.0,0.06069679831977351
outcome_bout_phase,active,18,12.0,0.12619705052555277
outcome_bout_phase,active,18,13.0,-0.07311077375977171
outcome_bout_phase,active,18,14.0,-0.10872976013665958
outcome_bout_phase,active,18,15.0,-0.1871343620078162
outcome_bout_phase,active,18,16.0,-0.2839574323522077
outcome_bout_phase,active,18,17.0,-0.23827312279763307
outcome_bout_phase,active,18,18.0,-0.2127904636327864
outcome_bout_phase,active,18,19.0,-0.2486881688788041
outcome_bout_phase,active,18,20.0,-0.268196377972319
outcome_bout_phase,active,18,21.0,-0.060866605170179194
outcome_bout_phase,active,18,22.0,-0.053855840012265704
outcome_bout_phase,active,18,23.0,-0.10109460036876665
outcome_bout_phase,active,18,24.0,-0.10798679993153859
outcome_bout_phase,active,18,25.0,-0.010794218357861811
outcome_bout_phase,active,18,26.0,-0.04194843157500653
outcome_bout_phase,active,18,27.0,-0.09209143172865868
outcome_bout_phase,active,18,28.0,-0.1788899557711367
outcome_bout_phase,active,18,29.0,-0.04692640732373471
outcome_bout_phase,active,18,30.0,-0.08149320333322133
outcome_bout_phase,active,18,31.0,-0.20735926958509965
outcome_bout_phase,active,18,32.0,-0.2379802431809761
outcome_bout_phase,active,18,33.0,-0.206187882357614
outcome_bout_phase,active,18,34.0,-0.2613752626930364
outcome_bout_phase,active,18,35.0,-0.2576357685624884
outcome_bout_phase,active,18,36.0,-0.260463949375104
outcome_bout_phase,active,18,37.0,-0.2566038429879387
outcome_bout_phase,active,18,38.0,-0.2016874072372883
outcome_bout_phase,active,18,39.0,-0.26412781573209226
outcome_bout_phase,active,18,40.0,-0.09753915580665001
outcome_bout_phase,active,18,41.0,-0.12225721545892346
outcome_bout_phase,active,18,42.0,-0.001422025035128521
outcome_bout_phase,active,18,43.0,-0.24302574107535962
outcome_bout_phase,active,18,44.0,-0.24424690802044258
outcome_bout_phase,active,18,45.0,-0.267996916016704
outcome_bout_phase,active,18,46.0,-0.28370042523357764
outcome_bout_phase,active,18,47.0,-0.3531931638340857
outcome_bout_phase,active,18,48.0,-0.27693755722705077
outcome_bout_phase,active,18,49.0,-0.35003855130586325
outcome_bout_phase,active,18,50.0,-0.2345343733102305
outcome_bout_phase,active,18,51.0,-0.02296873220090202
outcome_bout_phase,active,18,52.0,0.04428110216716622
outcome_bout_phase,active,18,53.0,0.07845421926270833
outcome_bout_phase,active,18,54.0,0.1306554458687981
outcome_bout_phase,active,18,55.0,0.18928197508730585
outcome_bout_phase,active,18,56.0,0.05909007795393755
outcome_bout_phase,active,18,57.0,-0.015026292828465312
outcome_bout_phase,active,18,58.0,-0.08587218276266256
outcome_bout_phase,active,18,59.0,-0.12360618557861436
outcome_bout_phase,active,18,60.0,-0.24375849100893904
outcome_bout_phase,active,18,61.0,-0.11974588754347948
outcome_bout_phase,active,18,62.0,-0.0556978534993819
outcome_bout_phase,active,18,63.0,0.08746427351418358
outcome_bout_phase,active,18,64.0,0.09496382382066092
outcome_bout_phase,active,18,65.0,0.05310894520133308
outcome_bout_phase,active,18,66.0,-0.014805855563825469
outcome_bout_phase,active,18,67.0,-0.027812301498158904
outcome_bout_phase,active,18,68.0,-0.04509340807950409
outcome_bout_phase,active,18,69.0,-0.08702006769085265
outcome_bout_phase,active,18,70.0,-0.18961375447988424
outcome_bout_phase,active,18,71.0,-0.06219273072050725
outcome_bout_phase,active,18,72.0,-0.030509699005846953
outcome_bout_phase,active,18,73.0,-0.27853783335151033
outcome_bout_phase,active,18,74.0,-0.19734979018595436
outcome_bout_phase,active,18,75.0,-0.25792625680709724
outcome_bout_phase,active,18,76.0,-0.30114862144804294
outcome_bout_phase,active,18,77.0,-0.2765229104055115
outcome_bout_phase,active,18,78.0,-0.17711307147703967
outcome_bout_phase,active,18,79.0,-0.11829246665243008
outcome_bout_phase,active,18,80.0,-0.17432494601050366
outcome_bout_phase,active,18,81.0,-0.08356701099902611
outcome_bout_phase,active,18,82.0,0.0047490080140556185
outcome_bout_phase,active,18,83.0,-0.09399035002115304
outcome_bout_phase,active,18,84.0,-0.1189955424123459
outcome_bout_phase,active,18,85.0,-0.1578350171877643
outcome_bout_phase,active,18,86.0,-0.11222513099649892
outcome_bout_phase,active,18,87.0,-0.10270333944575763
outcome_bout_phase,active,18,88.0,-0.1220797963941562
outcome_bout_phase,active,18,89.0,0.014133661591233405
outcome_bout_phase,active,18,90.0,-0.05646326649581342
outcome_bout_phase,active,18,91.0,-0.02568013064877564
outcome_bout_phase,active,18,92.0,0.06156638710295831
outcome_bout_phase,active,18,93.0,0.15836565200606315
outcome_bout_phase,active,18,94.0,0.3975567665520386
outcome_bout_phase,active,18,95.0,0.7314606055507662
outcome_bout_phase,active,18,96.0,1.007872474508659
outcome_bout_phase,active,18,97.0,0.7605997115265405
outcome_bout_phase,active,18,98.0,0.6218884485556755
outcome_bout_phase,active,18,99.0,0.32670102916216964
outcome_bout_phase,active,18,100.0,0.048475094381814424
outcome_bout_phase,active,19,0.0,0.7386117399828414
outcome_bout_phase,active,19,1.0,0.7869810334806671
outcome_bout_phase,active,19,2.0,0.6653778031638785
outcome_bout_phase,active,19,3.0,0.33051631134848064
outcome_bout_phase,active,19,4.0,0.30201044810558536
outcome_bout_phase,active,19,5.0,0.4152837117162152
outcome_bout_phase,active,19,6.0,0.2796068459014914
outcome_bout_phase,active,19,7.0,0.3794892501951977
outcome_bout_phase,active,19,8.0,0.3951052969410623
outcome_bout_phase,active,19,9.0,0.42493430633933094
outcome_bout_phase,active,19,10.0,0.6733736304443205
outcome_bout_phase,active,19,11.0,0.6551350692037629
outcome_bout_phase,active,19,12.0,0.5440008086791831
outcome_bout_phase,active,19,13.0,0.3105315377803098
outcome_bout_phase,active,19,14.0,0.5164381343983978
outcome_bout_phase,active,19,15.0,0.5997988397401195
outcome_bout_phase,active,19,16.0,0.6188374027147949
outcome_bout_phase,active,19,17.0,0.45626156292888514
outcome_bout_phase,active,19,18.0,0.43741393501271136
outcome_bout_phase,active,19,19.0,0.4654492524215097
outcome_bout_phase,active,19,20.0,0.8295081976955192
outcome_bout_phase,active,19,21.0,0.5380934515814145
outcome_bout_phase,active,19,22.0,0.6870092674328436
outcome_bout_phase,active,19,23.0,0.48763842290796683
outcome_bout_phase,active,19,24.0,0.4086524713969588
outcome_bout_phase,active,19,25.0,0.4335462500253506
outcome_bout_phase,active,19,26.0,0.6009500285047238
outcome_bout_phase,active,19,27.0,0.4064866778400195
outcome_bout_phase,active,19,28.0,0.47103163416403765
outcome_bout_phase,active,19,29.0,0.37108679910718156
outcome_bout_phase,active,19,30.0,0.4750801535660533
outcome_bout_phase,active,19,31.0,0.371074600287351
outcome_bout_phase,active,19,32.0,0.29820155578934504
outcome_bout_phase,active,19,33.0,0.28037207076760773
outcome_bout_phase,active,19,34.0,0.15039510743714551
outcome_bout_phase,active,19,35.0,0.17446392638288222
outcome_bout_phase,active,19,36.0,0.05615885260032776
outcome_bout_phase,active,19,37.0,0.23487363324730978
outcome_bout_phase,active,19,38.0,0.25698784991905793
outcome_bout_phase,active,19,39.0,0.05079080772710798
outcome_bout_phase,active,19,40.0,-0.07227871424102958
outcome_bout_phase,active,19,41.0,-0.07108460328320977
outcome_bout_phase,active,19,42.0,-0.06646503504391392
outcome_bout_phase,active,19,43.0,-0.29128664509548335
outcome_bout_phase,active,19,44.0,-0.1448107903082758
outcome_bout_phase,active,19,45.0,-0.006188060058482307
outcome_bout_phase,active,19,46.0,-0.09971131415222963
outcome_bout_phase,active,19,47.0,-0.197118688787453
outcome_bout_phase,active,19,48.0,0.008697553210136605
outcome_bout_phase,active,19,49.0,0.11808654230105452
outcome_bout_phase,active,19,50.0,-0.008066769942688484
outcome_bout_phase,active,19,51.0,-0.05427693843363302
outcome_bout_phase,active,19,52.0,0.10991930395228476
outcome_bout_phase,active,19,53.0,0.2599705834386993
outcome_bout_phase,active,19,54.0,0.3517222676287415
outcome_bout_phase,active,19,55.0,0.3169998597789808
outcome_bout_phase,active,19,56.0,0.17538087309823588
outcome_bout_phase,active,19,57.0,0.2819045636458596
outcome_bout_phase,active,19,58.0,0.1594054258966565
outcome_bout_phase,active,19,59.0,0.2754389774559229
outcome_bout_phase,active,19,60.0,0.2419483657916234
outcome_bout_phase,active,19,61.0,0.2598331769698065
outcome_bout_phase,active,19,62.0,0.10967991682183235
outcome_bout_phase,active,19,63.0,0.08929578232619016
outcome_bout_phase,active,19,64.0,0.011397056122241893
outcome_bout_phase,active,19,65.0,0.12771328902659715
outcome_bout_phase,active,19,66.0,0.27751992063620023
outcome_bout_phase,active,19,67.0,-0.017463385672725054
outcome_bout_phase,active,19,68.0,-0.07722271972029933
outcome_bout_phase,active,19,69.0,0.08965291402696111
outcome_bout_phase,active,19,70.0,-0.08375802369891862
outcome_bout_phase,active,19,71.0,0.04648077142092175
outcome_bout_phase,active,19,72.0,0.00011906513423140992
outcome_bout_phase,active,19,73.0,-0.13924715800551343
outcome_bout_phase,active,19,74.0,0.020589087525735322
outcome_bout_phase,active,19,75.0,0.358077815991296
outcome_bout_phase,active,19,76.0,0.10178327021325528
outcome_bout_phase,active,19,77.0,-0.10296572303613975
outcome_bout_phase,active,19,78.0,-0.0210155931457944
outcome_bout_phase,active,19,79.0,0.2020147023081388
outcome_bout_phase,active,19,80.0,-0.03738004345171846
outcome_bout_phase,active,19,81.0,-0.19781711884121278
outcome_bout_phase,active,19,82.0,-0.036166056435864756
outcome_bout_phase,active,19,83.0,-0.0748960631968539
outcome_bout_phase,active,19,84.0,-0.10766784680217804
outcome_bout_phase,active,19,85.0,0.25684246189096466
outcome_bout_phase,active,19,86.0,0.3821820278208485
outcome_bout_phase,active,19,87.0,0.1351741330270654
outcome_bout_phase,active,19,88.0,0.08855919114977635
outcome_bout_phase,active,19,89.0,0.15553680333739903
outcome_bout_phase,active,19,90.0,0.17996485428615058
outcome_bout_phase,active,19,91.0,-0.17680673197229738
outcome_bout_phase,active,19,92.0,-0.05678690860533914
outcome_bout_phase,active,19,93.0,0.051781136203487704
outcome_bout_phase,active,19,94.0,-0.05323420705182355
outcome_bout_phase,active,19,95.0,0.20963767208195672
outcome_bout_phase,active,19,96.0,0.18578922438272963
outcome_bout_phase,active,19,97.0,0.42464500233376573
outcome_bout_phase,active,19,98.0,0.390979395856351
outcome_bout_phase,active,19,99.0,0.2103952584043158
outcome_bout_phase,active,19,100.0,0.16200638385954677
outcome_bout_phase,active,27,0.0,0.9713791640021283
outcome_bout_phase,active,27,1.0,0.44672689849613223
outcome_bout_phase,active,27,2.0,0.28613172099217044
outcome_bout_phase,active,27,3.0,0.19994330094386864
outcome_bout_phase,active,27,4.0,0.06109183940850212
outcome_bout_phase,active,27,5.0,0.03511951997899909
outcome_bout_phase,active,27,6.0,0.034270951954873195
outcome_bout_phase,active,27,7.0,0.13190328730753698
outcome_bout_phase,active,27,8.0,0.1091298325080629
outcome_bout_phase,active,27,9.0,-0.10155679294815786
outcome_bout_phase,active,27,10.0,-0.010682543733745397
outcome_bout_phase,active,27,11.0,0.012403261223988118
outcome_bout_phase,active,27,12.0,0.04549910483500266
outcome_bout_phase,active,27,13.0,0.1442900424736394
outcome_bout_phase,active,27,14.0,-0.03755929361801668
outcome_bout_phase,active,27,15.0,0.007487514976469132
outcome_bout_phase,active,27,16.0,-0.004267985740394505
outcome_bout_phase,active,27,17.0,-0.12923229164549915
outcome_bout_phase,active,27,18.0,-0.12897895435927936
outcome_bout_phase,active,27,19.0,-0.10838799284407319
outcome_bout_phase,active,27,20.0,0.031360495619250396
outcome_bout_phase,active,27,21.0,0.03411116837603741
outcome_bout_phase,active,27,22.0,-0.056160732079615576
outcome_bout_phase,active,27,23.0,0.055623405923321115
outcome_bout_phase,active,27,24.0,-0.00934635635546246
outcome_bout_phase,active,27,25.0,0.056610119843165045
outcome_bout_phase,active,27,26.0,0.13336443088103925
outcome_bout_phase,active,27,27.0,0.06565045833533291
outcome_bout_phase,active,27,28.0,0.057384689074532244
outcome_bout_phase,active,27,29.0,0.02447672212480658
outcome_bout_phase,active,27,30.0,-0.056537756213153344
outcome_bout_phase,active,27,31.0,-0.0903672747359849
outcome_bout_phase,active,27,32.0,-0.0696938585044274
outcome_bout_phase,active,27,33.0,0.12169515871405161
outcome_bout_phase,active,27,34.0,0.01056998348276535
outcome_bout_phase,active,27,35.0,-0.1489570240444392
outcome_bout_phase,active,27,36.0,-0.14134609669463494
outcome_bout_phase,active,27,37.0,0.012131661981483707
outcome_bout_phase,active,27,38.0,0.11270674579497754
outcome_bout_phase,active,27,39.0,0.12132943212321813
outcome_bout_phase,active,27,40.0,0.10350593046719248
outcome_bout_phase,active,27,41.0,0.0053702056061920725
outcome_bout_phase,active,27,42.0,-0.00907392918760862
outcome_bout_phase,active,27,43.0,-0.1928728382823922
outcome_bout_phase,active,27,44.0,-0.21833769572007286
outcome_bout_phase,active,27,45.0,-0.27276416267887665
outcome_bout_phase,active,27,46.0,-0.2819003306533111
outcome_bout_phase,active,27,47.0,-0.13928037340348148
outcome_bout_phase,active,27,48.0,-0.2569944029916346
outcome_bout_phase,active,27,49.0,-0.08887067886483413
outcome_bout_phase,active,27,50.0,-0.12109526332780889
outcome_bout_phase,active,27,51.0,0.13551870877566005
outcome_bout_phase,active,27,52.0,-0.021500122936122856
outcome_bout_phase,active,27,53.0,-0.0094712782900756
outcome_bout_phase,active,27,54.0,-0.14947787735577353
outcome_bout_phase,active,27,55.0,-0.17075698094397757
outcome_bout_phase,active,27,56.0,0.012160246055658382
outcome_bout_phase,active,27,57.0,0.028421603918707083
outcome_bout_phase,active,27,58.0,0.10501922965550461
outcome_bout_phase,active,27,59.0,0.02027392465159674
outcome_bout_phase,active,27,60.0,0.2834380281623618
outcome_bout_phase,active,27,61.0,0.030648026226314747
outcome_bout_phase,active,27,62.0,0.15050104685670332
outcome_bout_phase,active,27,63.0,0.002356540636496562
outcome_bout_phase,active,27,64.0,0.1154243574493889
outcome_bout_phase,active,27,65.0,0.003355509415374752
outcome_bout_phase,active,27,66.0,0.13777715858334982
outcome_bout_phase,active,27,67.0,0.015193097146648776
outcome_bout_phase,active,27,68.0,-0.0882734273968612
outcome_bout_phase,active,27,69.0,-0.048604608493563364
outcome_bout_phase,active,27,70.0,-0.14176059053476048
outcome_bout_phase,active,27,71.0,-0.08284451549625997
outcome_bout_phase,active,27,72.0,-0.09885174124744445
outcome_bout_phase,active,27,73.0,-0.17954703048293602
outcome_bout_phase,active,27,74.0,-0.0581460812287169
outcome_bout_phase,active,27,75.0,-0.055026228287640165
outcome_bout_phase,active,27,76.0,-0.043529250593172863
outcome_bout_phase,active,27,77.0,-0.05484916889850116
outcome_bout_phase,active,27,78.0,-0.019039725113574733
outcome_bout_phase,active,27,79.0,0.05176304487123975
outcome_bout_phase,active,27,80.0,0.03342950451711338
outcome_bout_phase,active,27,81.0,0.10069370741554716
outcome_bout_phase,active,27,82.0,0.026919653585412734
outcome_bout_phase,active,27,83.0,-0.07869407630868493
outcome_bout_phase,active,27,84.0,-0.14682810972626334
outcome_bout_phase,active,27,85.0,0.04375918173955617
outcome_bout_phase,active,27,86.0,0.11864907578182922
outcome_bout_phase,active,27,87.0,-0.16493768816849622
outcome_bout_phase,active,27,88.0,-0.09877563091463079
outcome_bout_phase,active,27,89.0,-0.032658027288795896
outcome_bout_phase,active,27,90.0,-0.01647171450956036
outcome_bout_phase,active,27,91.0,0.07631268913983497
outcome_bout_phase,active,27,92.0,0.06089797088687601
outcome_bout_phase,active,27,93.0,-0.03003298969510884
outcome_bout_phase,active,27,94.0,-0.016054521619664038
outcome_bout_phase,active,27,95.0,0.0753285112885644
outcome_bout_phase,active,27,96.0,0.2897696980834308
outcome_bout_phase,active,27,97.0,0.21549056855020265
outcome_bout_phase,active,27,98.0,0.37609718331121217
outcome_bout_phase,active,27,99.0,0.5860705356168462
outcome_bout_phase,active,27,100.0,0.7573325981459166
outcome_bout_phase,active,35,0.0,0.3988030408949169
outcome_bout_phase,active,35,1.0,0.19019176054743772
outcome_bout_phase,active,35,2.0,0.2932893071121678
outcome_bout_phase,active,35,3.0,0.3773197730574627
outcome_bout_phase,active,35,4.0,0.4192568809155745
outcome_bout_phase,active,35,5.0,0.6955173930011582
outcome_bout_phase,active,35,6.0,-0.026562322529148513
outcome_bout_phase,active,35,7.0,0.5329939754114957
outcome_bout_phase,active,35,8.0,0.29574399067697693
outcome_bout_phase,active,35,9.0,0.4053960656542681
outcome_bout_phase,active,35,10.0,0.13680822349793123
outcome_bout_phase,active,35,11.0,0.3955266113746952
outcome_bout_phase,active,35,12.0,0.4413534071213692
outcome_bout_phase,active,35,13.0,0.5452580798557718
outcome_bout_phase,active,35,14.0,0.4806297239902019
outcome_bout_phase,active,35,15.0,0.701793285085933
outcome_bout_phase,active,35,16.0,0.6395099023261848
outcome_bout_phase,active,35,17.0,0.8019075954012431
outcome_bout_phase,active,35,18.0,0.30056128372146285
outcome_bout_phase,active,35,19.0,0.3320789450475118
outcome_bout_phase,active,35,20.0,0.36273454259474786
outcome_bout_phase,active,35,21.0,0.16619863750322927
outcome_bout_phase,active,35,22.0,0.2474770077917608
outcome_bout_phase,active,35,23.0,0.701122997039115
outcome_bout_phase,active,35,24.0,0.6325431246819436
outcome_bout_phase,active,35,25.0,0.43759485377322116
outcome_bout_phase,active,35,26.0,0.6788785638715509
outcome_bout_phase,active,35,27.0,0.3510036705168146
outcome_bout_phase,active,35,28.0,0.49042423514016464
outcome_bout_phase,active,35,29.0,0.428491160199221
outcome_bout_phase,active,35,30.0,0.09919739861168621
outcome_bout_phase,active,35,31.0,-0.001014450937183775
outcome_bout_phase,active,35,32.0,-0.22910338542590006
outcome_bout_phase,active,35,33.0,-0.19384841183786383
outcome_bout_phase,active,35,34.0,0.10200876525489845
outcome_bout_phase,active,35,35.0,0.23476927333917344
outcome_bout_phase,active,35,36.0,0.3472326045910242
outcome_bout_phase,active,35,37.0,0.2413715023913891
outcome_bout_phase,active,35,38.0,0.05798518070698191
outcome_bout_phase,active,35,39.0,-0.028831972341514616
outcome_bout_phase,active,35,40.0,-0.1588326484470029
outcome_bout_phase,active,35,41.0,-0.050009947310907354
outcome_bout_phase,active,35,42.0,-0.06771174761910634
outcome_bout_phase,active,35,43.0,-0.3921538799463464
outcome_bout_phase,active,35,44.0,-0.21472888456494477
outcome_bout_phase,active,35,45.0,-0.2818648511314956
outcome_bout_phase,active,35,46.0,-0.307199246110247
outcome_bout_phase,active,35,47.0,-0.3468230407089339
outcome_bout_phase,active,35,48.0,-0.07907675049275628
outcome_bout_phase,active,35,49.0,0.2437147663846049
outcome_bout_phase,active,35,50.0,-0.06784329284026167
outcome_bout_phase,active,35,51.0,0.19676097664703487
outcome_bout_phase,active,35,52.0,-0.03603721649523745
outcome_bout_phase,active,35,53.0,0.2858609183428091
outcome_bout_phase,active,35,54.0,0.4233573817694186
outcome_bout_phase,active,35,55.0,0.03958673752261408
outcome_bout_phase,active,35,56.0,-0.3507450420708531
outcome_bout_phase,active,35,57.0,-0.45211905597992663
outcome_bout_phase,active,35,58.0,0.07275923837387177
outcome_bout_phase,active,35,59.0,-0.10541019850105665
outcome_bout_phase,active,35,60.0,0.04174537662469403
outcome_bout_phase,active,35,61.0,0.19501171738573203
outcome_bout_phase,active,35,62.0,-0.048484249296933596
outcome_bout_phase,active,35,63.0,0.17339248506162117
outcome_bout_phase,active,35,64.0,0.05697383702874623
outcome_bout_phase,active,35,65.0,-0.0065463483431284315
outcome_bout_phase,active,35,66.0,-0.061219156310209945
outcome_bout_phase,active,35,67.0,-0.4482955590609934
outcome_bout_phase,active,35,68.0,-0.04798736011434438
outcome_bout_phase,active,35,69.0,0.07922001222552746
outcome_bout_phase,active,35,70.0,-0.05884803811145146
outcome_bout_phase,active,35,71.0,-0.2122026305813138
outcome_bout_phase,active,35,72.0,-0.12762303348054826
outcome_bout_phase,active,35,73.0,0.3912614276499686
outcome_bout_phase,active,35,74.0,0.2331675531185852
outcome_bout_phase,active,35,75.0,-0.04018612546426009
outcome_bout_phase,active,35,76.0,-0.33378758073694126
outcome_bout_phase,active,35,77.0,0.1553737419491855
outcome_bout_phase,active,35,78.0,0.03993091422293413
outcome_bout_phase,active,35,79.0,-0.3420420852689911
outcome_bout_phase,active,35,80.0,-0.13855870262518033
outcome_bout_phase,active,35,81.0,0.19411906570040746
outcome_bout_phase,active,35,82.0,0.15102777302483594
outcome_bout_phase,active,35,83.0,0.11431349412100887
outcome_bout_phase,active,35,84.0,-0.13203019563961438
outcome_bout_phase,active,35,85.0,-0.1575365031114746
outcome_bout_phase,active,35,86.0,-0.060315057918447754
outcome_bout_phase,active,35,87.0,0.06620424219961586
outcome_bout_phase,active,35,88.0,0.1650610933209332
outcome_bout_phase,active,35,89.0,0.360990341043851
outcome_bout_phase,active,35,90.0,0.45374795390337885
outcome_bout_phase,active,35,91.0,0.09431577161255626
outcome_bout_phase,active,35,92.0,0.3825783542645543
outcome_bout_phase,active,35,93.0,0.23571671451801482
outcome_bout_phase,active,35,94.0,0.35067017839060677
outcome_bout_phase,active,35,95.0,0.24078616228542463
outcome_bout_phase,active,35,96.0,0.4140703834268957
outcome_bout_phase,active,35,97.0,0.5071846603435154
outcome_bout_phase,active,35,98.0,0.28558545288389814
outcome_bout_phase,active,35,99.0,0.3617611240489444
outcome_bout_phase,active,35,100.0,0.20126555370352148
outcome_fixed,passive,1,-3.0,-0.2802393286317648
outcome_fixed,passive,1,-2.9,-0.155236623193166
outcome_fixed,passive,1,-2.8,-0.043229706901562526
outcome_fixed,passive,1,-2.6999999999999997,-0.06094339866785298
outcome_fixed,passive,1,-2.5999999999999996,-0.05464438071431987
outcome_fixed,passive,1,-2.4999999999999996,-0.0186693947188733
outcome_fixed,passive,1,-2.3999999999999995,-0.05139343407404062
outcome_fixed,passive,1,-2.2999999999999994,-0.1569791068898169
outcome_fixed,passive,1,-2.1999999999999993,-0.18155331496293367
outcome_fixed,passive,1,-2.099999999999999,-0.21766926966438863
outcome_fixed,passive,1,-1.9999999999999991,-0.2144067867439032
outcome_fixed,passive,1,-1.899999999999999,-0.23862623364859015
outcome_fixed,passive,1,-1.799999999999999,-0.1531573977441855
outcome_fixed,passive,1,-1.6999999999999988,-0.13970951016375746
outcome_fixed,passive,1,-1.5999999999999988,-0.11905479273905781
outcome_fixed,passive,1,-1.4999999999999987,-0.16120751579633558
outcome_fixed,passive,1,-1.3999999999999986,-0.22080155303479396
outcome_fixed,passive,1,-1.2999999999999985,-0.17143210155172647
outcome_fixed,passive,1,-1.1999999999999984,-0.1731963793980043
outcome_fixed,passive,1,-1.0999999999999983,-0.17070819203238582
outcome_fixed,passive,1,-0.9999999999999982,-0.1086450238944926
outcome_fixed,passive,1,-0.8999999999999981,-0.08677919264502029
outcome_fixed,passive,1,-0.799999999999998,-0.06794568317537014
outcome_fixed,passive,1,-0.699999999999998,-0.07919048301009204
outcome_fixed,passive,1,-0.5999999999999979,-0.0518056164963811
outcome_fixed,passive,1,-0.4999999999999978,-0.08275158794862075
outcome_fixed,passive,1,-0.3999999999999977,-0.14268118489197554
outcome_fixed,passive,1,-0.2999999999999976,-0.15895612074831023
outcome_fixed,passive,1,-0.1999999999999975,-0.10094537352694222
outcome_fixed,passive,1,-0.09999999999999742,-0.12236562478250923
outcome_fixed,passive,1,2.6645352591003757e-15,-0.12050681810228692
outcome_fixed,passive,1,0.10000000000000275,-0.04953158300362559
outcome_fixed,passive,1,0.20000000000000284,0.0296052414001034
outcome_fixed,passive,1,0.30000000000000293,0.085648561252132
outcome_fixed,passive,1,0.400000000000003,0.11006496392301862
outcome_fixed,passive,1,0.5000000000000031,0.10259855436131757
outcome_fixed,passive,1,0.6000000000000032,0.12886345527679682
outcome_fixed,passive,1,0.7000000000000033,0.10747198937324537
outcome_fixed,passive,1,0.8000000000000034,0.05360566295769026
outcome_fixed,passive,1,0.9000000000000035,0.02912556617605494
outcome_fixed,passive,1,1.0000000000000036,0.030741866279936192
outcome_fixed,passive,1,1.1000000000000032,0.010906977894243025
outcome_fixed,passive,1,1.2000000000000037,0.019317706299472437
outcome_fixed,passive,1,1.3000000000000043,-0.047306690331854584
outcome_fixed,passive,1,1.400000000000004,-0.07859863570808218
outcome_fixed,passive,1,1.5000000000000036,0.02599898985582852
outcome_fixed,passive,1,1.600000000000004,0.09720728683685972
outcome_fixed,passive,1,1.7000000000000046,0.05343555741571493
outcome_fixed,passive,1,1.8000000000000043,-0.0424669625552303
outcome_fixed,passive,1,1.900000000000004,0.055699492946494567
outcome_fixed,passive,1,2.0000000000000044,0.1313879338975879
outcome_fixed,passive,1,2.100000000000005,0.18965191077585408
outcome_fixed,passive,1,2.2000000000000046,0.19611456827808169
outcome_fixed,passive,1,2.3000000000000043,0.28308062137264395
outcome_fixed,passive,1,2.400000000000005,0.3065987256917996
outcome_fixed,passive,1,2.5000000000000053,0.31033043859199716
outcome_fixed,passive,1,2.600000000000005,0.2951723066426628
outcome_fixed,passive,1,2.7000000000000046,0.312450207210512
outcome_fixed,passive,1,2.800000000000005,0.30866244697595935
outcome_fixed,passive,1,2.9000000000000057,0.313130082135493
outcome_fixed,passive,1,3.0000000000000053,0.2583941298974418
outcome_fixed,passive,1,3.100000000000005,0.23578992685629224
outcome_fixed,passive,1,3.2000000000000055,0.2403434035675157
outcome_fixed,passive,1,3.300000000000006,0.2324644660353317
outcome_fixed,passive,1,3.4000000000000057,0.2213259606465383
outcome_fixed,passive,1,3.5000000000000053,0.2525799525819967
outcome_fixed,passive,1,3.600000000000006,0.26318337630170413
outcome_fixed,passive,1,3.7000000000000064,0.30486029600307535
outcome_fixed,passive,1,3.800000000000006,0.2914183251911916
outcome_fixed,passive,1,3.9000000000000057,0.18553769894144173
outcome_fixed,passive,1,4.000000000000006,0.17071700185931954
outcome_fixed,passive,1,4.100000000000007,0.19101887139516224
outcome_fixed,passive,1,4.200000000000006,0.17112777020404307
outcome_fixed,passive,1,4.300000000000006,0.19913964254792196
outcome_fixed,passive,1,4.400000000000007,0.13655862220321527
outcome_fixed,passive,1,4.500000000000007,0.14463249037140807
outcome_fixed,passive,1,4.600000000000007,0.06381313857417638
outcome_fixed,passive,1,4.700000000000006,0.10798128031325067
outcome_fixed,passive,1,4.800000000000007,0.14077826416475153
outcome_fixed,passive,1,4.9000000000000075,0.11793815948330957
outcome_fixed,passive,1,5.000000000000007,0.10322653707363347
outcome_fixed,passive,1,5.100000000000007,0.020049390658342464
outcome_fixed,passive,1,5.200000000000006,0.026618697107334166
outcome_fixed,passive,1,5.300000000000008,0.07337926136973072
outcome_fixed,passive,1,5.4000000000000075,0.10364049973245701
outcome_fixed,passive,1,5.500000000000007,0.06820777519862053
outcome_fixed,passive,1,5.6000000000000085,0.1490452019142508
outcome_fixed,passive,1,5.700000000000008,0.12967750900050146
outcome_fixed,passive,1,5.800000000000008,0.15092812313618992
outcome_fixed,passive,1,5.9000000000000075,0.14043500616813503
outcome_fixed,passive,3,-3.0,-0.2552563231488633
outcome_fixed,passive,3,-2.9,-0.25178680328600556
outcome_fixed,passive,3,-2.8,-0.24608238492915907
outcome_fixed,passive,3,-2.6999999999999997,-0.21299327045986838
outcome_fixed,passive,3,-2.5999999999999996,-0.06895781778942074
outcome_fixed,passive,3,-2.4999999999999996,-0.0849174030409602
outcome_fixed,passive,3,-2.3999999999999995,0.033942411358651656
outcome_fixed,passive,3,-2.2999999999999994,0.019643256119829738
outcome_fixed,passive,3,-2.1999999999999993,0.16576766635336895
outcome_fixed,passive,3,-2.099999999999999,0.23087599013752522
outcome_fixed,passive,3,-1.9999999999999991,0.37101199740102836
outcome_fixed,passive,3,-1.899999999999999,0.3150820117643704
outcome_fixed,passive,3,-1.799999999999999,0.2453176442398341
outcome_fixed,passive,3,-1.6999999999999988,0.20373101484242825
outcome_fixed,passive,3,-1.5999999999999988,0.1921834342756851
outcome_fixed,passive,3,-1.4999999999999987,0.2236301270019522
outcome_fixed,passive,3,-1.3999999999999986,0.3767627214580776
outcome_fixed,passive,3,-1.2999999999999985,0.6027590171495282
outcome_fixed,passive,3,-1.1999999999999984,0.6924510833262478
outcome_fixed,passive,3,-1.0999999999999983,0.755955855158972
outcome_fixed,passive,3,-0.9999999999999982,0.8860667755847733
outcome_fixed,passive,3,-0.8999999999999981,0.958819482861305
outcome_fixed,passive,3,-0.799999999999998,1.059408992236853
outcome_fixed,passive,3,-0.699999999999998,0.9553034238739839
outcome_fixed,passive,3,-0.5999999999999979,1.001742787245607
outcome_fixed,passive,3,-0.4999999999999978,1.197064671018344
outcome_fixed,passive,3,-0.3999999999999977,1.2845078131804784
outcome_fixed,passive,3,-0.2999999999999976,1.413587416111833
outcome_fixed,passive,3,-0.1999999999999975,1.3526590143561381
outcome_fixed,passive,3,-0.09999999999999742,1.4142535330176287
outcome_fixed,passive,3,2.6645352591003757e-15,1.5443784232223137
outcome_fixed,passive,3,0.10000000000000275,1.6043415779300156
outcome_fixed,passive,3,0.20000000000000284,1.418531748715545
outcome_fixed,passive,3,0.30000000000000293,1.4732597735354667
outcome_fixed,passive,3,0.400000000000003,1.3987166463568619
outcome_fixed,passive,3,0.5000000000000031,1.4102843848865414
outcome_fixed,passive,3,0.6000000000000032,1.3465500675570328
outcome_fixed,passive,3,0.7000000000000033,1.2416164976760653
outcome_fixed,passive,3,0.8000000000000034,1.1597311282522336
outcome_fixed,passive,3,0.9000000000000035,1.2199690622902863
outcome_fixed,passive,3,1.0000000000000036,1.2486296273615827
outcome_fixed,passive,3,1.1000000000000032,1.6042705743045047
outcome_fixed,passive,3,1.2000000000000037,1.720995072432958
outcome_fixed,passive,3,1.3000000000000043,1.800557295034467
outcome_fixed,passive,3,1.400000000000004,1.9214362418575646
outcome_fixed,passive,3,1.5000000000000036,2.072229779531448
outcome_fixed,passive,3,1.600000000000004,2.022274416717613
outcome_fixed,passive,3,1.7000000000000046,1.8904161026293675
outcome_fixed,passive,3,1.8000000000000043,1.6844598655767513
outcome_fixed,passive,3,1.900000000000004,1.568258376353954
outcome_fixed,passive,3,2.0000000000000044,1.5038293169726906
outcome_fixed,passive,3,2.100000000000005,1.4309518352147774
outcome_fixed,passive,3,2.2000000000000046,1.340314350452442
outcome_fixed,passive,3,2.3000000000000043,1.3932124092873248
outcome_fixed,passive,3,2.400000000000005,1.4032328192871908
outcome_fixed,passive,3,2.5000000000000053,1.3612076698923368
outcome_fixed,passive,3,2.600000000000005,1.3306502006813263
outcome_fixed,passive,3,2.7000000000000046,1.265965912068442
outcome_fixed,passive,3,2.800000000000005,1.162756291310446
outcome_fixed,passive,3,2.9000000000000057,1.156231708372745
outcome_fixed,passive,3,3.0000000000000053,1.144940503669517
outcome_fixed,passive,3,3.100000000000005,1.100985926741216
outcome_fixed,passive,3,3.2000000000000055,1.0239755744491386
outcome_fixed,passive,3,3.300000000000006,0.9973669731818763
outcome_fixed,passive,3,3.4000000000000057,0.9209331361103303
outcome_fixed,passive,3,3.5000000000000053,1.0114176471344924
outcome_fixed,passive,3,3.600000000000006,0.920225814149256
outcome_fixed,passive,3,3.7000000000000064,0.8951090553716999
outcome_fixed,passive,3,3.800000000000006,0.8474010122757959
outcome_fixed,passive,3,3.9000000000000057,0.7760541826466719
outcome_fixed,passive,3,4.000000000000006,0.8103714941738345
outcome_fixed,passive,3,4.100000000000007,0.8544069195288022
outcome_fixed,passive,3,4.200000000000006,0.8428248379020803
outcome_fixed,passive,3,4.300000000000006,0.8355994459831267
outcome_fixed,passive,3,4.400000000000007,0.7621592478672679
outcome_fixed,passive,3,4.500000000000007,0.8021339894750087
outcome_fixed,passive,3,4.600000000000007,0.8480518642239221
outcome_fixed,passive,3,4.700000000000006,0.7230195873893048
outcome_fixed,passive,3,4.800000000000007,0.7932208625956564
outcome_fixed,passive,3,4.9000000000000075,0.7380087118174268
outcome_fixed,passive,3,5.000000000000007,0.7013664121188469
outcome_fixed,passive,3,5.100000000000007,0.8222889604916056
outcome_fixed,passive,3,5.200000000000006,0.7293877714294461
outcome_fixed,passive,3,5.300000000000008,0.7354402138113656
outcome_fixed,passive,3,5.4000000000000075,0.842165538145743
outcome_fixed,passive,3,5.500000000000007,0.9502594788567426
outcome_fixed,passive,3,5.6000000000000085,0.8229645017240582
outcome_fixed,passive,3,5.700000000000008,0.8673321030342629
outcome_fixed,passive,3,5.800000000000008,0.949266848631693
outcome_fixed,passive,3,5.9000000000000075,0.8624283783792389
outcome_fixed,passive,4,-3.0,-0.12948432859488795
outcome_fixed,passive,4,-2.9,-0.07612464094799881
outcome_fixed,passive,4,-2.8,-0.059636979738321536
outcome_fixed,passive,4,-2.6999999999999997,0.12824355854791147
outcome_fixed,passive,4,-2.5999999999999996,0.19481361640277983
outcome_fixed,passive,4,-2.4999999999999996,0.18393440264840913
outcome_fixed,passive,4,-2.3999999999999995,0.232736982618028
outcome_fixed,passive,4,-2.2999999999999994,0.2803381431986356
outcome_fixed,passive,4,-2.1999999999999993,0.2958763892242882
outcome_fixed,passive,4,-2.099999999999999,0.21733180449239248
outcome_fixed,passive,4,-1.9999999999999991,0.22280637443045037
outcome_fixed,passive,4,-1.899999999999999,0.19582880635561747
outcome_fixed,passive,4,-1.799999999999999,0.19362127218463263
outcome_fixed,passive,4,-1.6999999999999988,0.23113023551685002
outcome_fixed,passive,4,-1.5999999999999988,0.34854187277071513
outcome_fixed,passive,4,-1.4999999999999987,0.41354298271095674
outcome_fixed,passive,4,-1.3999999999999986,0.5178937760523212
outcome_fixed,passive,4,-1.2999999999999985,0.5882043167391496
outcome_fixed,passive,4,-1.1999999999999984,0.6542697496413408
outcome_fixed,passive,4,-1.0999999999999983,0.7382705365510477
outcome_fixed,passive,4,-0.9999999999999982,0.8296246883585352
outcome_fixed,passive,4,-0.8999999999999981,0.8325653906516584
outcome_fixed,passive,4,-0.799999999999998,0.7521265408569315
outcome_fixed,passive,4,-0.699999999999998,0.9117550172095256
outcome_fixed,passive,4,-0.5999999999999979,0.9180259367278928
outcome_fixed,passive,4,-0.4999999999999978,0.8967130361243559
outcome_fixed,passive,4,-0.3999999999999977,0.70535576001893
outcome_fixed,passive,4,-0.2999999999999976,0.9217994399074921
outcome_fixed,passive,4,-0.1999999999999975,0.7324521638919278
outcome_fixed,passive,4,-0.09999999999999742,0.7141481883218674
outcome_fixed,passive,4,2.6645352591003757e-15,0.7227558065989601
outcome_fixed,passive,4,0.10000000000000275,0.7161459592639501
outcome_fixed,passive,4,0.20000000000000284,0.6573804231351795
outcome_fixed,passive,4,0.30000000000000293,0.563173593664913
outcome_fixed,passive,4,0.400000000000003,0.6490578156441458
outcome_fixed,passive,4,0.5000000000000031,0.5284883529607217
outcome_fixed,passive,4,0.6000000000000032,0.3544913696108105
outcome_fixed,passive,4,0.7000000000000033,0.3609680497561702
outcome_fixed,passive,4,0.8000000000000034,0.5119092837670233
outcome_fixed,passive,4,0.9000000000000035,0.6193506118622992
outcome_fixed,passive,4,1.0000000000000036,0.7143345421810733
outcome_fixed,passive,4,1.1000000000000032,0.6462296816675946
outcome_fixed,passive,4,1.2000000000000037,0.43391143658264547
outcome_fixed,passive,4,1.3000000000000043,0.27540677244873957
outcome_fixed,passive,4,1.400000000000004,0.18659907119504157
outcome_fixed,passive,4,1.5000000000000036,0.08745812479690297
outcome_fixed,passive,4,1.600000000000004,0.1353102407984233
outcome_fixed,passive,4,1.7000000000000046,0.03681553240661539
outcome_fixed,passive,4,1.8000000000000043,0.04869400020575932
outcome_fixed,passive,4,1.900000000000004,-0.03516756134156752
outcome_fixed,passive,4,2.0000000000000044,-0.025598696082543292
outcome_fixed,passive,4,2.100000000000005,-0.014866550148832704
outcome_fixed,passive,4,2.2000000000000046,-0.02392317052427521
outcome_fixed,passive,4,2.3000000000000043,0.05591640454211188
outcome_fixed,passive,4,2.400000000000005,0.10442185170329986
outcome_fixed,passive,4,2.5000000000000053,0.0178112335415941
outcome_fixed,passive,4,2.600000000000005,-0.030124535429277663
outcome_fixed,passive,4,2.7000000000000046,-0.09078063482329471
outcome_fixed,passive,4,2.800000000000005,-0.1639560146410598
outcome_fixed,passive,4,2.9000000000000057,-0.16435299980821233
outcome_fixed,passive,4,3.0000000000000053,-0.17830878654775648
outcome_fixed,passive,4,3.100000000000005,-0.3679994804954579
outcome_fixed,passive,4,3.2000000000000055,-0.28239743538548695
outcome_fixed,passive,4,3.300000000000006,-0.33964223379406233
outcome_fixed,passive,4,3.4000000000000057,-0.2949667986056093
outcome_fixed,passive,4,3.5000000000000053,-0.1773151075395575
outcome_fixed,passive,4,3.600000000000006,-0.2110398792403799
outcome_fixed,passive,4,3.7000000000000064,-0.2472158533399337
outcome_fixed,passive,4,3.800000000000006,-0.044094408132941604
outcome_fixed,passive,4,3.9000000000000057,-0.06653642211149918
outcome_fixed,passive,4,4.000000000000006,-0.16136130011194133
outcome_fixed,passive,4,4.100000000000007,-0.10258081496945934
outcome_fixed,passive,4,4.200000000000006,-0.05681926206675565
outcome_fixed,passive,4,4.300000000000006,-0.11990089104696876
outcome_fixed,passive,4,4.400000000000007,-0.09123227485527688
outcome_fixed,passive,4,4.500000000000007,-0.03247192233993517
outcome_fixed,passive,4,4.600000000000007,0.05604489765628941
outcome_fixed,passive,4,4.700000000000006,0.1111351910344591
outcome_fixed,passive,4,4.800000000000007,0.05161888791147214
outcome_fixed,passive,4,4.9000000000000075,-0.120321496867547
outcome_fixed,passive,4,5.000000000000007,-0.18587870653477678
outcome_fixed,passive,4,5.100000000000007,-0.2196836041106247
outcome_fixed,passive,4,5.200000000000006,-0.2804591346875602
outcome_fixed,passive,4,5.300000000000008,-0.2198570877962557
outcome_fixed,passive,4,5.4000000000000075,-0.2779202183033188
outcome_fixed,passive,4,5.500000000000007,-0.3305042125899829
outcome_fixed,passive,4,5.6000000000000085,-0.4295032244469288
outcome_fixed,passive,4,5.700000000000008,-0.34673849512270083
outcome_fixed,passive,4,5.800000000000008,-0.2505317792736142
outcome_fixed,passive,4,5.9000000000000075,-0.35874888309827496
outcome_fixed,passive,5,-3.0,0.014688673572202313
outcome_fixed,passive,5,-2.9,-0.1021278445497175
outcome_fixed,passive,5,-2.8,-0.11650765326927066
outcome_fixed,passive,5,-2.6999999999999997,-0.15909778204167138
outcome_fixed,passive,5,-2.5999999999999996,-0.22300443166652692
outcome_fixed,passive,5,-2.4999999999999996,-0.21400936092021983
outcome_fixed,passive,5,-2.3999999999999995,-0.24101522738900527
outcome_fixed,passive,5,-2.2999999999999994,-0.17567227121011172
outcome_fixed,passive,5,-2.1999999999999993,-0.1236516947684871
outcome_fixed,passive,5,-2.099999999999999,-0.1061627858999218
outcome_fixed,passive,5,-1.9999999999999991,-0.07888011765943231
outcome_fixed,passive,5,-1.899999999999999,-0.06483416369477778
outcome_fixed,passive,5,-1.799999999999999,-0.08884165103007295
outcome_fixed,passive,5,-1.6999999999999988,-0.12269567809259808
outcome_fixed,passive,5,-1.5999999999999988,-0.16460778003009918
outcome_fixed,passive,5,-1.4999999999999987,-0.1784449538050735
outcome_fixed,passive,5,-1.3999999999999986,-0.10467769028179257
outcome_fixed,passive,5,-1.2999999999999985,-0.10469304482053224
outcome_fixed,passive,5,-1.1999999999999984,-0.16649334803251162
outcome_fixed,passive,5,-1.0999999999999983,-0.20112182350307098
outcome_fixed,passive,5,-0.9999999999999982,-0.23142466756422228
outcome_fixed,passive,5,-0.8999999999999981,-0.21713534105900464
outcome_fixed,passive,5,-0.799999999999998,-0.19236993729902863
outcome_fixed,passive,5,-0.699999999999998,-0.07949230031305721
outcome_fixed,passive,5,-0.5999999999999979,0.07838024247438082
outcome_fixed,passive,5,-0.4999999999999978,0.11233490416611687
outcome_fixed,passive,5,-0.3999999999999977,0.34546014740130127
outcome_fixed,passive,5,-0.2999999999999976,0.5382566041861817
outcome_fixed,passive,5,-0.1999999999999975,0.5880604482418491
outcome_fixed,passive,5,-0.09999999999999742,0.6618611800831051
outcome_fixed,passive,5,2.6645352591003757e-15,0.7273244432139337
outcome_fixed,passive,5,0.10000000000000275,0.7288374293115788
outcome_fixed,passive,5,0.20000000000000284,0.5396934944172355
outcome_fixed,passive,5,0.30000000000000293,0.33285285640048284
outcome_fixed,passive,5,0.400000000000003,0.25622088660076997
outcome_fixed,passive,5,0.5000000000000031,0.23811326733364577
outcome_fixed,passive,5,0.6000000000000032,0.22853441440902386
outcome_fixed,passive,5,0.7000000000000033,0.31579328573561827
outcome_fixed,passive,5,0.8000000000000034,0.4703674162460591
outcome_fixed,passive,5,0.9000000000000035,0.6326658590450707
outcome_fixed,passive,5,1.0000000000000036,0.9203312227057313
outcome_fixed,passive,5,1.1000000000000032,0.9794714642229072
outcome_fixed,passive,5,1.2000000000000037,0.8005752030760673
outcome_fixed,passive,5,1.3000000000000043,0.7037419111030601
outcome_fixed,passive,5,1.400000000000004,0.6022990472622197
outcome_fixed,passive,5,1.5000000000000036,0.45265501477206915
outcome_fixed,passive,5,1.600000000000004,0.3692447946375962
outcome_fixed,passive,5,1.7000000000000046,0.29547340459358745
outcome_fixed,passive,5,1.8000000000000043,0.2474217152816405
outcome_fixed,passive,5,1.900000000000004,0.27719500821818444
outcome_fixed,passive,5,2.0000000000000044,0.34326507329811845
outcome_fixed,passive,5,2.100000000000005,0.35232943662075555
outcome_fixed,passive,5,2.2000000000000046,0.34603726326462014
outcome_fixed,passive,5,2.3000000000000043,0.2809623324628531
outcome_fixed,passive,5,2.400000000000005,0.19573553349662734
outcome_fixed,passive,5,2.5000000000000053,0.17540455254699777
outcome_fixed,passive,5,2.600000000000005,0.1390078113118624
outcome_fixed,passive,5,2.7000000000000046,0.1758815042067315
outcome_fixed,passive,5,2.800000000000005,0.20592089011095904
outcome_fixed,passive,5,2.9000000000000057,0.24362224890690662
outcome_fixed,passive,5,3.0000000000000053,0.24294960280837177
outcome_fixed,passive,5,3.100000000000005,0.2504776430487859
outcome_fixed,passive,5,3.2000000000000055,0.24574612293619258
outcome_fixed,passive,5,3.300000000000006,0.30787747836066154
outcome_fixed,passive,5,3.4000000000000057,0.2640460922947959
outcome_fixed,passive,5,3.5000000000000053,0.24744568722902816
outcome_fixed,passive,5,3.600000000000006,0.27975574582360097
outcome_fixed,passive,5,3.7000000000000064,0.23059648981782177
outcome_fixed,passive,5,3.800000000000006,0.17892922708481424
outcome_fixed,passive,5,3.9000000000000057,0.17802079164707024
outcome_fixed,passive,5,4.000000000000006,0.09404509516117945
outcome_fixed,passive,5,4.100000000000007,0.027438454468557846
outcome_fixed,passive,5,4.200000000000006,-0.031046441068875736
outcome_fixed,passive,5,4.300000000000006,-0.08332625035560474
outcome_fixed,passive,5,4.400000000000007,-0.10450055470774992
outcome_fixed,passive,5,4.500000000000007,-0.12815568427638033
outcome_fixed,passive,5,4.600000000000007,-0.08775531372712345
outcome_fixed,passive,5,4.700000000000006,0.06692641810029584
outcome_fixed,passive,5,4.800000000000007,0.20722504683274207
outcome_fixed,passive,5,4.9000000000000075,0.15065358271478285
outcome_fixed,passive,5,5.000000000000007,0.10744055105693603
outcome_fixed,passive,5,5.100000000000007,0.03278155983499383
outcome_fixed,passive,5,5.200000000000006,-0.0014126226219243296
outcome_fixed,passive,5,5.300000000000008,-0.059236093217294485
outcome_fixed,passive,5,5.4000000000000075,-0.058546651788130594
outcome_fixed,passive,5,5.500000000000007,-0.030342276941173123
outcome_fixed,passive,5,5.6000000000000085,-0.0677015562369851
outcome_fixed,passive,5,5.700000000000008,-0.05774354329547786
outcome_fixed,passive,5,5.800000000000008,-0.04748047921826638
outcome_fixed,passive,5,5.9000000000000075,-0.05454694468463544
outcome_fixed,passive,6,-3.0,-0.20934179869174915
outcome_fixed,passive,6,-2.9,-0.23554056941311394
outcome_fixed,passive,6,-2.8,-0.21813808664209758
outcome_fixed,passive,6,-2.6999999999999997,-0.07731746101327461
outcome_fixed,passive,6,-2.5999999999999996,-0.2015527899071285
outcome_fixed,passive,6,-2.4999999999999996,-0.13052436677434123
outcome_fixed,passive,6,-2.3999999999999995,-0.0584952825933326
outcome_fixed,passive,6,-2.2999999999999994,-0.19824474223091848
outcome_fixed,passive,6,-2.1999999999999993,-0.09507395471078489
outcome_fixed,passive,6,-2.099999999999999,-0.14010318099604682
outcome_fixed,passive,6,-1.9999999999999991,-0.12187161558630626
outcome_fixed,passive,6,-1.899999999999999,-0.13281966142349688
outcome_fixed,passive,6,-1.799999999999999,-0.12086555310054861
outcome_fixed,passive,6,-1.6999999999999988,-0.11960595375804392
outcome_fixed,passive,6,-1.5999999999999988,-0.08320350518474014
outcome_fixed,passive,6,-1.4999999999999987,0.04705028815601944
outcome_fixed,passive,6,-1.3999999999999986,-0.06209947803873039
outcome_fixed,passive,6,-1.2999999999999985,0.026194245821613973
outcome_fixed,passive,6,-1.1999999999999984,0.02423159185768356
outcome_fixed,passive,6,-1.0999999999999983,-0.00038198236740970634
outcome_fixed,passive,6,-0.9999999999999982,0.09639563240955597
outcome_fixed,passive,6,-0.8999999999999981,0.07592933167686086
outcome_fixed,passive,6,-0.799999999999998,0.03771493547394763
outcome_fixed,passive,6,-0.699999999999998,0.2310262049959562
outcome_fixed,passive,6,-0.5999999999999979,0.2365932893840881
outcome_fixed,passive,6,-0.4999999999999978,0.20204219958096484
outcome_fixed,passive,6,-0.3999999999999977,0.1492663819352006
outcome_fixed,passive,6,-0.2999999999999976,-0.1541150163803351
outcome_fixed,passive,6,-0.1999999999999975,-0.2572628513713138
outcome_fixed,passive,6,-0.09999999999999742,-0.09780820755171761
outcome_fixed,passive,6,2.6645352591003757e-15,-0.0457274800767014
outcome_fixed,passive,6,0.10000000000000275,0.06044236455825436
outcome_fixed,passive,6,0.20000000000000284,0.08669354457440276
outcome_fixed,passive,6,0.30000000000000293,0.140195779054994
outcome_fixed,passive,6,0.400000000000003,0.13461813159539043
outcome_fixed,passive,6,0.5000000000000031,0.07820781564175722
outcome_fixed,passive,6,0.6000000000000032,-0.11371435007643403
outcome_fixed,passive,6,0.7000000000000033,-0.028668265510247915
outcome_fixed,passive,6,0.8000000000000034,0.21555059788125916
outcome_fixed,passive,6,0.9000000000000035,0.46128368027281347
outcome_fixed,passive,6,1.0000000000000036,0.5830778907553691
outcome_fixed,passive,6,1.1000000000000032,0.6687425850725183
outcome_fixed,passive,6,1.2000000000000037,0.5614905300366809
outcome_fixed,passive,6,1.3000000000000043,0.5931092421548779
outcome_fixed,passive,6,1.400000000000004,0.4080048490079572
outcome_fixed,passive,6,1.5000000000000036,0.33356604920966526
outcome_fixed,passive,6,1.600000000000004,0.1812596395842107
outcome_fixed,passive,6,1.7000000000000046,0.13291332727418903
outcome_fixed,passive,6,1.8000000000000043,0.10440897916807677
outcome_fixed,passive,6,1.900000000000004,-0.023117012227014542
outcome_fixed,passive,6,2.0000000000000044,-0.0550639560877627
outcome_fixed,passive,6,2.100000000000005,-0.02216379467717883
outcome_fixed,passive,6,2.2000000000000046,0.043043082991221775
outcome_fixed,passive,6,2.3000000000000043,-0.1088577885063485
outcome_fixed,passive,6,2.400000000000005,-0.06580221957755367
outcome_fixed,passive,6,2.5000000000000053,-0.06019562545503937
outcome_fixed,passive,6,2.600000000000005,0.005663563149915983
outcome_fixed,passive,6,2.7000000000000046,-0.20127180535034636
outcome_fixed,passive,6,2.800000000000005,-0.13610682362256485
outcome_fixed,passive,6,2.9000000000000057,-0.10130347357518821
outcome_fixed,passive,6,3.0000000000000053,-0.19221150989361485
outcome_fixed,passive,6,3.100000000000005,-0.15357386335228368
outcome_fixed,passive,6,3.2000000000000055,-0.1326814163438522
outcome_fixed,passive,6,3.300000000000006,-0.13965210016825053
outcome_fixed,passive,6,3.4000000000000057,-0.1164299953941634
outcome_fixed,passive,6,3.5000000000000053,-0.22011596251092008
outcome_fixed,passive,6,3.600000000000006,-0.2820282101085391
outcome_fixed,passive,6,3.7000000000000064,-0.32511282269084274
outcome_fixed,passive,6,3.800000000000006,-0.2314912822419499
outcome_fixed,passive,6,3.9000000000000057,-0.2961825415665686
outcome_fixed,passive,6,4.000000000000006,-0.2813917140891104
outcome_fixed,passive,6,4.100000000000007,-0.16300759845641413
outcome_fixed,passive,6,4.200000000000006,-0.13727672017196657
outcome_fixed,passive,6,4.300000000000006,-0.2187103350775383
outcome_fixed,passive,6,4.400000000000007,-0.1358050116303994
outcome_fixed,passive,6,4.500000000000007,-0.17816834533272546
outcome_fixed,passive,6,4.600000000000007,-0.1686609289324826
outcome_fixed,passive,6,4.700000000000006,-0.24459183787504693
outcome_fixed,passive,6,4.800000000000007,-0.2601699062589664
outcome_fixed,passive,6,4.9000000000000075,-0.17459212479287026
outcome_fixed,passive,6,5.000000000000007,-0.25243226759980353
outcome_fixed,passive,6,5.100000000000007,-0.2050458572415766
outcome_fixed,passive,6,5.200000000000006,-0.16320456350566076
outcome_fixed,passive,6,5.300000000000008,-0.3475767214190075
outcome_fixed,passive,6,5.4000000000000075,-0.24352920469242312
outcome_fixed,passive,6,5.500000000000007,-0.20331425932802943
outcome_fixed,passive,6,5.6000000000000085,-0.19660447064718556
outcome_fixed,passive,6,5.700000000000008,-0.22923839902499177
outcome_fixed,passive,6,5.800000000000008,-0.3011768753024486
outcome_fixed,passive,6,5.9000000000000075,-0.27246274335007853
outcome_fixed,passive,18,-3.0,0.30721674808226423
outcome_fixed,passive,18,-2.9,0.4145387717612209
outcome_fixed,passive,18,-2.8,0.6189578316958146
outcome_fixed,passive,18,-2.6999999999999997,0.7287089902557978
outcome_fixed,passive,18,-2.5999999999999996,0.7039071411493721
outcome_fixed,passive,18,-2.4999999999999996,0.7383868971453685
outcome_fixed,passive,18,-2.3999999999999995,0.742307213988276
outcome_fixed,passive,18,-2.2999999999999994,0.8252709295285329
outcome_fixed,passive,18,-2.1999999999999993,0.9992673605814139
outcome_fixed,passive,18,-2.099999999999999,1.0825540566944454
outcome_fixed,passive,18,-1.9999999999999991,1.1323949336163281
outcome_fixed,passive,18,-1.899999999999999,1.1256941493199322
outcome_fixed,passive,18,-1.799999999999999,1.031153700756296
outcome_fixed,passive,18,-1.6999999999999988,1.02114934164629
outcome_fixed,passive,18,-1.5999999999999988,0.9916802355135542
outcome_fixed,passive,18,-1.4999999999999987,1.0289060045166214
outcome_fixed,passive,18,-1.3999999999999986,1.0515245884887023
outcome_fixed,passive,18,-1.2999999999999985,1.0638606700402922
outcome_fixed,passive,18,-1.1999999999999984,1.0591893248991437
outcome_fixed,passive,18,-1.0999999999999983,0.9896752704460681
outcome_fixed,passive,18,-0.9999999999999982,0.8875089682478742
outcome_fixed,passive,18,-0.8999999999999981,0.80463248743844
outcome_fixed,passive,18,-0.799999999999998,0.8196746935901298
outcome_fixed,passive,18,-0.699999999999998,0.7498366414761525
outcome_fixed,passive,18,-0.5999999999999979,0.6581080764736202
outcome_fixed,passive,18,-0.4999999999999978,0.6397643656159406
outcome_fixed,passive,18,-0.3999999999999977,0.5583291098687112
outcome_fixed,passive,18,-0.2999999999999976,0.5040777618794988
outcome_fixed,passive,18,-0.1999999999999975,0.3663508908671172
outcome_fixed,passive,18,-0.09999999999999742,0.3300613924104219
outcome_fixed,passive,18,2.6645352591003757e-15,0.29044091341214134
outcome_fixed,passive,18,0.10000000000000275,0.48045880007494585
outcome_fixed,passive,18,0.20000000000000284,0.624778942723648
outcome_fixed,passive,18,0.30000000000000293,0.5951641020235449
outcome_fixed,passive,18,0.400000000000003,0.5514594739255055
outcome_fixed,passive,18,0.5000000000000031,0.40524746390312427
outcome_fixed,passive,18,0.6000000000000032,0.33267004472376943
outcome_fixed,passive,18,0.7000000000000033,0.2692376173237096
outcome_fixed,passive,18,0.8000000000000034,0.30029105928083516
outcome_fixed,passive,18,0.9000000000000035,0.7661705906461856
outcome_fixed,passive,18,1.0000000000000036,1.036947760111053
outcome_fixed,passive,18,1.1000000000000032,1.2838664074990367
outcome_fixed,passive,18,1.2000000000000037,1.2864657987087063
outcome_fixed,passive,18,1.3000000000000043,1.2692095191801154
outcome_fixed,passive,18,1.400000000000004,1.1826702384780672
outcome_fixed,passive,18,1.5000000000000036,1.1977808233365101
outcome_fixed,passive,18,1.600000000000004,1.1359515208485487
outcome_fixed,passive,18,1.7000000000000046,1.0962237900758116
outcome_fixed,passive,18,1.8000000000000043,1.0623424382611488
outcome_fixed,passive,18,1.900000000000004,0.9695157372143006
outcome_fixed,passive,18,2.0000000000000044,0.9309555424512559
outcome_fixed,passive,18,2.100000000000005,0.9003069119800381
outcome_fixed,passive,18,2.2000000000000046,0.8874872107960473
outcome_fixed,passive,18,2.3000000000000043,0.8587552014104947
outcome_fixed,passive,18,2.400000000000005,0.8434283756979872
outcome_fixed,passive,18,2.5000000000000053,0.8520511189819677
outcome_fixed,passive,18,2.600000000000005,0.7824022527095337
outcome_fixed,passive,18,2.7000000000000046,0.6857456974797314
outcome_fixed,passive,18,2.800000000000005,0.6386972700032774
outcome_fixed,passive,18,2.9000000000000057,0.5880423484034893
outcome_fixed,passive,18,3.0000000000000053,0.5353726861419718
outcome_fixed,passive,18,3.100000000000005,0.49310721914982014
outcome_fixed,passive,18,3.2000000000000055,0.47992117982894045
outcome_fixed,passive,18,3.300000000000006,0.49002000215605407
outcome_fixed,passive,18,3.4000000000000057,0.511482169937328
outcome_fixed,passive,18,3.5000000000000053,0.5014077586015409
outcome_fixed,passive,18,3.600000000000006,0.5208961875215667
outcome_fixed,passive,18,3.7000000000000064,0.43614581060054636
outcome_fixed,passive,18,3.800000000000006,0.5121953284020849
outcome_fixed,passive,18,3.9000000000000057,0.46636048825331416
outcome_fixed,passive,18,4.000000000000006,0.3926589392114056
outcome_fixed,passive,18,4.100000000000007,0.40403952392888354
outcome_fixed,passive,18,4.200000000000006,0.33756460516777553
outcome_fixed,passive,18,4.300000000000006,0.37692837347170854
outcome_fixed,passive,18,4.400000000000007,0.3745632132872082
outcome_fixed,passive,18,4.500000000000007,0.3102496349727449
outcome_fixed,passive,18,4.600000000000007,0.3698661125871151
outcome_fixed,passive,18,4.700000000000006,0.3601928437640443
outcome_fixed,passive,18,4.800000000000007,0.368386529709458
outcome_fixed,passive,18,4.9000000000000075,0.35469212044045934
outcome_fixed,passive,18,5.000000000000007,0.34600102996648857
outcome_fixed,passive,18,5.100000000000007,0.3434826159351514
outcome_fixed,passive,18,5.200000000000006,0.3180360359056007
outcome_fixed,passive,18,5.300000000000008,0.34665009170656996
outcome_fixed,passive,18,5.4000000000000075,0.36100817708046823
outcome_fixed,passive,18,5.500000000000007,0.3951105727796587
outcome_fixed,passive,18,5.6000000000000085,0.33094090406169724
outcome_fixed,passive,18,5.700000000000008,0.3288274371631055
outcome_fixed,passive,18,5.800000000000008,0.28358410188008976
outcome_fixed,passive,18,5.9000000000000075,0.2513890034642518
outcome_fixed,passive,19,-3.0,-0.0843549037176831
outcome_fixed,passive,19,-2.9,-0.22165375335506374
outcome_fixed,passive,19,-2.8,-0.2467753685773691
outcome_fixed,passive,19,-2.6999999999999997,-0.28515454234754595
outcome_fixed,passive,19,-2.5999999999999996,-0.3137653901262747
outcome_fixed,passive,19,-2.4999999999999996,-0.26944933300847185
outcome_fixed,passive,19,-2.3999999999999995,-0.08495778003944772
outcome_fixed,passive,19,-2.2999999999999994,-0.22790061660841976
outcome_fixed,passive,19,-2.1999999999999993,-0.19377254788991677
outcome_fixed,passive,19,-2.099999999999999,-0.2274575312497884
outcome_fixed,passive,19,-1.9999999999999991,-0.26521892333713337
outcome_fixed,passive,19,-1.899999999999999,-0.21198638864288039
outcome_fixed,passive,19,-1.799999999999999,-0.24841884456695568
outcome_fixed,passive,19,-1.6999999999999988,-0.1313799357987013
outcome_fixed,passive,19,-1.5999999999999988,-0.24450329574332924
outcome_fixed,passive,19,-1.4999999999999987,0.014173021128635823
outcome_fixed,passive,19,-1.3999999999999986,-0.05742646742345177
outcome_fixed,passive,19,-1.2999999999999985,-0.11393336850640325
outcome_fixed,passive,19,-1.1999999999999984,-0.06486388598505786
outcome_fixed,passive,19,-1.0999999999999983,-0.10274305620208539
outcome_fixed,passive,19,-0.9999999999999982,-0.08919389552106743
outcome_fixed,passive,19,-0.8999999999999981,-0.006422088397878876
outcome_fixed,passive,19,-0.799999999999998,0.11438009474592012
outcome_fixed,passive,19,-0.699999999999998,0.20887625918830485
outcome_fixed,passive,19,-0.5999999999999979,0.09988368104947075
outcome_fixed,passive,19,-0.4999999999999978,0.014263143756237325
outcome_fixed,passive,19,-0.3999999999999977,-0.1292770465778625
outcome_fixed,passive,19,-0.2999999999999976,-0.17286173834989735
outcome_fixed,passive,19,-0.1999999999999975,-0.42134558053785504
outcome_fixed,passive,19,-0.09999999999999742,-0.3983252631119677
outcome_fixed,passive,19,2.6645352591003757e-15,-0.30991008028891126
outcome_fixed,passive,19,0.10000000000000275,-0.2868806033821684
outcome_fixed,passive,19,0.20000000000000284,-0.47136223450363735
outcome_fixed,passive,19,0.30000000000000293,-0.27701535745821876
outcome_fixed,passive,19,0.400000000000003,-0.41015873162524613
outcome_fixed,passive,19,0.5000000000000031,-0.39618662007130206
outcome_fixed,passive,19,0.6000000000000032,-0.5800091414090199
outcome_fixed,passive,19,0.7000000000000033,-0.377230890000109
outcome_fixed,passive,19,0.8000000000000034,-0.3251524691812024
outcome_fixed,passive,19,0.9000000000000035,0.022276998921977167
outcome_fixed,passive,19,1.0000000000000036,-0.014310561395144878
outcome_fixed,passive,19,1.1000000000000032,-0.006292410234746941
outcome_fixed,passive,19,1.2000000000000037,-0.12271107588366752
outcome_fixed,passive,19,1.3000000000000043,0.06341289967748528
outcome_fixed,passive,19,1.400000000000004,-0.0818397673006849
outcome_fixed,passive,19,1.5000000000000036,0.14699543484292835
outcome_fixed,passive,19,1.600000000000004,0.15336087049725083
outcome_fixed,passive,19,1.7000000000000046,0.14902892202032908
outcome_fixed,passive,19,1.8000000000000043,0.15350093254894662
outcome_fixed,passive,19,1.900000000000004,0.20245319464389222
outcome_fixed,passive,19,2.0000000000000044,0.5458292706631882
outcome_fixed,passive,19,2.100000000000005,0.6054988401218006
outcome_fixed,passive,19,2.2000000000000046,0.5942654892337624
outcome_fixed,passive,19,2.3000000000000043,0.3413156807423648
outcome_fixed,passive,19,2.400000000000005,0.5417478372980945
outcome_fixed,passive,19,2.5000000000000053,0.44130038596311566
outcome_fixed,passive,19,2.600000000000005,0.3830393340601923
outcome_fixed,passive,19,2.7000000000000046,0.553657896670315
outcome_fixed,passive,19,2.800000000000005,0.5299109319311182
outcome_fixed,passive,19,2.9000000000000057,0.5060465420394811
outcome_fixed,passive,19,3.0000000000000053,0.49576854206891985
outcome_fixed,passive,19,3.100000000000005,0.6067161829408859
outcome_fixed,passive,19,3.2000000000000055,0.6187891472161251
outcome_fixed,passive,19,3.300000000000006,0.46612770467868153
outcome_fixed,passive,19,3.4000000000000057,0.5807839117676761
outcome_fixed,passive,19,3.5000000000000053,0.46726472207770026
outcome_fixed,passive,19,3.600000000000006,0.46139790369639394
outcome_fixed,passive,19,3.7000000000000064,0.32601830982226837
outcome_fixed,passive,19,3.800000000000006,0.44414212817846543
outcome_fixed,passive,19,3.9000000000000057,0.4165059106538547
outcome_fixed,passive,19,4.000000000000006,0.4050457487714079
outcome_fixed,passive,19,4.100000000000007,0.3885012607545598
outcome_fixed,passive,19,4.200000000000006,0.5291724001676434
outcome_fixed,passive,19,4.300000000000006,0.40445557090286116
outcome_fixed,passive,19,4.400000000000007,0.4880747187375841
outcome_fixed,passive,19,4.500000000000007,0.3577338808390548
outcome_fixed,passive,19,4.600000000000007,0.4586055887966341
outcome_fixed,passive,19,4.700000000000006,0.5480622300181435
outcome_fixed,passive,19,4.800000000000007,0.41476677840852033
outcome_fixed,passive,19,4.9000000000000075,0.4562662434723873
outcome_fixed,passive,19,5.000000000000007,0.48177633443774276
outcome_fixed,passive,19,5.100000000000007,0.46420480798665864
outcome_fixed,passive,19,5.200000000000006,0.6409902943353253
outcome_fixed,passive,19,5.300000000000008,0.4001093176052975
outcome_fixed,passive,19,5.4000000000000075,0.4210861307958228
outcome_fixed,passive,19,5.500000000000007,0.3117604984008239
outcome_fixed,passive,19,5.6000000000000085,0.534796493114696
outcome_fixed,passive,19,5.700000000000008,0.4259933254321044
outcome_fixed,passive,19,5.800000000000008,0.40022301571259866
outcome_fixed,passive,19,5.9000000000000075,0.3945312805517913
outcome_fixed,passive,27,-3.0,-0.16642054726175604
outcome_fixed,passive,27,-2.9,-0.17687240105301968
outcome_fixed,passive,27,-2.8,-0.2340335897600481
outcome_fixed,passive,27,-2.6999999999999997,-0.3039283953545733
outcome_fixed,passive,27,-2.5999999999999996,-0.3831292573096609
outcome_fixed,passive,27,-2.4999999999999996,-0.353259047495233
outcome_fixed,passive,27,-2.3999999999999995,-0.31446366316945523
outcome_fixed,passive,27,-2.2999999999999994,-0.32228793311215304
outcome_fixed,passive,27,-2.1999999999999993,-0.21390895397560436
outcome_fixed,passive,27,-2.099999999999999,-0.15554137947852117
outcome_fixed,passive,27,-1.9999999999999991,-0.1327413750383231
outcome_fixed,passive,27,-1.899999999999999,-0.07616715965341393
outcome_fixed,passive,27,-1.799999999999999,-0.05915714809353472
outcome_fixed,passive,27,-1.6999999999999988,0.03127120158022764
outcome_fixed,passive,27,-1.5999999999999988,0.05938141205693459
outcome_fixed,passive,27,-1.4999999999999987,0.12087470602474855
outcome_fixed,passive,27,-1.3999999999999986,0.11281534996055527
outcome_fixed,passive,27,-1.2999999999999985,0.1372468736560339
outcome_fixed,passive,27,-1.1999999999999984,0.16373762683357726
outcome_fixed,passive,27,-1.0999999999999983,0.1868865647741437
outcome_fixed,passive,27,-0.9999999999999982,0.26343917858329163
outcome_fixed,passive,27,-0.8999999999999981,0.3601837300708897
outcome_fixed,passive,27,-0.799999999999998,0.4551592647237639
outcome_fixed,passive,27,-0.699999999999998,0.6754327110260777
outcome_fixed,passive,27,-0.5999999999999979,0.7611705978068368
outcome_fixed,passive,27,-0.4999999999999978,0.9199787901688047
outcome_fixed,passive,27,-0.3999999999999977,0.9654601471568892
outcome_fixed,passive,27,-0.2999999999999976,1.135533322068565
outcome_fixed,passive,27,-0.1999999999999975,1.0212747742716288
outcome_fixed,passive,27,-0.09999999999999742,0.9121861732599924
outcome_fixed,passive,27,2.6645352591003757e-15,0.9211844762805985
outcome_fixed,passive,27,0.10000000000000275,0.9157989599262436
outcome_fixed,passive,27,0.20000000000000284,0.7714541975375067
outcome_fixed,passive,27,0.30000000000000293,0.5756548534733631
outcome_fixed,passive,27,0.400000000000003,0.4854333948238392
outcome_fixed,passive,27,0.5000000000000031,0.43082491257167194
outcome_fixed,passive,27,0.6000000000000032,0.33267737280152576
outcome_fixed,passive,27,0.7000000000000033,0.4521437028782973
outcome_fixed,passive,27,0.8000000000000034,0.7781080498040261
outcome_fixed,passive,27,0.9000000000000035,1.363717587688223
outcome_fixed,passive,27,1.0000000000000036,1.7243053205609464
outcome_fixed,passive,27,1.1000000000000032,1.7515273760874137
outcome_fixed,passive,27,1.2000000000000037,1.5776319250919613
outcome_fixed,passive,27,1.3000000000000043,1.3469348580917797
outcome_fixed,passive,27,1.400000000000004,1.1664959342835273
outcome_fixed,passive,27,1.5000000000000036,1.1200829568504562
outcome_fixed,passive,27,1.600000000000004,0.9809696972878819
outcome_fixed,passive,27,1.7000000000000046,0.8855071215790161
outcome_fixed,passive,27,1.8000000000000043,0.7667468863920093
outcome_fixed,passive,27,1.900000000000004,0.6853594218904628
outcome_fixed,passive,27,2.0000000000000044,0.634229480903466
outcome_fixed,passive,27,2.100000000000005,0.6305033956691923
outcome_fixed,passive,27,2.2000000000000046,0.6177041588206841
outcome_fixed,passive,27,2.3000000000000043,0.5875666502585078
outcome_fixed,passive,27,2.400000000000005,0.6006337341107248
outcome_fixed,passive,27,2.5000000000000053,0.5894280884954889
outcome_fixed,passive,27,2.600000000000005,0.5516186674836203
outcome_fixed,passive,27,2.7000000000000046,0.4954122967167489
outcome_fixed,passive,27,2.800000000000005,0.4554739425820774
outcome_fixed,passive,27,2.9000000000000057,0.3701479163887847
outcome_fixed,passive,27,3.0000000000000053,0.2954670153082645
outcome_fixed,passive,27,3.100000000000005,0.25664001810722553
outcome_fixed,passive,27,3.2000000000000055,0.202727809448895
outcome_fixed,passive,27,3.300000000000006,0.06499747826637657
outcome_fixed,passive,27,3.4000000000000057,0.02550852265656822
outcome_fixed,passive,27,3.5000000000000053,0.05003016109597753
outcome_fixed,passive,27,3.600000000000006,0.07177138482484047
outcome_fixed,passive,27,3.7000000000000064,0.01049978098570107
outcome_fixed,passive,27,3.800000000000006,0.020454230579532818
outcome_fixed,passive,27,3.9000000000000057,0.02246358757938373
outcome_fixed,passive,27,4.000000000000006,-0.03711992989047072
outcome_fixed,passive,27,4.100000000000007,-0.15931910680102823
outcome_fixed,passive,27,4.200000000000006,-0.16823274942171196
outcome_fixed,passive,27,4.300000000000006,-0.12955737446478663
outcome_fixed,passive,27,4.400000000000007,-0.15855584526958139
outcome_fixed,passive,27,4.500000000000007,-0.12032372007877162
outcome_fixed,passive,27,4.600000000000007,-0.006745635732855874
outcome_fixed,passive,27,4.700000000000006,0.07338219545457568
outcome_fixed,passive,27,4.800000000000007,0.059265846456320576
outcome_fixed,passive,27,4.9000000000000075,0.029777994042844244
outcome_fixed,passive,27,5.000000000000007,0.061105911539676795
outcome_fixed,passive,27,5.100000000000007,0.14323559102030983
outcome_fixed,passive,27,5.200000000000006,0.23766818465562684
outcome_fixed,passive,27,5.300000000000008,0.25748876856697345
outcome_fixed,passive,27,5.4000000000000075,0.23804589299617726
outcome_fixed,passive,27,5.500000000000007,0.2061219234330398
outcome_fixed,passive,27,5.6000000000000085,0.1600398340839013
outcome_fixed,passive,27,5.700000000000008,0.10535786266229867
outcome_fixed,passive,27,5.800000000000008,0.23218233814937503
outcome_fixed,passive,27,5.9000000000000075,0.2190078098412257
outcome_fixed,passive,35,-3.0,0.0754119178844235
outcome_fixed,passive,35,-2.9,0.19973825941678947
outcome_fixed,passive,35,-2.8,0.2840624427540227
outcome_fixed,passive,35,-2.6999999999999997,0.20836969582429607
outcome_fixed,passive,35,-2.5999999999999996,0.4002198835663907
outcome_fixed,passive,35,-2.4999999999999996,-0.10155079825555102
outcome_fixed,passive,35,-2.3999999999999995,0.17564100249229878
outcome_fixed,passive,35,-2.2999999999999994,0.1118911624662184
outcome_fixed,passive,35,-2.1999999999999993,0.07849841570601099
outcome_fixed,passive,35,-2.099999999999999,0.0998703483649481
outcome_fixed,passive,35,-1.9999999999999991,0.30340208932994667
outcome_fixed,passive,35,-1.899999999999999,0.18481600746747612
outcome_fixed,passive,35,-1.799999999999999,0.3595067014283647
outcome_fixed,passive,35,-1.6999999999999988,0.4342108610068573
outcome_fixed,passive,35,-1.5999999999999988,0.3283466314394465
outcome_fixed,passive,35,-1.4999999999999987,0.3573697698326431
outcome_fixed,passive,35,-1.3999999999999986,0.45298530072752674
outcome_fixed,passive,35,-1.2999999999999985,0.47764753491168266
outcome_fixed,passive,35,-1.1999999999999984,0.6800754197490758
outcome_fixed,passive,35,-1.0999999999999983,0.8679215414525381
outcome_fixed,passive,35,-0.9999999999999982,0.7567379139476271
outcome_fixed,passive,35,-0.8999999999999981,0.8572831177505413
outcome_fixed,passive,35,-0.799999999999998,0.6067928633801198
outcome_fixed,passive,35,-0.699999999999998,0.7305880426301614
outcome_fixed,passive,35,-0.5999999999999979,0.7200926064960697
outcome_fixed,passive,35,-0.4999999999999978,0.382386365398319
outcome_fixed,passive,35,-0.3999999999999977,0.6393252173332452
outcome_fixed,passive,35,-0.2999999999999976,0.13455958827865117
outcome_fixed,passive,35,-0.1999999999999975,0.09557036859343485
outcome_fixed,passive,35,-0.09999999999999742,0.09557254972703667
outcome_fixed,passive,35,2.6645352591003757e-15,0.03721142270618392
outcome_fixed,passive,35,0.10000000000000275,0.47989685805911675
outcome_fixed,passive,35,0.20000000000000284,0.5842874316997
outcome_fixed,passive,35,0.30000000000000293,0.40293342883477407
outcome_fixed,passive,35,0.400000000000003,0.31704897892801154
outcome_fixed,passive,35,0.5000000000000031,0.2815187653391033
outcome_fixed,passive,35,0.6000000000000032,0.14325258842642175
outcome_fixed,passive,35,0.7000000000000033,0.2945428626094233
outcome_fixed,passive,35,0.8000000000000034,0.03425639660667082
outcome_fixed,passive,35,0.9000000000000035,0.05449565545706677
outcome_fixed,passive,35,1.0000000000000036,0.03460386988222388
outcome_fixed,passive,35,1.1000000000000032,0.3127551833786482
outcome_fixed,passive,35,1.2000000000000037,0.3979411402138237
outcome_fixed,passive,35,1.3000000000000043,0.5866297889576189
outcome_fixed,passive,35,1.400000000000004,0.5907513681542305
outcome_fixed,passive,35,1.5000000000000036,0.7335989939959673
outcome_fixed,passive,35,1.600000000000004,0.5728068652302076
outcome_fixed,passive,35,1.7000000000000046,0.5908836015476664
outcome_fixed,passive,35,1.8000000000000043,0.5881008342302133
outcome_fixed,passive,35,1.900000000000004,0.43664269860443544
outcome_fixed,passive,35,2.0000000000000044,0.3154213007792561
outcome_fixed,passive,35,2.100000000000005,0.5023487584153704
outcome_fixed,passive,35,2.2000000000000046,0.45061154603505094
outcome_fixed,passive,35,2.3000000000000043,0.39667543941840366
outcome_fixed,passive,35,2.400000000000005,0.6211830990590408
outcome_fixed,passive,35,2.5000000000000053,0.6378566874835304
outcome_fixed,passive,35,2.600000000000005,0.6935598587690948
outcome_fixed,passive,35,2.7000000000000046,0.6510877194030382
outcome_fixed,passive,35,2.800000000000005,0.24138914744641973
outcome_fixed,passive,35,2.9000000000000057,0.4718873631432746
outcome_fixed,passive,35,3.0000000000000053,0.38239956277726633
outcome_fixed,passive,35,3.100000000000005,0.6997233544812357
outcome_fixed,passive,35,3.2000000000000055,0.5840053106082765
outcome_fixed,passive,35,3.300000000000006,0.6443159745037566
outcome_fixed,passive,35,3.4000000000000057,0.8097306450223899
outcome_fixed,passive,35,3.5000000000000053,0.6630985907802772
outcome_fixed,passive,35,3.600000000000006,0.5877640381442465
outcome_fixed,passive,35,3.7000000000000064,0.6255295684566564
outcome_fixed,passive,35,3.800000000000006,0.6014767581897276
outcome_fixed,passive,35,3.9000000000000057,0.6165100906660472
outcome_fixed,passive,35,4.000000000000006,0.5432842013407599
outcome_fixed,passive,35,4.100000000000007,0.5170338889893158
outcome_fixed,passive,35,4.200000000000006,0.3534030209383601
outcome_fixed,passive,35,4.300000000000006,0.6369817485771267
outcome_fixed,passive,35,4.400000000000007,0.4549230315703193
outcome_fixed,passive,35,4.500000000000007,0.5485038216846193
outcome_fixed,passive,35,4.600000000000007,0.3281415464576346
outcome_fixed,passive,35,4.700000000000006,0.3785343583191975
outcome_fixed,passive,35,4.800000000000007,0.5082982243210755
outcome_fixed,passive,35,4.9000000000000075,0.29923232476688144
outcome_fixed,passive,35,5.000000000000007,0.21696572002071365
outcome_fixed,passive,35,5.100000000000007,0.2669978158495677
outcome_fixed,passive,35,5.200000000000006,0.061159280851725194
outcome_fixed,passive,35,5.300000000000008,0.31326371768843486
outcome_fixed,passive,35,5.4000000000000075,0.1717238480825847
outcome_fixed,passive,35,5.500000000000007,0.39423140026679127
outcome_fixed,passive,35,5.6000000000000085,0.43859182893600995
outcome_fixed,passive,35,5.700000000000008,0.08505361362487592
outcome_fixed,passive,35,5.800000000000008,0.36540918601191585
outcome_fixed,passive,35,5.9000000000000075,0.3631707329546371
outcome_bout_phase,passive,1,0.0,-0.10931026499274613
outcome_bout_phase,passive,1,1.0,-0.06617262320553952
outcome_bout_phase,passive,1,2.0,-0.04603481975997545
outcome_bout_phase,passive,1,3.0,0.01772811904134214
outcome_bout_phase,passive,1,4.0,0.0036434731468152903
outcome_bout_phase,passive,1,5.0,0.037533790876823625
outcome_bout_phase,passive,1,6.0,0.058283700295594876
outcome_bout_phase,passive,1,7.0,0.05302045262168617
outcome_bout_phase,passive,1,8.0,0.07980698882293902
outcome_bout_phase,passive,1,9.0,0.08049852361338905
outcome_bout_phase,passive,1,10.0,0.10664604652987361
outcome_bout_phase,passive,1,11.0,0.09008314669944334
outcome_bout_phase,passive,1,12.0,0.11177531222270777
outcome_bout_phase,passive,1,13.0,0.05852241169561731
outcome_bout_phase,passive,1,14.0,0.00529087926652394
outcome_bout_phase,passive,1,15.0,0.06889826758707338
outcome_bout_phase,passive,1,16.0,0.06725007945475908
outcome_bout_phase,passive,1,17.0,0.0808960531780431
outcome_bout_phase,passive,1,18.0,0.06815094871321775
outcome_bout_phase,passive,1,19.0,0.05727207531751971
outcome_bout_phase,passive,1,20.0,0.029832172604752183
outcome_bout_phase,passive,1,21.0,0.0332005686827217
outcome_bout_phase,passive,1,22.0,-0.008552629070793266
outcome_bout_phase,passive,1,23.0,-0.05150077585104684
outcome_bout_phase,passive,1,24.0,-0.015076156763098425
outcome_bout_phase,passive,1,25.0,-0.004107875497808611
outcome_bout_phase,passive,1,26.0,0.022789233415658416
outcome_bout_phase,passive,1,27.0,0.047372632750835114
outcome_bout_phase,passive,1,28.0,0.07566740681980821
outcome_bout_phase,passive,1,29.0,0.0006476710540061492
outcome_bout_phase,passive,1,30.0,0.060189648293983516
outcome_bout_phase,passive,1,31.0,0.03549493245765814
outcome_bout_phase,passive,1,32.0,0.032768247585368726
outcome_bout_phase,passive,1,33.0,-0.06385356390517306
outcome_bout_phase,passive,1,34.0,0.025898736119116972
outcome_bout_phase,passive,1,35.0,0.03803410928732778
outcome_bout_phase,passive,1,36.0,0.11018809796581122
outcome_bout_phase,passive,1,37.0,0.2468132746416854
outcome_bout_phase,passive,1,38.0,0.23200885344023464
outcome_bout_phase,passive,1,39.0,0.2606643570960307
outcome_bout_phase,passive,1,40.0,0.24804315212877454
outcome_bout_phase,passive,1,41.0,0.25628767293768995
outcome_bout_phase,passive,1,42.0,0.3132175943755453
outcome_bout_phase,passive,1,43.0,0.32370897343733784
outcome_bout_phase,passive,1,44.0,0.31776380930201364
outcome_bout_phase,passive,1,45.0,0.3405046697239428
outcome_bout_phase,passive,1,46.0,0.3788833761187573
outcome_bout_phase,passive,1,47.0,0.3122426614742627
outcome_bout_phase,passive,1,48.0,0.2733835600078647
outcome_bout_phase,passive,1,49.0,0.3083207400790087
outcome_bout_phase,passive,1,50.0,0.32313912815539947
outcome_bout_phase,passive,1,51.0,0.2714279168886927
outcome_bout_phase,passive,1,52.0,0.2976853732918552
outcome_bout_phase,passive,1,53.0,0.34993190721568673
outcome_bout_phase,passive,1,54.0,0.3043483700210761
outcome_bout_phase,passive,1,55.0,0.2547948248299381
outcome_bout_phase,passive,1,56.0,0.2367575303275513
outcome_bout_phase,passive,1,57.0,0.1916385330205285
outcome_bout_phase,passive,1,58.0,0.13526249141827518
outcome_bout_phase,passive,1,59.0,0.17521952985595768
outcome_bout_phase,passive,1,60.0,0.19022432418106922
outcome_bout_phase,passive,1,61.0,0.19102338262503238
outcome_bout_phase,passive,1,62.0,0.10366031995317243
outcome_bout_phase,passive,1,63.0,0.10247934807316883
outcome_bout_phase,passive,1,64.0,0.15973989527790183
outcome_bout_phase,passive,1,65.0,0.23790140583983632
outcome_bout_phase,passive,1,66.0,0.21763361719516844
outcome_bout_phase,passive,1,67.0,0.2527695652149681
outcome_bout_phase,passive,1,68.0,0.24602926849078588
outcome_bout_phase,passive,1,69.0,0.2458841624450836
outcome_bout_phase,passive,1,70.0,0.2352290397091435
outcome_bout_phase,passive,1,71.0,0.30269679778747405
outcome_bout_phase,passive,1,72.0,0.26219587119210874
outcome_bout_phase,passive,1,73.0,0.23121112174224703
outcome_bout_phase,passive,1,74.0,0.2514027500607486
outcome_bout_phase,passive,1,75.0,0.26926099838675815
outcome_bout_phase,passive,1,76.0,0.26520094330148003
outcome_bout_phase,passive,1,77.0,0.26206655090123454
outcome_bout_phase,passive,1,78.0,0.21516769315857814
outcome_bout_phase,passive,1,79.0,0.2761193520111683
outcome_bout_phase,passive,1,80.0,0.23135658305393778
outcome_bout_phase,passive,1,81.0,0.2349229076996322
outcome_bout_phase,passive,1,82.0,0.1706533720732918
outcome_bout_phase,passive,1,83.0,0.06157520851628223
outcome_bout_phase,passive,1,84.0,0.08767973943689875
outcome_bout_phase,passive,1,85.0,0.06125886921891868
outcome_bout_phase,passive,1,86.0,0.025489943550694172
outcome_bout_phase,passive,1,87.0,0.02551853675735352
outcome_bout_phase,passive,1,88.0,0.04076177298081163
outcome_bout_phase,passive,1,89.0,0.023227762531360413
outcome_bout_phase,passive,1,90.0,0.05547740293946521
outcome_bout_phase,passive,1,91.0,0.035957498386788106
outcome_bout_phase,passive,1,92.0,0.07831779027935648
outcome_bout_phase,passive,1,93.0,0.05513208826293714
outcome_bout_phase,passive,1,94.0,0.08100156619975107
outcome_bout_phase,passive,1,95.0,0.03048977466091532
outcome_bout_phase,passive,1,96.0,0.08777660655446484
outcome_bout_phase,passive,1,97.0,0.06215638400939022
outcome_bout_phase,passive,1,98.0,0.10479157442941563
outcome_bout_phase,passive,1,99.0,0.07982866172051767
outcome_bout_phase,passive,1,100.0,0.05982416436083138
outcome_bout_phase,passive,3,0.0,1.5481267148566278
outcome_bout_phase,passive,3,1.0,1.353150619301901
outcome_bout_phase,passive,3,2.0,1.077002330124943
outcome_bout_phase,passive,3,3.0,1.380024919300675
outcome_bout_phase,passive,3,4.0,1.714782764088042
outcome_bout_phase,passive,3,5.0,1.6935620561134905
outcome_bout_phase,passive,3,6.0,1.50994947527461
outcome_bout_phase,passive,3,7.0,1.2370355360745922
outcome_bout_phase,passive,3,8.0,1.4349243036400596
outcome_bout_phase,passive,3,9.0,1.2739281819062687
outcome_bout_phase,passive,3,10.0,1.090796898118366
outcome_bout_phase,passive,3,11.0,1.0611146196139034
outcome_bout_phase,passive,3,12.0,1.0791073676354916
outcome_bout_phase,passive,3,13.0,1.0485624474536956
outcome_bout_phase,passive,3,14.0,0.8820642805094386
outcome_bout_phase,passive,3,15.0,0.8297824733953189
outcome_bout_phase,passive,3,16.0,0.8352772133567722
outcome_bout_phase,passive,3,17.0,0.7407385853135252
outcome_bout_phase,passive,3,18.0,0.7144041851609864
outcome_bout_phase,passive,3,19.0,0.8374176295325194
outcome_bout_phase,passive,3,20.0,0.9239092491755705
outcome_bout_phase,passive,3,21.0,0.847737113743396
outcome_bout_phase,passive,3,22.0,0.6332796933002701
outcome_bout_phase,passive,3,23.0,0.6931882044185216
outcome_bout_phase,passive,3,24.0,0.6476057655277894
outcome_bout_phase,passive,3,25.0,0.6892878425173035
outcome_bout_phase,passive,3,26.0,0.6392573655740922
outcome_bout_phase,passive,3,27.0,0.8114497679796214
outcome_bout_phase,passive,3,28.0,0.7925918597061592
outcome_bout_phase,passive,3,29.0,0.7480154195846783
outcome_bout_phase,passive,3,30.0,0.6003620779944575
outcome_bout_phase,passive,3,31.0,0.6644477807674518
outcome_bout_phase,passive,3,32.0,0.5651899345406904
outcome_bout_phase,passive,3,33.0,0.6045307917151205
outcome_bout_phase,passive,3,34.0,0.6708351534109285
outcome_bout_phase,passive,3,35.0,0.4807075123040684
outcome_bout_phase,passive,3,36.0,0.41176315706670297
outcome_bout_phase,passive,3,37.0,0.5181050522413708
outcome_bout_phase,passive,3,38.0,0.46041627221241915
outcome_bout_phase,passive,3,39.0,0.25300530802366195
outcome_bout_phase,passive,3,40.0,0.3522488211638066
outcome_bout_phase,passive,3,41.0,0.3295992416059462
outcome_bout_phase,passive,3,42.0,0.29249714790129056
outcome_bout_phase,passive,3,43.0,0.38693818359113036
outcome_bout_phase,passive,3,44.0,0.1565711032108564
outcome_bout_phase,passive,3,45.0,0.1839487975197213
outcome_bout_phase,passive,3,46.0,0.18778583727456039
outcome_bout_phase,passive,3,47.0,0.10342480816865475
outcome_bout_phase,passive,3,48.0,0.3867521121084206
outcome_bout_phase,passive,3,49.0,0.3269814382794964
outcome_bout_phase,passive,3,50.0,0.35966894270824123
outcome_bout_phase,passive,3,51.0,0.4446922560895782
outcome_bout_phase,passive,3,52.0,0.4715819511407918
outcome_bout_phase,passive,3,53.0,0.4093799725324367
outcome_bout_phase,passive,3,54.0,0.20972680557333412
outcome_bout_phase,passive,3,55.0,0.06381760779248806
outcome_bout_phase,passive,3,56.0,0.0680405961800657
outcome_bout_phase,passive,3,57.0,0.056540013393132534
outcome_bout_phase,passive,3,58.0,0.07369658179365762
outcome_bout_phase,passive,3,59.0,0.15605066717887184
outcome_bout_phase,passive,3,60.0,0.011586244928205414
outcome_bout_phase,passive,3,61.0,0.10011879289404495
outcome_bout_phase,passive,3,62.0,0.10094861695298447
outcome_bout_phase,passive,3,63.0,0.1471837273203082
outcome_bout_phase,passive,3,64.0,0.09959633664914444
outcome_bout_phase,passive,3,65.0,0.16546363867839672
outcome_bout_phase,passive,3,66.0,0.009149425835409945
outcome_bout_phase,passive,3,67.0,0.09192301925761957
outcome_bout_phase,passive,3,68.0,-0.01836895076512649
outcome_bout_phase,passive,3,69.0,-0.07106686816905387
outcome_bout_phase,passive,3,70.0,-0.18222169076380149
outcome_bout_phase,passive,3,71.0,-0.260269219025283
outcome_bout_phase,passive,3,72.0,-0.19348591090028458
outcome_bout_phase,passive,3,73.0,0.02295182163138838
outcome_bout_phase,passive,3,74.0,-0.004197768394423984
outcome_bout_phase,passive,3,75.0,0.09228535028961472
outcome_bout_phase,passive,3,76.0,0.19712958116329457
outcome_bout_phase,passive,3,77.0,0.021679723618837847
outcome_bout_phase,passive,3,78.0,0.31068824863271643
outcome_bout_phase,passive,3,79.0,0.24223401998044355
outcome_bout_phase,passive,3,80.0,0.21265636913936134
outcome_bout_phase,passive,3,81.0,0.14721283580635117
outcome_bout_phase,passive,3,82.0,0.2772779452347435
outcome_bout_phase,passive,3,83.0,0.008314042870566895
outcome_bout_phase,passive,3,84.0,0.06605104177618729
outcome_bout_phase,passive,3,85.0,-0.04925208273631825
outcome_bout_phase,passive,3,86.0,-0.3008061021239116
outcome_bout_phase,passive,3,87.0,0.003907812587326006
outcome_bout_phase,passive,3,88.0,0.15485793547084492
outcome_bout_phase,passive,3,89.0,0.21542482558717513
outcome_bout_phase,passive,3,90.0,0.06480212619611113
outcome_bout_phase,passive,3,91.0,0.46748911133630244
outcome_bout_phase,passive,3,92.0,0.32644407557942273
outcome_bout_phase,passive,3,93.0,0.3765450432435121
outcome_bout_phase,passive,3,94.0,0.3359760890342762
outcome_bout_phase,passive,3,95.0,0.44295126595011325
outcome_bout_phase,passive,3,96.0,0.39854122595329916
outcome_bout_phase,passive,3,97.0,0.43424054117278094
outcome_bout_phase,passive,3,98.0,0.39110427431257744
outcome_bout_phase,passive,3,99.0,0.7345738949854499
outcome_bout_phase,passive,3,100.0,1.2322639354072045
outcome_bout_phase,passive,4,0.0,0.7227558065989598
outcome_bout_phase,passive,4,1.0,0.5779920769687591
outcome_bout_phase,passive,4,2.0,0.6047427285040483
outcome_bout_phase,passive,4,3.0,0.49275281639062474
outcome_bout_phase,passive,4,4.0,0.5032748567126767
outcome_bout_phase,passive,4,5.0,0.46154392552831564
outcome_bout_phase,passive,4,6.0,0.44986383923506007
outcome_bout_phase,passive,4,7.0,0.31015109670197394
outcome_bout_phase,passive,4,8.0,0.30695084444224197
outcome_bout_phase,passive,4,9.0,0.1984124482332948
outcome_bout_phase,passive,4,10.0,0.10262201232410775
outcome_bout_phase,passive,4,11.0,0.03787360539807375
outcome_bout_phase,passive,4,12.0,0.16014583308412353
outcome_bout_phase,passive,4,13.0,0.2903686412557329
outcome_bout_phase,passive,4,14.0,0.15446533302652923
outcome_bout_phase,passive,4,15.0,0.11923298016432154
outcome_bout_phase,passive,4,16.0,0.023715280517370273
outcome_bout_phase,passive,4,17.0,-0.1828682093811023
outcome_bout_phase,passive,4,18.0,-0.20340206233616578
outcome_bout_phase,passive,4,19.0,-0.10986204029810603
outcome_bout_phase,passive,4,20.0,-0.20165687291243362
outcome_bout_phase,passive,4,21.0,-0.01830312836551213
outcome_bout_phase,passive,4,22.0,-0.10715752618758838
outcome_bout_phase,passive,4,23.0,-0.14643369942907578
outcome_bout_phase,passive,4,24.0,-0.18036217646797745
outcome_bout_phase,passive,4,25.0,-0.2233138809766053
outcome_bout_phase,passive,4,26.0,-0.27013492319426724
outcome_bout_phase,passive,4,27.0,-0.15458951080166325
outcome_bout_phase,passive,4,28.0,-0.07743907430629884
outcome_bout_phase,passive,4,29.0,-0.16460512962144963
outcome_bout_phase,passive,4,30.0,-0.2706088875775869
outcome_bout_phase,passive,4,31.0,-0.36405576684072716
outcome_bout_phase,passive,4,32.0,-0.317347481854383
outcome_bout_phase,passive,4,33.0,-0.32441961394689495
outcome_bout_phase,passive,4,34.0,-0.381935421454913
outcome_bout_phase,passive,4,35.0,-0.3314311046542675
outcome_bout_phase,passive,4,36.0,-0.3207327122837392
outcome_bout_phase,passive,4,37.0,-0.29961527414727734
outcome_bout_phase,passive,4,38.0,-0.3241932712902128
outcome_bout_phase,passive,4,39.0,-0.21315103251011835
outcome_bout_phase,passive,4,40.0,-0.30653773522927746
outcome_bout_phase,passive,4,41.0,-0.32259614702171113
outcome_bout_phase,passive,4,42.0,-0.3436628937791242
outcome_bout_phase,passive,4,43.0,-0.25456042677526125
outcome_bout_phase,passive,4,44.0,-0.33854736255231554
outcome_bout_phase,passive,4,45.0,-0.2748273702286612
outcome_bout_phase,passive,4,46.0,-0.22363337939751102
outcome_bout_phase,passive,4,47.0,-0.17010173076481352
outcome_bout_phase,passive,4,48.0,-0.20657277536968677
outcome_bout_phase,passive,4,49.0,-0.2340863522012689
outcome_bout_phase,passive,4,50.0,-0.16815635122134037
outcome_bout_phase,passive,4,51.0,-0.2595482647592325
outcome_bout_phase,passive,4,52.0,-0.2742376709309455
outcome_bout_phase,passive,4,53.0,-0.25476016375482285
outcome_bout_phase,passive,4,54.0,-0.1667096745292041
outcome_bout_phase,passive,4,55.0,-0.259246819396878
outcome_bout_phase,passive,4,56.0,-0.3601060141159039
outcome_bout_phase,passive,4,57.0,-0.4496502503726701
outcome_bout_phase,passive,4,58.0,-0.40118178095295526
outcome_bout_phase,passive,4,59.0,-0.35670952592469957
outcome_bout_phase,passive,4,60.0,-0.2597073598718111
outcome_bout_phase,passive,4,61.0,-0.3205786792509885
outcome_bout_phase,passive,4,62.0,-0.36521107257558877
outcome_bout_phase,passive,4,63.0,-0.2540202726568595
outcome_bout_phase,passive,4,64.0,-0.18175241725529456
outcome_bout_phase,passive,4,65.0,0.15006091587741865
outcome_bout_phase,passive,4,66.0,0.08275658967596641
outcome_bout_phase,passive,4,67.0,0.03499475629857657
outcome_bout_phase,passive,4,68.0,-0.027379094612894363
outcome_bout_phase,passive,4,69.0,-0.0040390139837897
outcome_bout_phase,passive,4,70.0,-0.09381457228462127
outcome_bout_phase,passive,4,71.0,-0.1433092904309901
outcome_bout_phase,passive,4,72.0,-0.09808376881696661
outcome_bout_phase,passive,4,73.0,-0.21230984408819104
outcome_bout_phase,passive,4,74.0,-0.0994290835145438
outcome_bout_phase,passive,4,75.0,-0.062468348071475395
outcome_bout_phase,passive,4,76.0,-0.1837832824733437
outcome_bout_phase,passive,4,77.0,-0.12433172052617324
outcome_bout_phase,passive,4,78.0,0.008941663698078207
outcome_bout_phase,passive,4,79.0,0.03961124003359299
outcome_bout_phase,passive,4,80.0,0.07996620087284947
outcome_bout_phase,passive,4,81.0,0.15501548953613967
outcome_bout_phase,passive,4,82.0,-0.012009035512460048
outcome_bout_phase,passive,4,83.0,0.09386590917967672
outcome_bout_phase,passive,4,84.0,0.12194310642569928
outcome_bout_phase,passive,4,85.0,-0.04167313201483939
outcome_bout_phase,passive,4,86.0,0.001053269049925439
outcome_bout_phase,passive,4,87.0,0.03940209279489769
outcome_bout_phase,passive,4,88.0,0.023043929130928065
outcome_bout_phase,passive,4,89.0,-0.1613922518620261
outcome_bout_phase,passive,4,90.0,0.08756488428526021
outcome_bout_phase,passive,4,91.0,0.12100240332722276
outcome_bout_phase,passive,4,92.0,-0.006513739048924779
outcome_bout_phase,passive,4,93.0,0.02179879629556512
outcome_bout_phase,passive,4,94.0,-0.01283004695558936
outcome_bout_phase,passive,4,95.0,0.07544096121090177
outcome_bout_phase,passive,4,96.0,0.31264607267289357
outcome_bout_phase,passive,4,97.0,0.365356936134113
outcome_bout_phase,passive,4,98.0,0.5148405050658738
outcome_bout_phase,passive,4,99.0,0.3731778017314823
outcome_bout_phase,passive,4,100.0,0.21708525535639725
outcome_bout_phase,passive,5,0.0,0.7273244432139334
outcome_bout_phase,passive,5,1.0,0.4837560440898154
outcome_bout_phase,passive,5,2.0,0.42077247174279964
outcome_bout_phase,passive,5,3.0,0.37876566501599074
outcome_bout_phase,passive,5,4.0,0.370635130622767
outcome_bout_phase,passive,5,5.0,0.25288997101857147
outcome_bout_phase,passive,5,6.0,0.42336823866103124
outcome_bout_phase,passive,5,7.0,0.4149985818878183
outcome_bout_phase,passive,5,8.0,0.6379455134360935
outcome_bout_phase,passive,5,9.0,0.5325936340738735
outcome_bout_phase,passive,5,10.0,0.5519174316893268
outcome_bout_phase,passive,5,11.0,0.5926015970089287
outcome_bout_phase,passive,5,12.0,0.4251920424118887
outcome_bout_phase,passive,5,13.0,0.29857793415906403
outcome_bout_phase,passive,5,14.0,0.26305520812239225
outcome_bout_phase,passive,5,15.0,0.15446489167429558
outcome_bout_phase,passive,5,16.0,0.11801561464996263
outcome_bout_phase,passive,5,17.0,0.14228093041472548
outcome_bout_phase,passive,5,18.0,0.1520257845429158
outcome_bout_phase,passive,5,19.0,0.22123894391094281
outcome_bout_phase,passive,5,20.0,0.1870313808569009
outcome_bout_phase,passive,5,21.0,0.11713909282227004
outcome_bout_phase,passive,5,22.0,-0.06783841547627507
outcome_bout_phase,passive,5,23.0,-0.12350783923004831
outcome_bout_phase,passive,5,24.0,-0.05720833979679078
outcome_bout_phase,passive,5,25.0,0.004172751252806813
outcome_bout_phase,passive,5,26.0,0.03755926036549632
outcome_bout_phase,passive,5,27.0,-0.062246886193654746
outcome_bout_phase,passive,5,28.0,-0.11356650174779648
outcome_bout_phase,passive,5,29.0,-0.06044468191200193
outcome_bout_phase,passive,5,30.0,-0.1603880063515191
outcome_bout_phase,passive,5,31.0,-0.2039577323888707
outcome_bout_phase,passive,5,32.0,-0.11514738530764847
outcome_bout_phase,passive,5,33.0,-0.07647401199992922
outcome_bout_phase,passive,5,34.0,0.014630736427411459
outcome_bout_phase,passive,5,35.0,0.031571554449595925
outcome_bout_phase,passive,5,36.0,-0.026966731421783473
outcome_bout_phase,passive,5,37.0,0.08707850811121426
outcome_bout_phase,passive,5,38.0,-0.13975878734326133
outcome_bout_phase,passive,5,39.0,0.09238264220775316
outcome_bout_phase,passive,5,40.0,0.03397748753530866
outcome_bout_phase,passive,5,41.0,0.01321173589062215
outcome_bout_phase,passive,5,42.0,0.02174715963834249
outcome_bout_phase,passive,5,43.0,0.10143639451692742
outcome_bout_phase,passive,5,44.0,0.30155716353512
outcome_bout_phase,passive,5,45.0,0.2919990443958028
outcome_bout_phase,passive,5,46.0,0.3223375539080098
outcome_bout_phase,passive,5,47.0,0.18616668792341778
outcome_bout_phase,passive,5,48.0,0.014541308389607276
outcome_bout_phase,passive,5,49.0,-0.09725861307434094
outcome_bout_phase,passive,5,50.0,-0.02914259306198276
outcome_bout_phase,passive,5,51.0,0.07438233048262756
outcome_bout_phase,passive,5,52.0,0.10166235715568946
outcome_bout_phase,passive,5,53.0,0.023046032810258122
outcome_bout_phase,passive,5,54.0,0.19540978545186052
outcome_bout_phase,passive,5,55.0,0.1454220894906503
outcome_bout_phase,passive,5,56.0,0.08807178077395028
outcome_bout_phase,passive,5,57.0,0.34068605621600057
outcome_bout_phase,passive,5,58.0,0.2551904643323708
outcome_bout_phase,passive,5,59.0,0.2658942239952792
outcome_bout_phase,passive,5,60.0,0.07451297031207745
outcome_bout_phase,passive,5,61.0,0.05549725624241391
outcome_bout_phase,passive,5,62.0,-0.006691090201236592
outcome_bout_phase,passive,5,63.0,-0.09246102312854024
outcome_bout_phase,passive,5,64.0,-0.12089566761044084
outcome_bout_phase,passive,5,65.0,-0.1402982380005424
outcome_bout_phase,passive,5,66.0,-0.20813024653453707
outcome_bout_phase,passive,5,67.0,-0.22743696671199595
outcome_bout_phase,passive,5,68.0,-0.26072625704104424
outcome_bout_phase,passive,5,69.0,-0.24557059605837656
outcome_bout_phase,passive,5,70.0,-0.09073552453718443
outcome_bout_phase,passive,5,71.0,-0.06508957333599565
outcome_bout_phase,passive,5,72.0,-0.040457290303255594
outcome_bout_phase,passive,5,73.0,-0.023773133352749925
outcome_bout_phase,passive,5,74.0,0.0499812752663679
outcome_bout_phase,passive,5,75.0,0.026835220074561326
outcome_bout_phase,passive,5,76.0,-0.08964349621138976
outcome_bout_phase,passive,5,77.0,-0.09979815074835606
outcome_bout_phase,passive,5,78.0,-0.18663974248722756
outcome_bout_phase,passive,5,79.0,-0.30031840062998993
outcome_bout_phase,passive,5,80.0,-0.2861371715199945
outcome_bout_phase,passive,5,81.0,-0.18064977322184694
outcome_bout_phase,passive,5,82.0,-0.16208476659927332
outcome_bout_phase,passive,5,83.0,-0.22365048032962292
outcome_bout_phase,passive,5,84.0,0.006145258113298509
outcome_bout_phase,passive,5,85.0,-0.14827901975142502
outcome_bout_phase,passive,5,86.0,-0.3936846990420678
outcome_bout_phase,passive,5,87.0,-0.3537988987693219
outcome_bout_phase,passive,5,88.0,-0.37612970446850014
outcome_bout_phase,passive,5,89.0,-0.3539288740245636
outcome_bout_phase,passive,5,90.0,-0.2610838092526028
outcome_bout_phase,passive,5,91.0,-0.24606591025476784
outcome_bout_phase,passive,5,92.0,-0.3742946052647689
outcome_bout_phase,passive,5,93.0,-0.3866329657903866
outcome_bout_phase,passive,5,94.0,-0.23259530197397146
outcome_bout_phase,passive,5,95.0,-0.14916830216808175
outcome_bout_phase,passive,5,96.0,-0.005246468153233754
outcome_bout_phase,passive,5,97.0,-0.08010691888658523
outcome_bout_phase,passive,5,98.0,0.05956129426553403
outcome_bout_phase,passive,5,99.0,0.40667348379945123
outcome_bout_phase,passive,5,100.0,0.5939638748507875
outcome_bout_phase,passive,6,0.0,-0.04896512925663704
outcome_bout_phase,passive,6,1.0,0.0917214985165374
outcome_bout_phase,passive,6,2.0,0.007765642203461873
outcome_bout_phase,passive,6,3.0,0.022030061486984463
outcome_bout_phase,passive,6,4.0,0.161487345847192
outcome_bout_phase,passive,6,5.0,0.07775203872999496
outcome_bout_phase,passive,6,6.0,0.14503889409001433
outcome_bout_phase,passive,6,7.0,0.1770149273655557
outcome_bout_phase,passive,6,8.0,0.11882921233870113
outcome_bout_phase,passive,6,9.0,0.16433182605366417
outcome_bout_phase,passive,6,10.0,0.29871800293207795
outcome_bout_phase,passive,6,11.0,0.29786140667162225
outcome_bout_phase,passive,6,12.0,0.2433452620572984
outcome_bout_phase,passive,6,13.0,0.22548716838713884
outcome_bout_phase,passive,6,14.0,0.19079475919234762
outcome_bout_phase,passive,6,15.0,0.16471439901807167
outcome_bout_phase,passive,6,16.0,0.20625956932521958
outcome_bout_phase,passive,6,17.0,0.1899334721309622
outcome_bout_phase,passive,6,18.0,0.1256516156575333
outcome_bout_phase,passive,6,19.0,0.19909583472126602
outcome_bout_phase,passive,6,20.0,0.15006228530167345
outcome_bout_phase,passive,6,21.0,0.08679317528210606
outcome_bout_phase,passive,6,22.0,0.04590115946513138
outcome_bout_phase,passive,6,23.0,-0.035780846983545306
outcome_bout_phase,passive,6,24.0,-0.09825682373724509
outcome_bout_phase,passive,6,25.0,-0.10787096521285489
outcome_bout_phase,passive,6,26.0,0.004941682984515631
outcome_bout_phase,passive,6,27.0,-0.014254028105460155
outcome_bout_phase,passive,6,28.0,-0.1059218085138597
outcome_bout_phase,passive,6,29.0,-0.07384394564600602
outcome_bout_phase,passive,6,30.0,-0.131838142605275
outcome_bout_phase,passive,6,31.0,-0.14110956542374115
outcome_bout_phase,passive,6,32.0,-0.06442040379636495
outcome_bout_phase,passive,6,33.0,-0.003544038837267435
outcome_bout_phase,passive,6,34.0,-0.07092622504751017
outcome_bout_phase,passive,6,35.0,-0.16284465435192413
outcome_bout_phase,passive,6,36.0,-0.1292103883155249
outcome_bout_phase,passive,6,37.0,-0.15273850149423554
outcome_bout_phase,passive,6,38.0,-0.24289547341669104
outcome_bout_phase,passive,6,39.0,-0.35025726150754743
outcome_bout_phase,passive,6,40.0,-0.3231009712121203
outcome_bout_phase,passive,6,41.0,-0.2866906364907005
outcome_bout_phase,passive,6,42.0,-0.2713881972714341
outcome_bout_phase,passive,6,43.0,-0.302701227588901
outcome_bout_phase,passive,6,44.0,-0.3063158683035062
outcome_bout_phase,passive,6,45.0,-0.24336070231839713
outcome_bout_phase,passive,6,46.0,-0.17708416201359595
outcome_bout_phase,passive,6,47.0,-0.26198358021165585
outcome_bout_phase,passive,6,48.0,-0.25885036627046965
outcome_bout_phase,passive,6,49.0,-0.2686492643692504
outcome_bout_phase,passive,6,50.0,-0.3024926711681654
outcome_bout_phase,passive,6,51.0,-0.26072283347465625
outcome_bout_phase,passive,6,52.0,-0.27491784457590374
outcome_bout_phase,passive,6,53.0,-0.29891665420804964
outcome_bout_phase,passive,6,54.0,-0.29917660155991704
outcome_bout_phase,passive,6,55.0,-0.30107712503356204
outcome_bout_phase,passive,6,56.0,-0.35208864229259534
outcome_bout_phase,passive,6,57.0,-0.25927687825791224
outcome_bout_phase,passive,6,58.0,-0.22040416202399205
outcome_bout_phase,passive,6,59.0,-0.18332342444089644
outcome_bout_phase,passive,6,60.0,-0.22828996425031872
outcome_bout_phase,passive,6,61.0,-0.19846470823193715
outcome_bout_phase,passive,6,62.0,-0.25808660727661964
outcome_bout_phase,passive,6,63.0,-0.2536952509605704
outcome_bout_phase,passive,6,64.0,-0.28845068212259495
outcome_bout_phase,passive,6,65.0,-0.3982876063388953
outcome_bout_phase,passive,6,66.0,-0.3313254040310865
outcome_bout_phase,passive,6,67.0,-0.2742010108242168
outcome_bout_phase,passive,6,68.0,-0.21156989833944947
outcome_bout_phase,passive,6,69.0,-0.16714163549147934
outcome_bout_phase,passive,6,70.0,-0.2747849478515398
outcome_bout_phase,passive,6,71.0,-0.19710444779670935
outcome_bout_phase,passive,6,72.0,-0.30860030329969806
outcome_bout_phase,passive,6,73.0,-0.21632926806167777
outcome_bout_phase,passive,6,74.0,-0.22293128963036174
outcome_bout_phase,passive,6,75.0,-0.2256286931306892
outcome_bout_phase,passive,6,76.0,-0.31095822847176535
outcome_bout_phase,passive,6,77.0,-0.3813572169316239
outcome_bout_phase,passive,6,78.0,-0.24243972410599687
outcome_bout_phase,passive,6,79.0,-0.1649200334701365
outcome_bout_phase,passive,6,80.0,-0.10351564621160926
outcome_bout_phase,passive,6,81.0,-0.14949480674034227
outcome_bout_phase,passive,6,82.0,-0.23033340385838857
outcome_bout_phase,passive,6,83.0,-0.21640486770132109
outcome_bout_phase,passive,6,84.0,-0.15390712696998696
outcome_bout_phase,passive,6,85.0,-0.06758114913929233
outcome_bout_phase,passive,6,86.0,-0.09188819104692006
outcome_bout_phase,passive,6,87.0,-0.06981044496253787
outcome_bout_phase,passive,6,88.0,-0.13581765676670865
outcome_bout_phase,passive,6,89.0,-0.1180226666412828
outcome_bout_phase,passive,6,90.0,-0.09603789470815227
outcome_bout_phase,passive,6,91.0,-0.042451619580106674
outcome_bout_phase,passive,6,92.0,0.038318146663827934
outcome_bout_phase,passive,6,93.0,0.0763126484954363
outcome_bout_phase,passive,6,94.0,0.1911066277911643
outcome_bout_phase,passive,6,95.0,0.21197005241020794
outcome_bout_phase,passive,6,96.0,0.11498453336630905
outcome_bout_phase,passive,6,97.0,0.07288740647832607
outcome_bout_phase,passive,6,98.0,0.014571337785671436
outcome_bout_phase,passive,6,99.0,0.081232037872114
outcome_bout_phase,passive,6,100.0,0.3500102924124009
outcome_bout_phase,passive,18,0.0,0.2904409134121413
outcome_bout_phase,passive,18,1.0,0.40938840682179956
outcome_bout_phase,passive,18,2.0,0.4812291234001479
outcome_bout_phase,passive,18,3.0,0.6312161621335982
outcome_bout_phase,passive,18,4.0,0.7433306608225921
outcome_bout_phase,passive,18,5.0,0.8538589114881137
outcome_bout_phase,passive,18,6.0,0.8545766987838155
outcome_bout_phase,passive,18,7.0,0.8612387534759011
outcome_bout_phase,passive,18,8.0,0.778949085400305
outcome_bout_phase,passive,18,9.0,0.6981879418636444
outcome_bout_phase,passive,18,10.0,0.7154300675058184
outcome_bout_phase,passive,18,11.0,0.709572846449328
outcome_bout_phase,passive,18,12.0,0.666574130557739
outcome_bout_phase,passive,18,13.0,0.7247324164915919
outcome_bout_phase,passive,18,14.0,0.7160572835916793
outcome_bout_phase,passive,18,15.0,0.8102139048935982
outcome_bout_phase,passive,18,16.0,0.7711592212501316
outcome_bout_phase,passive,18,17.0,0.7486602925209571
outcome_bout_phase,passive,18,18.0,0.6939110580518139
outcome_bout_phase,passive,18,19.0,0.7396680563183805
outcome_bout_phase,passive,18,20.0,0.7679034928746071
outcome_bout_phase,passive,18,21.0,0.6956723568084364
outcome_bout_phase,passive,18,22.0,0.680620161350977
outcome_bout_phase,passive,18,23.0,0.6886078681112303
outcome_bout_phase,passive,18,24.0,0.6514755785359837
outcome_bout_phase,passive,18,25.0,0.6594701153848115
outcome_bout_phase,passive,18,26.0,0.7138471834668354
outcome_bout_phase,passive,18,27.0,0.7147311668654519
outcome_bout_phase,passive,18,28.0,0.6792727084597575
outcome_bout_phase,passive,18,29.0,0.7564018839421095
outcome_bout_phase,passive,18,30.0,0.7546802250108783
outcome_bout_phase,passive,18,31.0,0.7705374945836524
outcome_bout_phase,passive,18,32.0,0.62633371895422
outcome_bout_phase,passive,18,33.0,0.6080443590528763
outcome_bout_phase,passive,18,34.0,0.6158510588388513
outcome_bout_phase,passive,18,35.0,0.5938761019459561
outcome_bout_phase,passive,18,36.0,0.5649154465705555
outcome_bout_phase,passive,18,37.0,0.4406850826544231
outcome_bout_phase,passive,18,38.0,0.4035843387302271
outcome_bout_phase,passive,18,39.0,0.3970898334635275
outcome_bout_phase,passive,18,40.0,0.4368375950534346
outcome_bout_phase,passive,18,41.0,0.39043397809066976
outcome_bout_phase,passive,18,42.0,0.39490455897147647
outcome_bout_phase,passive,18,43.0,0.43999502110056116
outcome_bout_phase,passive,18,44.0,0.41031346000489394
outcome_bout_phase,passive,18,45.0,0.39018052989187524
outcome_bout_phase,passive,18,46.0,0.44830758731515186
outcome_bout_phase,passive,18,47.0,0.4701287444006323
outcome_bout_phase,passive,18,48.0,0.34974519782376345
outcome_bout_phase,passive,18,49.0,0.328994668526031
outcome_bout_phase,passive,18,50.0,0.3713495845458231
outcome_bout_phase,passive,18,51.0,0.3235698448279143
outcome_bout_phase,passive,18,52.0,0.3132541698623114
outcome_bout_phase,passive,18,53.0,0.3309191797373027
outcome_bout_phase,passive,18,54.0,0.34450573902377474
outcome_bout_phase,passive,18,55.0,0.3179645760238961
outcome_bout_phase,passive,18,56.0,0.33152992249237484
outcome_bout_phase,passive,18,57.0,0.27617926095657547
outcome_bout_phase,passive,18,58.0,0.24950008666036574
outcome_bout_phase,passive,18,59.0,0.3139882496896802
outcome_bout_phase,passive,18,60.0,0.3519190711744951
outcome_bout_phase,passive,18,61.0,0.227872343035329
outcome_bout_phase,passive,18,62.0,0.17575148109571181
outcome_bout_phase,passive,18,63.0,0.2070845819760772
outcome_bout_phase,passive,18,64.0,0.169970388987014
outcome_bout_phase,passive,18,65.0,0.10939891547355092
outcome_bout_phase,passive,18,66.0,-0.0005831050196588839
outcome_bout_phase,passive,18,67.0,-0.052923403971842406
outcome_bout_phase,passive,18,68.0,-0.02742600392618629
outcome_bout_phase,passive,18,69.0,-0.03825648066246487
outcome_bout_phase,passive,18,70.0,-0.08183788312806205
outcome_bout_phase,passive,18,71.0,-0.05727098896907306
outcome_bout_phase,passive,18,72.0,-0.06479542724377062
outcome_bout_phase,passive,18,73.0,-0.09538861607267694
outcome_bout_phase,passive,18,74.0,-0.0775232823317798
outcome_bout_phase,passive,18,75.0,-0.08652801537130521
outcome_bout_phase,passive,18,76.0,-0.12235665900560615
outcome_bout_phase,passive,18,77.0,-0.1848997200242769
outcome_bout_phase,passive,18,78.0,-0.12370347656843893
outcome_bout_phase,passive,18,79.0,-0.1329603045395076
outcome_bout_phase,passive,18,80.0,-0.10762393733111296
outcome_bout_phase,passive,18,81.0,0.01949186964250779
outcome_bout_phase,passive,18,82.0,0.057894829295093105
outcome_bout_phase,passive,18,83.0,0.012319746189613753
outcome_bout_phase,passive,18,84.0,-0.0024128910420179004
outcome_bout_phase,passive,18,85.0,0.023712370151068713
outcome_bout_phase,passive,18,86.0,-0.016621657264926117
outcome_bout_phase,passive,18,87.0,0.011700721994116012
outcome_bout_phase,passive,18,88.0,0.04551431006491762
outcome_bout_phase,passive,18,89.0,0.14340692275365408
outcome_bout_phase,passive,18,90.0,0.1687579506793097
outcome_bout_phase,passive,18,91.0,0.13389146384083986
outcome_bout_phase,passive,18,92.0,0.1053599968315287
outcome_bout_phase,passive,18,93.0,0.14692795040208415
outcome_bout_phase,passive,18,94.0,0.0875662626896534
outcome_bout_phase,passive,18,95.0,0.08330411789931438
outcome_bout_phase,passive,18,96.0,0.004294908050517146
outcome_bout_phase,passive,18,97.0,-0.020040018570950627
outcome_bout_phase,passive,18,98.0,-0.040676250308992495
outcome_bout_phase,passive,18,99.0,-0.08976655770003034
outcome_bout_phase,passive,18,100.0,-0.16329962113506746
outcome_bout_phase,passive,19,0.0,-0.3099100802889111
outcome_bout_phase,passive,19,1.0,-0.3518831328752547
outcome_bout_phase,passive,19,2.0,-0.3140580866864058
outcome_bout_phase,passive,19,3.0,-0.3517414923779121
outcome_bout_phase,passive,19,4.0,-0.31197592804709523
outcome_bout_phase,passive,19,5.0,-0.25807085628355525
outcome_bout_phase,passive,19,6.0,-0.268949008290233
outcome_bout_phase,passive,19,7.0,-0.1796952317115435
outcome_bout_phase,passive,19,8.0,-0.3533084288966748
outcome_bout_phase,passive,19,9.0,-0.34685441572542036
outcome_bout_phase,passive,19,10.0,-0.41437090035290747
outcome_bout_phase,passive,19,11.0,-0.3325008146852543
outcome_bout_phase,passive,19,12.0,-0.2795088053050152
outcome_bout_phase,passive,19,13.0,-0.22764459965762215
outcome_bout_phase,passive,19,14.0,-0.1097432633045994
outcome_bout_phase,passive,19,15.0,-0.028780479487481834
outcome_bout_phase,passive,19,16.0,0.20441890738269647
outcome_bout_phase,passive,19,17.0,0.41732559251085805
outcome_bout_phase,passive,19,18.0,0.49592165124374604
outcome_bout_phase,passive,19,19.0,0.4515071470544194
outcome_bout_phase,passive,19,20.0,0.33602872700705777
outcome_bout_phase,passive,19,21.0,0.6256801778057657
outcome_bout_phase,passive,19,22.0,0.42691764818024225
outcome_bout_phase,passive,19,23.0,0.29924249325311986
outcome_bout_phase,passive,19,24.0,0.3941769841796453
outcome_bout_phase,passive,19,25.0,0.35005660767100355
outcome_bout_phase,passive,19,26.0,0.38685513276691946
outcome_bout_phase,passive,19,27.0,0.4579706783751345
outcome_bout_phase,passive,19,28.0,0.5641804309789896
outcome_bout_phase,passive,19,29.0,0.47156205294521847
outcome_bout_phase,passive,19,30.0,0.5850607388332476
outcome_bout_phase,passive,19,31.0,0.49965036187459233
outcome_bout_phase,passive,19,32.0,0.46961096396196145
outcome_bout_phase,passive,19,33.0,0.41959411332112073
outcome_bout_phase,passive,19,34.0,0.48335282151807585
outcome_bout_phase,passive,19,35.0,0.48490715443931476
outcome_bout_phase,passive,19,36.0,0.7374203732220164
outcome_bout_phase,passive,19,37.0,0.46463934029934983
outcome_bout_phase,passive,19,38.0,0.40880134248554284
outcome_bout_phase,passive,19,39.0,0.22690912113903156
outcome_bout_phase,passive,19,40.0,0.10741746878094069
outcome_bout_phase,passive,19,41.0,0.1510244231767025
outcome_bout_phase,passive,19,42.0,0.1355493004374762
outcome_bout_phase,passive,19,43.0,0.21270175173077194
outcome_bout_phase,passive,19,44.0,-0.02505807200308722
outcome_bout_phase,passive,19,45.0,0.03640523809336022
outcome_bout_phase,passive,19,46.0,0.05708428753515146
outcome_bout_phase,passive,19,47.0,0.27315679703727
outcome_bout_phase,passive,19,48.0,0.3596380751147663
outcome_bout_phase,passive,19,49.0,0.2836057631662549
outcome_bout_phase,passive,19,50.0,0.378108064411716
outcome_bout_phase,passive,19,51.0,0.3192172384694608
outcome_bout_phase,passive,19,52.0,0.2687252259273489
outcome_bout_phase,passive,19,53.0,0.26218962259258594
outcome_bout_phase,passive,19,54.0,0.244922643235121
outcome_bout_phase,passive,19,55.0,0.10721950184073717
outcome_bout_phase,passive,19,56.0,0.09386057450323346
outcome_bout_phase,passive,19,57.0,-0.02358930333654857
outcome_bout_phase,passive,19,58.0,0.11865417127960064
outcome_bout_phase,passive,19,59.0,0.07011065946301555
outcome_bout_phase,passive,19,60.0,0.060606703749025555
outcome_bout_phase,passive,19,61.0,0.2973073649497991
outcome_bout_phase,passive,19,62.0,0.4559045165551199
outcome_bout_phase,passive,19,63.0,0.5312421568105822
outcome_bout_phase,passive,19,64.0,0.4129826742920225
outcome_bout_phase,passive,19,65.0,0.2561921655227739
outcome_bout_phase,passive,19,66.0,0.3671919810482158
outcome_bout_phase,passive,19,67.0,0.37921299337621456
outcome_bout_phase,passive,19,68.0,0.4153480345007695
outcome_bout_phase,passive,19,69.0,0.49959615390101814
outcome_bout_phase,passive,19,70.0,0.3758138881293864
outcome_bout_phase,passive,19,71.0,0.6862982445321756
outcome_bout_phase,passive,19,72.0,0.5257800823281265
outcome_bout_phase,passive,19,73.0,0.5457081758865276
outcome_bout_phase,passive,19,74.0,0.44913001506141303
outcome_bout_phase,passive,19,75.0,0.3553429244113638
outcome_bout_phase,passive,19,76.0,0.3359779934793419
outcome_bout_phase,passive,19,77.0,0.34691905342348256
outcome_bout_phase,passive,19,78.0,0.47629330962561595
outcome_bout_phase,passive,19,79.0,0.488971253431728
outcome_bout_phase,passive,19,80.0,0.5066585477477633
outcome_bout_phase,passive,19,81.0,0.4341033592029175
outcome_bout_phase,passive,19,82.0,0.5285724745448621
outcome_bout_phase,passive,19,83.0,0.4371870395734577
outcome_bout_phase,passive,19,84.0,0.43950954989532953
outcome_bout_phase,passive,19,85.0,0.4749730203495615
outcome_bout_phase,passive,19,86.0,0.3778848621604185
outcome_bout_phase,passive,19,87.0,0.2946703450851023
outcome_bout_phase,passive,19,88.0,0.24027371216153742
outcome_bout_phase,passive,19,89.0,0.3046134221677288
outcome_bout_phase,passive,19,90.0,0.3783972209618878
outcome_bout_phase,passive,19,91.0,0.4517102911892121
outcome_bout_phase,passive,19,92.0,0.42754972606222774
outcome_bout_phase,passive,19,93.0,0.33035417780253035
outcome_bout_phase,passive,19,94.0,0.4270424256950287
outcome_bout_phase,passive,19,95.0,0.3726470273180968
outcome_bout_phase,passive,19,96.0,0.3137789048444986
outcome_bout_phase,passive,19,97.0,0.3342329593405153
outcome_bout_phase,passive,19,98.0,0.2491817607788411
outcome_bout_phase,passive,19,99.0,0.21263636574496514
outcome_bout_phase,passive,19,100.0,0.3573701495707739
outcome_bout_phase,passive,27,0.0,0.9211844762805982
outcome_bout_phase,passive,27,1.0,0.7961640189094615
outcome_bout_phase,passive,27,2.0,0.6509407915062045
outcome_bout_phase,passive,27,3.0,0.4721086039061735
outcome_bout_phase,passive,27,4.0,0.5432598024360135
outcome_bout_phase,passive,27,5.0,0.396917202170035
outcome_bout_phase,passive,27,6.0,0.5744445289087106
outcome_bout_phase,passive,27,7.0,0.7774701552491154
outcome_bout_phase,passive,27,8.0,0.9089220852231468
outcome_bout_phase,passive,27,9.0,1.0419242483638513
outcome_bout_phase,passive,27,10.0,1.1765725130276745
outcome_bout_phase,passive,27,11.0,1.0795490041170621
outcome_bout_phase,passive,27,12.0,1.0840969817298822
outcome_bout_phase,passive,27,13.0,1.0216011414654547
outcome_bout_phase,passive,27,14.0,1.0083222269966141
outcome_bout_phase,passive,27,15.0,0.9485987343355884
outcome_bout_phase,passive,27,16.0,0.8792668095500588
outcome_bout_phase,passive,27,17.0,0.9346973726774807
outcome_bout_phase,passive,27,18.0,0.8567971830366901
outcome_bout_phase,passive,27,19.0,0.677165874746966
outcome_bout_phase,passive,27,20.0,0.5473955665182021
outcome_bout_phase,passive,27,21.0,0.4826966666892735
outcome_bout_phase,passive,27,22.0,0.4444119779615044
outcome_bout_phase,passive,27,23.0,0.4144492607622563
outcome_bout_phase,passive,27,24.0,0.37221338438315976
outcome_bout_phase,passive,27,25.0,0.4277879554732125
outcome_bout_phase,passive,27,26.0,0.49726425921346906
outcome_bout_phase,passive,27,27.0,0.4602573067539675
outcome_bout_phase,passive,27,28.0,0.42042040608967496
outcome_bout_phase,passive,27,29.0,0.3358595202702167
outcome_bout_phase,passive,27,30.0,0.3060423744428199
outcome_bout_phase,passive,27,31.0,0.25159176056172905
outcome_bout_phase,passive,27,32.0,0.18449558528168417
outcome_bout_phase,passive,27,33.0,0.09831347695340979
outcome_bout_phase,passive,27,34.0,0.11066781732953515
outcome_bout_phase,passive,27,35.0,0.14579484068105844
outcome_bout_phase,passive,27,36.0,0.12928608875786443
outcome_bout_phase,passive,27,37.0,0.07909115703883582
outcome_bout_phase,passive,27,38.0,0.03491561861102541
outcome_bout_phase,passive,27,39.0,-0.04004069989443871
outcome_bout_phase,passive,27,40.0,-0.10835262623871976
outcome_bout_phase,passive,27,41.0,-0.1308141545857023
outcome_bout_phase,passive,27,42.0,-0.053225314745592486
outcome_bout_phase,passive,27,43.0,-0.06912236254152783
outcome_bout_phase,passive,27,44.0,-0.112056198759224
outcome_bout_phase,passive,27,45.0,-0.139752078818112
outcome_bout_phase,passive,27,46.0,-0.16750926058939833
outcome_bout_phase,passive,27,47.0,-0.12048431742252723
outcome_bout_phase,passive,27,48.0,-0.006184025406021996
outcome_bout_phase,passive,27,49.0,-0.0021133175432426136
outcome_bout_phase,passive,27,50.0,-0.021074273428800996
outcome_bout_phase,passive,27,51.0,-0.03707270044488619
outcome_bout_phase,passive,27,52.0,-0.11377286164844334
outcome_bout_phase,passive,27,53.0,-0.18055982257028436
outcome_bout_phase,passive,27,54.0,-0.18760290380074454
outcome_bout_phase,passive,27,55.0,-0.11722967812866339
outcome_bout_phase,passive,27,56.0,-0.062193996946697465
outcome_bout_phase,passive,27,57.0,0.009743067924697688
outcome_bout_phase,passive,27,58.0,0.035391782185967086
outcome_bout_phase,passive,27,59.0,-0.1212471268348109
outcome_bout_phase,passive,27,60.0,-0.15810286034038082
outcome_bout_phase,passive,27,61.0,-0.1603266781042926
outcome_bout_phase,passive,27,62.0,-0.18528498794687398
outcome_bout_phase,passive,27,63.0,-0.12576258849213737
outcome_bout_phase,passive,27,64.0,-0.05289468263516513
outcome_bout_phase,passive,27,65.0,-0.019509897615786934
outcome_bout_phase,passive,27,66.0,-0.09263908919177516
outcome_bout_phase,passive,27,67.0,0.19102108220262945
outcome_bout_phase,passive,27,68.0,0.16818028388123835
outcome_bout_phase,passive,27,69.0,0.12131612803823795
outcome_bout_phase,passive,27,70.0,0.11146177474574265
outcome_bout_phase,passive,27,71.0,0.06005127541042725
outcome_bout_phase,passive,27,72.0,0.11835728642362495
outcome_bout_phase,passive,27,73.0,0.11271072972831844
outcome_bout_phase,passive,27,74.0,0.18054091012216195
outcome_bout_phase,passive,27,75.0,0.22266644020678497
outcome_bout_phase,passive,27,76.0,0.17124648662477998
outcome_bout_phase,passive,27,77.0,0.12705156242497953
outcome_bout_phase,passive,27,78.0,-0.04540408213280178
outcome_bout_phase,passive,27,79.0,-0.1252321857528874
outcome_bout_phase,passive,27,80.0,-0.0881942270229626
outcome_bout_phase,passive,27,81.0,0.06109209119366299
outcome_bout_phase,passive,27,82.0,0.019230002733196756
outcome_bout_phase,passive,27,83.0,0.07689709047397796
outcome_bout_phase,passive,27,84.0,-0.005631519345659217
outcome_bout_phase,passive,27,85.0,0.05994022388702746
outcome_bout_phase,passive,27,86.0,0.085815919689727
outcome_bout_phase,passive,27,87.0,0.13661937742436892
outcome_bout_phase,passive,27,88.0,0.18105393108202336
outcome_bout_phase,passive,27,89.0,0.21876097508224712
outcome_bout_phase,passive,27,90.0,0.2428537947279506
outcome_bout_phase,passive,27,91.0,0.2974866171308548
outcome_bout_phase,passive,27,92.0,0.2951515741811899
outcome_bout_phase,passive,27,93.0,0.32569780423927996
outcome_bout_phase,passive,27,94.0,0.40106186901869045
outcome_bout_phase,passive,27,95.0,0.5014356690539853
outcome_bout_phase,passive,27,96.0,0.7374870137111553
outcome_bout_phase,passive,27,97.0,0.9018863553708892
outcome_bout_phase,passive,27,98.0,1.1266037525192507
outcome_bout_phase,passive,27,99.0,1.3226889278148393
outcome_bout_phase,passive,27,100.0,1.045037137606018
outcome_bout_phase,passive,35,0.0,0.0010695948306295778
outcome_bout_phase,passive,35,1.0,0.453414152741069
outcome_bout_phase,passive,35,2.0,0.34850680759181213
outcome_bout_phase,passive,35,3.0,0.300085708005138
outcome_bout_phase,passive,35,4.0,0.2273381333637043
outcome_bout_phase,passive,35,5.0,0.1826563980831574
outcome_bout_phase,passive,35,6.0,0.1383470019330978
outcome_bout_phase,passive,35,7.0,0.4692384107001727
outcome_bout_phase,passive,35,8.0,0.4402680365590075
outcome_bout_phase,passive,35,9.0,0.7855472406573772
outcome_bout_phase,passive,35,10.0,0.6727287593832012
outcome_bout_phase,passive,35,11.0,0.3458872009674818
outcome_bout_phase,passive,35,12.0,0.6314472843190041
outcome_bout_phase,passive,35,13.0,0.27904859728375675
outcome_bout_phase,passive,35,14.0,0.46547416944213094
outcome_bout_phase,passive,35,15.0,0.4774888773857119
outcome_bout_phase,passive,35,16.0,0.7285534155445579
outcome_bout_phase,passive,35,17.0,0.4737246760362148
outcome_bout_phase,passive,35,18.0,0.7976847722027212
outcome_bout_phase,passive,35,19.0,0.5914498987106492
outcome_bout_phase,passive,35,20.0,0.5960322916157815
outcome_bout_phase,passive,35,21.0,0.42065337279016035
outcome_bout_phase,passive,35,22.0,0.7098120988523391
outcome_bout_phase,passive,35,23.0,0.37740508432428194
outcome_bout_phase,passive,35,24.0,0.3478443035285736
outcome_bout_phase,passive,35,25.0,0.5953050418353838
outcome_bout_phase,passive,35,26.0,0.4470339880632304
outcome_bout_phase,passive,35,27.0,0.5150492318441594
outcome_bout_phase,passive,35,28.0,0.35023908505351853
outcome_bout_phase,passive,35,29.0,0.37895181537576794
outcome_bout_phase,passive,35,30.0,0.255165371557594
outcome_bout_phase,passive,35,31.0,0.6146194101123422
outcome_bout_phase,passive,35,32.0,0.4406137066386144
outcome_bout_phase,passive,35,33.0,0.5459835854762702
outcome_bout_phase,passive,35,34.0,0.439949073711693
outcome_bout_phase,passive,35,35.0,0.5044405117889481
outcome_bout_phase,passive,35,36.0,0.406382427769678
outcome_bout_phase,passive,35,37.0,0.5534163257656864
outcome_bout_phase,passive,35,38.0,0.37833960704261455
outcome_bout_phase,passive,35,39.0,0.46440966398664063
outcome_bout_phase,passive,35,40.0,0.43957074245930816
outcome_bout_phase,passive,35,41.0,0.2611563926473164
outcome_bout_phase,passive,35,42.0,0.6001647505921858
outcome_bout_phase,passive,35,43.0,0.38519610548668515
outcome_bout_phase,passive,35,44.0,0.5554001834009904
outcome_bout_phase,passive,35,45.0,0.5048571415745287
outcome_bout_phase,passive,35,46.0,0.5715272597682854
outcome_bout_phase,passive,35,47.0,0.5408564130380552
outcome_bout_phase,passive,35,48.0,0.39235716556047223
outcome_bout_phase,passive,35,49.0,0.45028356082118587
outcome_bout_phase,passive,35,50.0,0.5611138662862744
outcome_bout_phase,passive,35,51.0,0.283800660483848
outcome_bout_phase,passive,35,52.0,0.3202022555884739
outcome_bout_phase,passive,35,53.0,0.4610748996198657
outcome_bout_phase,passive,35,54.0,0.5853470836377116
outcome_bout_phase,passive,35,55.0,0.5679127518414264
outcome_bout_phase,passive,35,56.0,0.7749125351892261
outcome_bout_phase,passive,35,57.0,0.6498101879820609
outcome_bout_phase,passive,35,58.0,0.4423325824932178
outcome_bout_phase,passive,35,59.0,0.41977518679994885
outcome_bout_phase,passive,35,60.0,0.6972217618655334
outcome_bout_phase,passive,35,61.0,0.3482966301527668
outcome_bout_phase,passive,35,62.0,0.3081937229762902
outcome_bout_phase,passive,35,63.0,0.3515550660958525
outcome_bout_phase,passive,35,64.0,0.24111780327901827
outcome_bout_phase,passive,35,65.0,0.4094482993263863
outcome_bout_phase,passive,35,66.0,0.4495710340185248
outcome_bout_phase,passive,35,67.0,0.3148560822889516
outcome_bout_phase,passive,35,68.0,0.7106567432851199
outcome_bout_phase,passive,35,69.0,0.5923053245147464
outcome_bout_phase,passive,35,70.0,0.7112947019443171
outcome_bout_phase,passive,35,71.0,0.7316512511045222
outcome_bout_phase,passive,35,72.0,0.5297380421592855
outcome_bout_phase,passive,35,73.0,0.49179338108361853
outcome_bout_phase,passive,35,74.0,0.5909538176261588
outcome_bout_phase,passive,35,75.0,0.40333375043456465
outcome_bout_phase,passive,35,76.0,0.36172111253703954
outcome_bout_phase,passive,35,77.0,0.24428878205294263
outcome_bout_phase,passive,35,78.0,0.4446456565366713
outcome_bout_phase,passive,35,79.0,0.297580034008013
outcome_bout_phase,passive,35,80.0,0.27909073833205233
outcome_bout_phase,passive,35,81.0,0.1890720107255406
outcome_bout_phase,passive,35,82.0,0.15638557234495395
outcome_bout_phase,passive,35,83.0,0.03715069790602766
outcome_bout_phase,passive,35,84.0,0.36879370056465366
outcome_bout_phase,passive,35,85.0,0.3299484007414477
outcome_bout_phase,passive,35,86.0,0.35321934262546206
outcome_bout_phase,passive,35,87.0,0.4102081482978394
outcome_bout_phase,passive,35,88.0,0.3903122846756327
outcome_bout_phase,passive,35,89.0,0.31863355170159946
outcome_bout_phase,passive,35,90.0,0.5953666053884767
outcome_bout_phase,passive,35,91.0,0.6622499240267861
outcome_bout_phase,passive,35,92.0,0.48813450451939316
outcome_bout_phase,passive,35,93.0,0.4915986534949968
outcome_bout_phase,passive,35,94.0,0.8004257744693815
outcome_bout_phase,passive,35,95.0,0.7947601674693469
outcome_bout_phase,passive,35,96.0,0.5254471243586888
outcome_bout_phase,passive,35,97.0,0.598551707993989
outcome_bout_phase,passive,35,98.0,0.2244211929661351
outcome_bout_phase,passive,35,99.0,0.3639484622511346
outcome_bout_phase,passive,35,100.0,0.38751440374623713
outcome_fixed,unrewarded,1,-3.0,0.019066148610496367
outcome_fixed,unrewarded,1,-2.9,0.030115681295768536
outcome_fixed,unrewarded,1,-2.8,-0.023385092375858046
outcome_fixed,unrewarded,1,-2.6999999999999997,0.025732898143525473
outcome_fixed,unrewarded,1,-2.5999999999999996,0.07613382074982748
outcome_fixed,unrewarded,1,-2.4999999999999996,0.05456028587248486
outcome_fixed,unrewarded,1,-2.3999999999999995,0.03768094088983383
outcome_fixed,unrewarded,1,-2.2999999999999994,0.029313899418429816
outcome_fixed,unrewarded,1,-2.1999999999999993,0.017075976817678345
outcome_fixed,unrewarded,1,-2.099999999999999,0.01928513903610352
outcome_fixed,unrewarded,1,-1.9999999999999991,0.06463797819537274
outcome_fixed,unrewarded,1,-1.899999999999999,0.10090118020770947
outcome_fixed,unrewarded,1,-1.799999999999999,0.12830467250846267
outcome_fixed,unrewarded,1,-1.6999999999999988,0.09363697241698263
outcome_fixed,unrewarded,1,-1.5999999999999988,0.11646462033514195
outcome_fixed,unrewarded,1,-1.4999999999999987,0.05261821987649271
outcome_fixed,unrewarded,1,-1.3999999999999986,0.08973274741177462
outcome_fixed,unrewarded,1,-1.2999999999999985,0.079231191596934
outcome_fixed,unrewarded,1,-1.1999999999999984,0.05253171049276299
outcome_fixed,unrewarded,1,-1.0999999999999983,0.04332943989373213
outcome_fixed,unrewarded,1,-0.9999999999999982,0.014223826629533757
outcome_fixed,unrewarded,1,-0.8999999999999981,0.02366059506472495
outcome_fixed,unrewarded,1,-0.799999999999998,-0.0036897631690152926
outcome_fixed,unrewarded,1,-0.699999999999998,-0.013852279373350328
outcome_fixed,unrewarded,1,-0.5999999999999979,-0.007916899832207648
outcome_fixed,unrewarded,1,-0.4999999999999978,0.027068352284123066
outcome_fixed,unrewarded,1,-0.3999999999999977,0.044492456366520314
outcome_fixed,unrewarded,1,-0.2999999999999976,0.069807155625618
outcome_fixed,unrewarded,1,-0.1999999999999975,0.06935915203047435
outcome_fixed,unrewarded,1,-0.09999999999999742,0.056331242280441736
outcome_fixed,unrewarded,1,2.6645352591003757e-15,0.017710873635468565
outcome_fixed,unrewarded,1,0.10000000000000275,0.0634505908922876
outcome_fixed,unrewarded,1,0.20000000000000284,0.07492954326375245
outcome_fixed,unrewarded,1,0.30000000000000293,0.09413941559117647
outcome_fixed,unrewarded,1,0.400000000000003,0.1080756468307177
outcome_fixed,unrewarded,1,0.5000000000000031,0.12745587886237425
outcome_fixed,unrewarded,1,0.6000000000000032,0.11280266138694878
outcome_fixed,unrewarded,1,0.7000000000000033,0.09959129887227136
outcome_fixed,unrewarded,1,0.8000000000000034,0.07203681474168025
outcome_fixed,unrewarded,1,0.9000000000000035,0.054327729994696636
outcome_fixed,unrewarded,1,1.0000000000000036,0.07848888943149904
outcome_fixed,unrewarded,1,1.1000000000000032,0.049558344851346095
outcome_fixed,unrewarded,1,1.2000000000000037,0.0027111895373491254
outcome_fixed,unrewarded,1,1.3000000000000043,-0.020256192993616813
outcome_fixed,unrewarded,1,1.400000000000004,-0.010270117610400701
outcome_fixed,unrewarded,1,1.5000000000000036,0.018571282933770104
outcome_fixed,unrewarded,1,1.600000000000004,0.009636113372529476
outcome_fixed,unrewarded,1,1.7000000000000046,-0.00521386195120081
outcome_fixed,unrewarded,1,1.8000000000000043,0.008392162417374577
outcome_fixed,unrewarded,1,1.900000000000004,0.0008596522098933178
outcome_fixed,unrewarded,1,2.0000000000000044,-0.006116709297240126
outcome_fixed,unrewarded,1,2.100000000000005,-0.028077288418412335
outcome_fixed,unrewarded,1,2.2000000000000046,-0.031121870163244497
outcome_fixed,unrewarded,1,2.3000000000000043,-0.06691806053881981
outcome_fixed,unrewarded,1,2.400000000000005,-0.055412147349664445
outcome_fixed,unrewarded,1,2.5000000000000053,-0.06399941887857827
outcome_fixed,unrewarded,1,2.600000000000005,-0.06961594313213502
outcome_fixed,unrewarded,1,2.7000000000000046,-0.09489855542874123
outcome_fixed,unrewarded,1,2.800000000000005,-0.08738985489239157
outcome_fixed,unrewarded,1,2.9000000000000057,-0.1048029392649165
outcome_fixed,unrewarded,1,3.0000000000000053,-0.10863417249915776
outcome_fixed,unrewarded,1,3.100000000000005,-0.13418343042580255
outcome_fixed,unrewarded,1,3.2000000000000055,-0.07861119834046167
outcome_fixed,unrewarded,1,3.300000000000006,-0.09142572950174387
outcome_fixed,unrewarded,1,3.4000000000000057,-0.13455597665533142
outcome_fixed,unrewarded,1,3.5000000000000053,-0.11896162283139068
outcome_fixed,unrewarded,1,3.600000000000006,-0.12186956887104089
outcome_fixed,unrewarded,1,3.7000000000000064,-0.1384248050856773
outcome_fixed,unrewarded,1,3.800000000000006,-0.07773480930296878
outcome_fixed,unrewarded,1,3.9000000000000057,-0.08278994286716057
outcome_fixed,unrewarded,1,4.000000000000006,-0.08167874866347744
outcome_fixed,unrewarded,1,4.100000000000007,-0.11933895455005634
outcome_fixed,unrewarded,1,4.200000000000006,-0.06892892107508128
outcome_fixed,unrewarded,1,4.300000000000006,-0.05301030298976708
outcome_fixed,unrewarded,1,4.400000000000007,-0.06555052661599872
outcome_fixed,unrewarded,1,4.500000000000007,-0.06940110478042133
outcome_fixed,unrewarded,1,4.600000000000007,-0.05969884769044559
outcome_fixed,unrewarded,1,4.700000000000006,-0.08295636214665732
outcome_fixed,unrewarded,1,4.800000000000007,-0.10886331732796455
outcome_fixed,unrewarded,1,4.9000000000000075,-0.13065612864694587
outcome_fixed,unrewarded,1,5.000000000000007,-0.11385490246282896
outcome_fixed,unrewarded,1,5.100000000000007,-0.07727074714436218
outcome_fixed,unrewarded,1,5.200000000000006,-0.07437093688342471
outcome_fixed,unrewarded,1,5.300000000000008,-0.0977306331133831
outcome_fixed,unrewarded,1,5.4000000000000075,-0.07961128708135573
outcome_fixed,unrewarded,1,5.500000000000007,-0.07592846252863639
outcome_fixed,unrewarded,1,5.6000000000000085,-0.11690373136155274
outcome_fixed,unrewarded,1,5.700000000000008,-0.0997281978309235
outcome_fixed,unrewarded,1,5.800000000000008,-0.0781598728785263
outcome_fixed,unrewarded,1,5.9000000000000075,-0.08368727934040904
outcome_fixed,unrewarded,3,-3.0,-0.4001392538790291
outcome_fixed,unrewarded,3,-2.9,-0.39148518777263325
outcome_fixed,unrewarded,3,-2.8,-0.41134020432553725
outcome_fixed,unrewarded,3,-2.6999999999999997,-0.3939024641829384
outcome_fixed,unrewarded,3,-2.5999999999999996,-0.35092635338792283
outcome_fixed,unrewarded,3,-2.4999999999999996,-0.30341983980424675
outcome_fixed,unrewarded,3,-2.3999999999999995,-0.302308471685255
outcome_fixed,unrewarded,3,-2.2999999999999994,-0.31698605201612057
outcome_fixed,unrewarded,3,-2.1999999999999993,-0.2951589540312907
outcome_fixed,unrewarded,3,-2.099999999999999,-0.2941980861589004
outcome_fixed,unrewarded,3,-1.9999999999999991,-0.2762281256341578
outcome_fixed,unrewarded,3,-1.899999999999999,-0.22970184369821753
outcome_fixed,unrewarded,3,-1.799999999999999,-0.16181122566667844
outcome_fixed,unrewarded,3,-1.6999999999999988,-0.06923944535186514
outcome_fixed,unrewarded,3,-1.5999999999999988,-0.020643278025536553
outcome_fixed,unrewarded,3,-1.4999999999999987,0.05093453651064688
outcome_fixed,unrewarded,3,-1.3999999999999986,0.01541708016332352
outcome_fixed,unrewarded,3,-1.2999999999999985,0.063077641641024
outcome_fixed,unrewarded,3,-1.1999999999999984,0.16058747332231982
outcome_fixed,unrewarded,3,-1.0999999999999983,0.2421643204917763
outcome_fixed,unrewarded,3,-0.9999999999999982,0.1584867378947384
outcome_fixed,unrewarded,3,-0.8999999999999981,0.1554632784104083
outcome_fixed,unrewarded,3,-0.799999999999998,0.21589372447190228
outcome_fixed,unrewarded,3,-0.699999999999998,0.2936589812841974
outcome_fixed,unrewarded,3,-0.5999999999999979,0.24039238503107624
outcome_fixed,unrewarded,3,-0.4999999999999978,0.312150120888158
outcome_fixed,unrewarded,3,-0.3999999999999977,0.2147423825666018
outcome_fixed,unrewarded,3,-0.2999999999999976,0.11469191862438381
outcome_fixed,unrewarded,3,-0.1999999999999975,0.07071057472197956
outcome_fixed,unrewarded,3,-0.09999999999999742,0.156154805069765
outcome_fixed,unrewarded,3,2.6645352591003757e-15,0.1866076701235052
outcome_fixed,unrewarded,3,0.10000000000000275,0.13917087528917194
outcome_fixed,unrewarded,3,0.20000000000000284,0.12901579512517622
outcome_fixed,unrewarded,3,0.30000000000000293,0.11490485662572741
outcome_fixed,unrewarded,3,0.400000000000003,0.1322526332217696
outcome_fixed,unrewarded,3,0.5000000000000031,0.1556408151443322
outcome_fixed,unrewarded,3,0.6000000000000032,0.12435365376130746
outcome_fixed,unrewarded,3,0.7000000000000033,0.03619831743062611
outcome_fixed,unrewarded,3,0.8000000000000034,-0.03922190701469991
outcome_fixed,unrewarded,3,0.9000000000000035,-0.020201214448244128
outcome_fixed,unrewarded,3,1.0000000000000036,0.00013731911854369413
outcome_fixed,unrewarded,3,1.1000000000000032,0.04081441842869097
outcome_fixed,unrewarded,3,1.2000000000000037,0.04469795906742927
outcome_fixed,unrewarded,3,1.3000000000000043,0.025526695652335753
outcome_fixed,unrewarded,3,1.400000000000004,0.02018177294354378
outcome_fixed,unrewarded,3,1.5000000000000036,-0.0026985447552550553
outcome_fixed,unrewarded,3,1.600000000000004,-0.043627283777205594
outcome_fixed,unrewarded,3,1.7000000000000046,-0.1050242360692994
outcome_fixed,unrewarded,3,1.8000000000000043,-0.10639856916151144
outcome_fixed,unrewarded,3,1.900000000000004,-0.12452662221637849
outcome_fixed,unrewarded,3,2.0000000000000044,-0.18428494702570936
outcome_fixed,unrewarded,3,2.100000000000005,-0.1741794720941819
outcome_fixed,unrewarded,3,2.2000000000000046,-0.20821562677954672
outcome_fixed,unrewarded,3,2.3000000000000043,-0.24936948098659534
outcome_fixed,unrewarded,3,2.400000000000005,-0.29476358811787007
outcome_fixed,unrewarded,3,2.5000000000000053,-0.2847930901722182
outcome_fixed,unrewarded,3,2.600000000000005,-0.3006834179804808
outcome_fixed,unrewarded,3,2.7000000000000046,-0.3232020129230532
outcome_fixed,unrewarded,3,2.800000000000005,-0.34622168894569927
outcome_fixed,unrewarded,3,2.9000000000000057,-0.33880944997279705
outcome_fixed,unrewarded,3,3.0000000000000053,-0.346766542446138
outcome_fixed,unrewarded,3,3.100000000000005,-0.32518783231627496
outcome_fixed,unrewarded,3,3.2000000000000055,-0.3531960165590391
outcome_fixed,unrewarded,3,3.300000000000006,-0.34732317418758996
outcome_fixed,unrewarded,3,3.4000000000000057,-0.3119393392497591
outcome_fixed,unrewarded,3,3.5000000000000053,-0.3362257778050347
outcome_fixed,unrewarded,3,3.600000000000006,-0.3676314275980354
outcome_fixed,unrewarded,3,3.7000000000000064,-0.42047525778848766
outcome_fixed,unrewarded,3,3.800000000000006,-0.3543561236404073
outcome_fixed,unrewarded,3,3.9000000000000057,-0.31090497198397893
outcome_fixed,unrewarded,3,4.000000000000006,-0.27605572186177363
outcome_fixed,unrewarded,3,4.100000000000007,-0.274586250983515
outcome_fixed,unrewarded,3,4.200000000000006,-0.3387653480412852
outcome_fixed,unrewarded,3,4.300000000000006,-0.35510040515377367
outcome_fixed,unrewarded,3,4.400000000000007,-0.31945549834513626
outcome_fixed,unrewarded,3,4.500000000000007,-0.3193296314553012
outcome_fixed,unrewarded,3,4.600000000000007,-0.26552927319298614
outcome_fixed,unrewarded,3,4.700000000000006,-0.315661497707252
outcome_fixed,unrewarded,3,4.800000000000007,-0.36197983451088606
outcome_fixed,unrewarded,3,4.9000000000000075,-0.3777844799713269
outcome_fixed,unrewarded,3,5.000000000000007,-0.3897019328233398
outcome_fixed,unrewarded,3,5.100000000000007,-0.3341645460573167
outcome_fixed,unrewarded,3,5.200000000000006,-0.37825278687062114
outcome_fixed,unrewarded,3,5.300000000000008,-0.3217158629573897
outcome_fixed,unrewarded,3,5.4000000000000075,-0.3384569668983456
outcome_fixed,unrewarded,3,5.500000000000007,-0.3732001565606635
outcome_fixed,unrewarded,3,5.6000000000000085,-0.367998427493422
outcome_fixed,unrewarded,3,5.700000000000008,-0.36945518014056733
outcome_fixed,unrewarded,3,5.800000000000008,-0.38281443300393725
outcome_fixed,unrewarded,3,5.9000000000000075,-0.39553835358730477
outcome_fixed,unrewarded,4,-3.0,-0.12228891797285388
outcome_fixed,unrewarded,4,-2.9,-0.14450336158216337
outcome_fixed,unrewarded,4,-2.8,0.03007753277011658
outcome_fixed,unrewarded,4,-2.6999999999999997,0.11066246168444731
outcome_fixed,unrewarded,4,-2.5999999999999996,0.07422974872910876
outcome_fixed,unrewarded,4,-2.4999999999999996,0.06457100861882754
outcome_fixed,unrewarded,4,-2.3999999999999995,0.10102258431397086
outcome_fixed,unrewarded,4,-2.2999999999999994,0.1217445365541492
outcome_fixed,unrewarded,4,-2.1999999999999993,0.03835853720572704
outcome_fixed,unrewarded,4,-2.099999999999999,-0.03991509101734907
outcome_fixed,unrewarded,4,-1.9999999999999991,-0.013694300403740848
outcome_fixed,unrewarded,4,-1.899999999999999,0.035692938230240896
outcome_fixed,unrewarded,4,-1.799999999999999,0.1570506374553702
outcome_fixed,unrewarded,4,-1.6999999999999988,0.04657050107997919
outcome_fixed,unrewarded,4,-1.5999999999999988,0.06810469290709399
outcome_fixed,unrewarded,4,-1.4999999999999987,0.1511471061508248
outcome_fixed,unrewarded,4,-1.3999999999999986,0.14566850095681708
outcome_fixed,unrewarded,4,-1.2999999999999985,0.15699786891315573
outcome_fixed,unrewarded,4,-1.1999999999999984,0.27446211744617055
outcome_fixed,unrewarded,4,-1.0999999999999983,0.2929234716671085
outcome_fixed,unrewarded,4,-0.9999999999999982,0.3492801912425403
outcome_fixed,unrewarded,4,-0.8999999999999981,0.449388615270976
outcome_fixed,unrewarded,4,-0.799999999999998,0.5818961861279425
outcome_fixed,unrewarded,4,-0.699999999999998,0.5661924731162497
outcome_fixed,unrewarded,4,-0.5999999999999979,0.6549388619301346
outcome_fixed,unrewarded,4,-0.4999999999999978,0.5190062595547229
outcome_fixed,unrewarded,4,-0.3999999999999977,0.4213077508581907
outcome_fixed,unrewarded,4,-0.2999999999999976,0.2922912443389664
outcome_fixed,unrewarded,4,-0.1999999999999975,0.16652567632656362
outcome_fixed,unrewarded,4,-0.09999999999999742,0.094693597397547
outcome_fixed,unrewarded,4,2.6645352591003757e-15,0.07266637402698033
outcome_fixed,unrewarded,4,0.10000000000000275,0.009944877128925935
outcome_fixed,unrewarded,4,0.20000000000000284,-0.0075551873467843665
outcome_fixed,unrewarded,4,0.30000000000000293,-0.009892237589787377
outcome_fixed,unrewarded,4,0.400000000000003,-0.05325391354465317
outcome_fixed,unrewarded,4,0.5000000000000031,-0.1049725966420805
outcome_fixed,unrewarded,4,0.6000000000000032,-0.15345321414568436
outcome_fixed,unrewarded,4,0.7000000000000033,-0.1833220824315016
outcome_fixed,unrewarded,4,0.8000000000000034,-0.28373629579743137
outcome_fixed,unrewarded,4,0.9000000000000035,-0.2877689352993694
outcome_fixed,unrewarded,4,1.0000000000000036,-0.28694493465125964
outcome_fixed,unrewarded,4,1.1000000000000032,-0.32793317912848907
outcome_fixed,unrewarded,4,1.2000000000000037,-0.228275735635654
outcome_fixed,unrewarded,4,1.3000000000000043,-0.2780803090479283
outcome_fixed,unrewarded,4,1.400000000000004,-0.2906887912222074
outcome_fixed,unrewarded,4,1.5000000000000036,-0.24726274455913624
outcome_fixed,unrewarded,4,1.600000000000004,-0.1914293727234753
outcome_fixed,unrewarded,4,1.7000000000000046,-0.2308877490230575
outcome_fixed,unrewarded,4,1.8000000000000043,-0.21015742147701627
outcome_fixed,unrewarded,4,1.900000000000004,-0.21689156849616606
outcome_fixed,unrewarded,4,2.0000000000000044,-0.22983832642943153
outcome_fixed,unrewarded,4,2.100000000000005,-0.22768718982768152
outcome_fixed,unrewarded,4,2.2000000000000046,-0.18827819233764323
outcome_fixed,unrewarded,4,2.3000000000000043,-0.21465885977624896
outcome_fixed,unrewarded,4,2.400000000000005,-0.2365013148423002
outcome_fixed,unrewarded,4,2.5000000000000053,-0.1930330325999627
outcome_fixed,unrewarded,4,2.600000000000005,-0.20154951236411406
outcome_fixed,unrewarded,4,2.7000000000000046,-0.23083959693977207
outcome_fixed,unrewarded,4,2.800000000000005,-0.26470752765421457
outcome_fixed,unrewarded,4,2.9000000000000057,-0.2535450916388229
outcome_fixed,unrewarded,4,3.0000000000000053,-0.3441958850482285
outcome_fixed,unrewarded,4,3.100000000000005,-0.26454545977906574
outcome_fixed,unrewarded,4,3.2000000000000055,-0.22813946422389259
outcome_fixed,unrewarded,4,3.300000000000006,-0.24020295922953125
outcome_fixed,unrewarded,4,3.4000000000000057,-0.2402970739121446
outcome_fixed,unrewarded,4,3.5000000000000053,-0.17928822487761675
outcome_fixed,unrewarded,4,3.600000000000006,-0.08463892494998458
outcome_fixed,unrewarded,4,3.7000000000000064,-0.08532469638959508
outcome_fixed,unrewarded,4,3.800000000000006,-0.12726933980056848
outcome_fixed,unrewarded,4,3.9000000000000057,-0.16625987585932403
outcome_fixed,unrewarded,4,4.000000000000006,-0.23108412785853796
outcome_fixed,unrewarded,4,4.100000000000007,-0.1987222456015291
outcome_fixed,unrewarded,4,4.200000000000006,-0.12848393485345302
outcome_fixed,unrewarded,4,4.300000000000006,0.04227326544962984
outcome_fixed,unrewarded,4,4.400000000000007,0.013928944921448598
outcome_fixed,unrewarded,4,4.500000000000007,0.017110042475185813
outcome_fixed,unrewarded,4,4.600000000000007,0.11761188560034043
outcome_fixed,unrewarded,4,4.700000000000006,0.1247372444708627
outcome_fixed,unrewarded,4,4.800000000000007,0.12681256230187832
outcome_fixed,unrewarded,4,4.9000000000000075,0.08883123634548525
outcome_fixed,unrewarded,4,5.000000000000007,0.14969971202720053
outcome_fixed,unrewarded,4,5.100000000000007,0.12844753967834344
outcome_fixed,unrewarded,4,5.200000000000006,0.09447266881486874
outcome_fixed,unrewarded,4,5.300000000000008,0.1274780634580807
outcome_fixed,unrewarded,4,5.4000000000000075,0.05917924795192007
outcome_fixed,unrewarded,4,5.500000000000007,0.07879243805723599
outcome_fixed,unrewarded,4,5.6000000000000085,0.12306406090917184
outcome_fixed,unrewarded,4,5.700000000000008,0.07555587332307752
outcome_fixed,unrewarded,4,5.800000000000008,0.0473508449882105
outcome_fixed,unrewarded,4,5.9000000000000075,0.01579197758903016
outcome_fixed,unrewarded,5,-3.0,-0.21089684881220244
outcome_fixed,unrewarded,5,-2.9,-0.2360962365013067
outcome_fixed,unrewarded,5,-2.8,-0.29136220324299794
outcome_fixed,unrewarded,5,-2.6999999999999997,-0.29253774519009346
outcome_fixed,unrewarded,5,-2.5999999999999996,-0.2957765051514506
outcome_fixed,unrewarded,5,-2.4999999999999996,-0.3472292661261928
outcome_fixed,unrewarded,5,-2.3999999999999995,-0.3586474855653884
outcome_fixed,unrewarded,5,-2.2999999999999994,-0.3781631606415681
outcome_fixed,unrewarded,5,-2.1999999999999993,-0.3673501720518921
outcome_fixed,unrewarded,5,-2.099999999999999,-0.32593962782610586
outcome_fixed,unrewarded,5,-1.9999999999999991,-0.26000658113069647
outcome_fixed,unrewarded,5,-1.899999999999999,-0.2526672547860542
outcome_fixed,unrewarded,5,-1.799999999999999,-0.244412043430027
outcome_fixed,unrewarded,5,-1.6999999999999988,-0.2575591107671321
outcome_fixed,unrewarded,5,-1.5999999999999988,-0.24156941302120316
outcome_fixed,unrewarded,5,-1.4999999999999987,-0.1837542970379966
outcome_fixed,unrewarded,5,-1.3999999999999986,-0.20259400305570252
outcome_fixed,unrewarded,5,-1.2999999999999985,-0.10423116753723001
outcome_fixed,unrewarded,5,-1.1999999999999984,-0.11603537486320355
outcome_fixed,unrewarded,5,-1.0999999999999983,-0.14011435862148208
outcome_fixed,unrewarded,5,-0.9999999999999982,-0.10220265894950147
outcome_fixed,unrewarded,5,-0.8999999999999981,-0.09863932475928545
outcome_fixed,unrewarded,5,-0.799999999999998,-0.1350437475812764
outcome_fixed,unrewarded,5,-0.699999999999998,-0.17370088961381744
outcome_fixed,unrewarded,5,-0.5999999999999979,-0.11190394212224779
outcome_fixed,unrewarded,5,-0.4999999999999978,-0.026199660613013473
outcome_fixed,unrewarded,5,-0.3999999999999977,0.06738315454464787
outcome_fixed,unrewarded,5,-0.2999999999999976,0.19544609860715734
outcome_fixed,unrewarded,5,-0.1999999999999975,0.2560470950293635
outcome_fixed,unrewarded,5,-0.09999999999999742,0.24640581777894463
outcome_fixed,unrewarded,5,2.6645352591003757e-15,0.30096715687581344
outcome_fixed,unrewarded,5,0.10000000000000275,0.34555709648354754
outcome_fixed,unrewarded,5,0.20000000000000284,0.3079076348047041
outcome_fixed,unrewarded,5,0.30000000000000293,0.22933071226965604
outcome_fixed,unrewarded,5,0.400000000000003,0.1809521037564224
outcome_fixed,unrewarded,5,0.5000000000000031,0.1484735633453539
outcome_fixed,unrewarded,5,0.6000000000000032,0.02580293869780756
outcome_fixed,unrewarded,5,0.7000000000000033,-0.038493823034024106
outcome_fixed,unrewarded,5,0.8000000000000034,-0.10303178799138218
outcome_fixed,unrewarded,5,0.9000000000000035,-0.1710204960542361
outcome_fixed,unrewarded,5,1.0000000000000036,-0.18889908387908333
outcome_fixed,unrewarded,5,1.1000000000000032,-0.2532407367696348
outcome_fixed,unrewarded,5,1.2000000000000037,-0.23528174576504815
outcome_fixed,unrewarded,5,1.3000000000000043,-0.2910631719340812
outcome_fixed,unrewarded,5,1.400000000000004,-0.32737135722142796
outcome_fixed,unrewarded,5,1.5000000000000036,-0.3132264661594594
outcome_fixed,unrewarded,5,1.600000000000004,-0.2725238285742641
outcome_fixed,unrewarded,5,1.7000000000000046,-0.26282308139436733
outcome_fixed,unrewarded,5,1.8000000000000043,-0.3010069842049677
outcome_fixed,unrewarded,5,1.900000000000004,-0.2865806211106938
outcome_fixed,unrewarded,5,2.0000000000000044,-0.28265199827951315
outcome_fixed,unrewarded,5,2.100000000000005,-0.25714636250867545
outcome_fixed,unrewarded,5,2.2000000000000046,-0.29547642850521116
outcome_fixed,unrewarded,5,2.3000000000000043,-0.34862180235504703
outcome_fixed,unrewarded,5,2.400000000000005,-0.39397958545745637
outcome_fixed,unrewarded,5,2.5000000000000053,-0.4372204400185109
outcome_fixed,unrewarded,5,2.600000000000005,-0.40456671674964717
outcome_fixed,unrewarded,5,2.7000000000000046,-0.40400955844540815
outcome_fixed,unrewarded,5,2.800000000000005,-0.38080380038327893
outcome_fixed,unrewarded,5,2.9000000000000057,-0.40358499498213396
outcome_fixed,unrewarded,5,3.0000000000000053,-0.39188517327587435
outcome_fixed,unrewarded,5,3.100000000000005,-0.34159922939053067
outcome_fixed,unrewarded,5,3.2000000000000055,-0.34316045985236104
outcome_fixed,unrewarded,5,3.300000000000006,-0.29368386204373803
outcome_fixed,unrewarded,5,3.4000000000000057,-0.258196060959681
outcome_fixed,unrewarded,5,3.5000000000000053,-0.1799929975925295
outcome_fixed,unrewarded,5,3.600000000000006,-0.14866247956934778
outcome_fixed,unrewarded,5,3.7000000000000064,-0.17047872086934185
outcome_fixed,unrewarded,5,3.800000000000006,-0.18925976349433254
outcome_fixed,unrewarded,5,3.9000000000000057,-0.16050837000464768
outcome_fixed,unrewarded,5,4.000000000000006,-0.1711087651369172
outcome_fixed,unrewarded,5,4.100000000000007,-0.15695388816556666
outcome_fixed,unrewarded,5,4.200000000000006,-0.1398587939885702
outcome_fixed,unrewarded,5,4.300000000000006,-0.15239585969980338
outcome_fixed,unrewarded,5,4.400000000000007,-0.14192782269274423
outcome_fixed,unrewarded,5,4.500000000000007,-0.1268489228407231
outcome_fixed,unrewarded,5,4.600000000000007,-0.1367321665626883
outcome_fixed,unrewarded,5,4.700000000000006,-0.17013725905930316
outcome_fixed,unrewarded,5,4.800000000000007,-0.16886035248001433
outcome_fixed,unrewarded,5,4.9000000000000075,-0.16159525844403497
outcome_fixed,unrewarded,5,5.000000000000007,-0.13369299701070114
outcome_fixed,unrewarded,5,5.100000000000007,-0.10478626287571435
outcome_fixed,unrewarded,5,5.200000000000006,-0.12094568029605432
outcome_fixed,unrewarded,5,5.300000000000008,-0.10565517891650551
outcome_fixed,unrewarded,5,5.4000000000000075,-0.1243593135378039
outcome_fixed,unrewarded,5,5.500000000000007,-0.07739880550246032
outcome_fixed,unrewarded,5,5.6000000000000085,-0.010722351654655661
outcome_fixed,unrewarded,5,5.700000000000008,0.00730418001086642
outcome_fixed,unrewarded,5,5.800000000000008,-0.08025699378951157
outcome_fixed,unrewarded,5,5.9000000000000075,-0.10314912897934052
outcome_fixed,unrewarded,6,-3.0,-0.21033599375309897
outcome_fixed,unrewarded,6,-2.9,-0.1436902926007363
outcome_fixed,unrewarded,6,-2.8,-0.20671469428606995
outcome_fixed,unrewarded,6,-2.6999999999999997,-0.15606368913488458
outcome_fixed,unrewarded,6,-2.5999999999999996,-0.12417021241250893
outcome_fixed,unrewarded,6,-2.4999999999999996,-0.18236596929685184
outcome_fixed,unrewarded,6,-2.3999999999999995,-0.20596016514713897
outcome_fixed,unrewarded,6,-2.2999999999999994,-0.24977602327838522
outcome_fixed,unrewarded,6,-2.1999999999999993,-0.151588364468647
outcome_fixed,unrewarded,6,-2.099999999999999,-0.1789560718731425
outcome_fixed,unrewarded,6,-1.9999999999999991,-0.15585072043265347
outcome_fixed,unrewarded,6,-1.899999999999999,-0.14110246135608764
outcome_fixed,unrewarded,6,-1.799999999999999,-0.12261689736559347
outcome_fixed,unrewarded,6,-1.6999999999999988,-0.058882357681380997
outcome_fixed,unrewarded,6,-1.5999999999999988,-0.044028948440477896
outcome_fixed,unrewarded,6,-1.4999999999999987,-0.02488967979651973
outcome_fixed,unrewarded,6,-1.3999999999999986,-0.0453540157331337
outcome_fixed,unrewarded,6,-1.2999999999999985,-0.03791437738507305
outcome_fixed,unrewarded,6,-1.1999999999999984,-0.0025953495705869052
outcome_fixed,unrewarded,6,-1.0999999999999983,0.07102229309831991
outcome_fixed,unrewarded,6,-0.9999999999999982,0.025720442249094994
outcome_fixed,unrewarded,6,-0.8999999999999981,0.0962275390488906
outcome_fixed,unrewarded,6,-0.799999999999998,0.06340831377336853
outcome_fixed,unrewarded,6,-0.699999999999998,0.08839280898764822
outcome_fixed,unrewarded,6,-0.5999999999999979,0.16227241313121119
outcome_fixed,unrewarded,6,-0.4999999999999978,0.027508188184163337
outcome_fixed,unrewarded,6,-0.3999999999999977,-0.06428990201779462
outcome_fixed,unrewarded,6,-0.2999999999999976,-0.1878555714574683
outcome_fixed,unrewarded,6,-0.1999999999999975,-0.25087681175672405
outcome_fixed,unrewarded,6,-0.09999999999999742,-0.19801640894640773
outcome_fixed,unrewarded,6,2.6645352591003757e-15,-0.13081362032765478
outcome_fixed,unrewarded,6,0.10000000000000275,-0.02959145144067713
outcome_fixed,unrewarded,6,0.20000000000000284,-0.054828152228713435
outcome_fixed,unrewarded,6,0.30000000000000293,-0.06186781793808911
outcome_fixed,unrewarded,6,0.400000000000003,-0.09750230070148258
outcome_fixed,unrewarded,6,0.5000000000000031,-0.1676690897733348
outcome_fixed,unrewarded,6,0.6000000000000032,-0.31496600453043133
outcome_fixed,unrewarded,6,0.7000000000000033,-0.3775052605766632
outcome_fixed,unrewarded,6,0.8000000000000034,-0.4728660989801135
outcome_fixed,unrewarded,6,0.9000000000000035,-0.5124358454501023
outcome_fixed,unrewarded,6,1.0000000000000036,-0.5585935905218831
outcome_fixed,unrewarded,6,1.1000000000000032,-0.49601068088205885
outcome_fixed,unrewarded,6,1.2000000000000037,-0.5613740275510988
outcome_fixed,unrewarded,6,1.3000000000000043,-0.5546890045946166
outcome_fixed,unrewarded,6,1.400000000000004,-0.5556207646071706
outcome_fixed,unrewarded,6,1.5000000000000036,-0.5561237653272334
outcome_fixed,unrewarded,6,1.600000000000004,-0.5391326891439974
outcome_fixed,unrewarded,6,1.7000000000000046,-0.4506812178496697
outcome_fixed,unrewarded,6,1.8000000000000043,-0.44776923041507777
outcome_fixed,unrewarded,6,1.900000000000004,-0.5097758460842007
outcome_fixed,unrewarded,6,2.0000000000000044,-0.4646767569031891
outcome_fixed,unrewarded,6,2.100000000000005,-0.47340737935256094
outcome_fixed,unrewarded,6,2.2000000000000046,-0.41189425961446574
outcome_fixed,unrewarded,6,2.3000000000000043,-0.3963603018951417
outcome_fixed,unrewarded,6,2.400000000000005,-0.3777315205541644
outcome_fixed,unrewarded,6,2.5000000000000053,-0.31685162321003374
outcome_fixed,unrewarded,6,2.600000000000005,-0.317819273050667
outcome_fixed,unrewarded,6,2.7000000000000046,-0.3303720836604722
outcome_fixed,unrewarded,6,2.800000000000005,-0.26066436120619724
outcome_fixed,unrewarded,6,2.9000000000000057,-0.2794122868078769
outcome_fixed,unrewarded,6,3.0000000000000053,-0.365902527570889
outcome_fixed,unrewarded,6,3.100000000000005,-0.2855900959442442
outcome_fixed,unrewarded,6,3.2000000000000055,-0.34816055243414484
outcome_fixed,unrewarded,6,3.300000000000006,-0.2927836021859792
outcome_fixed,unrewarded,6,3.4000000000000057,-0.29323384104464445
outcome_fixed,unrewarded,6,3.5000000000000053,-0.35198327358020653
outcome_fixed,unrewarded,6,3.600000000000006,-0.2669677287583477
outcome_fixed,unrewarded,6,3.7000000000000064,-0.26392654059316667
outcome_fixed,unrewarded,6,3.800000000000006,-0.22825608440415804
outcome_fixed,unrewarded,6,3.9000000000000057,-0.31468534180114877
outcome_fixed,unrewarded,6,4.000000000000006,-0.28838768775551316
outcome_fixed,unrewarded,6,4.100000000000007,-0.2378967613426256
outcome_fixed,unrewarded,6,4.200000000000006,-0.2267226662324443
outcome_fixed,unrewarded,6,4.300000000000006,-0.22084607867061257
outcome_fixed,unrewarded,6,4.400000000000007,-0.2218850427741842
outcome_fixed,unrewarded,6,4.500000000000007,-0.2582365383727447
outcome_fixed,unrewarded,6,4.600000000000007,-0.2432740707759814
outcome_fixed,unrewarded,6,4.700000000000006,-0.23522492254887833
outcome_fixed,unrewarded,6,4.800000000000007,-0.2787407314189917
outcome_fixed,unrewarded,6,4.9000000000000075,-0.15549913563874843
outcome_fixed,unrewarded,6,5.000000000000007,-0.17037514848539956
outcome_fixed,unrewarded,6,5.100000000000007,-0.12859101451370653
outcome_fixed,unrewarded,6,5.200000000000006,-0.16257590557104531
outcome_fixed,unrewarded,6,5.300000000000008,-0.24933980400324451
outcome_fixed,unrewarded,6,5.4000000000000075,-0.24417768057991313
outcome_fixed,unrewarded,6,5.500000000000007,-0.20855913044712854
outcome_fixed,unrewarded,6,5.6000000000000085,-0.23197460296779557
outcome_fixed,unrewarded,6,5.700000000000008,-0.22537975634485063
outcome_fixed,unrewarded,6,5.800000000000008,-0.14286630335467476
outcome_fixed,unrewarded,6,5.9000000000000075,-0.1725457820588394
outcome_fixed,unrewarded,18,-3.0,-0.18460178703928293
outcome_fixed,unrewarded,18,-2.9,-0.15767375996111513
outcome_fixed,unrewarded,18,-2.8,-0.12440832301951663
outcome_fixed,unrewarded,18,-2.6999999999999997,-0.14910458744119137
outcome_fixed,unrewarded,18,-2.5999999999999996,-0.12852340756103983
outcome_fixed,unrewarded,18,-2.4999999999999996,-0.07709942200527477
outcome_fixed,unrewarded,18,-2.3999999999999995,-0.08736048282784202
outcome_fixed,unrewarded,18,-2.2999999999999994,-0.08537257604297878
outcome_fixed,unrewarded,18,-2.1999999999999993,-0.05372269246992803
outcome_fixed,unrewarded,18,-2.099999999999999,0.006038350106166789
outcome_fixed,unrewarded,18,-1.9999999999999991,-0.00966246180822443
outcome_fixed,unrewarded,18,-1.899999999999999,0.03677051306554319
outcome_fixed,unrewarded,18,-1.799999999999999,0.03934338575974198
outcome_fixed,unrewarded,18,-1.6999999999999988,0.07465326584155649
outcome_fixed,unrewarded,18,-1.5999999999999988,0.10613971430785481
outcome_fixed,unrewarded,18,-1.4999999999999987,0.09744685427880699
outcome_fixed,unrewarded,18,-1.3999999999999986,0.10358292575730485
outcome_fixed,unrewarded,18,-1.2999999999999985,0.11138988480348365
outcome_fixed,unrewarded,18,-1.1999999999999984,0.08386587677341889
outcome_fixed,unrewarded,18,-1.0999999999999983,0.014329662570685136
outcome_fixed,unrewarded,18,-0.9999999999999982,-0.02255028882520934
outcome_fixed,unrewarded,18,-0.8999999999999981,-0.1190849015095827
outcome_fixed,unrewarded,18,-0.799999999999998,-0.15137513264561503
outcome_fixed,unrewarded,18,-0.699999999999998,-0.19253652696479012
outcome_fixed,unrewarded,18,-0.5999999999999979,-0.2319456734582384
outcome_fixed,unrewarded,18,-0.4999999999999978,-0.29519739174788584
outcome_fixed,unrewarded,18,-0.3999999999999977,-0.374005330631672
outcome_fixed,unrewarded,18,-0.2999999999999976,-0.4359791429255476
outcome_fixed,unrewarded,18,-0.1999999999999975,-0.49254102038273306
outcome_fixed,unrewarded,18,-0.09999999999999742,-0.5302575106604291
outcome_fixed,unrewarded,18,2.6645352591003757e-15,-0.4766759999716185
outcome_fixed,unrewarded,18,0.10000000000000275,-0.17038305111227212
outcome_fixed,unrewarded,18,0.20000000000000284,0.043691220808928406
outcome_fixed,unrewarded,18,0.30000000000000293,-0.04479155081684227
outcome_fixed,unrewarded,18,0.400000000000003,-0.13050689821263578
outcome_fixed,unrewarded,18,0.5000000000000031,-0.20119684738484864
outcome_fixed,unrewarded,18,0.6000000000000032,-0.22702304700012987
outcome_fixed,unrewarded,18,0.7000000000000033,-0.25623460152726935
outcome_fixed,unrewarded,18,0.8000000000000034,-0.3105770510020731
outcome_fixed,unrewarded,18,0.9000000000000035,-0.33926900607948846
outcome_fixed,unrewarded,18,1.0000000000000036,-0.34100269199691136
outcome_fixed,unrewarded,18,1.1000000000000032,-0.35146922655830815
outcome_fixed,unrewarded,18,1.2000000000000037,-0.391910726882329
outcome_fixed,unrewarded,18,1.3000000000000043,-0.3817548333663041
outcome_fixed,unrewarded,18,1.400000000000004,-0.38538279178158413
outcome_fixed,unrewarded,18,1.5000000000000036,-0.39589871925134834
outcome_fixed,unrewarded,18,1.600000000000004,-0.3712547301025614
outcome_fixed,unrewarded,18,1.7000000000000046,-0.36291798748534637
outcome_fixed,unrewarded,18,1.8000000000000043,-0.3335639820021714
outcome_fixed,unrewarded,18,1.900000000000004,-0.3056740667718172
outcome_fixed,unrewarded,18,2.0000000000000044,-0.3045871318559078
outcome_fixed,unrewarded,18,2.100000000000005,-0.25672137248565363
outcome_fixed,unrewarded,18,2.2000000000000046,-0.23670175215053005
outcome_fixed,unrewarded,18,2.3000000000000043,-0.2506945145279937
outcome_fixed,unrewarded,18,2.400000000000005,-0.2533477881214532
outcome_fixed,unrewarded,18,2.5000000000000053,-0.249664214940786
outcome_fixed,unrewarded,18,2.600000000000005,-0.2349918937694485
outcome_fixed,unrewarded,18,2.7000000000000046,-0.2469831925393508
outcome_fixed,unrewarded,18,2.800000000000005,-0.20377156471647856
outcome_fixed,unrewarded,18,2.9000000000000057,-0.19287762323035096
outcome_fixed,unrewarded,18,3.0000000000000053,-0.15146917256962472
outcome_fixed,unrewarded,18,3.100000000000005,-0.09190300243739535
outcome_fixed,unrewarded,18,3.2000000000000055,-0.09393626538534686
outcome_fixed,unrewarded,18,3.300000000000006,-0.06529168542502357
outcome_fixed,unrewarded,18,3.4000000000000057,-0.07021655722443551
outcome_fixed,unrewarded,18,3.5000000000000053,-0.07571745194639269
outcome_fixed,unrewarded,18,3.600000000000006,-0.07226893225297296
outcome_fixed,unrewarded,18,3.7000000000000064,-0.11819838827261356
outcome_fixed,unrewarded,18,3.800000000000006,-0.1526798426813997
outcome_fixed,unrewarded,18,3.9000000000000057,-0.1459448091635868
outcome_fixed,unrewarded,18,4.000000000000006,-0.10299306601779958
outcome_fixed,unrewarded,18,4.100000000000007,-0.1286011252273506
outcome_fixed,unrewarded,18,4.200000000000006,-0.11835542709009814
outcome_fixed,unrewarded,18,4.300000000000006,-0.11064652872779362
outcome_fixed,unrewarded,18,4.400000000000007,-0.10865107904835326
outcome_fixed,unrewarded,18,4.500000000000007,-0.10262711645659041
outcome_fixed,unrewarded,18,4.600000000000007,-0.1080138028177401
outcome_fixed,unrewarded,18,4.700000000000006,-0.12655540861907996
outcome_fixed,unrewarded,18,4.800000000000007,-0.15680008137263163
outcome_fixed,unrewarded,18,4.9000000000000075,-0.12569536471846735
outcome_fixed,unrewarded,18,5.000000000000007,-0.1461288292426701
outcome_fixed,unrewarded,18,5.100000000000007,-0.12559446523550552
outcome_fixed,unrewarded,18,5.200000000000006,-0.13568722590435606
outcome_fixed,unrewarded,18,5.300000000000008,-0.09713111714240426
outcome_fixed,unrewarded,18,5.4000000000000075,-0.07135004608866667
outcome_fixed,unrewarded,18,5.500000000000007,-0.034382952559304826
outcome_fixed,unrewarded,18,5.6000000000000085,-0.032232808301904954
outcome_fixed,unrewarded,18,5.700000000000008,-0.0019442135337972152
outcome_fixed,unrewarded,18,5.800000000000008,-0.054026789597513725
outcome_fixed,unrewarded,18,5.9000000000000075,-0.05723187976854337
outcome_fixed,unrewarded,19,-3.0,-0.2412558522241001
outcome_fixed,unrewarded,19,-2.9,-0.18925183676433294
outcome_fixed,unrewarded,19,-2.8,-0.14041065232963723
outcome_fixed,unrewarded,19,-2.6999999999999997,-0.14716849576923385
outcome_fixed,unrewarded,19,-2.5999999999999996,-0.14336461940971135
outcome_fixed,unrewarded,19,-2.4999999999999996,-0.2074384404380791
outcome_fixed,unrewarded,19,-2.3999999999999995,-0.11643076613427353
outcome_fixed,unrewarded,19,-2.2999999999999994,-0.1202209413951422
outcome_fixed,unrewarded,19,-2.1999999999999993,-0.1276990272422299
outcome_fixed,unrewarded,19,-2.099999999999999,-0.06804395034239852
outcome_fixed,unrewarded,19,-1.9999999999999991,0.012622056973110115
outcome_fixed,unrewarded,19,-1.899999999999999,-0.0360070546440525
outcome_fixed,unrewarded,19,-1.799999999999999,-0.02727623636635696
outcome_fixed,unrewarded,19,-1.6999999999999988,-0.0025257694951619095
outcome_fixed,unrewarded,19,-1.5999999999999988,0.010379985759637073
outcome_fixed,unrewarded,19,-1.4999999999999987,0.04942047157211299
outcome_fixed,unrewarded,19,-1.3999999999999986,0.06972036329070559
outcome_fixed,unrewarded,19,-1.2999999999999985,0.027299838755079207
outcome_fixed,unrewarded,19,-1.1999999999999984,0.006171967551750639
outcome_fixed,unrewarded,19,-1.0999999999999983,-0.00910697081873847
outcome_fixed,unrewarded,19,-0.9999999999999982,-0.061516135366056865
outcome_fixed,unrewarded,19,-0.8999999999999981,-0.07720121967874173
outcome_fixed,unrewarded,19,-0.799999999999998,-0.04103196133646403
outcome_fixed,unrewarded,19,-0.699999999999998,-0.07242040872107601
outcome_fixed,unrewarded,19,-0.5999999999999979,-0.18093131361539058
outcome_fixed,unrewarded,19,-0.4999999999999978,-0.25158608044557357
outcome_fixed,unrewarded,19,-0.3999999999999977,-0.33512556634165197
outcome_fixed,unrewarded,19,-0.2999999999999976,-0.39303430758415403
outcome_fixed,unrewarded,19,-0.1999999999999975,-0.32555129580798914
outcome_fixed,unrewarded,19,-0.09999999999999742,-0.2911964662507309
outcome_fixed,unrewarded,19,2.6645352591003757e-15,-0.04381225127594769
outcome_fixed,unrewarded,19,0.10000000000000275,-0.02263709278767343
outcome_fixed,unrewarded,19,0.20000000000000284,-0.12305650390671588
outcome_fixed,unrewarded,19,0.30000000000000293,-0.14441488495481028
outcome_fixed,unrewarded,19,0.400000000000003,-0.18997428755657236
outcome_fixed,unrewarded,19,0.5000000000000031,-0.12399052323549922
outcome_fixed,unrewarded,19,0.6000000000000032,-0.13886922770324833
outcome_fixed,unrewarded,19,0.7000000000000033,-0.20298228539613877
outcome_fixed,unrewarded,19,0.8000000000000034,-0.17247956776923695
outcome_fixed,unrewarded,19,0.9000000000000035,-0.26768058977263914
outcome_fixed,unrewarded,19,1.0000000000000036,-0.2109072313688155
outcome_fixed,unrewarded,19,1.1000000000000032,-0.21349093935661395
outcome_fixed,unrewarded,19,1.2000000000000037,-0.2672582742546511
outcome_fixed,unrewarded,19,1.3000000000000043,-0.24306993141206046
outcome_fixed,unrewarded,19,1.400000000000004,-0.24556068800715156
outcome_fixed,unrewarded,19,1.5000000000000036,-0.26181945737780543
outcome_fixed,unrewarded,19,1.600000000000004,-0.19305722021501723
outcome_fixed,unrewarded,19,1.7000000000000046,-0.20967459000764907
outcome_fixed,unrewarded,19,1.8000000000000043,-0.1869719596695865
outcome_fixed,unrewarded,19,1.900000000000004,-0.21706468802294743
outcome_fixed,unrewarded,19,2.0000000000000044,-0.2388802989014786
outcome_fixed,unrewarded,19,2.100000000000005,-0.24271941516020856
outcome_fixed,unrewarded,19,2.2000000000000046,-0.23514543908524366
outcome_fixed,unrewarded,19,2.3000000000000043,-0.2400016219813229
outcome_fixed,unrewarded,19,2.400000000000005,-0.18737519081599396
outcome_fixed,unrewarded,19,2.5000000000000053,-0.1536895490404467
outcome_fixed,unrewarded,19,2.600000000000005,-0.20725023798539122
outcome_fixed,unrewarded,19,2.7000000000000046,-0.16085921660159366
outcome_fixed,unrewarded,19,2.800000000000005,-0.15274929996383266
outcome_fixed,unrewarded,19,2.9000000000000057,-0.1841341309776719
outcome_fixed,unrewarded,19,3.0000000000000053,-0.14161375594812434
outcome_fixed,unrewarded,19,3.100000000000005,-0.12424232315063981
outcome_fixed,unrewarded,19,3.2000000000000055,-0.18571423467748313
outcome_fixed,unrewarded,19,3.300000000000006,-0.15684809355365686
outcome_fixed,unrewarded,19,3.4000000000000057,-0.12948529591126934
outcome_fixed,unrewarded,19,3.5000000000000053,-0.13313416233846712
outcome_fixed,unrewarded,19,3.600000000000006,-0.16792622212066746
outcome_fixed,unrewarded,19,3.7000000000000064,-0.17565802672008793
outcome_fixed,unrewarded,19,3.800000000000006,-0.17569285199211138
outcome_fixed,unrewarded,19,3.9000000000000057,-0.17178535650706467
outcome_fixed,unrewarded,19,4.000000000000006,-0.16077812202614802
outcome_fixed,unrewarded,19,4.100000000000007,-0.16911240598708152
outcome_fixed,unrewarded,19,4.200000000000006,-0.06824381636300021
outcome_fixed,unrewarded,19,4.300000000000006,-0.11467226187399666
outcome_fixed,unrewarded,19,4.400000000000007,-0.058113765270217596
outcome_fixed,unrewarded,19,4.500000000000007,-0.10238045578023416
outcome_fixed,unrewarded,19,4.600000000000007,-0.1279535134912077
outcome_fixed,unrewarded,19,4.700000000000006,-0.11000029466951844
outcome_fixed,unrewarded,19,4.800000000000007,-0.11294026541685963
outcome_fixed,unrewarded,19,4.9000000000000075,-0.04754420817711014
outcome_fixed,unrewarded,19,5.000000000000007,-0.10561535009298677
outcome_fixed,unrewarded,19,5.100000000000007,-0.08395994118830136
outcome_fixed,unrewarded,19,5.200000000000006,-0.0642183963284022
outcome_fixed,unrewarded,19,5.300000000000008,-0.08210743723933188
outcome_fixed,unrewarded,19,5.4000000000000075,-0.07321684019567774
outcome_fixed,unrewarded,19,5.500000000000007,-0.14304582658641493
outcome_fixed,unrewarded,19,5.6000000000000085,-0.1427232060423434
outcome_fixed,unrewarded,19,5.700000000000008,-0.13546190824137758
outcome_fixed,unrewarded,19,5.800000000000008,-0.16682620029678458
outcome_fixed,unrewarded,19,5.9000000000000075,-0.19679917824378326
outcome_fixed,unrewarded,27,-3.0,-0.1604062835102977
outcome_fixed,unrewarded,27,-2.9,-0.09154556697067057
outcome_fixed,unrewarded,27,-2.8,-0.04539063503768926
outcome_fixed,unrewarded,27,-2.6999999999999997,-0.03555847694842546
outcome_fixed,unrewarded,27,-2.5999999999999996,-0.06663869277135191
outcome_fixed,unrewarded,27,-2.4999999999999996,-0.03792844592836277
outcome_fixed,unrewarded,27,-2.3999999999999995,-0.026527693594419418
outcome_fixed,unrewarded,27,-2.2999999999999994,0.015528435210149858
outcome_fixed,unrewarded,27,-2.1999999999999993,-0.03381817785829158
outcome_fixed,unrewarded,27,-2.099999999999999,-0.05063440517354169
outcome_fixed,unrewarded,27,-1.9999999999999991,-0.06508704647389613
outcome_fixed,unrewarded,27,-1.899999999999999,-0.058024032203713785
outcome_fixed,unrewarded,27,-1.799999999999999,-0.048819785883545325
outcome_fixed,unrewarded,27,-1.6999999999999988,-0.007522217534960195
outcome_fixed,unrewarded,27,-1.5999999999999988,-0.04134566931814349
outcome_fixed,unrewarded,27,-1.4999999999999987,-0.023451919595534974
outcome_fixed,unrewarded,27,-1.3999999999999986,-0.03681022780561179
outcome_fixed,unrewarded,27,-1.2999999999999985,0.004805412759301765
outcome_fixed,unrewarded,27,-1.1999999999999984,-0.0069250372468380545
outcome_fixed,unrewarded,27,-1.0999999999999983,-0.05069183390199754
outcome_fixed,unrewarded,27,-0.9999999999999982,-0.04906926714726098
outcome_fixed,unrewarded,27,-0.8999999999999981,-0.06955100422377523
outcome_fixed,unrewarded,27,-0.799999999999998,0.018549483533940675
outcome_fixed,unrewarded,27,-0.699999999999998,0.094868792443394
outcome_fixed,unrewarded,27,-0.5999999999999979,0.3215351310793521
outcome_fixed,unrewarded,27,-0.4999999999999978,0.5325825599532178
outcome_fixed,unrewarded,27,-0.3999999999999977,0.6823001954773059
outcome_fixed,unrewarded,27,-0.2999999999999976,0.6544066774712095
outcome_fixed,unrewarded,27,-0.1999999999999975,0.45391186736740136
outcome_fixed,unrewarded,27,-0.09999999999999742,0.3040320860919281
outcome_fixed,unrewarded,27,2.6645352591003757e-15,0.2968916008626574
outcome_fixed,unrewarded,27,0.10000000000000275,0.2601868476242428
outcome_fixed,unrewarded,27,0.20000000000000284,0.1955897385940328
outcome_fixed,unrewarded,27,0.30000000000000293,0.09250090341882253
outcome_fixed,unrewarded,27,0.400000000000003,0.046903218553045294
outcome_fixed,unrewarded,27,0.5000000000000031,0.03383280402343821
outcome_fixed,unrewarded,27,0.6000000000000032,0.015577809756181522
outcome_fixed,unrewarded,27,0.7000000000000033,-0.11751141945834442
outcome_fixed,unrewarded,27,0.8000000000000034,-0.22146931255877259
outcome_fixed,unrewarded,27,0.9000000000000035,-0.34814681139435355
outcome_fixed,unrewarded,27,1.0000000000000036,-0.4441532481095168
outcome_fixed,unrewarded,27,1.1000000000000032,-0.5107236806299671
outcome_fixed,unrewarded,27,1.2000000000000037,-0.574094010383702
outcome_fixed,unrewarded,27,1.3000000000000043,-0.6603828625327337
outcome_fixed,unrewarded,27,1.400000000000004,-0.6735741997753135
outcome_fixed,unrewarded,27,1.5000000000000036,-0.655817386654097
outcome_fixed,unrewarded,27,1.600000000000004,-0.6547803352555122
outcome_fixed,unrewarded,27,1.7000000000000046,-0.6671257367523937
outcome_fixed,unrewarded,27,1.8000000000000043,-0.6686578832853665
outcome_fixed,unrewarded,27,1.900000000000004,-0.6631000449932467
outcome_fixed,unrewarded,27,2.0000000000000044,-0.652868098474789
outcome_fixed,unrewarded,27,2.100000000000005,-0.5908043456845795
outcome_fixed,unrewarded,27,2.2000000000000046,-0.5591992658383227
outcome_fixed,unrewarded,27,2.3000000000000043,-0.5291676540958029
outcome_fixed,unrewarded,27,2.400000000000005,-0.5451905965522165
outcome_fixed,unrewarded,27,2.5000000000000053,-0.554393315035679
outcome_fixed,unrewarded,27,2.600000000000005,-0.5542865988773089
outcome_fixed,unrewarded,27,2.7000000000000046,-0.5292005427529214
outcome_fixed,unrewarded,27,2.800000000000005,-0.48828970221494367
outcome_fixed,unrewarded,27,2.9000000000000057,-0.5026149636832455
outcome_fixed,unrewarded,27,3.0000000000000053,-0.50133844631716
outcome_fixed,unrewarded,27,3.100000000000005,-0.4441435231576349
outcome_fixed,unrewarded,27,3.2000000000000055,-0.4062639790689771
outcome_fixed,unrewarded,27,3.300000000000006,-0.4038587300453036
outcome_fixed,unrewarded,27,3.4000000000000057,-0.41136514298263016
outcome_fixed,unrewarded,27,3.5000000000000053,-0.3974599203462671
outcome_fixed,unrewarded,27,3.600000000000006,-0.34160061484205917
outcome_fixed,unrewarded,27,3.7000000000000064,-0.3004881277073357
outcome_fixed,unrewarded,27,3.800000000000006,-0.2689360836478623
outcome_fixed,unrewarded,27,3.9000000000000057,-0.21911133332871321
outcome_fixed,unrewarded,27,4.000000000000006,-0.15907217144487928
outcome_fixed,unrewarded,27,4.100000000000007,-0.13844390227932582
outcome_fixed,unrewarded,27,4.200000000000006,-0.12621415835266916
outcome_fixed,unrewarded,27,4.300000000000006,-0.13551801364269034
outcome_fixed,unrewarded,27,4.400000000000007,-0.06927491889103785
outcome_fixed,unrewarded,27,4.500000000000007,-0.04484701705454495
outcome_fixed,unrewarded,27,4.600000000000007,-0.0729181938352054
outcome_fixed,unrewarded,27,4.700000000000006,-0.05255138645495388
outcome_fixed,unrewarded,27,4.800000000000007,0.026845114982750534
outcome_fixed,unrewarded,27,4.9000000000000075,0.026948498125787385
outcome_fixed,unrewarded,27,5.000000000000007,-0.017852059294219052
outcome_fixed,unrewarded,27,5.100000000000007,-0.056079173484495114
outcome_fixed,unrewarded,27,5.200000000000006,-0.05830739136762068
outcome_fixed,unrewarded,27,5.300000000000008,-0.08450108983486652
outcome_fixed,unrewarded,27,5.4000000000000075,-0.1117537214715136
outcome_fixed,unrewarded,27,5.500000000000007,-0.09195889523516161
outcome_fixed,unrewarded,27,5.6000000000000085,-0.05134634989111653
outcome_fixed,unrewarded,27,5.700000000000008,-0.05127938968747406
outcome_fixed,unrewarded,27,5.800000000000008,-0.07201690022179479
outcome_fixed,unrewarded,27,5.9000000000000075,-0.1518555298910418
outcome_fixed,unrewarded,35,-3.0,-0.13131003250943032
outcome_fixed,unrewarded,35,-2.9,-0.08938518594856752
outcome_fixed,unrewarded,35,-2.8,0.043806017862151436
outcome_fixed,unrewarded,35,-2.6999999999999997,-0.0973459396455362
outcome_fixed,unrewarded,35,-2.5999999999999996,-0.12054339814515351
outcome_fixed,unrewarded,35,-2.4999999999999996,-0.01771219199964459
outcome_fixed,unrewarded,35,-2.3999999999999995,-0.06510833811295229
outcome_fixed,unrewarded,35,-2.2999999999999994,-0.029281966162875584
outcome_fixed,unrewarded,35,-2.1999999999999993,-0.0619537532394003
outcome_fixed,unrewarded,35,-2.099999999999999,0.017239886151781895
outcome_fixed,unrewarded,35,-1.9999999999999991,0.07624690904290558
outcome_fixed,unrewarded,35,-1.899999999999999,0.06235050265792592
outcome_fixed,unrewarded,35,-1.799999999999999,0.03847308610450263
outcome_fixed,unrewarded,35,-1.6999999999999988,0.07180792039649248
outcome_fixed,unrewarded,35,-1.5999999999999988,0.10579914093323337
outcome_fixed,unrewarded,35,-1.4999999999999987,0.13583370463504732
outcome_fixed,unrewarded,35,-1.3999999999999986,0.13599783732595294
outcome_fixed,unrewarded,35,-1.2999999999999985,0.24738292988736887
outcome_fixed,unrewarded,35,-1.1999999999999984,0.31365409841184677
outcome_fixed,unrewarded,35,-1.0999999999999983,0.4481962889249309
outcome_fixed,unrewarded,35,-0.9999999999999982,0.5892227533290801
outcome_fixed,unrewarded,35,-0.8999999999999981,0.5496532943707124
outcome_fixed,unrewarded,35,-0.799999999999998,0.5374273252604
outcome_fixed,unrewarded,35,-0.699999999999998,0.5976381882215466
outcome_fixed,unrewarded,35,-0.5999999999999979,0.5078237173926233
outcome_fixed,unrewarded,35,-0.4999999999999978,0.30927769967058966
outcome_fixed,unrewarded,35,-0.3999999999999977,0.19163698970466336
outcome_fixed,unrewarded,35,-0.2999999999999976,0.05941932986720797
outcome_fixed,unrewarded,35,-0.1999999999999975,0.05901532743968951
outcome_fixed,unrewarded,35,-0.09999999999999742,0.15528953244014038
outcome_fixed,unrewarded,35,2.6645352591003757e-15,0.15616005806175962
outcome_fixed,unrewarded,35,0.10000000000000275,0.3587261923073465
outcome_fixed,unrewarded,35,0.20000000000000284,0.3238546903967582
outcome_fixed,unrewarded,35,0.30000000000000293,0.24502524743401136
outcome_fixed,unrewarded,35,0.400000000000003,0.16426769288767176
outcome_fixed,unrewarded,35,0.5000000000000031,0.1355970968565101
outcome_fixed,unrewarded,35,0.6000000000000032,0.1775943347245626
outcome_fixed,unrewarded,35,0.7000000000000033,0.10127840183422916
outcome_fixed,unrewarded,35,0.8000000000000034,0.12095289077069364
outcome_fixed,unrewarded,35,0.9000000000000035,0.10207387011679529
outcome_fixed,unrewarded,35,1.0000000000000036,0.09731950506992135
outcome_fixed,unrewarded,35,1.1000000000000032,0.061846616418555954
outcome_fixed,unrewarded,35,1.2000000000000037,0.11926229394629675
outcome_fixed,unrewarded,35,1.3000000000000043,0.06142499367095334
outcome_fixed,unrewarded,35,1.400000000000004,-0.007485012879286852
outcome_fixed,unrewarded,35,1.5000000000000036,-0.012641292225587488
outcome_fixed,unrewarded,35,1.600000000000004,-0.10687080800483877
outcome_fixed,unrewarded,35,1.7000000000000046,-0.045857727320844484
outcome_fixed,unrewarded,35,1.8000000000000043,-0.1370005131407902
outcome_fixed,unrewarded,35,1.900000000000004,-0.09030129248340131
outcome_fixed,unrewarded,35,2.0000000000000044,-0.0675599142924787
outcome_fixed,unrewarded,35,2.100000000000005,-0.12366087253359098
outcome_fixed,unrewarded,35,2.2000000000000046,-0.10512408183140383
outcome_fixed,unrewarded,35,2.3000000000000043,-0.12067033056788418
outcome_fixed,unrewarded,35,2.400000000000005,-0.16832147116994609
outcome_fixed,unrewarded,35,2.5000000000000053,-0.10191824112172647
outcome_fixed,unrewarded,35,2.600000000000005,-0.14841938182987624
outcome_fixed,unrewarded,35,2.7000000000000046,-0.17514028741183055
outcome_fixed,unrewarded,35,2.800000000000005,-0.12786484744794424
outcome_fixed,unrewarded,35,2.9000000000000057,-0.14510402956873067
outcome_fixed,unrewarded,35,3.0000000000000053,-0.13877207969130548
outcome_fixed,unrewarded,35,3.100000000000005,-0.075944148750165
outcome_fixed,unrewarded,35,3.2000000000000055,-0.04633962205687574
outcome_fixed,unrewarded,35,3.300000000000006,-0.08701834918716614
outcome_fixed,unrewarded,35,3.4000000000000057,-0.12161360769755321
outcome_fixed,unrewarded,35,3.5000000000000053,-0.10411223264179209
outcome_fixed,unrewarded,35,3.600000000000006,-0.11744023693628951
outcome_fixed,unrewarded,35,3.7000000000000064,-0.06502299672154599
outcome_fixed,unrewarded,35,3.800000000000006,-0.17265581581664116
outcome_fixed,unrewarded,35,3.9000000000000057,-0.09299996448682456
outcome_fixed,unrewarded,35,4.000000000000006,-0.20732731027687812
outcome_fixed,unrewarded,35,4.100000000000007,-0.10542346812215207
outcome_fixed,unrewarded,35,4.200000000000006,-0.1923108306755319
outcome_fixed,unrewarded,35,4.300000000000006,-0.1326408807349171
outcome_fixed,unrewarded,35,4.400000000000007,-0.1989984232251093
outcome_fixed,unrewarded,35,4.500000000000007,-0.15247176360606468
outcome_fixed,unrewarded,35,4.600000000000007,-0.09784244268848777
outcome_fixed,unrewarded,35,4.700000000000006,-0.13196893227581982
outcome_fixed,unrewarded,35,4.800000000000007,-0.2472300652447923
outcome_fixed,unrewarded,35,4.9000000000000075,-0.15148059898466282
outcome_fixed,unrewarded,35,5.000000000000007,-0.14692933365063054
outcome_fixed,unrewarded,35,5.100000000000007,-0.16695863811939904
outcome_fixed,unrewarded,35,5.200000000000006,-0.1442567493054623
outcome_fixed,unrewarded,35,5.300000000000008,-0.1789920822554836
outcome_fixed,unrewarded,35,5.4000000000000075,-0.05998709733793057
outcome_fixed,unrewarded,35,5.500000000000007,-0.07483688529026057
outcome_fixed,unrewarded,35,5.6000000000000085,-0.07794023951937334
outcome_fixed,unrewarded,35,5.700000000000008,0.014246237870746636
outcome_fixed,unrewarded,35,5.800000000000008,-0.05613913076253445
outcome_fixed,unrewarded,35,5.9000000000000075,-0.026673915198377165
outcome_bout_phase,unrewarded,1,0.0,0.035803280275986386
outcome_bout_phase,unrewarded,1,1.0,0.06487974392782064
outcome_bout_phase,unrewarded,1,2.0,0.029899107559946365
outcome_bout_phase,unrewarded,1,3.0,-0.006382234057711978
outcome_bout_phase,unrewarded,1,4.0,0.013534686565243067
outcome_bout_phase,unrewarded,1,5.0,0.001144572203393761
outcome_bout_phase,unrewarded,1,6.0,0.019848128807707633
outcome_bout_phase,unrewarded,1,7.0,0.04384860413695111
outcome_bout_phase,unrewarded,1,8.0,-0.01243516454184097
outcome_bout_phase,unrewarded,1,9.0,0.027308133875172665
outcome_bout_phase,unrewarded,1,10.0,0.03412022311790517
outcome_bout_phase,unrewarded,1,11.0,0.02844264722564027
outcome_bout_phase,unrewarded,1,12.0,0.07481465671216858
outcome_bout_phase,unrewarded,1,13.0,-0.050322267872189484
outcome_bout_phase,unrewarded,1,14.0,0.03465849685003455
outcome_bout_phase,unrewarded,1,15.0,0.056462462849443854
outcome_bout_phase,unrewarded,1,16.0,0.05015965848175304
outcome_bout_phase,unrewarded,1,17.0,0.06128315669593689
outcome_bout_phase,unrewarded,1,18.0,0.11626458944073138
outcome_bout_phase,unrewarded,1,19.0,0.10749129850704556
outcome_bout_phase,unrewarded,1,20.0,0.1230032456872885
outcome_bout_phase,unrewarded,1,21.0,0.07040020700383766
outcome_bout_phase,unrewarded,1,22.0,0.06167944459357638
outcome_bout_phase,unrewarded,1,23.0,0.07323810401918694
outcome_bout_phase,unrewarded,1,24.0,0.027096507238496634
outcome_bout_phase,unrewarded,1,25.0,0.006099787269832416
outcome_bout_phase,unrewarded,1,26.0,0.04517841679086472
outcome_bout_phase,unrewarded,1,27.0,-0.012472199331510125
outcome_bout_phase,unrewarded,1,28.0,-0.06896264567253993
outcome_bout_phase,unrewarded,1,29.0,-0.07233434113676082
outcome_bout_phase,unrewarded,1,30.0,-0.07421611899138257
outcome_bout_phase,unrewarded,1,31.0,-0.09659405018172121
outcome_bout_phase,unrewarded,1,32.0,-0.10112928836143935
outcome_bout_phase,unrewarded,1,33.0,-0.049603290965190575
outcome_bout_phase,unrewarded,1,34.0,-0.06427705446608875
outcome_bout_phase,unrewarded,1,35.0,-0.09527166189942093
outcome_bout_phase,unrewarded,1,36.0,-0.05527652467272181
outcome_bout_phase,unrewarded,1,37.0,-0.032150427817203224
outcome_bout_phase,unrewarded,1,38.0,-0.01963777662869484
outcome_bout_phase,unrewarded,1,39.0,-0.06196115946436371
outcome_bout_phase,unrewarded,1,40.0,-0.08745757158030361
outcome_bout_phase,unrewarded,1,41.0,-0.03389189313953787
outcome_bout_phase,unrewarded,1,42.0,-0.03290721996471994
outcome_bout_phase,unrewarded,1,43.0,-0.03623370851860383
outcome_bout_phase,unrewarded,1,44.0,-0.10752948872350514
outcome_bout_phase,unrewarded,1,45.0,-0.08305914293906758
outcome_bout_phase,unrewarded,1,46.0,-0.15016630784628446
outcome_bout_phase,unrewarded,1,47.0,-0.0826863859112875
outcome_bout_phase,unrewarded,1,48.0,-0.1295704627338649
outcome_bout_phase,unrewarded,1,49.0,-0.13048540701109138
outcome_bout_phase,unrewarded,1,50.0,-0.047007024067622846
outcome_bout_phase,unrewarded,1,51.0,-0.04945465048940833
outcome_bout_phase,unrewarded,1,52.0,-0.07613990039848932
outcome_bout_phase,unrewarded,1,53.0,-0.0735168811042902
outcome_bout_phase,unrewarded,1,54.0,-0.006389967141768236
outcome_bout_phase,unrewarded,1,55.0,0.015910321613479692
outcome_bout_phase,unrewarded,1,56.0,-0.01437623668928272
outcome_bout_phase,unrewarded,1,57.0,-0.07201624452100518
outcome_bout_phase,unrewarded,1,58.0,-0.05270142449496371
outcome_bout_phase,unrewarded,1,59.0,-0.07002638943719901
outcome_bout_phase,unrewarded,1,60.0,-0.0495450518161689
outcome_bout_phase,unrewarded,1,61.0,-0.010445762033045647
outcome_bout_phase,unrewarded,1,62.0,0.02861350076472029
outcome_bout_phase,unrewarded,1,63.0,-0.05294587448972215
outcome_bout_phase,unrewarded,1,64.0,-0.05208287215345771
outcome_bout_phase,unrewarded,1,65.0,-0.0747172792790346
outcome_bout_phase,unrewarded,1,66.0,-0.15005792428106693
outcome_bout_phase,unrewarded,1,67.0,-0.1909243648750115
outcome_bout_phase,unrewarded,1,68.0,-0.2108501701528584
outcome_bout_phase,unrewarded,1,69.0,-0.20668071565310928
outcome_bout_phase,unrewarded,1,70.0,-0.21653801724048388
outcome_bout_phase,unrewarded,1,71.0,-0.17681455734001364
outcome_bout_phase,unrewarded,1,72.0,-0.12736561125944537
outcome_bout_phase,unrewarded,1,73.0,-0.20847975121469167
outcome_bout_phase,unrewarded,1,74.0,-0.20978551075083562
outcome_bout_phase,unrewarded,1,75.0,-0.2850378622728757
outcome_bout_phase,unrewarded,1,76.0,-0.3620536394672106
outcome_bout_phase,unrewarded,1,77.0,-0.349668472286967
outcome_bout_phase,unrewarded,1,78.0,-0.32113158991502216
outcome_bout_phase,unrewarded,1,79.0,-0.3333675742249816
outcome_bout_phase,unrewarded,1,80.0,-0.3643185215830244
outcome_bout_phase,unrewarded,1,81.0,-0.3977386444423755
outcome_bout_phase,unrewarded,1,82.0,-0.33211590036647515
outcome_bout_phase,unrewarded,1,83.0,-0.3277660942250234
outcome_bout_phase,unrewarded,1,84.0,-0.37408569382763546
outcome_bout_phase,unrewarded,1,85.0,-0.37645343823642186
outcome_bout_phase,unrewarded,1,86.0,-0.3409730290380733
outcome_bout_phase,unrewarded,1,87.0,-0.27769543004760416
outcome_bout_phase,unrewarded,1,88.0,-0.31391719040957206
outcome_bout_phase,unrewarded,1,89.0,-0.3743627162765131
outcome_bout_phase,unrewarded,1,90.0,-0.35236661339036296
outcome_bout_phase,unrewarded,1,91.0,-0.4080565282869428
outcome_bout_phase,unrewarded,1,92.0,-0.38772253315303706
outcome_bout_phase,unrewarded,1,93.0,-0.3737699403070341
outcome_bout_phase,unrewarded,1,94.0,-0.3219044187165765
outcome_bout_phase,unrewarded,1,95.0,-0.3703381654369345
outcome_bout_phase,unrewarded,1,96.0,-0.40687776092825734
outcome_bout_phase,unrewarded,1,97.0,-0.34996171753946886
outcome_bout_phase,unrewarded,1,98.0,-0.3873719686533664
outcome_bout_phase,unrewarded,1,99.0,-0.36142406241169106
outcome_bout_phase,unrewarded,1,100.0,-0.2964529223856874
outcome_bout_phase,unrewarded,3,0.0,0.17134179357349597
outcome_bout_phase,unrewarded,3,1.0,0.02727740308025304
outcome_bout_phase,unrewarded,3,2.0,-0.091177103848294
outcome_bout_phase,unrewarded,3,3.0,-0.14587864612406967
outcome_bout_phase,unrewarded,3,4.0,-0.19397438440124481
outcome_bout_phase,unrewarded,3,5.0,-0.240801580676663
outcome_bout_phase,unrewarded,3,6.0,-0.21462049815130266
outcome_bout_phase,unrewarded,3,7.0,-0.24757153608685373
outcome_bout_phase,unrewarded,3,8.0,-0.30721122525400296
outcome_bout_phase,unrewarded,3,9.0,-0.19997961226452435
outcome_bout_phase,unrewarded,3,10.0,-0.3441171926561114
outcome_bout_phase,unrewarded,3,11.0,-0.23106991969097979
outcome_bout_phase,unrewarded,3,12.0,-0.28643220236736644
outcome_bout_phase,unrewarded,3,13.0,-0.3038226629853813
outcome_bout_phase,unrewarded,3,14.0,-0.2664506733305924
outcome_bout_phase,unrewarded,3,15.0,-0.2962609971449703
outcome_bout_phase,unrewarded,3,16.0,-0.22854155459276276
outcome_bout_phase,unrewarded,3,17.0,-0.17762332589104107
outcome_bout_phase,unrewarded,3,18.0,-0.1576683565579616
outcome_bout_phase,unrewarded,3,19.0,-0.27220211584212245
outcome_bout_phase,unrewarded,3,20.0,-0.36508824702691817
outcome_bout_phase,unrewarded,3,21.0,-0.25491383138515716
outcome_bout_phase,unrewarded,3,22.0,-0.11054643357943554
outcome_bout_phase,unrewarded,3,23.0,-0.21967303284345557
outcome_bout_phase,unrewarded,3,24.0,-0.2274815321608715
outcome_bout_phase,unrewarded,3,25.0,-0.29960557217991673
outcome_bout_phase,unrewarded,3,26.0,-0.25101476995530375
outcome_bout_phase,unrewarded,3,27.0,-0.11404138764361493
outcome_bout_phase,unrewarded,3,28.0,-0.12491477990638734
outcome_bout_phase,unrewarded,3,29.0,-0.044586592290456875
outcome_bout_phase,unrewarded,3,30.0,-0.2008048873929318
outcome_bout_phase,unrewarded,3,31.0,-0.13944540686746099
outcome_bout_phase,unrewarded,3,32.0,-0.08808827114465871
outcome_bout_phase,unrewarded,3,33.0,-0.03546870579141904
outcome_bout_phase,unrewarded,3,34.0,-0.18617560870928382
outcome_bout_phase,unrewarded,3,35.0,-0.28560948352752336
outcome_bout_phase,unrewarded,3,36.0,-0.17362459602627725
outcome_bout_phase,unrewarded,3,37.0,-0.2051381271812065
outcome_bout_phase,unrewarded,3,38.0,-0.07588830951398642
outcome_bout_phase,unrewarded,3,39.0,-0.4037179588252638
outcome_bout_phase,unrewarded,3,40.0,-0.25523309766653807
outcome_bout_phase,unrewarded,3,41.0,-0.12487851653574703
outcome_bout_phase,unrewarded,3,42.0,-0.22635248614493644
outcome_bout_phase,unrewarded,3,43.0,-0.27438172162857194
outcome_bout_phase,unrewarded,3,44.0,-0.3895520843530599
outcome_bout_phase,unrewarded,3,45.0,-0.3290635725905041
outcome_bout_phase,unrewarded,3,46.0,-0.35116977771700025
outcome_bout_phase,unrewarded,3,47.0,-0.32345645040949444
outcome_bout_phase,unrewarded,3,48.0,-0.15851908917669413
outcome_bout_phase,unrewarded,3,49.0,-0.25086187283244826
outcome_bout_phase,unrewarded,3,50.0,-0.22727205434157913
outcome_bout_phase,unrewarded,3,51.0,-0.2909894376029298
outcome_bout_phase,unrewarded,3,52.0,-0.3794732641911569
outcome_bout_phase,unrewarded,3,53.0,-0.2922965478775811
outcome_bout_phase,unrewarded,3,54.0,-0.2645781038760281
outcome_bout_phase,unrewarded,3,55.0,-0.07992563545941617
outcome_bout_phase,unrewarded,3,56.0,-0.18761900824334035
outcome_bout_phase,unrewarded,3,57.0,-0.2168279377432187
outcome_bout_phase,unrewarded,3,58.0,-0.18796973214877594
outcome_bout_phase,unrewarded,3,59.0,-0.200204346336888
outcome_bout_phase,unrewarded,3,60.0,-0.26962291593849097
outcome_bout_phase,unrewarded,3,61.0,-0.38710335132418544
outcome_bout_phase,unrewarded,3,62.0,-0.3366149114050453
outcome_bout_phase,unrewarded,3,63.0,-0.32368633014011433
outcome_bout_phase,unrewarded,3,64.0,-0.36546486877224815
outcome_bout_phase,unrewarded,3,65.0,-0.33426333929658086
outcome_bout_phase,unrewarded,3,66.0,-0.26214061505171526
outcome_bout_phase,unrewarded,3,67.0,-0.35381960289529285
outcome_bout_phase,unrewarded,3,68.0,-0.3075875640421801
outcome_bout_phase,unrewarded,3,69.0,-0.3243560739276746
outcome_bout_phase,unrewarded,3,70.0,-0.20654061079945965
outcome_bout_phase,unrewarded,3,71.0,-0.2702133635892238
outcome_bout_phase,unrewarded,3,72.0,-0.18984666617166243
outcome_bout_phase,unrewarded,3,73.0,-0.2560088221625421
outcome_bout_phase,unrewarded,3,74.0,-0.3326288330159414
outcome_bout_phase,unrewarded,3,75.0,-0.23066767152220694
outcome_bout_phase,unrewarded,3,76.0,-0.23096527613736695
outcome_bout_phase,unrewarded,3,77.0,-0.16379780788754814
outcome_bout_phase,unrewarded,3,78.0,-0.13739951741152392
outcome_bout_phase,unrewarded,3,79.0,-0.13456156996486268
outcome_bout_phase,unrewarded,3,80.0,-0.13382286638225946
outcome_bout_phase,unrewarded,3,81.0,-0.07148942087822764
outcome_bout_phase,unrewarded,3,82.0,-0.1370360833574996
outcome_bout_phase,unrewarded,3,83.0,-0.17199500810292642
outcome_bout_phase,unrewarded,3,84.0,-0.17429408702698282
outcome_bout_phase,unrewarded,3,85.0,-0.17258212809467835
outcome_bout_phase,unrewarded,3,86.0,-0.18772654246327106
outcome_bout_phase,unrewarded,3,87.0,-0.17663620340875616
outcome_bout_phase,unrewarded,3,88.0,-0.20117686727003795
outcome_bout_phase,unrewarded,3,89.0,-0.22863981971813757
outcome_bout_phase,unrewarded,3,90.0,-0.33872267810910084
outcome_bout_phase,unrewarded,3,91.0,-0.39952602844314056
outcome_bout_phase,unrewarded,3,92.0,-0.4854930559145242
outcome_bout_phase,unrewarded,3,93.0,-0.27173561967477794
outcome_bout_phase,unrewarded,3,94.0,-0.13607388086286745
outcome_bout_phase,unrewarded,3,95.0,-0.13785367517043537
outcome_bout_phase,unrewarded,3,96.0,0.058019311192413756
outcome_bout_phase,unrewarded,3,97.0,0.29492843362098387
outcome_bout_phase,unrewarded,3,98.0,0.46276350424152307
outcome_bout_phase,unrewarded,3,99.0,0.8748596135315859
outcome_bout_phase,unrewarded,3,100.0,1.2828475515586848
outcome_bout_phase,unrewarded,4,0.0,0.0726663740269804
outcome_bout_phase,unrewarded,4,1.0,-0.05782969760972526
outcome_bout_phase,unrewarded,4,2.0,-0.15477470308193617
outcome_bout_phase,unrewarded,4,3.0,-0.23863922314490524
outcome_bout_phase,unrewarded,4,4.0,-0.28022641282741834
outcome_bout_phase,unrewarded,4,5.0,-0.2364923712507093
outcome_bout_phase,unrewarded,4,6.0,-0.21367939938852643
outcome_bout_phase,unrewarded,4,7.0,-0.1806262364906272
outcome_bout_phase,unrewarded,4,8.0,-0.08726975984791172
outcome_bout_phase,unrewarded,4,9.0,-0.1429279689161761
outcome_bout_phase,unrewarded,4,10.0,-0.16750453953576747
outcome_bout_phase,unrewarded,4,11.0,-0.19492455525504868
outcome_bout_phase,unrewarded,4,12.0,-0.1377327423507813
outcome_bout_phase,unrewarded,4,13.0,-0.11924339946717591
outcome_bout_phase,unrewarded,4,14.0,-0.06949712393494258
outcome_bout_phase,unrewarded,4,15.0,-0.06832039135653357
outcome_bout_phase,unrewarded,4,16.0,-0.05827475970584037
outcome_bout_phase,unrewarded,4,17.0,-0.16863791085911564
outcome_bout_phase,unrewarded,4,18.0,-0.08368995374816539
outcome_bout_phase,unrewarded,4,19.0,0.02247571730692596
outcome_bout_phase,unrewarded,4,20.0,0.03727317737058175
outcome_bout_phase,unrewarded,4,21.0,-0.05498123364347304
outcome_bout_phase,unrewarded,4,22.0,0.07272962136060514
outcome_bout_phase,unrewarded,4,23.0,-0.03727039033815654
outcome_bout_phase,unrewarded,4,24.0,0.04368606073164454
outcome_bout_phase,unrewarded,4,25.0,-0.03776294743874339
outcome_bout_phase,unrewarded,4,26.0,-0.1315725066490384
outcome_bout_phase,unrewarded,4,27.0,-0.046534336978401036
outcome_bout_phase,unrewarded,4,28.0,0.06580725124707497
outcome_bout_phase,unrewarded,4,29.0,0.03534056245775334
outcome_bout_phase,unrewarded,4,30.0,-0.007731859830773624
outcome_bout_phase,unrewarded,4,31.0,0.02832619946182456
outcome_bout_phase,unrewarded,4,32.0,-0.0007603512367122463
outcome_bout_phase,unrewarded,4,33.0,0.07418963750841057
outcome_bout_phase,unrewarded,4,34.0,-0.0004666188075686661
outcome_bout_phase,unrewarded,4,35.0,0.0007254513355077607
outcome_bout_phase,unrewarded,4,36.0,0.10155319139899328
outcome_bout_phase,unrewarded,4,37.0,0.00837479173750187
outcome_bout_phase,unrewarded,4,38.0,0.0248413118562632
outcome_bout_phase,unrewarded,4,39.0,0.049070793350622935
outcome_bout_phase,unrewarded,4,40.0,0.02277960122203304
outcome_bout_phase,unrewarded,4,41.0,-0.03298799845136911
outcome_bout_phase,unrewarded,4,42.0,0.054260078410658684
outcome_bout_phase,unrewarded,4,43.0,-0.0069181900788118375
outcome_bout_phase,unrewarded,4,44.0,0.07807412750924637
outcome_bout_phase,unrewarded,4,45.0,0.14801380359104044
outcome_bout_phase,unrewarded,4,46.0,0.046570580365036404
outcome_bout_phase,unrewarded,4,47.0,0.10883854027460713
outcome_bout_phase,unrewarded,4,48.0,0.059625984934272305
outcome_bout_phase,unrewarded,4,49.0,0.2364067278035347
outcome_bout_phase,unrewarded,4,50.0,0.04547256280172708
outcome_bout_phase,unrewarded,4,51.0,0.08644395038805433
outcome_bout_phase,unrewarded,4,52.0,0.05413237614120934
outcome_bout_phase,unrewarded,4,53.0,0.1718622744469697
outcome_bout_phase,unrewarded,4,54.0,0.21513436798516739
outcome_bout_phase,unrewarded,4,55.0,0.23794790238078659
outcome_bout_phase,unrewarded,4,56.0,0.21601652880267536
outcome_bout_phase,unrewarded,4,57.0,0.21052793440588874
outcome_bout_phase,unrewarded,4,58.0,0.11803918435267306
outcome_bout_phase,unrewarded,4,59.0,0.25231972341316444
outcome_bout_phase,unrewarded,4,60.0,0.1935445257665847
outcome_bout_phase,unrewarded,4,61.0,-0.013863347037807868
outcome_bout_phase,unrewarded,4,62.0,0.01533345744628973
outcome_bout_phase,unrewarded,4,63.0,0.18500008668846077
outcome_bout_phase,unrewarded,4,64.0,0.26136533980451737
outcome_bout_phase,unrewarded,4,65.0,0.24008297128803585
outcome_bout_phase,unrewarded,4,66.0,0.17749629166117836
outcome_bout_phase,unrewarded,4,67.0,0.26788567577576616
outcome_bout_phase,unrewarded,4,68.0,0.18809862304450486
outcome_bout_phase,unrewarded,4,69.0,0.21842166255877435
outcome_bout_phase,unrewarded,4,70.0,0.15581724968172522
outcome_bout_phase,unrewarded,4,71.0,0.06656608498213626
outcome_bout_phase,unrewarded,4,72.0,0.18436216849481232
outcome_bout_phase,unrewarded,4,73.0,0.2780737019214881
outcome_bout_phase,unrewarded,4,74.0,0.2672587090311439
outcome_bout_phase,unrewarded,4,75.0,0.15830216541756398
outcome_bout_phase,unrewarded,4,76.0,0.1776623579574398
outcome_bout_phase,unrewarded,4,77.0,0.2316749375085794
outcome_bout_phase,unrewarded,4,78.0,0.079396782095094
outcome_bout_phase,unrewarded,4,79.0,0.05656532135794435
outcome_bout_phase,unrewarded,4,80.0,-0.003911620377302792
outcome_bout_phase,unrewarded,4,81.0,0.01450320552591902
outcome_bout_phase,unrewarded,4,82.0,0.09841943805816379
outcome_bout_phase,unrewarded,4,83.0,0.08448782066215922
outcome_bout_phase,unrewarded,4,84.0,-0.024942083119862544
outcome_bout_phase,unrewarded,4,85.0,0.07251045488202834
outcome_bout_phase,unrewarded,4,86.0,0.12515625672892564
outcome_bout_phase,unrewarded,4,87.0,0.12965905808204267
outcome_bout_phase,unrewarded,4,88.0,0.2862716919423089
outcome_bout_phase,unrewarded,4,89.0,0.2813486940269845
outcome_bout_phase,unrewarded,4,90.0,0.3304552443803859
outcome_bout_phase,unrewarded,4,91.0,0.4744175854915825
outcome_bout_phase,unrewarded,4,92.0,0.46006216439493397
outcome_bout_phase,unrewarded,4,93.0,0.55547917936652
outcome_bout_phase,unrewarded,4,94.0,0.6555926002445418
outcome_bout_phase,unrewarded,4,95.0,0.6708909757551473
outcome_bout_phase,unrewarded,4,96.0,0.8322165794589076
outcome_bout_phase,unrewarded,4,97.0,0.9942869326447692
outcome_bout_phase,unrewarded,4,98.0,1.2349434116410432
outcome_bout_phase,unrewarded,4,99.0,1.0700228563424534
outcome_bout_phase,unrewarded,4,100.0,0.803265022741423
outcome_bout_phase,unrewarded,5,0.0,0.2866543785348577
outcome_bout_phase,unrewarded,5,1.0,0.10173157242312326
outcome_bout_phase,unrewarded,5,2.0,0.05052999580469541
outcome_bout_phase,unrewarded,5,3.0,-0.045998774865396094
outcome_bout_phase,unrewarded,5,4.0,-0.14001531734692482
outcome_bout_phase,unrewarded,5,5.0,-0.19235284392350832
outcome_bout_phase,unrewarded,5,6.0,-0.17393880946876533
outcome_bout_phase,unrewarded,5,7.0,-0.15613559417969333
outcome_bout_phase,unrewarded,5,8.0,-0.19348607445643667
outcome_bout_phase,unrewarded,5,9.0,-0.27847110861713015
outcome_bout_phase,unrewarded,5,10.0,-0.30833860108430006
outcome_bout_phase,unrewarded,5,11.0,-0.2079300223838469
outcome_bout_phase,unrewarded,5,12.0,-0.19654942686759072
outcome_bout_phase,unrewarded,5,13.0,-0.20086746654161278
outcome_bout_phase,unrewarded,5,14.0,-0.16495383079230355
outcome_bout_phase,unrewarded,5,15.0,-0.2388307657357657
outcome_bout_phase,unrewarded,5,16.0,-0.3311634174809547
outcome_bout_phase,unrewarded,5,17.0,-0.250978245853704
outcome_bout_phase,unrewarded,5,18.0,-0.18540515477562794
outcome_bout_phase,unrewarded,5,19.0,-0.2055487547023937
outcome_bout_phase,unrewarded,5,20.0,-0.14053238938856003
outcome_bout_phase,unrewarded,5,21.0,-0.15896154732579387
outcome_bout_phase,unrewarded,5,22.0,-0.12139643091873611
outcome_bout_phase,unrewarded,5,23.0,-0.1292397436117238
outcome_bout_phase,unrewarded,5,24.0,-0.07215729668822086
outcome_bout_phase,unrewarded,5,25.0,-0.19714425538299013
outcome_bout_phase,unrewarded,5,26.0,-0.24243651122057733
outcome_bout_phase,unrewarded,5,27.0,-0.19294857413895528
outcome_bout_phase,unrewarded,5,28.0,-0.04143458470360142
outcome_bout_phase,unrewarded,5,29.0,-0.1101742951389513
outcome_bout_phase,unrewarded,5,30.0,-0.03222171395075285
outcome_bout_phase,unrewarded,5,31.0,-0.07510452374113158
outcome_bout_phase,unrewarded,5,32.0,-0.07821268450890663
outcome_bout_phase,unrewarded,5,33.0,0.008134716842050279
outcome_bout_phase,unrewarded,5,34.0,0.008232838033979239
outcome_bout_phase,unrewarded,5,35.0,-0.03908723011230672
outcome_bout_phase,unrewarded,5,36.0,-0.023807640361839272
outcome_bout_phase,unrewarded,5,37.0,-0.05293848474691067
outcome_bout_phase,unrewarded,5,38.0,-0.04919833659168786
outcome_bout_phase,unrewarded,5,39.0,-0.055965771973916785
outcome_bout_phase,unrewarded,5,40.0,0.016513644788670574
outcome_bout_phase,unrewarded,5,41.0,0.019435158609387687
outcome_bout_phase,unrewarded,5,42.0,-0.007479368475906178
outcome_bout_phase,unrewarded,5,43.0,-0.09313167872799594
outcome_bout_phase,unrewarded,5,44.0,-0.039612425149544085
outcome_bout_phase,unrewarded,5,45.0,-0.09723137189673699
outcome_bout_phase,unrewarded,5,46.0,-0.09099998665215746
outcome_bout_phase,unrewarded,5,47.0,-0.13533707783829665
outcome_bout_phase,unrewarded,5,48.0,-0.0084707956644882
outcome_bout_phase,unrewarded,5,49.0,0.0424095485273362
outcome_bout_phase,unrewarded,5,50.0,0.07114815259906025
outcome_bout_phase,unrewarded,5,51.0,-0.0016110671931797102
outcome_bout_phase,unrewarded,5,52.0,-0.001227966558723352
outcome_bout_phase,unrewarded,5,53.0,-0.12988837470225134
outcome_bout_phase,unrewarded,5,54.0,-0.04135864362932098
outcome_bout_phase,unrewarded,5,55.0,0.03790640261974486
outcome_bout_phase,unrewarded,5,56.0,-0.04576835494066257
outcome_bout_phase,unrewarded,5,57.0,-0.013391016759199173
outcome_bout_phase,unrewarded,5,58.0,-0.10370717363718743
outcome_bout_phase,unrewarded,5,59.0,-0.1391436179913472
outcome_bout_phase,unrewarded,5,60.0,-0.14449440863507357
outcome_bout_phase,unrewarded,5,61.0,-0.1222316097861934
outcome_bout_phase,unrewarded,5,62.0,-0.0368237417085309
outcome_bout_phase,unrewarded,5,63.0,-0.10044686583348035
outcome_bout_phase,unrewarded,5,64.0,-0.07329157272987738
outcome_bout_phase,unrewarded,5,65.0,-0.07679582659692459
outcome_bout_phase,unrewarded,5,66.0,0.0035680824671982547
outcome_bout_phase,unrewarded,5,67.0,-0.10570062557688319
outcome_bout_phase,unrewarded,5,68.0,-0.019851139813905683
outcome_bout_phase,unrewarded,5,69.0,-0.11998973538838306
outcome_bout_phase,unrewarded,5,70.0,-0.05465471452293704
outcome_bout_phase,unrewarded,5,71.0,-0.1464950175180552
outcome_bout_phase,unrewarded,5,72.0,-0.1386588028285079
outcome_bout_phase,unrewarded,5,73.0,-0.026909508814480034
outcome_bout_phase,unrewarded,5,74.0,-0.11023402809345131
outcome_bout_phase,unrewarded,5,75.0,-0.13079119575958223
outcome_bout_phase,unrewarded,5,76.0,-0.19176870043366898
outcome_bout_phase,unrewarded,5,77.0,-0.031845029371712394
outcome_bout_phase,unrewarded,5,78.0,-0.13168924425478765
outcome_bout_phase,unrewarded,5,79.0,-0.043854035502123
outcome_bout_phase,unrewarded,5,80.0,-0.14103240210804946
outcome_bout_phase,unrewarded,5,81.0,-0.1656939947045803
outcome_bout_phase,unrewarded,5,82.0,-0.19207757164109232
outcome_bout_phase,unrewarded,5,83.0,-0.22215509175538473
outcome_bout_phase,unrewarded,5,84.0,-0.17521610107419056
outcome_bout_phase,unrewarded,5,85.0,-0.22942493688029472
outcome_bout_phase,unrewarded,5,86.0,-0.13775435079791945
outcome_bout_phase,unrewarded,5,87.0,-0.0393765112349642
outcome_bout_phase,unrewarded,5,88.0,-0.09009857764588325
outcome_bout_phase,unrewarded,5,89.0,-0.021213609358904057
outcome_bout_phase,unrewarded,5,90.0,0.040788411587014475
outcome_bout_phase,unrewarded,5,91.0,-0.0584634498315822
outcome_bout_phase,unrewarded,5,92.0,-0.13153745347172166
outcome_bout_phase,unrewarded,5,93.0,-0.12366279262663689
outcome_bout_phase,unrewarded,5,94.0,0.05464458547910789
outcome_bout_phase,unrewarded,5,95.0,0.06787431247529381
outcome_bout_phase,unrewarded,5,96.0,0.027364799363231964
outcome_bout_phase,unrewarded,5,97.0,0.18447074849641115
outcome_bout_phase,unrewarded,5,98.0,0.21840053463195028
outcome_bout_phase,unrewarded,5,99.0,0.356379353479802
outcome_bout_phase,unrewarded,5,100.0,0.7440315257805652
outcome_bout_phase,unrewarded,6,0.0,-0.1267461042247061
outcome_bout_phase,unrewarded,6,1.0,-0.21456313769737317
outcome_bout_phase,unrewarded,6,2.0,-0.3096845844509287
outcome_bout_phase,unrewarded,6,3.0,-0.33601837220892283
outcome_bout_phase,unrewarded,6,4.0,-0.3896646045046214
outcome_bout_phase,unrewarded,6,5.0,-0.31260704963249325
outcome_bout_phase,unrewarded,6,6.0,-0.31821263655806686
outcome_bout_phase,unrewarded,6,7.0,-0.32082557042658955
outcome_bout_phase,unrewarded,6,8.0,-0.32039668114246256
outcome_bout_phase,unrewarded,6,9.0,-0.3501937921638284
outcome_bout_phase,unrewarded,6,10.0,-0.34063353124397544
outcome_bout_phase,unrewarded,6,11.0,-0.3370806820732782
outcome_bout_phase,unrewarded,6,12.0,-0.33219420456881543
outcome_bout_phase,unrewarded,6,13.0,-0.3211672467965276
outcome_bout_phase,unrewarded,6,14.0,-0.3179854976582068
outcome_bout_phase,unrewarded,6,15.0,-0.3466023445435262
outcome_bout_phase,unrewarded,6,16.0,-0.35068552652402146
outcome_bout_phase,unrewarded,6,17.0,-0.25795621722749185
outcome_bout_phase,unrewarded,6,18.0,-0.2542223582184666
outcome_bout_phase,unrewarded,6,19.0,-0.2797425374937626
outcome_bout_phase,unrewarded,6,20.0,-0.2920359227430521
outcome_bout_phase,unrewarded,6,21.0,-0.24310164931229092
outcome_bout_phase,unrewarded,6,22.0,-0.22699747665148168
outcome_bout_phase,unrewarded,6,23.0,-0.24271628100354073
outcome_bout_phase,unrewarded,6,24.0,-0.2480268266973167
outcome_bout_phase,unrewarded,6,25.0,-0.194552094166739
outcome_bout_phase,unrewarded,6,26.0,-0.22695695554569129
outcome_bout_phase,unrewarded,6,27.0,-0.24775388677484536
outcome_bout_phase,unrewarded,6,28.0,-0.308870769283648
outcome_bout_phase,unrewarded,6,29.0,-0.25146235848598975
outcome_bout_phase,unrewarded,6,30.0,-0.24442993409171748
outcome_bout_phase,unrewarded,6,31.0,-0.25122891085709076
outcome_bout_phase,unrewarded,6,32.0,-0.17139459028194493
outcome_bout_phase,unrewarded,6,33.0,-0.23067309835130162
outcome_bout_phase,unrewarded,6,34.0,-0.2881872578752192
outcome_bout_phase,unrewarded,6,35.0,-0.23394502100071382
outcome_bout_phase,unrewarded,6,36.0,-0.30298863776234997
outcome_bout_phase,unrewarded,6,37.0,-0.2796411926015197
outcome_bout_phase,unrewarded,6,38.0,-0.2628788388585438
outcome_bout_phase,unrewarded,6,39.0,-0.22903052740349775
outcome_bout_phase,unrewarded,6,40.0,-0.20430829328983996
outcome_bout_phase,unrewarded,6,41.0,-0.27438073303108135
outcome_bout_phase,unrewarded,6,42.0,-0.18036652958619245
outcome_bout_phase,unrewarded,6,43.0,-0.22039997150902998
outcome_bout_phase,unrewarded,6,44.0,-0.20274810081320646
outcome_bout_phase,unrewarded,6,45.0,-0.2227955656009539
outcome_bout_phase,unrewarded,6,46.0,-0.16494184659130168
outcome_bout_phase,unrewarded,6,47.0,-0.22767453748005778
outcome_bout_phase,unrewarded,6,48.0,-0.22375272675172467
outcome_bout_phase,unrewarded,6,49.0,-0.21062551408419114
outcome_bout_phase,unrewarded,6,50.0,-0.15353370444488718
outcome_bout_phase,unrewarded,6,51.0,-0.18091510445613418
outcome_bout_phase,unrewarded,6,52.0,-0.17762249157373886
outcome_bout_phase,unrewarded,6,53.0,-0.20742326058660254
outcome_bout_phase,unrewarded,6,54.0,-0.21264439584182473
outcome_bout_phase,unrewarded,6,55.0,-0.21878730463907908
outcome_bout_phase,unrewarded,6,56.0,-0.2916000362428855
outcome_bout_phase,unrewarded,6,57.0,-0.2682275276260924
outcome_bout_phase,unrewarded,6,58.0,-0.2646282372495045
outcome_bout_phase,unrewarded,6,59.0,-0.22645643377986985
outcome_bout_phase,unrewarded,6,60.0,-0.3078688546835157
outcome_bout_phase,unrewarded,6,61.0,-0.28472929970260996
outcome_bout_phase,unrewarded,6,62.0,-0.23059846709271486
outcome_bout_phase,unrewarded,6,63.0,-0.2726663117082659
outcome_bout_phase,unrewarded,6,64.0,-0.24054775277421409
outcome_bout_phase,unrewarded,6,65.0,-0.2537626900188039
outcome_bout_phase,unrewarded,6,66.0,-0.30887737159038453
outcome_bout_phase,unrewarded,6,67.0,-0.34517976607382744
outcome_bout_phase,unrewarded,6,68.0,-0.3381873021147141
outcome_bout_phase,unrewarded,6,69.0,-0.34469964929660074
outcome_bout_phase,unrewarded,6,70.0,-0.29047587203417297
outcome_bout_phase,unrewarded,6,71.0,-0.3301301736415537
outcome_bout_phase,unrewarded,6,72.0,-0.3120534497690631
outcome_bout_phase,unrewarded,6,73.0,-0.3181707111653001
outcome_bout_phase,unrewarded,6,74.0,-0.2946827650026656
outcome_bout_phase,unrewarded,6,75.0,-0.35297726887523256
outcome_bout_phase,unrewarded,6,76.0,-0.3224653465779784
outcome_bout_phase,unrewarded,6,77.0,-0.3061373576096333
outcome_bout_phase,unrewarded,6,78.0,-0.25900622121923716
outcome_bout_phase,unrewarded,6,79.0,-0.30545964873001286
outcome_bout_phase,unrewarded,6,80.0,-0.3413932186344088
outcome_bout_phase,unrewarded,6,81.0,-0.19817488372025321
outcome_bout_phase,unrewarded,6,82.0,-0.23406733763960408
outcome_bout_phase,unrewarded,6,83.0,-0.2152503725553268
outcome_bout_phase,unrewarded,6,84.0,-0.21029015600897827
outcome_bout_phase,unrewarded,6,85.0,-0.23158993964640762
outcome_bout_phase,unrewarded,6,86.0,-0.22960844289729537
outcome_bout_phase,unrewarded,6,87.0,-0.19040597152132324
outcome_bout_phase,unrewarded,6,88.0,-0.19378621849261723
outcome_bout_phase,unrewarded,6,89.0,-0.23502754209566742
outcome_bout_phase,unrewarded,6,90.0,-0.14813452851146805
outcome_bout_phase,unrewarded,6,91.0,-0.18275422137860747
outcome_bout_phase,unrewarded,6,92.0,-0.1566877494521743
outcome_bout_phase,unrewarded,6,93.0,-0.07933734125860127
outcome_bout_phase,unrewarded,6,94.0,-0.07338202391664514
outcome_bout_phase,unrewarded,6,95.0,-0.07527933637346887
outcome_bout_phase,unrewarded,6,96.0,-0.04520941617629403
outcome_bout_phase,unrewarded,6,97.0,-0.03210228282881613
outcome_bout_phase,unrewarded,6,98.0,-0.08918908042892001
outcome_bout_phase,unrewarded,6,99.0,-0.15306036071678453
outcome_bout_phase,unrewarded,6,100.0,-0.1179823949093255
outcome_bout_phase,unrewarded,18,0.0,-0.4762878940913861
outcome_bout_phase,unrewarded,18,1.0,-0.18489446375665664
outcome_bout_phase,unrewarded,18,2.0,-0.24955874967483843
outcome_bout_phase,unrewarded,18,3.0,-0.3418129929273351
outcome_bout_phase,unrewarded,18,4.0,-0.3583615099709875
outcome_bout_phase,unrewarded,18,5.0,-0.3410783193101419
outcome_bout_phase,unrewarded,18,6.0,-0.30989485689941215
outcome_bout_phase,unrewarded,18,7.0,-0.2770301520301217
outcome_bout_phase,unrewarded,18,8.0,-0.2403318262433078
outcome_bout_phase,unrewarded,18,9.0,-0.2413063511474143
outcome_bout_phase,unrewarded,18,10.0,-0.23557155664876156
outcome_bout_phase,unrewarded,18,11.0,-0.22431654235546528
outcome_bout_phase,unrewarded,18,12.0,-0.0861392605241908
outcome_bout_phase,unrewarded,18,13.0,-0.16164822627609965
outcome_bout_phase,unrewarded,18,14.0,-0.0999851931655468
outcome_bout_phase,unrewarded,18,15.0,-0.055383955358143104
outcome_bout_phase,unrewarded,18,16.0,-0.1327894759906072
outcome_bout_phase,unrewarded,18,17.0,-0.1662026873175968
outcome_bout_phase,unrewarded,18,18.0,-0.20123601879821446
outcome_bout_phase,unrewarded,18,19.0,-0.20777875721775382
outcome_bout_phase,unrewarded,18,20.0,-0.22658981114591067
outcome_bout_phase,unrewarded,18,21.0,-0.24231630801361112
outcome_bout_phase,unrewarded,18,22.0,-0.23924645766659
outcome_bout_phase,unrewarded,18,23.0,-0.23559822291073343
outcome_bout_phase,unrewarded,18,24.0,-0.14654033624604057
outcome_bout_phase,unrewarded,18,25.0,-0.22249808714033703
outcome_bout_phase,unrewarded,18,26.0,-0.23135997656207152
outcome_bout_phase,unrewarded,18,27.0,-0.1693645698756692
outcome_bout_phase,unrewarded,18,28.0,-0.21671883741450074
outcome_bout_phase,unrewarded,18,29.0,-0.29635763447635605
outcome_bout_phase,unrewarded,18,30.0,-0.3597019965119508
outcome_bout_phase,unrewarded,18,31.0,-0.2690158429998542
outcome_bout_phase,unrewarded,18,32.0,-0.22753547394278303
outcome_bout_phase,unrewarded,18,33.0,-0.26026833476030076
outcome_bout_phase,unrewarded,18,34.0,-0.3165283812095464
outcome_bout_phase,unrewarded,18,35.0,-0.36886241044168994
outcome_bout_phase,unrewarded,18,36.0,-0.35380998797790053
outcome_bout_phase,unrewarded,18,37.0,-0.2882009240293178
outcome_bout_phase,unrewarded,18,38.0,-0.28894584418846025
outcome_bout_phase,unrewarded,18,39.0,-0.2392619109318254
outcome_bout_phase,unrewarded,18,40.0,-0.22748368018256074
outcome_bout_phase,unrewarded,18,41.0,-0.2649786134329655
outcome_bout_phase,unrewarded,18,42.0,-0.29109712631875223
outcome_bout_phase,unrewarded,18,43.0,-0.33491041491464396
outcome_bout_phase,unrewarded,18,44.0,-0.32759700156094906
outcome_bout_phase,unrewarded,18,45.0,-0.2912592308345619
outcome_bout_phase,unrewarded,18,46.0,-0.22761612145508806
outcome_bout_phase,unrewarded,18,47.0,-0.3036497676230855
outcome_bout_phase,unrewarded,18,48.0,-0.22427126417972185
outcome_bout_phase,unrewarded,18,49.0,-0.2630862751891593
outcome_bout_phase,unrewarded,18,50.0,-0.2651181023723387
outcome_bout_phase,unrewarded,18,51.0,-0.30725949348215253
outcome_bout_phase,unrewarded,18,52.0,-0.30887722358985076
outcome_bout_phase,unrewarded,18,53.0,-0.28315328236231063
outcome_bout_phase,unrewarded,18,54.0,-0.3116116673264662
outcome_bout_phase,unrewarded,18,55.0,-0.2916149832933275
outcome_bout_phase,unrewarded,18,56.0,-0.2870044910804435
outcome_bout_phase,unrewarded,18,57.0,-0.272173075559563
outcome_bout_phase,unrewarded,18,58.0,-0.21172210654753598
outcome_bout_phase,unrewarded,18,59.0,-0.1698768214327397
outcome_bout_phase,unrewarded,18,60.0,-0.17160777518347012
outcome_bout_phase,unrewarded,18,61.0,-0.16240577688320534
outcome_bout_phase,unrewarded,18,62.0,-0.22450056358989173
outcome_bout_phase,unrewarded,18,63.0,-0.15689619715713146
outcome_bout_phase,unrewarded,18,64.0,-0.22985478584693353
outcome_bout_phase,unrewarded,18,65.0,-0.19826290247106626
outcome_bout_phase,unrewarded,18,66.0,-0.2015107473518568
outcome_bout_phase,unrewarded,18,67.0,-0.16913338175889295
outcome_bout_phase,unrewarded,18,68.0,-0.12357029033777257
outcome_bout_phase,unrewarded,18,69.0,-0.12172022028498396
outcome_bout_phase,unrewarded,18,70.0,-0.2042740621818859
outcome_bout_phase,unrewarded,18,71.0,-0.1674945078916143
outcome_bout_phase,unrewarded,18,72.0,-0.14968006724654692
outcome_bout_phase,unrewarded,18,73.0,-0.07419645541286728
outcome_bout_phase,unrewarded,18,74.0,-0.012477976743618679
outcome_bout_phase,unrewarded,18,75.0,-0.020184909987637053
outcome_bout_phase,unrewarded,18,76.0,-0.03439642586120152
outcome_bout_phase,unrewarded,18,77.0,-0.023793370081903638
outcome_bout_phase,unrewarded,18,78.0,0.015509667687891976
outcome_bout_phase,unrewarded,18,79.0,0.04010315030710419
outcome_bout_phase,unrewarded,18,80.0,0.07196500193293462
outcome_bout_phase,unrewarded,18,81.0,0.1127094196722657
outcome_bout_phase,unrewarded,18,82.0,0.13535848354176525
outcome_bout_phase,unrewarded,18,83.0,0.11255104385085417
outcome_bout_phase,unrewarded,18,84.0,0.14464570700271207
outcome_bout_phase,unrewarded,18,85.0,0.15774897694930473
outcome_bout_phase,unrewarded,18,86.0,0.12356571893665441
outcome_bout_phase,unrewarded,18,87.0,0.29344544069826634
outcome_bout_phase,unrewarded,18,88.0,0.2768058890543438
outcome_bout_phase,unrewarded,18,89.0,0.29885141753423744
outcome_bout_phase,unrewarded,18,90.0,0.40141265540112797
outcome_bout_phase,unrewarded,18,91.0,0.47532526726371205
outcome_bout_phase,unrewarded,18,92.0,0.5979912961278719
outcome_bout_phase,unrewarded,18,93.0,0.6379453736564396
outcome_bout_phase,unrewarded,18,94.0,0.7261785990964772
outcome_bout_phase,unrewarded,18,95.0,0.7636251343026693
outcome_bout_phase,unrewarded,18,96.0,0.5956603761615464
outcome_bout_phase,unrewarded,18,97.0,0.5700315852083067
outcome_bout_phase,unrewarded,18,98.0,0.3261457287323847
outcome_bout_phase,unrewarded,18,99.0,0.08708671920375027
outcome_bout_phase,unrewarded,18,100.0,-0.08412949843571688
outcome_bout_phase,unrewarded,19,0.0,-0.045490720444503224
outcome_bout_phase,unrewarded,19,1.0,-0.1677639864658904
outcome_bout_phase,unrewarded,19,2.0,-0.31228749064241657
outcome_bout_phase,unrewarded,19,3.0,-0.19490996140352457
outcome_bout_phase,unrewarded,19,4.0,-0.22242595452842287
outcome_bout_phase,unrewarded,19,5.0,-0.2214806816119509
outcome_bout_phase,unrewarded,19,6.0,-0.2709176253444513
outcome_bout_phase,unrewarded,19,7.0,-0.3021493129649668
outcome_bout_phase,unrewarded,19,8.0,-0.2824941831834058
outcome_bout_phase,unrewarded,19,9.0,-0.25617057591333603
outcome_bout_phase,unrewarded,19,10.0,-0.216734153083765
outcome_bout_phase,unrewarded,19,11.0,-0.21413240407629117
outcome_bout_phase,unrewarded,19,12.0,-0.21074361213366732
outcome_bout_phase,unrewarded,19,13.0,-0.16825740509986686
outcome_bout_phase,unrewarded,19,14.0,-0.12438083107229796
outcome_bout_phase,unrewarded,19,15.0,-0.19066423955212494
outcome_bout_phase,unrewarded,19,16.0,-0.2620383617061602
outcome_bout_phase,unrewarded,19,17.0,-0.262796955481957
outcome_bout_phase,unrewarded,19,18.0,-0.26660397041876116
outcome_bout_phase,unrewarded,19,19.0,-0.2563499877314009
outcome_bout_phase,unrewarded,19,20.0,-0.20020890933795468
outcome_bout_phase,unrewarded,19,21.0,-0.2075535324695348
outcome_bout_phase,unrewarded,19,22.0,-0.31129772924115684
outcome_bout_phase,unrewarded,19,23.0,-0.23248951247407695
outcome_bout_phase,unrewarded,19,24.0,-0.21325950710287098
outcome_bout_phase,unrewarded,19,25.0,-0.12739767473602306
outcome_bout_phase,unrewarded,19,26.0,-0.15734531028770368
outcome_bout_phase,unrewarded,19,27.0,-0.20021975383751484
outcome_bout_phase,unrewarded,19,28.0,-0.13234656256315105
outcome_bout_phase,unrewarded,19,29.0,-0.1960298612907637
outcome_bout_phase,unrewarded,19,30.0,-0.190979632161991
outcome_bout_phase,unrewarded,19,31.0,-0.20774867011027726
outcome_bout_phase,unrewarded,19,32.0,-0.20806311483606593
outcome_bout_phase,unrewarded,19,33.0,-0.21484632993646363
outcome_bout_phase,unrewarded,19,34.0,-0.21512503786840736
outcome_bout_phase,unrewarded,19,35.0,-0.2041797312422069
outcome_bout_phase,unrewarded,19,36.0,-0.1866866607102362
outcome_bout_phase,unrewarded,19,37.0,-0.11538366480070794
outcome_bout_phase,unrewarded,19,38.0,0.007302033528637465
outcome_bout_phase,unrewarded,19,39.0,-0.14067055009312443
outcome_bout_phase,unrewarded,19,40.0,-0.23817608295155324
outcome_bout_phase,unrewarded,19,41.0,-0.18781349875460776
outcome_bout_phase,unrewarded,19,42.0,-0.20854427323317967
outcome_bout_phase,unrewarded,19,43.0,-0.2793751122938821
outcome_bout_phase,unrewarded,19,44.0,-0.30030379125713275
outcome_bout_phase,unrewarded,19,45.0,-0.23216758548439315
outcome_bout_phase,unrewarded,19,46.0,-0.18411158907958286
outcome_bout_phase,unrewarded,19,47.0,-0.25009555594472954
outcome_bout_phase,unrewarded,19,48.0,-0.17204189569426967
outcome_bout_phase,unrewarded,19,49.0,-0.18624648402957797
outcome_bout_phase,unrewarded,19,50.0,-0.19319651422852066
outcome_bout_phase,unrewarded,19,51.0,-0.19829755488283834
outcome_bout_phase,unrewarded,19,52.0,-0.24310911351823844
outcome_bout_phase,unrewarded,19,53.0,-0.21133161290817964
outcome_bout_phase,unrewarded,19,54.0,-0.26790757895087913
outcome_bout_phase,unrewarded,19,55.0,-0.2348653402734718
outcome_bout_phase,unrewarded,19,56.0,-0.24460232022473768
outcome_bout_phase,unrewarded,19,57.0,-0.25802014239908294
outcome_bout_phase,unrewarded,19,58.0,-0.24924814979892837
outcome_bout_phase,unrewarded,19,59.0,-0.2381825042481076
outcome_bout_phase,unrewarded,19,60.0,-0.25601261129931935
outcome_bout_phase,unrewarded,19,61.0,-0.32983397390913444
outcome_bout_phase,unrewarded,19,62.0,-0.2835989367156032
outcome_bout_phase,unrewarded,19,63.0,-0.28859157346944175
outcome_bout_phase,unrewarded,19,64.0,-0.23252860791292726
outcome_bout_phase,unrewarded,19,65.0,-0.21886630670744936
outcome_bout_phase,unrewarded,19,66.0,-0.1959446161950391
outcome_bout_phase,unrewarded,19,67.0,-0.2616206420154961
outcome_bout_phase,unrewarded,19,68.0,-0.18255151356391885
outcome_bout_phase,unrewarded,19,69.0,-0.26622149043196747
outcome_bout_phase,unrewarded,19,70.0,-0.3245486349942758
outcome_bout_phase,unrewarded,19,71.0,-0.3252127826348596
outcome_bout_phase,unrewarded,19,72.0,-0.31633832331150064
outcome_bout_phase,unrewarded,19,73.0,-0.26628159657651995
outcome_bout_phase,unrewarded,19,74.0,-0.2721773914808451
outcome_bout_phase,unrewarded,19,75.0,-0.18944504291738318
outcome_bout_phase,unrewarded,19,76.0,-0.12248183400577141
outcome_bout_phase,unrewarded,19,77.0,-0.1693852271707102
outcome_bout_phase,unrewarded,19,78.0,-0.17837966967710442
outcome_bout_phase,unrewarded,19,79.0,-0.13471189919145346
outcome_bout_phase,unrewarded,19,80.0,-0.1773169737785381
outcome_bout_phase,unrewarded,19,81.0,-0.16626215053894094
outcome_bout_phase,unrewarded,19,82.0,-0.13931763395509866
outcome_bout_phase,unrewarded,19,83.0,-0.03304477747741789
outcome_bout_phase,unrewarded,19,84.0,-0.1079810164734607
outcome_bout_phase,unrewarded,19,85.0,-0.08171482985761898
outcome_bout_phase,unrewarded,19,86.0,-0.08863221830241749
outcome_bout_phase,unrewarded,19,87.0,-0.11208675147768077
outcome_bout_phase,unrewarded,19,88.0,-0.1357518990646353
outcome_bout_phase,unrewarded,19,89.0,-0.09223224443992085
outcome_bout_phase,unrewarded,19,90.0,-0.08197452098729155
outcome_bout_phase,unrewarded,19,91.0,-0.01662768213588306
outcome_bout_phase,unrewarded,19,92.0,-0.0106709166424385
outcome_bout_phase,unrewarded,19,93.0,-0.022807249808781693
outcome_bout_phase,unrewarded,19,94.0,-0.01277612895773648
outcome_bout_phase,unrewarded,19,95.0,0.00020228689291299442
outcome_bout_phase,unrewarded,19,96.0,-0.047757262847655205
outcome_bout_phase,unrewarded,19,97.0,-0.12714490972495116
outcome_bout_phase,unrewarded,19,98.0,-0.26368012848378025
outcome_bout_phase,unrewarded,19,99.0,-0.37982786989965805
outcome_bout_phase,unrewarded,19,100.0,-0.36174258081242705
outcome_bout_phase,unrewarded,27,0.0,0.2954165771562812
outcome_bout_phase,unrewarded,27,1.0,-0.059711457930594194
outcome_bout_phase,unrewarded,27,2.0,-0.2417719432028297
outcome_bout_phase,unrewarded,27,3.0,-0.4012813447230652
outcome_bout_phase,unrewarded,27,4.0,-0.407000090224857
outcome_bout_phase,unrewarded,27,5.0,-0.3047179249832943
outcome_bout_phase,unrewarded,27,6.0,-0.2916959595474667
outcome_bout_phase,unrewarded,27,7.0,-0.42247270001190473
outcome_bout_phase,unrewarded,27,8.0,-0.34729053106480406
outcome_bout_phase,unrewarded,27,9.0,-0.263878823179272
outcome_bout_phase,unrewarded,27,10.0,-0.42051819546153635
outcome_bout_phase,unrewarded,27,11.0,-0.41999183086956166
outcome_bout_phase,unrewarded,27,12.0,-0.34523937110791914
outcome_bout_phase,unrewarded,27,13.0,-0.333396524763523
outcome_bout_phase,unrewarded,27,14.0,-0.23006771283020552
outcome_bout_phase,unrewarded,27,15.0,-0.22380128461674245
outcome_bout_phase,unrewarded,27,16.0,-0.3003823003666747
outcome_bout_phase,unrewarded,27,17.0,-0.288038288205605
outcome_bout_phase,unrewarded,27,18.0,-0.2608155388556973
outcome_bout_phase,unrewarded,27,19.0,-0.15724226050251003
outcome_bout_phase,unrewarded,27,20.0,-0.20041198211384242
outcome_bout_phase,unrewarded,27,21.0,-0.16669230799860157
outcome_bout_phase,unrewarded,27,22.0,-0.19992559917446917
outcome_bout_phase,unrewarded,27,23.0,-0.20579190066329184
outcome_bout_phase,unrewarded,27,24.0,-0.1164259435333518
outcome_bout_phase,unrewarded,27,25.0,-0.11097172797132622
outcome_bout_phase,unrewarded,27,26.0,-0.24052646131547062
outcome_bout_phase,unrewarded,27,27.0,-0.22518069045380334
outcome_bout_phase,unrewarded,27,28.0,-0.16491824729069648
outcome_bout_phase,unrewarded,27,29.0,-0.12936698628727927
outcome_bout_phase,unrewarded,27,30.0,-0.19096171299971892
outcome_bout_phase,unrewarded,27,31.0,-0.08604471424563313
outcome_bout_phase,unrewarded,27,32.0,-0.13168435101991416
outcome_bout_phase,unrewarded,27,33.0,-0.18017461771042526
outcome_bout_phase,unrewarded,27,34.0,-0.10868254487818955
outcome_bout_phase,unrewarded,27,35.0,-0.11559475313947705
outcome_bout_phase,unrewarded,27,36.0,-0.21752930353581668
outcome_bout_phase,unrewarded,27,37.0,-0.12733733978644962
outcome_bout_phase,unrewarded,27,38.0,-0.05631266727786907
outcome_bout_phase,unrewarded,27,39.0,-0.014939359395993805
outcome_bout_phase,unrewarded,27,40.0,0.01751280296889404
outcome_bout_phase,unrewarded,27,41.0,-0.03545842043696925
outcome_bout_phase,unrewarded,27,42.0,-0.0018116912641003109
outcome_bout_phase,unrewarded,27,43.0,-0.09389917209987358
outcome_bout_phase,unrewarded,27,44.0,-0.14416019402791896
outcome_bout_phase,unrewarded,27,45.0,-0.13209025145836711
outcome_bout_phase,unrewarded,27,46.0,-0.1481046788311196
outcome_bout_phase,unrewarded,27,47.0,-0.15174753573737348
outcome_bout_phase,unrewarded,27,48.0,-0.1174831670057366
outcome_bout_phase,unrewarded,27,49.0,-0.16429096070412233
outcome_bout_phase,unrewarded,27,50.0,-0.18814400272029844
outcome_bout_phase,unrewarded,27,51.0,-0.1219250136956713
outcome_bout_phase,unrewarded,27,52.0,-0.057725212372328846
outcome_bout_phase,unrewarded,27,53.0,-0.07311914538412409
outcome_bout_phase,unrewarded,27,54.0,-0.10026405895263951
outcome_bout_phase,unrewarded,27,55.0,-0.03494346204139792
outcome_bout_phase,unrewarded,27,56.0,-0.10285513058361026
outcome_bout_phase,unrewarded,27,57.0,-0.12769629516877545
outcome_bout_phase,unrewarded,27,58.0,0.02606810238286306
outcome_bout_phase,unrewarded,27,59.0,-0.12954058038423708
outcome_bout_phase,unrewarded,27,60.0,-0.11002851520629706
outcome_bout_phase,unrewarded,27,61.0,-0.15909461778603168
outcome_bout_phase,unrewarded,27,62.0,-0.18404201258566963
outcome_bout_phase,unrewarded,27,63.0,-0.25071521063418667
outcome_bout_phase,unrewarded,27,64.0,-0.17667547000265288
outcome_bout_phase,unrewarded,27,65.0,-0.13348352031685026
outcome_bout_phase,unrewarded,27,66.0,-0.17030196377541623
outcome_bout_phase,unrewarded,27,67.0,-0.14562293005134652
outcome_bout_phase,unrewarded,27,68.0,-0.06363987841400211
outcome_bout_phase,unrewarded,27,69.0,-0.14296248531906142
outcome_bout_phase,unrewarded,27,70.0,-0.11759532332269505
outcome_bout_phase,unrewarded,27,71.0,0.05994029213577123
outcome_bout_phase,unrewarded,27,72.0,-0.1867783447753756
outcome_bout_phase,unrewarded,27,73.0,-0.07886754659626279
outcome_bout_phase,unrewarded,27,74.0,-0.14325837469172148
outcome_bout_phase,unrewarded,27,75.0,-0.0859166366895758
outcome_bout_phase,unrewarded,27,76.0,-0.0769101689250637
outcome_bout_phase,unrewarded,27,77.0,-0.07302526453003359
outcome_bout_phase,unrewarded,27,78.0,-0.18407810593203192
outcome_bout_phase,unrewarded,27,79.0,-0.2931527382370958
outcome_bout_phase,unrewarded,27,80.0,-0.23577751516599899
outcome_bout_phase,unrewarded,27,81.0,-0.25589961863392446
outcome_bout_phase,unrewarded,27,82.0,-0.24132794208342875
outcome_bout_phase,unrewarded,27,83.0,-0.2433791525890271
outcome_bout_phase,unrewarded,27,84.0,-0.23434593100036116
outcome_bout_phase,unrewarded,27,85.0,-0.23437223830007878
outcome_bout_phase,unrewarded,27,86.0,-0.22396491595290471
outcome_bout_phase,unrewarded,27,87.0,-0.1534921489466858
outcome_bout_phase,unrewarded,27,88.0,-0.1357943978159523
outcome_bout_phase,unrewarded,27,89.0,-0.19176646473666964
outcome_bout_phase,unrewarded,27,90.0,-0.13827587867551014
outcome_bout_phase,unrewarded,27,91.0,-0.07440129655910853
outcome_bout_phase,unrewarded,27,92.0,-0.17361487221091365
outcome_bout_phase,unrewarded,27,93.0,-0.1118076005088508
outcome_bout_phase,unrewarded,27,94.0,-0.126846726639004
outcome_bout_phase,unrewarded,27,95.0,-0.12569804203610266
outcome_bout_phase,unrewarded,27,96.0,-0.056157995945243094
outcome_bout_phase,unrewarded,27,97.0,-0.03065761044849442
outcome_bout_phase,unrewarded,27,98.0,0.19046095123133586
outcome_bout_phase,unrewarded,27,99.0,0.7286217221602288
outcome_bout_phase,unrewarded,27,100.0,0.7296826106857528
outcome_bout_phase,unrewarded,35,0.0,0.15778447175370997
outcome_bout_phase,unrewarded,35,1.0,0.10214738612255024
outcome_bout_phase,unrewarded,35,2.0,-0.046762637156620795
outcome_bout_phase,unrewarded,35,3.0,0.04227526172323139
outcome_bout_phase,unrewarded,35,4.0,0.024283111712845525
outcome_bout_phase,unrewarded,35,5.0,-0.01376589016712848
outcome_bout_phase,unrewarded,35,6.0,-0.017331061476142186
outcome_bout_phase,unrewarded,35,7.0,-0.061987143995603095
outcome_bout_phase,unrewarded,35,8.0,-0.1578280452805343
outcome_bout_phase,unrewarded,35,9.0,-0.11521808940068182
outcome_bout_phase,unrewarded,35,10.0,-0.09073016520455486
outcome_bout_phase,unrewarded,35,11.0,-0.014533663495699685
outcome_bout_phase,unrewarded,35,12.0,0.039339926968597436
outcome_bout_phase,unrewarded,35,13.0,-7.619162884278063e-05
outcome_bout_phase,unrewarded,35,14.0,-0.09155799850873725
outcome_bout_phase,unrewarded,35,15.0,-0.15751325722102233
outcome_bout_phase,unrewarded,35,16.0,-0.13073288527043095
outcome_bout_phase,unrewarded,35,17.0,-0.07327898690542306
outcome_bout_phase,unrewarded,35,18.0,-0.05899253300392016
outcome_bout_phase,unrewarded,35,19.0,-0.1402202084144218
outcome_bout_phase,unrewarded,35,20.0,-0.1822402712128562
outcome_bout_phase,unrewarded,35,21.0,-0.1303797015024818
outcome_bout_phase,unrewarded,35,22.0,-0.1314982494199958
outcome_bout_phase,unrewarded,35,23.0,-0.23859853454107274
outcome_bout_phase,unrewarded,35,24.0,-0.19237502621694744
outcome_bout_phase,unrewarded,35,25.0,-0.21845603437344904
outcome_bout_phase,unrewarded,35,26.0,-0.21975660455591303
outcome_bout_phase,unrewarded,35,27.0,-0.18174644913858506
outcome_bout_phase,unrewarded,35,28.0,-0.17080425187917467
outcome_bout_phase,unrewarded,35,29.0,-0.4576117529893576
outcome_bout_phase,unrewarded,35,30.0,-0.19627875964966407
outcome_bout_phase,unrewarded,35,31.0,-0.11335413975914146
outcome_bout_phase,unrewarded,35,32.0,-0.14331370882335634
outcome_bout_phase,unrewarded,35,33.0,-0.1457876509692019
outcome_bout_phase,unrewarded,35,34.0,-0.22891083308927013
outcome_bout_phase,unrewarded,35,35.0,-0.32071578467661005
outcome_bout_phase,unrewarded,35,36.0,-0.24194554921260517
outcome_bout_phase,unrewarded,35,37.0,-0.15680712875336453
outcome_bout_phase,unrewarded,35,38.0,-0.17147377339179895
outcome_bout_phase,unrewarded,35,39.0,-0.25897708724025675
outcome_bout_phase,unrewarded,35,40.0,-0.2073389474978004
outcome_bout_phase,unrewarded,35,41.0,-0.12025634059293992
outcome_bout_phase,unrewarded,35,42.0,-0.2814362458292004
outcome_bout_phase,unrewarded,35,43.0,-0.28281524665219454
outcome_bout_phase,unrewarded,35,44.0,-0.1402281821185988
outcome_bout_phase,unrewarded,35,45.0,-0.2748502353489557
outcome_bout_phase,unrewarded,35,46.0,-0.16683289056190187
outcome_bout_phase,unrewarded,35,47.0,-0.23518502112090317
outcome_bout_phase,unrewarded,35,48.0,-0.28182769169744853
outcome_bout_phase,unrewarded,35,49.0,-0.24338636591017468
outcome_bout_phase,unrewarded,35,50.0,-0.2399029552829735
outcome_bout_phase,unrewarded,35,51.0,-0.15296957832498545
outcome_bout_phase,unrewarded,35,52.0,-0.31639004135676824
outcome_bout_phase,unrewarded,35,53.0,-0.3534501383677991
outcome_bout_phase,unrewarded,35,54.0,-0.2674023003351987
outcome_bout_phase,unrewarded,35,55.0,-0.17664109165971612
outcome_bout_phase,unrewarded,35,56.0,-0.20880603559426195
outcome_bout_phase,unrewarded,35,57.0,-0.2291867875975688
outcome_bout_phase,unrewarded,35,58.0,-0.29567522193419365
outcome_bout_phase,unrewarded,35,59.0,-0.3091451449869412
outcome_bout_phase,unrewarded,35,60.0,-0.26029052829606036
outcome_bout_phase,unrewarded,35,61.0,-0.38013189145744847
outcome_bout_phase,unrewarded,35,62.0,-0.296145056352473
outcome_bout_phase,unrewarded,35,63.0,-0.20394892168192583
outcome_bout_phase,unrewarded,35,64.0,-0.3349127523895815
outcome_bout_phase,unrewarded,35,65.0,-0.36736780530033636
outcome_bout_phase,unrewarded,35,66.0,-0.35376888723059974
outcome_bout_phase,unrewarded,35,67.0,-0.3376959716647411
outcome_bout_phase,unrewarded,35,68.0,-0.23095192611847631
outcome_bout_phase,unrewarded,35,69.0,-0.2942426400690685
outcome_bout_phase,unrewarded,35,70.0,-0.25488058777687855
outcome_bout_phase,unrewarded,35,71.0,-0.286321282226124
outcome_bout_phase,unrewarded,35,72.0,-0.34566478522947264
outcome_bout_phase,unrewarded,35,73.0,-0.28466770543531106
outcome_bout_phase,unrewarded,35,74.0,-0.2179271264385561
outcome_bout_phase,unrewarded,35,75.0,-0.2599211115718458
outcome_bout_phase,unrewarded,35,76.0,-0.31079149718383436
outcome_bout_phase,unrewarded,35,77.0,-0.21525307988675
outcome_bout_phase,unrewarded,35,78.0,-0.2106797429854983
outcome_bout_phase,unrewarded,35,79.0,-0.04686281339257456
outcome_bout_phase,unrewarded,35,80.0,-0.11169444493807584
outcome_bout_phase,unrewarded,35,81.0,-0.26426196177738726
outcome_bout_phase,unrewarded,35,82.0,-0.21818301101621057
outcome_bout_phase,unrewarded,35,83.0,-0.3138473169318044
outcome_bout_phase,unrewarded,35,84.0,-0.24524446818406695
outcome_bout_phase,unrewarded,35,85.0,-0.23726234747921446
outcome_bout_phase,unrewarded,35,86.0,-0.11559864018994997
outcome_bout_phase,unrewarded,35,87.0,-0.017326011299115856
outcome_bout_phase,unrewarded,35,88.0,-0.04812256879830498
outcome_bout_phase,unrewarded,35,89.0,0.01248617144054875
outcome_bout_phase,unrewarded,35,90.0,-0.07597824618081855
outcome_bout_phase,unrewarded,35,91.0,0.02092636803569321
outcome_bout_phase,unrewarded,35,92.0,0.09405563654743385
outcome_bout_phase,unrewarded,35,93.0,0.11438125815514143
outcome_bout_phase,unrewarded,35,94.0,0.12369454428345102
outcome_bout_phase,unrewarded,35,95.0,0.22532622115735493
outcome_bout_phase,unrewarded,35,96.0,0.3899680310164049
outcome_bout_phase,unrewarded,35,97.0,0.5882552853353908
outcome_bout_phase,unrewarded,35,98.0,0.5409252061586841
outcome_bout_phase,unrewarded,35,99.0,0.5176814124417641
outcome_bout_phase,unrewarded,35,100.0,0.2984447678375193
next_observe_fixed,active,1,-3.0,-0.08904766163497534
next_observe_fixed,active,1,-2.9,-0.07678093227462755
next_observe_fixed,active,1,-2.8,-0.04359029381552874
next_observe_fixed,active,1,-2.6999999999999997,-0.052511872100178235
next_observe_fixed,active,1,-2.5999999999999996,-0.05581364367287137
next_observe_fixed,active,1,-2.4999999999999996,-0.06273876743487386
next_observe_fixed,active,1,-2.3999999999999995,-0.09512642632683414
next_observe_fixed,active,1,-2.2999999999999994,-0.09725808946720842
next_observe_fixed,active,1,-2.1999999999999993,-0.057084660300830994
next_observe_fixed,active,1,-2.099999999999999,-0.1093355070465715
next_observe_fixed,active,1,-1.9999999999999991,-0.15568689926179408
next_observe_fixed,active,1,-1.899999999999999,-0.15575340981397634
next_observe_fixed,active,1,-1.799999999999999,-0.022843123166361494
next_observe_fixed,active,1,-1.6999999999999988,-0.17424614394956814
next_observe_fixed,active,1,-1.5999999999999988,-0.14900379684429674
next_observe_fixed,active,1,-1.4999999999999987,-0.17533868590920096
next_observe_fixed,active,1,-1.3999999999999986,-0.2530894448572366
next_observe_fixed,active,1,-1.2999999999999985,-0.25699983233839685
next_observe_fixed,active,1,-1.1999999999999984,-0.2447339483756583
next_observe_fixed,active,1,-1.0999999999999983,-0.19589174208419097
next_observe_fixed,active,1,-0.9999999999999982,-0.21862770176306587
next_observe_fixed,active,1,-0.8999999999999981,-0.14779225392071754
next_observe_fixed,active,1,-0.799999999999998,-0.13734253760164827
next_observe_fixed,active,1,-0.699999999999998,-0.1367137092342839
next_observe_fixed,active,1,-0.5999999999999979,-0.05713661987691384
next_observe_fixed,active,1,-0.4999999999999978,-0.05526559549537564
next_observe_fixed,active,1,-0.3999999999999977,-0.016825348732895474
next_observe_fixed,active,1,-0.2999999999999976,-0.01030996564115167
next_observe_fixed,active,1,-0.1999999999999975,-0.04393836003411448
next_observe_fixed,active,1,-0.09999999999999742,-0.06792930455773608
next_observe_fixed,active,1,2.6645352591003757e-15,-0.12740226829877604
next_observe_fixed,active,1,0.10000000000000275,-0.12227440845192898
next_observe_fixed,active,1,0.20000000000000284,-0.07431980756671207
next_observe_fixed,active,1,0.30000000000000293,-0.025901036916300104
next_observe_fixed,active,1,0.400000000000003,-0.053848952687438015
next_observe_fixed,active,1,0.5000000000000031,-0.013025812619850533
next_observe_fixed,active,1,0.6000000000000032,0.022135259099360878
next_observe_fixed,active,1,0.7000000000000033,-0.015171923328264288
next_observe_fixed,active,1,0.8000000000000034,-0.010823125912054688
next_observe_fixed,active,1,0.9000000000000035,-0.0071967946926182694
next_observe_fixed,active,1,1.0000000000000036,0.001096667822284116
next_observe_fixed,active,1,1.1000000000000032,0.013307041685124107
next_observe_fixed,active,1,1.2000000000000037,-0.009799915283659137
next_observe_fixed,active,1,1.3000000000000043,-0.06695192268537845
next_observe_fixed,active,1,1.400000000000004,-0.08042255501469082
next_observe_fixed,active,1,1.5000000000000036,-0.006062639191268012
next_observe_fixed,active,1,1.600000000000004,0.015408996035291278
next_observe_fixed,active,1,1.7000000000000046,0.053930100253018066
next_observe_fixed,active,1,1.8000000000000043,0.10980324148439344
next_observe_fixed,active,1,1.900000000000004,0.24668704894105475
next_observe_fixed,active,1,2.0000000000000044,0.2502782721795542
next_observe_fixed,active,1,2.100000000000005,0.2410129508648885
next_observe_fixed,active,1,2.2000000000000046,0.2213163738793283
next_observe_fixed,active,1,2.3000000000000043,0.176528900774396
next_observe_fixed,active,1,2.400000000000005,0.13889956775196055
next_observe_fixed,active,1,2.5000000000000053,0.14610975198676013
next_observe_fixed,active,1,2.600000000000005,0.1562144460431186
next_observe_fixed,active,1,2.7000000000000046,0.18473399134853488
next_observe_fixed,active,1,2.800000000000005,0.17297616380843497
next_observe_fixed,active,1,2.9000000000000057,0.17976161391516646
next_observe_fixed,active,1,3.0000000000000053,0.1622718744534927
next_observe_fixed,active,1,3.100000000000005,0.08815314234946742
next_observe_fixed,active,1,3.2000000000000055,0.06408026210468076
next_observe_fixed,active,1,3.300000000000006,0.08698277174477456
next_observe_fixed,active,1,3.4000000000000057,-0.0010493327700403416
next_observe_fixed,active,1,3.5000000000000053,0.02483248449507103
next_observe_fixed,active,1,3.600000000000006,0.034627024649278505
next_observe_fixed,active,1,3.7000000000000064,-0.021031254775193534
next_observe_fixed,active,1,3.800000000000006,0.01643012713624496
next_observe_fixed,active,1,3.9000000000000057,0.0605739401975829
next_observe_fixed,active,1,4.000000000000006,0.01505488048622308
next_observe_fixed,active,1,4.100000000000007,-0.049678259206869205
next_observe_fixed,active,1,4.200000000000006,-0.039585899471777326
next_observe_fixed,active,1,4.300000000000006,-0.038695196715707335
next_observe_fixed,active,1,4.400000000000007,-0.03922161503157396
next_observe_fixed,active,1,4.500000000000007,-0.06488245930986355
next_observe_fixed,active,1,4.600000000000007,-0.008388311247045692
next_observe_fixed,active,1,4.700000000000006,-0.037760186024904545
next_observe_fixed,active,1,4.800000000000007,-0.08501548106449015
next_observe_fixed,active,1,4.9000000000000075,-0.07622232458533325
next_observe_fixed,active,1,5.000000000000007,-0.0871955656482788
next_observe_fixed,active,1,5.100000000000007,-0.13695706585473033
next_observe_fixed,active,1,5.200000000000006,-0.03978813890700139
next_observe_fixed,active,1,5.300000000000008,-0.0397412253262308
next_observe_fixed,active,1,5.4000000000000075,-0.06539704200502723
next_observe_fixed,active,1,5.500000000000007,-0.006212711585439377
next_observe_fixed,active,1,5.6000000000000085,0.06122124179412038
next_observe_fixed,active,1,5.700000000000008,-0.019675142657607936
next_observe_fixed,active,1,5.800000000000008,-0.06341353407115914
next_observe_fixed,active,1,5.9000000000000075,-0.02321892471212975
next_observe_fixed,active,3,-3.0,0.23478773320469973
next_observe_fixed,active,3,-2.9,0.2959043576294977
next_observe_fixed,active,3,-2.8,0.3012790333124768
next_observe_fixed,active,3,-2.6999999999999997,0.33929649353468866
next_observe_fixed,active,3,-2.5999999999999996,0.3111040911364038
next_observe_fixed,active,3,-2.4999999999999996,0.1852408395318076
next_observe_fixed,active,3,-2.3999999999999995,0.2278185023705736
next_observe_fixed,active,3,-2.2999999999999994,0.24388110655158032
next_observe_fixed,active,3,-2.1999999999999993,0.24702807527226128
next_observe_fixed,active,3,-2.099999999999999,0.22766701346544924
next_observe_fixed,active,3,-1.9999999999999991,0.14909670921160612
next_observe_fixed,active,3,-1.899999999999999,0.07175485304290682
next_observe_fixed,active,3,-1.799999999999999,-0.06549111444764766
next_observe_fixed,active,3,-1.6999999999999988,-0.05777398566118587
next_observe_fixed,active,3,-1.5999999999999988,-0.03351198313758181
next_observe_fixed,active,3,-1.4999999999999987,-0.14133175503978895
next_observe_fixed,active,3,-1.3999999999999986,-0.0703392033092453
next_observe_fixed,active,3,-1.2999999999999985,-0.021627189626841774
next_observe_fixed,active,3,-1.1999999999999984,-0.08572857494693749
next_observe_fixed,active,3,-1.0999999999999983,-0.09740409942619932
next_observe_fixed,active,3,-0.9999999999999982,-0.004444090850140514
next_observe_fixed,active,3,-0.8999999999999981,-0.07914444788761271
next_observe_fixed,active,3,-0.799999999999998,-0.045141507905239076
next_observe_fixed,active,3,-0.699999999999998,-0.17601395415327484
next_observe_fixed,active,3,-0.5999999999999979,-0.24141410678878567
next_observe_fixed,active,3,-0.4999999999999978,-0.42785402285710206
next_observe_fixed,active,3,-0.3999999999999977,-0.44889350180688214
next_observe_fixed,active,3,-0.2999999999999976,-0.446727966209017
next_observe_fixed,active,3,-0.1999999999999975,-0.4955701733003944
next_observe_fixed,active,3,-0.09999999999999742,-0.5051220385149189
next_observe_fixed,active,3,2.6645352591003757e-15,-0.5533942471216816
next_observe_fixed,active,3,0.10000000000000275,-0.432037474365265
next_observe_fixed,active,3,0.20000000000000284,-0.3734229903544869
next_observe_fixed,active,3,0.30000000000000293,-0.15242471895486004
next_observe_fixed,active,3,0.400000000000003,-0.04307480459652015
next_observe_fixed,active,3,0.5000000000000031,0.03832997881074456
next_observe_fixed,active,3,0.6000000000000032,0.21304561420144513
next_observe_fixed,active,3,0.7000000000000033,0.05439093374373192
next_observe_fixed,active,3,0.8000000000000034,0.0845384315244036
next_observe_fixed,active,3,0.9000000000000035,0.05706000274862253
next_observe_fixed,active,3,1.0000000000000036,0.055988451333850026
next_observe_fixed,active,3,1.1000000000000032,0.12236900068514052
next_observe_fixed,active,3,1.2000000000000037,0.2756317135520465
next_observe_fixed,active,3,1.3000000000000043,0.36899832879158784
next_observe_fixed,active,3,1.400000000000004,0.2516004283784864
next_observe_fixed,active,3,1.5000000000000036,0.21207079431981238
next_observe_fixed,active,3,1.600000000000004,0.19161049881096162
next_observe_fixed,active,3,1.7000000000000046,0.0512554633580241
next_observe_fixed,active,3,1.8000000000000043,0.052475151790703535
next_observe_fixed,active,3,1.900000000000004,-0.09641348819642284
next_observe_fixed,active,3,2.0000000000000044,-0.159406226527302
next_observe_fixed,active,3,2.100000000000005,-0.06639219301443583
next_observe_fixed,active,3,2.2000000000000046,-0.18262331196045697
next_observe_fixed,active,3,2.3000000000000043,-0.20322512381509322
next_observe_fixed,active,3,2.400000000000005,-0.2917248948908199
next_observe_fixed,active,3,2.5000000000000053,-0.26378081478317683
next_observe_fixed,active,3,2.600000000000005,-0.20960107210562032
next_observe_fixed,active,3,2.7000000000000046,-0.23938613640227954
next_observe_fixed,active,3,2.800000000000005,-0.29603576740006327
next_observe_fixed,active,3,2.9000000000000057,-0.24804256405820801
next_observe_fixed,active,3,3.0000000000000053,-0.20231260335707443
next_observe_fixed,active,3,3.100000000000005,-0.26629510545996765
next_observe_fixed,active,3,3.2000000000000055,-0.29394776173598486
next_observe_fixed,active,3,3.300000000000006,-0.40187388667716484
next_observe_fixed,active,3,3.4000000000000057,-0.39230529619774174
next_observe_fixed,active,3,3.5000000000000053,-0.3103266480121404
next_observe_fixed,active,3,3.600000000000006,-0.24964751547537797
next_observe_fixed,active,3,3.7000000000000064,-0.27997164142136033
next_observe_fixed,active,3,3.800000000000006,-0.4265640049681071
next_observe_fixed,active,3,3.9000000000000057,-0.42666229233353675
next_observe_fixed,active,3,4.000000000000006,-0.4054654799740916
next_observe_fixed,active,3,4.100000000000007,-0.4510001235651498
next_observe_fixed,active,3,4.200000000000006,-0.4060463826057525
next_observe_fixed,active,3,4.300000000000006,-0.373090325756288
next_observe_fixed,active,3,4.400000000000007,-0.19060700818981996
next_observe_fixed,active,3,4.500000000000007,-0.04436859764839867
next_observe_fixed,active,3,4.600000000000007,-0.05878612046446421
next_observe_fixed,active,3,4.700000000000006,-0.047971652169059895
next_observe_fixed,active,3,4.800000000000007,-0.03975461230738121
next_observe_fixed,active,3,4.9000000000000075,-0.03102743464302712
next_observe_fixed,active,3,5.000000000000007,-0.12028074446451378
next_observe_fixed,active,3,5.100000000000007,-0.07940865923951822
next_observe_fixed,active,3,5.200000000000006,0.06442327875893537
next_observe_fixed,active,3,5.300000000000008,0.025863899736393633
next_observe_fixed,active,3,5.4000000000000075,0.013019981174488549
next_observe_fixed,active,3,5.500000000000007,0.04514750795777691
next_observe_fixed,active,3,5.6000000000000085,0.05057646864484871
next_observe_fixed,active,3,5.700000000000008,0.013078716470181695
next_observe_fixed,active,3,5.800000000000008,0.014586540540975516
next_observe_fixed,active,3,5.9000000000000075,0.08560240912285984
next_observe_fixed,active,4,-3.0,-0.16105039659203516
next_observe_fixed,active,4,-2.9,-0.03898651961314757
next_observe_fixed,active,4,-2.8,0.04625161591549813
next_observe_fixed,active,4,-2.6999999999999997,0.06449104442973408
next_observe_fixed,active,4,-2.5999999999999996,-0.06673249262296896
next_observe_fixed,active,4,-2.4999999999999996,-0.040679368288878553
next_observe_fixed,active,4,-2.3999999999999995,-0.07091827603511558
next_observe_fixed,active,4,-2.2999999999999994,-0.08069483832739893
next_observe_fixed,active,4,-2.1999999999999993,-0.13499587159344484
next_observe_fixed,active,4,-2.099999999999999,-0.16310493659123754
next_observe_fixed,active,4,-1.9999999999999991,-0.158881736508503
next_observe_fixed,active,4,-1.899999999999999,-0.19291668842902854
next_observe_fixed,active,4,-1.799999999999999,-0.166018365556227
next_observe_fixed,active,4,-1.6999999999999988,-0.24351966130340508
next_observe_fixed,active,4,-1.5999999999999988,-0.25479918142741825
next_observe_fixed,active,4,-1.4999999999999987,-0.2680741690220036
next_observe_fixed,active,4,-1.3999999999999986,-0.2717490683603476
next_observe_fixed,active,4,-1.2999999999999985,-0.30746514482398096
next_observe_fixed,active,4,-1.1999999999999984,-0.29136020653311645
next_observe_fixed,active,4,-1.0999999999999983,-0.32017695817920805
next_observe_fixed,active,4,-0.9999999999999982,-0.37798442288233813
next_observe_fixed,active,4,-0.8999999999999981,-0.42140446154815636
next_observe_fixed,active,4,-0.799999999999998,-0.4731521912924488
next_observe_fixed,active,4,-0.699999999999998,-0.4510498906850042
next_observe_fixed,active,4,-0.5999999999999979,-0.5214023459914928
next_observe_fixed,active,4,-0.4999999999999978,-0.49840164154490213
next_observe_fixed,active,4,-0.3999999999999977,-0.45753821572044606
next_observe_fixed,active,4,-0.2999999999999976,-0.3869295158998357
next_observe_fixed,active,4,-0.1999999999999975,-0.3412788244201147
next_observe_fixed,active,4,-0.09999999999999742,-0.3286632116708426
next_observe_fixed,active,4,2.6645352591003757e-15,-0.23143195110440798
next_observe_fixed,active,4,0.10000000000000275,-0.3043310425197007
next_observe_fixed,active,4,0.20000000000000284,-0.28319484504599196
next_observe_fixed,active,4,0.30000000000000293,-0.2081683968700139
next_observe_fixed,active,4,0.400000000000003,-0.17449579697629775
next_observe_fixed,active,4,0.5000000000000031,-0.11444812242927507
next_observe_fixed,active,4,0.6000000000000032,-0.1978182457084419
next_observe_fixed,active,4,0.7000000000000033,-0.15891697548443762
next_observe_fixed,active,4,0.8000000000000034,-0.19469239284864573
next_observe_fixed,active,4,0.9000000000000035,-0.23761626408848252
next_observe_fixed,active,4,1.0000000000000036,-0.2654823187588058
next_observe_fixed,active,4,1.1000000000000032,-0.22929769855835896
next_observe_fixed,active,4,1.2000000000000037,-0.08412677721232706
next_observe_fixed,active,4,1.3000000000000043,-0.0008447922634528566
next_observe_fixed,active,4,1.400000000000004,0.0017356439868516536
next_observe_fixed,active,4,1.5000000000000036,-0.06320536114628854
next_observe_fixed,active,4,1.600000000000004,-0.06230027291378709
next_observe_fixed,active,4,1.7000000000000046,-0.07918432188323468
next_observe_fixed,active,4,1.8000000000000043,-0.1677492332435323
next_observe_fixed,active,4,1.900000000000004,-0.10803051254913532
next_observe_fixed,active,4,2.0000000000000044,-0.10821992042093734
next_observe_fixed,active,4,2.100000000000005,-0.0949081483457459
next_observe_fixed,active,4,2.2000000000000046,-0.09670016966370189
next_observe_fixed,active,4,2.3000000000000043,-0.08947865863599207
next_observe_fixed,active,4,2.400000000000005,-0.06924872712387178
next_observe_fixed,active,4,2.5000000000000053,0.022351785878574032
next_observe_fixed,active,4,2.600000000000005,0.0011350338660718856
next_observe_fixed,active,4,2.7000000000000046,0.07037387969451991
next_observe_fixed,active,4,2.800000000000005,-0.02231601223776231
next_observe_fixed,active,4,2.9000000000000057,-0.08307538706256135
next_observe_fixed,active,4,3.0000000000000053,-0.053760026803226085
next_observe_fixed,active,4,3.100000000000005,-0.06684196805717944
next_observe_fixed,active,4,3.2000000000000055,-0.09092805762962125
next_observe_fixed,active,4,3.300000000000006,-0.09481281681700743
next_observe_fixed,active,4,3.4000000000000057,-0.05754416869513308
next_observe_fixed,active,4,3.5000000000000053,-0.02216182206215816
next_observe_fixed,active,4,3.600000000000006,-0.04713949610965434
next_observe_fixed,active,4,3.7000000000000064,0.023445489819633077
next_observe_fixed,active,4,3.800000000000006,0.05900759778071281
next_observe_fixed,active,4,3.9000000000000057,0.03553110654405145
next_observe_fixed,active,4,4.000000000000006,-0.006791744954795432
next_observe_fixed,active,4,4.100000000000007,-0.039575700938345275
next_observe_fixed,active,4,4.200000000000006,-0.09877878499169858
next_observe_fixed,active,4,4.300000000000006,-0.1814752743320437
next_observe_fixed,active,4,4.400000000000007,-0.21688701112530231
next_observe_fixed,active,4,4.500000000000007,-0.17134134961999115
next_observe_fixed,active,4,4.600000000000007,-0.13485438992471194
next_observe_fixed,active,4,4.700000000000006,-0.08809494798377018
next_observe_fixed,active,4,4.800000000000007,-0.039205912519517744
next_observe_fixed,active,4,4.9000000000000075,0.04998539477960119
next_observe_fixed,active,4,5.000000000000007,0.3016669037519579
next_observe_fixed,active,4,5.100000000000007,0.1255361284847237
next_observe_fixed,active,4,5.200000000000006,0.04983274765323208
next_observe_fixed,active,4,5.300000000000008,-0.06590849237116578
next_observe_fixed,active,4,5.4000000000000075,-0.1365560573913512
next_observe_fixed,active,4,5.500000000000007,-0.17513613336180772
next_observe_fixed,active,4,5.6000000000000085,-0.22215880628125365
next_observe_fixed,active,4,5.700000000000008,-0.1378227302719418
next_observe_fixed,active,4,5.800000000000008,-0.14756313933222343
next_observe_fixed,active,4,5.9000000000000075,-0.06533537281569242
next_observe_fixed,active,5,-3.0,-0.10188546357181014
next_observe_fixed,active,5,-2.9,-0.11826802330599885
next_observe_fixed,active,5,-2.8,-0.05968411874104183
next_observe_fixed,active,5,-2.6999999999999997,-0.08351519118063246
next_observe_fixed,active,5,-2.5999999999999996,-0.08660813414214415
next_observe_fixed,active,5,-2.4999999999999996,-0.16072059001550096
next_observe_fixed,active,5,-2.3999999999999995,-0.12898324350862525
next_observe_fixed,active,5,-2.2999999999999994,-0.2027219407654424
next_observe_fixed,active,5,-2.1999999999999993,-0.15750560119979815
next_observe_fixed,active,5,-2.099999999999999,-0.13849462411414465
next_observe_fixed,active,5,-1.9999999999999991,-0.1977789018600587
next_observe_fixed,active,5,-1.899999999999999,-0.2667453810998452
next_observe_fixed,active,5,-1.799999999999999,-0.34005995082307794
next_observe_fixed,active,5,-1.6999999999999988,-0.34376597218255966
next_observe_fixed,active,5,-1.5999999999999988,-0.3339193307766008
next_observe_fixed,active,5,-1.4999999999999987,-0.230412542199531
next_observe_fixed,active,5,-1.3999999999999986,-0.16124337765439092
next_observe_fixed,active,5,-1.2999999999999985,-0.08069740958407923
next_observe_fixed,active,5,-1.1999999999999984,-0.0803977591032276
next_observe_fixed,active,5,-1.0999999999999983,-0.12227370786404854
next_observe_fixed,active,5,-0.9999999999999982,-0.2321544732532349
next_observe_fixed,active,5,-0.8999999999999981,-0.32299651356529463
next_observe_fixed,active,5,-0.799999999999998,-0.4083370954032857
next_observe_fixed,active,5,-0.699999999999998,-0.4456926973894086
next_observe_fixed,active,5,-0.5999999999999979,-0.4864207414371214
next_observe_fixed,active,5,-0.4999999999999978,-0.472809734211432
next_observe_fixed,active,5,-0.3999999999999977,-0.4765181995995309
next_observe_fixed,active,5,-0.2999999999999976,-0.5065691748458613
next_observe_fixed,active,5,-0.1999999999999975,-0.5710152864243381
next_observe_fixed,active,5,-0.09999999999999742,-0.5673543969329383
next_observe_fixed,active,5,2.6645352591003757e-15,-0.49717746072411784
next_observe_fixed,active,5,0.10000000000000275,-0.49217745914996275
next_observe_fixed,active,5,0.20000000000000284,-0.46918600157175383
next_observe_fixed,active,5,0.30000000000000293,-0.4112091131956893
next_observe_fixed,active,5,0.400000000000003,-0.41310656586583316
next_observe_fixed,active,5,0.5000000000000031,-0.3892262686384482
next_observe_fixed,active,5,0.6000000000000032,-0.3460319773018028
next_observe_fixed,active,5,0.7000000000000033,-0.2203472051831522
next_observe_fixed,active,5,0.8000000000000034,-0.11101251797278092
next_observe_fixed,active,5,0.9000000000000035,-0.1474490985337543
next_observe_fixed,active,5,1.0000000000000036,-0.13860000597077549
next_observe_fixed,active,5,1.1000000000000032,-0.08249349678223458
next_observe_fixed,active,5,1.2000000000000037,-0.041825086365383
next_observe_fixed,active,5,1.3000000000000043,-0.01843562605856957
next_observe_fixed,active,5,1.400000000000004,0.05563997358312826
next_observe_fixed,active,5,1.5000000000000036,0.04609735567715742
next_observe_fixed,active,5,1.600000000000004,-0.06941176239656124
next_observe_fixed,active,5,1.7000000000000046,-0.08539300951157096
next_observe_fixed,active,5,1.8000000000000043,-0.06065741624614434
next_observe_fixed,active,5,1.900000000000004,-0.023532514619474098
next_observe_fixed,active,5,2.0000000000000044,-0.08509209823494761
next_observe_fixed,active,5,2.100000000000005,-0.08859966272908294
next_observe_fixed,active,5,2.2000000000000046,-0.11744338904854523
next_observe_fixed,active,5,2.3000000000000043,-0.0993967984925789
next_observe_fixed,active,5,2.400000000000005,-0.03468323148170784
next_observe_fixed,active,5,2.5000000000000053,0.04774323783036315
next_observe_fixed,active,5,2.600000000000005,0.04613963933264479
next_observe_fixed,active,5,2.7000000000000046,0.05962389971591282
next_observe_fixed,active,5,2.800000000000005,0.048847728460024845
next_observe_fixed,active,5,2.9000000000000057,0.012282966324085216
next_observe_fixed,active,5,3.0000000000000053,0.05145300842633309
next_observe_fixed,active,5,3.100000000000005,0.07476793053032989
next_observe_fixed,active,5,3.2000000000000055,0.03732369108762485
next_observe_fixed,active,5,3.300000000000006,0.03194363131732227
next_observe_fixed,active,5,3.4000000000000057,0.0859406853340592
next_observe_fixed,active,5,3.5000000000000053,0.10768171608506963
next_observe_fixed,active,5,3.600000000000006,0.1373283707313278
next_observe_fixed,active,5,3.7000000000000064,0.09455399104062777
next_observe_fixed,active,5,3.800000000000006,0.027065525294987028
next_observe_fixed,active,5,3.9000000000000057,0.051685298319552986
next_observe_fixed,active,5,4.000000000000006,0.017051813302904867
next_observe_fixed,active,5,4.100000000000007,-0.0776788008742378
next_observe_fixed,active,5,4.200000000000006,-0.09769910833672484
next_observe_fixed,active,5,4.300000000000006,-0.11924503126880454
next_observe_fixed,active,5,4.400000000000007,-0.12016294626951368
next_observe_fixed,active,5,4.500000000000007,-0.07013215199687602
next_observe_fixed,active,5,4.600000000000007,-0.08219498619341817
next_observe_fixed,active,5,4.700000000000006,-0.08569532824054533
next_observe_fixed,active,5,4.800000000000007,-0.14811692927677275
next_observe_fixed,active,5,4.9000000000000075,-0.10646502958248354
next_observe_fixed,active,5,5.000000000000007,-0.10860395596549378
next_observe_fixed,active,5,5.100000000000007,-0.1639541177738642
next_observe_fixed,active,5,5.200000000000006,-0.21998888128951635
next_observe_fixed,active,5,5.300000000000008,-0.1745077489963366
next_observe_fixed,active,5,5.4000000000000075,-0.10829374260754414
next_observe_fixed,active,5,5.500000000000007,-0.005808018107830053
next_observe_fixed,active,5,5.6000000000000085,0.0038045228493806243
next_observe_fixed,active,5,5.700000000000008,-0.02413967851884273
next_observe_fixed,active,5,5.800000000000008,-0.04434666379520155
next_observe_fixed,active,5,5.9000000000000075,-0.07658268978238943
next_observe_fixed,active,6,-3.0,0.3645604971703469
next_observe_fixed,active,6,-2.9,0.25032462312026127
next_observe_fixed,active,6,-2.8,0.3059173246059358
next_observe_fixed,active,6,-2.6999999999999997,0.21929044003348555
next_observe_fixed,active,6,-2.5999999999999996,0.26409635772936363
next_observe_fixed,active,6,-2.4999999999999996,0.3146368079466755
next_observe_fixed,active,6,-2.3999999999999995,0.3427054711470802
next_observe_fixed,active,6,-2.2999999999999994,0.2897880657151043
next_observe_fixed,active,6,-2.1999999999999993,0.3644845306627277
next_observe_fixed,active,6,-2.099999999999999,0.2873767617787847
next_observe_fixed,active,6,-1.9999999999999991,0.3140435643321892
next_observe_fixed,active,6,-1.899999999999999,0.2922614922515172
next_observe_fixed,active,6,-1.799999999999999,0.24576558946235103
next_observe_fixed,active,6,-1.6999999999999988,0.24098755638819863
next_observe_fixed,active,6,-1.5999999999999988,0.2344247422732613
next_observe_fixed,active,6,-1.4999999999999987,0.1818039706703143
next_observe_fixed,active,6,-1.3999999999999986,0.2436454610173506
next_observe_fixed,active,6,-1.2999999999999985,0.2666843012921566
next_observe_fixed,active,6,-1.1999999999999984,0.1679515296568091
next_observe_fixed,active,6,-1.0999999999999983,0.12692553612596394
next_observe_fixed,active,6,-0.9999999999999982,0.1841785015925112
next_observe_fixed,active,6,-0.8999999999999981,0.12667157607608948
next_observe_fixed,active,6,-0.799999999999998,0.19388977319912035
next_observe_fixed,active,6,-0.699999999999998,0.1667563021373049
next_observe_fixed,active,6,-0.5999999999999979,0.1019975253396492
next_observe_fixed,active,6,-0.4999999999999978,0.033382337707193614
next_observe_fixed,active,6,-0.3999999999999977,0.0004728072237317169
next_observe_fixed,active,6,-0.2999999999999976,0.006419421377407176
next_observe_fixed,active,6,-0.1999999999999975,-0.08583574381895653
next_observe_fixed,active,6,-0.09999999999999742,-0.1071043325338112
next_observe_fixed,active,6,2.6645352591003757e-15,-0.11782376729000284
next_observe_fixed,active,6,0.10000000000000275,-0.07324464668054938
next_observe_fixed,active,6,0.20000000000000284,-0.136476307332068
next_observe_fixed,active,6,0.30000000000000293,-0.2278336541102912
next_observe_fixed,active,6,0.400000000000003,-0.12652049572970406
next_observe_fixed,active,6,0.5000000000000031,-0.08832487774046376
next_observe_fixed,active,6,0.6000000000000032,-0.0593105455716998
next_observe_fixed,active,6,0.7000000000000033,-0.09259937031000194
next_observe_fixed,active,6,0.8000000000000034,-0.041660375120967534
next_observe_fixed,active,6,0.9000000000000035,-0.054703947779506865
next_observe_fixed,active,6,1.0000000000000036,-0.025258067800633423
next_observe_fixed,active,6,1.1000000000000032,-0.025569834643500277
next_observe_fixed,active,6,1.2000000000000037,-0.06082327541002148
next_observe_fixed,active,6,1.3000000000000043,-0.029835588345759844
next_observe_fixed,active,6,1.400000000000004,-0.05199303292555348
next_observe_fixed,active,6,1.5000000000000036,0.04162997406266009
next_observe_fixed,active,6,1.600000000000004,0.04326221847608277
next_observe_fixed,active,6,1.7000000000000046,0.08533471338644812
next_observe_fixed,active,6,1.8000000000000043,0.03554941273201579
next_observe_fixed,active,6,1.900000000000004,0.1155023732359823
next_observe_fixed,active,6,2.0000000000000044,0.15012882434473507
next_observe_fixed,active,6,2.100000000000005,0.1300209241575938
next_observe_fixed,active,6,2.2000000000000046,0.050866935808758756
next_observe_fixed,active,6,2.3000000000000043,0.09557615750823631
next_observe_fixed,active,6,2.400000000000005,0.12496798952401747
next_observe_fixed,active,6,2.5000000000000053,0.10279204089543707
next_observe_fixed,active,6,2.600000000000005,0.1084262192787025
next_observe_fixed,active,6,2.7000000000000046,0.010581602149649729
next_observe_fixed,active,6,2.800000000000005,0.051478096335236014
next_observe_fixed,active,6,2.9000000000000057,0.05947229721710077
next_observe_fixed,active,6,3.0000000000000053,0.10381388497448421
next_observe_fixed,active,6,3.100000000000005,0.045641681846909844
next_observe_fixed,active,6,3.2000000000000055,0.12375891946890548
next_observe_fixed,active,6,3.300000000000006,0.1300009811958643
next_observe_fixed,active,6,3.4000000000000057,0.1521008269857276
next_observe_fixed,active,6,3.5000000000000053,0.20119072489173945
next_observe_fixed,active,6,3.600000000000006,0.21129269222928454
next_observe_fixed,active,6,3.7000000000000064,0.18387569865470277
next_observe_fixed,active,6,3.800000000000006,0.15222259462483892
next_observe_fixed,active,6,3.9000000000000057,0.13000312557315424
next_observe_fixed,active,6,4.000000000000006,0.19246999766601658
next_observe_fixed,active,6,4.100000000000007,0.16856455257493008
next_observe_fixed,active,6,4.200000000000006,0.14110716070340998
next_observe_fixed,active,6,4.300000000000006,0.19670246704958871
next_observe_fixed,active,6,4.400000000000007,0.16118977293891534
next_observe_fixed,active,6,4.500000000000007,0.08179748279421982
next_observe_fixed,active,6,4.600000000000007,0.11994710826484034
next_observe_fixed,active,6,4.700000000000006,0.11353968261122362
next_observe_fixed,active,6,4.800000000000007,0.12461780805771071
next_observe_fixed,active,6,4.9000000000000075,0.1084102583524776
next_observe_fixed,active,6,5.000000000000007,0.1233337516079522
next_observe_fixed,active,6,5.100000000000007,0.15598431277158528
next_observe_fixed,active,6,5.200000000000006,0.12705481426869258
next_observe_fixed,active,6,5.300000000000008,0.09633105893119477
next_observe_fixed,active,6,5.4000000000000075,0.0547385153662566
next_observe_fixed,active,6,5.500000000000007,0.11192703846652634
next_observe_fixed,active,6,5.6000000000000085,0.014557280245663417
next_observe_fixed,active,6,5.700000000000008,0.09167490719966197
next_observe_fixed,active,6,5.800000000000008,0.10282798071728663
next_observe_fixed,active,6,5.9000000000000075,0.08130521382175883
next_observe_fixed,active,18,-3.0,-0.09560899486733669
next_observe_fixed,active,18,-2.9,-0.19287822803667196
next_observe_fixed,active,18,-2.8,-0.2017409188088619
next_observe_fixed,active,18,-2.6999999999999997,-0.21229646280659686
next_observe_fixed,active,18,-2.5999999999999996,-0.19047353585879465
next_observe_fixed,active,18,-2.4999999999999996,-0.1810801205551729
next_observe_fixed,active,18,-2.3999999999999995,-0.1038789126293348
next_observe_fixed,active,18,-2.2999999999999994,-0.10820755193177582
next_observe_fixed,active,18,-2.1999999999999993,-0.14381541332008
next_observe_fixed,active,18,-2.099999999999999,-0.15380763893569407
next_observe_fixed,active,18,-1.9999999999999991,-0.18388637431665567
next_observe_fixed,active,18,-1.899999999999999,-0.17373239543903649
next_observe_fixed,active,18,-1.799999999999999,-0.20874868617964934
next_observe_fixed,active,18,-1.6999999999999988,-0.2295130908183176
next_observe_fixed,active,18,-1.5999999999999988,-0.2842669678886957
next_observe_fixed,active,18,-1.4999999999999987,-0.24490981671713485
next_observe_fixed,active,18,-1.3999999999999986,-0.24341119057889027
next_observe_fixed,active,18,-1.2999999999999985,-0.22041936365558823
next_observe_fixed,active,18,-1.1999999999999984,-0.15732053028085075
next_observe_fixed,active,18,-1.0999999999999983,-0.17663735066804861
next_observe_fixed,active,18,-0.9999999999999982,-0.2007067829357861
next_observe_fixed,active,18,-0.8999999999999981,-0.19103809106893596
next_observe_fixed,active,18,-0.799999999999998,-0.22762916662641947
next_observe_fixed,active,18,-0.699999999999998,-0.21922421202255205
next_observe_fixed,active,18,-0.5999999999999979,-0.25013133098923934
next_observe_fixed,active,18,-0.4999999999999978,-0.23971527944811832
next_observe_fixed,active,18,-0.3999999999999977,-0.24752606281037806
next_observe_fixed,active,18,-0.2999999999999976,-0.2647592200204333
next_observe_fixed,active,18,-0.1999999999999975,-0.24339100516358453
next_observe_fixed,active,18,-0.09999999999999742,-0.24841169982321265
next_observe_fixed,active,18,2.6645352591003757e-15,-0.15431868641178184
next_observe_fixed,active,18,0.10000000000000275,0.009053012375203806
next_observe_fixed,active,18,0.20000000000000284,0.12433880496978153
next_observe_fixed,active,18,0.30000000000000293,0.37341956425195005
next_observe_fixed,active,18,0.400000000000003,0.572000891904187
next_observe_fixed,active,18,0.5000000000000031,0.7462847113014377
next_observe_fixed,active,18,0.6000000000000032,0.7495821474287889
next_observe_fixed,active,18,0.7000000000000033,0.703970570973126
next_observe_fixed,active,18,0.8000000000000034,0.6877489908851903
next_observe_fixed,active,18,0.9000000000000035,0.6401860419548114
next_observe_fixed,active,18,1.0000000000000036,0.6496422166871815
next_observe_fixed,active,18,1.1000000000000032,0.6436274911628741
next_observe_fixed,active,18,1.2000000000000037,0.5802202571445528
next_observe_fixed,active,18,1.3000000000000043,0.5580246938963798
next_observe_fixed,active,18,1.400000000000004,0.5511110841392611
next_observe_fixed,active,18,1.5000000000000036,0.5345604115975287
next_observe_fixed,active,18,1.600000000000004,0.5518013486391737
next_observe_fixed,active,18,1.7000000000000046,0.43124407714298946
next_observe_fixed,active,18,1.8000000000000043,0.28932168741368997
next_observe_fixed,active,18,1.900000000000004,0.33729064476207715
next_observe_fixed,active,18,2.0000000000000044,0.3515320196181264
next_observe_fixed,active,18,2.100000000000005,0.24062951910420405
next_observe_fixed,active,18,2.2000000000000046,0.3316970155393381
next_observe_fixed,active,18,2.3000000000000043,0.3655214181329164
next_observe_fixed,active,18,2.400000000000005,0.2862710267996335
next_observe_fixed,active,18,2.5000000000000053,0.2880496705365955
next_observe_fixed,active,18,2.600000000000005,0.25297947537993104
next_observe_fixed,active,18,2.7000000000000046,0.2246157122439672
next_observe_fixed,active,18,2.800000000000005,0.30383203503214695
next_observe_fixed,active,18,2.9000000000000057,0.37682934818282143
next_observe_fixed,active,18,3.0000000000000053,0.2752034587714796
next_observe_fixed,active,18,3.100000000000005,0.295962745483725
next_observe_fixed,active,18,3.2000000000000055,0.2993052613286986
next_observe_fixed,active,18,3.300000000000006,0.2369357266880932
next_observe_fixed,active,18,3.4000000000000057,0.19656802860845976
next_observe_fixed,active,18,3.5000000000000053,0.2523576698532224
next_observe_fixed,active,18,3.600000000000006,0.20584665565275326
next_observe_fixed,active,18,3.7000000000000064,0.17252947500463472
next_observe_fixed,active,18,3.800000000000006,0.1842563502014034
next_observe_fixed,active,18,3.9000000000000057,0.25835854684829834
next_observe_fixed,active,18,4.000000000000006,0.2638510227622306
next_observe_fixed,active,18,4.100000000000007,0.24450304488098293
next_observe_fixed,active,18,4.200000000000006,0.21890617602986628
next_observe_fixed,active,18,4.300000000000006,0.2385327276968881
next_observe_fixed,active,18,4.400000000000007,0.2690912852131663
next_observe_fixed,active,18,4.500000000000007,0.28019746578747673
next_observe_fixed,active,18,4.600000000000007,0.2882775605705495
next_observe_fixed,active,18,4.700000000000006,0.30982665172163737
next_observe_fixed,active,18,4.800000000000007,0.313490785062735
next_observe_fixed,active,18,4.9000000000000075,0.30640681883179355
next_observe_fixed,active,18,5.000000000000007,0.3266435743935485
next_observe_fixed,active,18,5.100000000000007,0.31637332046402167
next_observe_fixed,active,18,5.200000000000006,0.26584398930674197
next_observe_fixed,active,18,5.300000000000008,0.21135171489495122
next_observe_fixed,active,18,5.4000000000000075,0.18661107197054888
next_observe_fixed,active,18,5.500000000000007,0.23161556096357683
next_observe_fixed,active,18,5.6000000000000085,0.23874363132124615
next_observe_fixed,active,18,5.700000000000008,0.2732032142609905
next_observe_fixed,active,18,5.800000000000008,0.28167485326567665
next_observe_fixed,active,18,5.9000000000000075,0.1849454892906517
next_observe_fixed,active,19,-3.0,0.34112581744608644
next_observe_fixed,active,19,-2.9,0.30722074466047955
next_observe_fixed,active,19,-2.8,0.15702545370328
next_observe_fixed,active,19,-2.6999999999999997,0.3331555904622797
next_observe_fixed,active,19,-2.5999999999999996,0.22936369346831503
next_observe_fixed,active,19,-2.4999999999999996,0.12284530119487255
next_observe_fixed,active,19,-2.3999999999999995,0.18470758037701673
next_observe_fixed,active,19,-2.2999999999999994,0.2102085570936501
next_observe_fixed,active,19,-2.1999999999999993,0.272989672006282
next_observe_fixed,active,19,-2.099999999999999,0.3836551600961599
next_observe_fixed,active,19,-1.9999999999999991,0.16098305585747438
next_observe_fixed,active,19,-1.899999999999999,0.11800877717786852
next_observe_fixed,active,19,-1.799999999999999,0.11110005511558814
next_observe_fixed,active,19,-1.6999999999999988,-0.025106490960006805
next_observe_fixed,active,19,-1.5999999999999988,0.10961066078554564
next_observe_fixed,active,19,-1.4999999999999987,0.09618739904237787
next_observe_fixed,active,19,-1.3999999999999986,0.05803836587399251
next_observe_fixed,active,19,-1.2999999999999985,-0.01747228987908063
next_observe_fixed,active,19,-1.1999999999999984,-0.08538279764519575
next_observe_fixed,active,19,-1.0999999999999983,-0.10999742625779776
next_observe_fixed,active,19,-0.9999999999999982,0.003942531915764283
next_observe_fixed,active,19,-0.8999999999999981,0.1713900697101045
next_observe_fixed,active,19,-0.799999999999998,0.2586336092462151
next_observe_fixed,active,19,-0.699999999999998,0.19662030731547583
next_observe_fixed,active,19,-0.5999999999999979,0.19542906931251747
next_observe_fixed,active,19,-0.4999999999999978,0.3277778561961122
next_observe_fixed,active,19,-0.3999999999999977,0.18433996321774315
next_observe_fixed,active,19,-0.2999999999999976,0.017498601983573156
next_observe_fixed,active,19,-0.1999999999999975,0.06411412316767377
next_observe_fixed,active,19,-0.09999999999999742,0.13796134774077456
next_observe_fixed,active,19,2.6645352591003757e-15,0.163312572576511
next_observe_fixed,active,19,0.10000000000000275,0.1438387780105985
next_observe_fixed,active,19,0.20000000000000284,0.17606450779035326
next_observe_fixed,active,19,0.30000000000000293,0.21562916162066412
next_observe_fixed,active,19,0.400000000000003,0.3121783548985625
next_observe_fixed,active,19,0.5000000000000031,0.4657560873019011
next_observe_fixed,active,19,0.6000000000000032,0.46660982049884014
next_observe_fixed,active,19,0.7000000000000033,0.5607477111031222
next_observe_fixed,active,19,0.8000000000000034,0.49685110854837405
next_observe_fixed,active,19,0.9000000000000035,0.4814560996046565
next_observe_fixed,active,19,1.0000000000000036,0.3325341695790655
next_observe_fixed,active,19,1.1000000000000032,0.15172290956253215
next_observe_fixed,active,19,1.2000000000000037,-0.02510280316493299
next_observe_fixed,active,19,1.3000000000000043,0.01735905619308098
next_observe_fixed,active,19,1.400000000000004,-0.2597814823641006
next_observe_fixed,active,19,1.5000000000000036,-0.2106640559748504
next_observe_fixed,active,19,1.600000000000004,-0.2624545175377163
next_observe_fixed,active,19,1.7000000000000046,-0.10132012764721025
next_observe_fixed,active,19,1.8000000000000043,-0.09631580849877125
next_observe_fixed,active,19,1.900000000000004,0.13176581227931827
next_observe_fixed,active,19,2.0000000000000044,0.08098020241362977
next_observe_fixed,active,19,2.100000000000005,-0.03440384366774346
next_observe_fixed,active,19,2.2000000000000046,0.08341457183227254
next_observe_fixed,active,19,2.3000000000000043,0.030178478786052454
next_observe_fixed,active,19,2.400000000000005,0.08287805814346647
next_observe_fixed,active,19,2.5000000000000053,0.07901252547105175
next_observe_fixed,active,19,2.600000000000005,-0.023266788593053256
next_observe_fixed,active,19,2.7000000000000046,0.09295556140449844
next_observe_fixed,active,19,2.800000000000005,0.23143717031969419
next_observe_fixed,active,19,2.9000000000000057,0.43557268031973617
next_observe_fixed,active,19,3.0000000000000053,0.6959310973766267
next_observe_fixed,active,19,3.100000000000005,0.39913262233599234
next_observe_fixed,active,19,3.2000000000000055,0.3836449387538396
next_observe_fixed,active,19,3.300000000000006,0.18298077990447142
next_observe_fixed,active,19,3.4000000000000057,0.15346763061964336
next_observe_fixed,active,19,3.5000000000000053,0.28525886999030686
next_observe_fixed,active,19,3.600000000000006,0.5777047753541615
next_observe_fixed,active,19,3.7000000000000064,0.7059295359989746
next_observe_fixed,active,19,3.800000000000006,0.8217265349962296
next_observe_fixed,active,19,3.9000000000000057,0.709068548630091
next_observe_fixed,active,19,4.000000000000006,0.7621229402248644
next_observe_fixed,active,19,4.100000000000007,0.7612217190238209
next_observe_fixed,active,19,4.200000000000006,0.7149293112354584
next_observe_fixed,active,19,4.300000000000006,0.5910873503288525
next_observe_fixed,active,19,4.400000000000007,0.6325566313811807
next_observe_fixed,active,19,4.500000000000007,0.47692591547351615
next_observe_fixed,active,19,4.600000000000007,0.49270112204302474
next_observe_fixed,active,19,4.700000000000006,0.46392775395772384
next_observe_fixed,active,19,4.800000000000007,0.42047372453089127
next_observe_fixed,active,19,4.9000000000000075,0.4508691519937998
next_observe_fixed,active,19,5.000000000000007,0.6224804072538996
next_observe_fixed,active,19,5.100000000000007,0.6509690714989329
next_observe_fixed,active,19,5.200000000000006,0.6921381357595098
next_observe_fixed,active,19,5.300000000000008,0.6092478131122777
next_observe_fixed,active,19,5.4000000000000075,0.6348354824634355
next_observe_fixed,active,19,5.500000000000007,0.5175175082207064
next_observe_fixed,active,19,5.6000000000000085,0.5439964552660939
next_observe_fixed,active,19,5.700000000000008,0.4751871033268016
next_observe_fixed,active,19,5.800000000000008,0.487995070389123
next_observe_fixed,active,19,5.9000000000000075,0.6484490983538292
next_observe_fixed,active,27,-3.0,0.6231120835677546
next_observe_fixed,active,27,-2.9,0.5669876929265842
next_observe_fixed,active,27,-2.8,0.546346276936954
next_observe_fixed,active,27,-2.6999999999999997,0.42726649849349857
next_observe_fixed,active,27,-2.5999999999999996,0.4073670735781951
next_observe_fixed,active,27,-2.4999999999999996,0.34110958475053377
next_observe_fixed,active,27,-2.3999999999999995,0.3502551385808371
next_observe_fixed,active,27,-2.2999999999999994,0.3069365259286925
next_observe_fixed,active,27,-2.1999999999999993,0.24406113515555758
next_observe_fixed,active,27,-2.099999999999999,0.1933562775168956
next_observe_fixed,active,27,-1.9999999999999991,0.09431326911495438
next_observe_fixed,active,27,-1.899999999999999,-0.015798248003049284
next_observe_fixed,active,27,-1.799999999999999,-0.009200096638671272
next_observe_fixed,active,27,-1.6999999999999988,-0.03327485789900387
next_observe_fixed,active,27,-1.5999999999999988,-0.06708614713053182
next_observe_fixed,active,27,-1.4999999999999987,-0.024840679856064942
next_observe_fixed,active,27,-1.3999999999999986,-0.14083688906547398
next_observe_fixed,active,27,-1.2999999999999985,-0.24083525791537477
next_observe_fixed,active,27,-1.1999999999999984,-0.3053275772929393
next_observe_fixed,active,27,-1.0999999999999983,-0.36968591150761415
next_observe_fixed,active,27,-0.9999999999999982,-0.3697756941905124
next_observe_fixed,active,27,-0.8999999999999981,-0.3909464927663677
next_observe_fixed,active,27,-0.799999999999998,-0.48118792066994626
next_observe_fixed,active,27,-0.699999999999998,-0.5181696997899006
next_observe_fixed,active,27,-0.5999999999999979,-0.5285016673582426
next_observe_fixed,active,27,-0.4999999999999978,-0.4582967814304099
next_observe_fixed,active,27,-0.3999999999999977,-0.3640460879231174
next_observe_fixed,active,27,-0.2999999999999976,-0.2691158961463286
next_observe_fixed,active,27,-0.1999999999999975,-0.18902591681475184
next_observe_fixed,active,27,-0.09999999999999742,-0.15697607882081374
next_observe_fixed,active,27,2.6645352591003757e-15,-0.2041460357422189
next_observe_fixed,active,27,0.10000000000000275,-0.23598760835807955
next_observe_fixed,active,27,0.20000000000000284,-0.2865318672061888
next_observe_fixed,active,27,0.30000000000000293,-0.24033893659894162
next_observe_fixed,active,27,0.400000000000003,-0.1377189230757325
next_observe_fixed,active,27,0.5000000000000031,-0.14604375079729776
next_observe_fixed,active,27,0.6000000000000032,-0.1670405103165689
next_observe_fixed,active,27,0.7000000000000033,-0.18042337956348894
next_observe_fixed,active,27,0.8000000000000034,-0.20985623180401267
next_observe_fixed,active,27,0.9000000000000035,-0.16443966371701355
next_observe_fixed,active,27,1.0000000000000036,-0.20544538015489472
next_observe_fixed,active,27,1.1000000000000032,-0.19345627727937068
next_observe_fixed,active,27,1.2000000000000037,-0.16413127557625173
next_observe_fixed,active,27,1.3000000000000043,-0.12700813791294963
next_observe_fixed,active,27,1.400000000000004,-0.157953943531131
next_observe_fixed,active,27,1.5000000000000036,-0.06307384282673006
next_observe_fixed,active,27,1.600000000000004,0.015021027832823086
next_observe_fixed,active,27,1.7000000000000046,0.0256204148829426
next_observe_fixed,active,27,1.8000000000000043,0.09169140766628359
next_observe_fixed,active,27,1.900000000000004,0.03853634778307175
next_observe_fixed,active,27,2.0000000000000044,-0.01668412069521241
next_observe_fixed,active,27,2.100000000000005,-0.09427770620758445
next_observe_fixed,active,27,2.2000000000000046,-0.0919337469747741
next_observe_fixed,active,27,2.3000000000000043,-0.12815447929976634
next_observe_fixed,active,27,2.400000000000005,-0.13826412872481217
next_observe_fixed,active,27,2.5000000000000053,0.04109809410919335
next_observe_fixed,active,27,2.600000000000005,0.09609225540915572
next_observe_fixed,active,27,2.7000000000000046,0.0594529353638197
next_observe_fixed,active,27,2.800000000000005,-0.005257382702361086
next_observe_fixed,active,27,2.9000000000000057,0.002671462734319714
next_observe_fixed,active,27,3.0000000000000053,0.031622526766400205
next_observe_fixed,active,27,3.100000000000005,-0.00347400942628687
next_observe_fixed,active,27,3.2000000000000055,-0.043426871509517226
next_observe_fixed,active,27,3.300000000000006,-0.03276362729108603
next_observe_fixed,active,27,3.4000000000000057,-0.028700375252926794
next_observe_fixed,active,27,3.5000000000000053,0.045705600586310416
next_observe_fixed,active,27,3.600000000000006,0.0854367310241119
next_observe_fixed,active,27,3.7000000000000064,0.2461755465454301
next_observe_fixed,active,27,3.800000000000006,0.24972026400890052
next_observe_fixed,active,27,3.9000000000000057,0.22830456691346088
next_observe_fixed,active,27,4.000000000000006,0.1625034067958253
next_observe_fixed,active,27,4.100000000000007,0.3221590610072388
next_observe_fixed,active,27,4.200000000000006,0.3212193105243319
next_observe_fixed,active,27,4.300000000000006,0.22732312188885023
next_observe_fixed,active,27,4.400000000000007,0.19566874345646162
next_observe_fixed,active,27,4.500000000000007,0.11934032382611189
next_observe_fixed,active,27,4.600000000000007,0.08944779200789288
next_observe_fixed,active,27,4.700000000000006,0.06353456986466134
next_observe_fixed,active,27,4.800000000000007,0.03039755432293806
next_observe_fixed,active,27,4.9000000000000075,0.09215930762727707
next_observe_fixed,active,27,5.000000000000007,0.09347261927249301
next_observe_fixed,active,27,5.100000000000007,0.116060618644506
next_observe_fixed,active,27,5.200000000000006,0.1374178993780594
next_observe_fixed,active,27,5.300000000000008,0.10499769600232844
next_observe_fixed,active,27,5.4000000000000075,0.05111991628328679
next_observe_fixed,active,27,5.500000000000007,0.024553829497675258
next_observe_fixed,active,27,5.6000000000000085,0.019415204830959543
next_observe_fixed,active,27,5.700000000000008,0.08900782809935834
next_observe_fixed,active,27,5.800000000000008,0.12270689225826747
next_observe_fixed,active,27,5.9000000000000075,0.13156862988099505
next_observe_fixed,active,35,-3.0,0.03739671595178354
next_observe_fixed,active,35,-2.9,0.037709804728740484
next_observe_fixed,active,35,-2.8,0.4257065606994726
next_observe_fixed,active,35,-2.6999999999999997,0.09162294050272614
next_observe_fixed,active,35,-2.5999999999999996,0.05318784511906771
next_observe_fixed,active,35,-2.4999999999999996,0.31504279520557643
next_observe_fixed,active,35,-2.3999999999999995,0.6347150893527231
next_observe_fixed,active,35,-2.2999999999999994,0.3217964029011505
next_observe_fixed,active,35,-2.1999999999999993,0.4225495488605266
next_observe_fixed,active,35,-2.099999999999999,0.4170100239276243
next_observe_fixed,active,35,-1.9999999999999991,0.3753156953271211
next_observe_fixed,active,35,-1.899999999999999,0.10555850772172501
next_observe_fixed,active,35,-1.799999999999999,-0.01930843559128538
next_observe_fixed,active,35,-1.6999999999999988,0.4069510243100864
next_observe_fixed,active,35,-1.5999999999999988,0.36285074814757134
next_observe_fixed,active,35,-1.4999999999999987,-0.0036596939722616795
next_observe_fixed,active,35,-1.3999999999999986,0.30289574521418733
next_observe_fixed,active,35,-1.2999999999999985,0.46164423909443386
next_observe_fixed,active,35,-1.1999999999999984,0.38352764039165
next_observe_fixed,active,35,-1.0999999999999983,0.4391745320464114
next_observe_fixed,active,35,-0.9999999999999982,0.2524134418699895
next_observe_fixed,active,35,-0.8999999999999981,0.37194469698125715
next_observe_fixed,active,35,-0.799999999999998,0.1337682664773754
next_observe_fixed,active,35,-0.699999999999998,0.5145081689582114
next_observe_fixed,active,35,-0.5999999999999979,0.5774547773044589
next_observe_fixed,active,35,-0.4999999999999978,0.31052240768859685
next_observe_fixed,active,35,-0.3999999999999977,0.12469426108625373
next_observe_fixed,active,35,-0.2999999999999976,0.012579754805744886
next_observe_fixed,active,35,-0.1999999999999975,0.14231871908511765
next_observe_fixed,active,35,-0.09999999999999742,0.20120824694233352
next_observe_fixed,active,35,2.6645352591003757e-15,0.24236764815377623
next_observe_fixed,active,35,0.10000000000000275,0.24137601953745205
next_observe_fixed,active,35,0.20000000000000284,0.2758704135895659
next_observe_fixed,active,35,0.30000000000000293,0.43581516451638447
next_observe_fixed,active,35,0.400000000000003,0.4753480156722093
next_observe_fixed,active,35,0.5000000000000031,0.42214933674127764
next_observe_fixed,active,35,0.6000000000000032,0.3651058596253576
next_observe_fixed,active,35,0.7000000000000033,0.17639287863505415
next_observe_fixed,active,35,0.8000000000000034,0.4951844117702686
next_observe_fixed,active,35,0.9000000000000035,0.613677457120982
next_observe_fixed,active,35,1.0000000000000036,0.868937746771954
next_observe_fixed,active,35,1.1000000000000032,0.8411986607701365
next_observe_fixed,active,35,1.2000000000000037,0.7764951828359641
next_observe_fixed,active,35,1.3000000000000043,0.9405404120834713
next_observe_fixed,active,35,1.400000000000004,1.0498339689900273
next_observe_fixed,active,35,1.5000000000000036,1.0260130102326148
next_observe_fixed,active,35,1.600000000000004,1.266611753702311
next_observe_fixed,active,35,1.7000000000000046,0.7889209581494558
next_observe_fixed,active,35,1.8000000000000043,1.1560341835361165
next_observe_fixed,active,35,1.900000000000004,1.025166999210586
next_observe_fixed,active,35,2.0000000000000044,0.8692742359230112
next_observe_fixed,active,35,2.100000000000005,0.660139910381752
next_observe_fixed,active,35,2.2000000000000046,0.46862852235304986
next_observe_fixed,active,35,2.3000000000000043,0.4876605417691324
next_observe_fixed,active,35,2.400000000000005,0.6732352903509902
next_observe_fixed,active,35,2.5000000000000053,0.205772724781854
next_observe_fixed,active,35,2.600000000000005,0.46546817627238524
next_observe_fixed,active,35,2.7000000000000046,0.5056332585539849
next_observe_fixed,active,35,2.800000000000005,0.4073540147631679
next_observe_fixed,active,35,2.9000000000000057,0.4059815549145305
next_observe_fixed,active,35,3.0000000000000053,-0.05784777674174013
next_observe_fixed,active,35,3.100000000000005,-0.0149855897056691
next_observe_fixed,active,35,3.2000000000000055,0.22336372777533103
next_observe_fixed,active,35,3.300000000000006,0.16513955394642635
next_observe_fixed,active,35,3.4000000000000057,0.5588348471130735
next_observe_fixed,active,35,3.5000000000000053,0.3818530386928372
next_observe_fixed,active,35,3.600000000000006,0.5535756252695154
next_observe_fixed,active,35,3.7000000000000064,0.3499148670482264
next_observe_fixed,active,35,3.800000000000006,0.5472979765198869
next_observe_fixed,active,35,3.9000000000000057,0.7247496559945741
next_observe_fixed,active,35,4.000000000000006,0.6103982894548433
next_observe_fixed,active,35,4.100000000000007,0.6728122435777506
next_observe_fixed,active,35,4.200000000000006,0.25439743461185477
next_observe_fixed,active,35,4.300000000000006,0.5346640190050377
next_observe_fixed,active,35,4.400000000000007,0.6678566390467328
next_observe_fixed,active,35,4.500000000000007,0.4639926546944754
next_observe_fixed,active,35,4.600000000000007,0.6047778683858106
next_observe_fixed,active,35,4.700000000000006,0.48108414161408614
next_observe_fixed,active,35,4.800000000000007,0.2671817644822979
next_observe_fixed,active,35,4.9000000000000075,0.5190352531819263
next_observe_fixed,active,35,5.000000000000007,0.412138206486808
next_observe_fixed,active,35,5.100000000000007,0.33526762320205605
next_observe_fixed,active,35,5.200000000000006,0.3800104109607309
next_observe_fixed,active,35,5.300000000000008,0.34839796464215167
next_observe_fixed,active,35,5.4000000000000075,0.38450175036373874
next_observe_fixed,active,35,5.500000000000007,0.48499754486436714
next_observe_fixed,active,35,5.6000000000000085,0.02774356727125163
next_observe_fixed,active,35,5.700000000000008,0.4384285553835532
next_observe_fixed,active,35,5.800000000000008,0.02879679474102831
next_observe_fixed,active,35,5.9000000000000075,0.7560370085603059
next_observe_bout_phase,active,1,0.0,-0.148437518688106
next_observe_bout_phase,active,1,1.0,-0.11383632530392655
next_observe_bout_phase,active,1,2.0,-0.04140425988260231
next_observe_bout_phase,active,1,3.0,-0.013582919188149122
next_observe_bout_phase,active,1,4.0,-0.01894871847520149
next_observe_bout_phase,active,1,5.0,0.041602182214642215
next_observe_bout_phase,active,1,6.0,0.09649820347740329
next_observe_bout_phase,active,1,7.0,0.07624942349094067
next_observe_bout_phase,active,1,8.0,0.069663285332417
next_observe_bout_phase,active,1,9.0,0.08429022425682901
next_observe_bout_phase,active,1,10.0,0.06968079241928651
next_observe_bout_phase,active,1,11.0,0.06234728607675347
next_observe_bout_phase,active,1,12.0,0.09756587076872797
next_observe_bout_phase,active,1,13.0,0.09092915356658209
next_observe_bout_phase,active,1,14.0,0.06637460878768094
next_observe_bout_phase,active,1,15.0,0.03173375165580065
next_observe_bout_phase,active,1,16.0,0.04902306507030043
next_observe_bout_phase,active,1,17.0,0.03535442763377789
next_observe_bout_phase,active,1,18.0,0.05440611431057715
next_observe_bout_phase,active,1,19.0,0.042677244060824515
next_observe_bout_phase,active,1,20.0,0.08406820795033577
next_observe_bout_phase,active,1,21.0,0.041031409999840146
next_observe_bout_phase,active,1,22.0,0.014990856988760319
next_observe_bout_phase,active,1,23.0,-0.006899529338596914
next_observe_bout_phase,active,1,24.0,-0.053521987019879355
next_observe_bout_phase,active,1,25.0,-0.0629064933325471
next_observe_bout_phase,active,1,26.0,-0.03765251310481584
next_observe_bout_phase,active,1,27.0,-0.06482394120289754
next_observe_bout_phase,active,1,28.0,5.121200021058018e-05
next_observe_bout_phase,active,1,29.0,0.011223758870792662
next_observe_bout_phase,active,1,30.0,0.012819433726319477
next_observe_bout_phase,active,1,31.0,0.05361452093395
next_observe_bout_phase,active,1,32.0,0.06972384562395888
next_observe_bout_phase,active,1,33.0,0.10508537665279209
next_observe_bout_phase,active,1,34.0,0.13091156154576467
next_observe_bout_phase,active,1,35.0,0.16548593080033047
next_observe_bout_phase,active,1,36.0,0.16018488323184996
next_observe_bout_phase,active,1,37.0,0.20100208328736388
next_observe_bout_phase,active,1,38.0,0.19160189750089276
next_observe_bout_phase,active,1,39.0,0.19351502326098566
next_observe_bout_phase,active,1,40.0,0.22021847607783193
next_observe_bout_phase,active,1,41.0,0.16828752532839228
next_observe_bout_phase,active,1,42.0,0.19057119069806813
next_observe_bout_phase,active,1,43.0,0.19780270817834503
next_observe_bout_phase,active,1,44.0,0.19943200165565228
next_observe_bout_phase,active,1,45.0,0.1940284891366745
next_observe_bout_phase,active,1,46.0,0.20070963295193775
next_observe_bout_phase,active,1,47.0,0.18407077174093983
next_observe_bout_phase,active,1,48.0,0.18210518435760914
next_observe_bout_phase,active,1,49.0,0.15786710909888607
next_observe_bout_phase,active,1,50.0,0.14797752535565128
next_observe_bout_phase,active,1,51.0,0.10081779406422561
next_observe_bout_phase,active,1,52.0,0.12767261080053444
next_observe_bout_phase,active,1,53.0,0.11898975687282305
next_observe_bout_phase,active,1,54.0,0.12692463009143373
next_observe_bout_phase,active,1,55.0,0.12787285580533733
next_observe_bout_phase,active,1,56.0,0.06281963594119366
next_observe_bout_phase,active,1,57.0,0.11900543941937355
next_observe_bout_phase,active,1,58.0,0.055571497839448945
next_observe_bout_phase,active,1,59.0,0.032857666679735616
next_observe_bout_phase,active,1,60.0,0.032062017613548634
next_observe_bout_phase,active,1,61.0,0.08799999835594734
next_observe_bout_phase,active,1,62.0,-0.00282749104644846
next_observe_bout_phase,active,1,63.0,0.055338120602580435
next_observe_bout_phase,active,1,64.0,-0.015512182748476655
next_observe_bout_phase,active,1,65.0,0.00782406874542168
next_observe_bout_phase,active,1,66.0,0.028891386305913147
next_observe_bout_phase,active,1,67.0,0.004396450904732816
next_observe_bout_phase,active,1,68.0,0.020058745633169485
next_observe_bout_phase,active,1,69.0,0.0685838838155239
next_observe_bout_phase,active,1,70.0,0.02887376013162871
next_observe_bout_phase,active,1,71.0,0.053674709785808246
next_observe_bout_phase,active,1,72.0,-0.002388328219456239
next_observe_bout_phase,active,1,73.0,-0.04740464572829055
next_observe_bout_phase,active,1,74.0,0.004925241517011203
next_observe_bout_phase,active,1,75.0,0.04605628345089897
next_observe_bout_phase,active,1,76.0,0.016512241306371658
next_observe_bout_phase,active,1,77.0,0.04584633594273493
next_observe_bout_phase,active,1,78.0,0.049166733295717926
next_observe_bout_phase,active,1,79.0,0.047267126415799644
next_observe_bout_phase,active,1,80.0,0.03769731468198988
next_observe_bout_phase,active,1,81.0,0.015926564181769978
next_observe_bout_phase,active,1,82.0,-0.0042353958129983365
next_observe_bout_phase,active,1,83.0,0.08283585583035542
next_observe_bout_phase,active,1,84.0,0.07696524417981683
next_observe_bout_phase,active,1,85.0,0.04433470350681061
next_observe_bout_phase,active,1,86.0,0.021487808162706856
next_observe_bout_phase,active,1,87.0,0.02199164828860648
next_observe_bout_phase,active,1,88.0,-0.020462840125121347
next_observe_bout_phase,active,1,89.0,0.014394493438613546
next_observe_bout_phase,active,1,90.0,0.03070860691197928
next_observe_bout_phase,active,1,91.0,0.03275991498597098
next_observe_bout_phase,active,1,92.0,0.048946750007132694
next_observe_bout_phase,active,1,93.0,0.03680856171142587
next_observe_bout_phase,active,1,94.0,0.02717072113637856
next_observe_bout_phase,active,1,95.0,-0.0006935094801682047
next_observe_bout_phase,active,1,96.0,0.023636158779997127
next_observe_bout_phase,active,1,97.0,0.02964507515916691
next_observe_bout_phase,active,1,98.0,0.020470457482640994
next_observe_bout_phase,active,1,99.0,0.06968039902027577
next_observe_bout_phase,active,1,100.0,0.036937000443810715
next_observe_bout_phase,active,3,0.0,-0.5487850554895849
next_observe_bout_phase,active,3,1.0,-0.5130185656468045
next_observe_bout_phase,active,3,2.0,-0.4747618294167226
next_observe_bout_phase,active,3,3.0,-0.3103731977447682
next_observe_bout_phase,active,3,4.0,-0.19493860802143778
next_observe_bout_phase,active,3,5.0,-0.22727822948231727
next_observe_bout_phase,active,3,6.0,-0.24680697049651765
next_observe_bout_phase,active,3,7.0,-0.21865624411101942
next_observe_bout_phase,active,3,8.0,-0.17594226110244068
next_observe_bout_phase,active,3,9.0,-0.1877147872939097
next_observe_bout_phase,active,3,10.0,-0.19747692340954004
next_observe_bout_phase,active,3,11.0,-0.19088536427236139
next_observe_bout_phase,active,3,12.0,-0.12715461673027564
next_observe_bout_phase,active,3,13.0,-0.06581737088412346
next_observe_bout_phase,active,3,14.0,-0.005191255255935231
next_observe_bout_phase,active,3,15.0,-0.0048834075376881815
next_observe_bout_phase,active,3,16.0,-0.05296531494211343
next_observe_bout_phase,active,3,17.0,-0.12317082841117859
next_observe_bout_phase,active,3,18.0,-0.14794741248878623
next_observe_bout_phase,active,3,19.0,-0.2576129655715416
next_observe_bout_phase,active,3,20.0,-0.2461661454013625
next_observe_bout_phase,active,3,21.0,-0.13310585288302618
next_observe_bout_phase,active,3,22.0,-0.1415672773542017
next_observe_bout_phase,active,3,23.0,-0.13469932840965165
next_observe_bout_phase,active,3,24.0,-0.13110325518788044
next_observe_bout_phase,active,3,25.0,-0.0583025606915299
next_observe_bout_phase,active,3,26.0,-0.10331172096312785
next_observe_bout_phase,active,3,27.0,-0.1943547814734494
next_observe_bout_phase,active,3,28.0,-0.11165622088011323
next_observe_bout_phase,active,3,29.0,-0.1270146010277484
next_observe_bout_phase,active,3,30.0,-0.09955972422530213
next_observe_bout_phase,active,3,31.0,-0.22066195507059827
next_observe_bout_phase,active,3,32.0,-0.2651103833846909
next_observe_bout_phase,active,3,33.0,-0.27020363806380754
next_observe_bout_phase,active,3,34.0,-0.2545834589698103
next_observe_bout_phase,active,3,35.0,-0.13433836842263466
next_observe_bout_phase,active,3,36.0,-0.15615191766437392
next_observe_bout_phase,active,3,37.0,-0.1768573365693999
next_observe_bout_phase,active,3,38.0,-0.17424300715898938
next_observe_bout_phase,active,3,39.0,-0.21722416789586702
next_observe_bout_phase,active,3,40.0,-0.24988040035939915
next_observe_bout_phase,active,3,41.0,-0.258057202727986
next_observe_bout_phase,active,3,42.0,-0.2394135686599714
next_observe_bout_phase,active,3,43.0,-0.20610147027458545
next_observe_bout_phase,active,3,44.0,-0.16905115025762138
next_observe_bout_phase,active,3,45.0,-0.16922976185232294
next_observe_bout_phase,active,3,46.0,-0.18740038726155844
next_observe_bout_phase,active,3,47.0,-0.18682166622367055
next_observe_bout_phase,active,3,48.0,-0.26524104640274465
next_observe_bout_phase,active,3,49.0,-0.2841178594843476
next_observe_bout_phase,active,3,50.0,-0.3343254365632109
next_observe_bout_phase,active,3,51.0,-0.3972220723548542
next_observe_bout_phase,active,3,52.0,-0.3879102954018012
next_observe_bout_phase,active,3,53.0,-0.3851304590870085
next_observe_bout_phase,active,3,54.0,-0.41149081407699073
next_observe_bout_phase,active,3,55.0,-0.3744693376640108
next_observe_bout_phase,active,3,56.0,-0.34993721491598784
next_observe_bout_phase,active,3,57.0,-0.2191100421863942
next_observe_bout_phase,active,3,58.0,-0.2325796601531998
next_observe_bout_phase,active,3,59.0,-0.33233567715915424
next_observe_bout_phase,active,3,60.0,-0.3724959900269583
next_observe_bout_phase,active,3,61.0,-0.37441940315401673
next_observe_bout_phase,active,3,62.0,-0.3399267249055315
next_observe_bout_phase,active,3,63.0,-0.3012457982229955
next_observe_bout_phase,active,3,64.0,-0.2567241648052975
next_observe_bout_phase,active,3,65.0,-0.14976270642952244
next_observe_bout_phase,active,3,66.0,-0.14809288068045193
next_observe_bout_phase,active,3,67.0,-0.17712729307675326
next_observe_bout_phase,active,3,68.0,-0.1485470884018832
next_observe_bout_phase,active,3,69.0,-0.13528754022085623
next_observe_bout_phase,active,3,70.0,-0.19658783515281647
next_observe_bout_phase,active,3,71.0,-0.24043531201424628
next_observe_bout_phase,active,3,72.0,-0.23460358895979333
next_observe_bout_phase,active,3,73.0,-0.23466553731291756
next_observe_bout_phase,active,3,74.0,-0.11716569471827837
next_observe_bout_phase,active,3,75.0,-0.05128935052364151
next_observe_bout_phase,active,3,76.0,-0.0754613752478023
next_observe_bout_phase,active,3,77.0,-0.0941139986081778
next_observe_bout_phase,active,3,78.0,-0.05405864096183646
next_observe_bout_phase,active,3,79.0,-0.21577721020020146
next_observe_bout_phase,active,3,80.0,-0.186228997624774
next_observe_bout_phase,active,3,81.0,-0.15292422549138884
next_observe_bout_phase,active,3,82.0,-0.1530016897978736
next_observe_bout_phase,active,3,83.0,-0.16836149465652323
next_observe_bout_phase,active,3,84.0,-0.08790185312003544
next_observe_bout_phase,active,3,85.0,-0.017531126799654427
next_observe_bout_phase,active,3,86.0,-0.03073820923014758
next_observe_bout_phase,active,3,87.0,-0.022660499734770186
next_observe_bout_phase,active,3,88.0,-0.0325011577174723
next_observe_bout_phase,active,3,89.0,-0.030260944094120005
next_observe_bout_phase,active,3,90.0,-0.04469987802757201
next_observe_bout_phase,active,3,91.0,-0.048426386605616024
next_observe_bout_phase,active,3,92.0,-0.019093022525609828
next_observe_bout_phase,active,3,93.0,-0.013504070466984267
next_observe_bout_phase,active,3,94.0,-0.051027440118345306
next_observe_bout_phase,active,3,95.0,-0.10122301259735768
next_observe_bout_phase,active,3,96.0,-0.08080192158006504
next_observe_bout_phase,active,3,97.0,-0.04468794286108035
next_observe_bout_phase,active,3,98.0,-0.03268791433861037
next_observe_bout_phase,active,3,99.0,0.0014268831690808614
next_observe_bout_phase,active,3,100.0,0.03662469123266525
next_observe_bout_phase,active,4,0.0,-0.23143195110440834
next_observe_bout_phase,active,4,1.0,-0.23732750221685683
next_observe_bout_phase,active,4,2.0,-0.24151574025311587
next_observe_bout_phase,active,4,3.0,-0.2512446249451308
next_observe_bout_phase,active,4,4.0,-0.26210362695608547
next_observe_bout_phase,active,4,5.0,-0.22004281178462612
next_observe_bout_phase,active,4,6.0,-0.2062929235646279
next_observe_bout_phase,active,4,7.0,-0.19732280416785317
next_observe_bout_phase,active,4,8.0,-0.17768053897463618
next_observe_bout_phase,active,4,9.0,-0.1227139761028555
next_observe_bout_phase,active,4,10.0,-0.0987148583253911
next_observe_bout_phase,active,4,11.0,-0.09667326257659295
next_observe_bout_phase,active,4,12.0,-0.09276878991674883
next_observe_bout_phase,active,4,13.0,-0.10085158130820156
next_observe_bout_phase,active,4,14.0,-0.09220073830639314
next_observe_bout_phase,active,4,15.0,-0.09809710283668334
next_observe_bout_phase,active,4,16.0,-0.11614917037331234
next_observe_bout_phase,active,4,17.0,-0.14206015858394694
next_observe_bout_phase,active,4,18.0,-0.15563810730723546
next_observe_bout_phase,active,4,19.0,-0.11222794732772591
next_observe_bout_phase,active,4,20.0,-0.03663470986381052
next_observe_bout_phase,active,4,21.0,-0.0287234366743154
next_observe_bout_phase,active,4,22.0,-0.01694552313457702
next_observe_bout_phase,active,4,23.0,-0.019795363418298028
next_observe_bout_phase,active,4,24.0,-0.02489246956170358
next_observe_bout_phase,active,4,25.0,-0.03275230087583321
next_observe_bout_phase,active,4,26.0,-0.04078060982156846
next_observe_bout_phase,active,4,27.0,-0.08924289519675921
next_observe_bout_phase,active,4,28.0,-0.13125739334710185
next_observe_bout_phase,active,4,29.0,-0.14630246604012703
next_observe_bout_phase,active,4,30.0,-0.15380191926776576
next_observe_bout_phase,active,4,31.0,-0.1382388191018544
next_observe_bout_phase,active,4,32.0,-0.11690088863313487
next_observe_bout_phase,active,4,33.0,-0.11368008327374893
next_observe_bout_phase,active,4,34.0,-0.08103422795731058
next_observe_bout_phase,active,4,35.0,-0.05807874252899002
next_observe_bout_phase,active,4,36.0,0.0034838111018691688
next_observe_bout_phase,active,4,37.0,0.016048608912666115
next_observe_bout_phase,active,4,38.0,0.005321939023600123
next_observe_bout_phase,active,4,39.0,0.006622497320491729
next_observe_bout_phase,active,4,40.0,0.028915053610429647
next_observe_bout_phase,active,4,41.0,0.032875563216123976
next_observe_bout_phase,active,4,42.0,0.017459506630684084
next_observe_bout_phase,active,4,43.0,-0.018162139713640453
next_observe_bout_phase,active,4,44.0,0.004091807464368886
next_observe_bout_phase,active,4,45.0,0.030764901009628667
next_observe_bout_phase,active,4,46.0,-0.002977600765563564
next_observe_bout_phase,active,4,47.0,-0.007684588485006847
next_observe_bout_phase,active,4,48.0,0.0223217087659829
next_observe_bout_phase,active,4,49.0,0.04488724948673279
next_observe_bout_phase,active,4,50.0,0.034874948263443166
next_observe_bout_phase,active,4,51.0,0.0020522091537170453
next_observe_bout_phase,active,4,52.0,-0.04450977377993047
next_observe_bout_phase,active,4,53.0,-0.02305618608635592
next_observe_bout_phase,active,4,54.0,-0.02061741913355837
next_observe_bout_phase,active,4,55.0,-0.06807806960247025
next_observe_bout_phase,active,4,56.0,-0.0632111357544725
next_observe_bout_phase,active,4,57.0,-0.021549040265640314
next_observe_bout_phase,active,4,58.0,-0.01524610177062192
next_observe_bout_phase,active,4,59.0,-0.02249213175837151
next_observe_bout_phase,active,4,60.0,-0.038959136922970976
next_observe_bout_phase,active,4,61.0,-0.029037877755852124
next_observe_bout_phase,active,4,62.0,-0.007363387362498986
next_observe_bout_phase,active,4,63.0,0.02521517785228553
next_observe_bout_phase,active,4,64.0,0.05549968048759698
next_observe_bout_phase,active,4,65.0,0.03467073407418326
next_observe_bout_phase,active,4,66.0,0.0319308823333115
next_observe_bout_phase,active,4,67.0,0.0343793627884294
next_observe_bout_phase,active,4,68.0,0.057290912175209194
next_observe_bout_phase,active,4,69.0,0.10699217398674202
next_observe_bout_phase,active,4,70.0,0.1343420908421533
next_observe_bout_phase,active,4,71.0,0.10536675646620858
next_observe_bout_phase,active,4,72.0,0.1197844115501232
next_observe_bout_phase,active,4,73.0,0.13875288984841716
next_observe_bout_phase,active,4,74.0,0.08084808683162589
next_observe_bout_phase,active,4,75.0,0.040905505080509504
next_observe_bout_phase,active,4,76.0,0.04426418455283547
next_observe_bout_phase,active,4,77.0,0.07365518836128289
next_observe_bout_phase,active,4,78.0,0.09155158622316358
next_observe_bout_phase,active,4,79.0,0.06976813652509022
next_observe_bout_phase,active,4,80.0,0.07616597823064815
next_observe_bout_phase,active,4,81.0,0.10034724689186947
next_observe_bout_phase,active,4,82.0,0.13856818552150468
next_observe_bout_phase,active,4,83.0,0.11638942509623844
next_observe_bout_phase,active,4,84.0,0.11009546598884454
next_observe_bout_phase,active,4,85.0,0.09971948837511663
next_observe_bout_phase,active,4,86.0,0.06221577190770724
next_observe_bout_phase,active,4,87.0,0.06501932131359583
next_observe_bout_phase,active,4,88.0,0.023566312788878746
next_observe_bout_phase,active,4,89.0,-0.017963291327373978
next_observe_bout_phase,active,4,90.0,-0.053565481785050224
next_observe_bout_phase,active,4,91.0,-0.09477768567056603
next_observe_bout_phase,active,4,92.0,-0.1573777299392831
next_observe_bout_phase,active,4,93.0,-0.14991237195084012
next_observe_bout_phase,active,4,94.0,-0.12198209829933437
next_observe_bout_phase,active,4,95.0,-0.10315957948650509
next_observe_bout_phase,active,4,96.0,-0.08178205137680412
next_observe_bout_phase,active,4,97.0,-0.08558412565711167
next_observe_bout_phase,active,4,98.0,-0.1037892757773365
next_observe_bout_phase,active,4,99.0,-0.16446781140203492
next_observe_bout_phase,active,4,100.0,-0.19787853230588556
next_observe_bout_phase,active,5,0.0,-0.49717746072411806
next_observe_bout_phase,active,5,1.0,-0.5007695438875166
next_observe_bout_phase,active,5,2.0,-0.49761584796889163
next_observe_bout_phase,active,5,3.0,-0.48827828538467305
next_observe_bout_phase,active,5,4.0,-0.4861864681539042
next_observe_bout_phase,active,5,5.0,-0.4929364344356962
next_observe_bout_phase,active,5,6.0,-0.47094109323792227
next_observe_bout_phase,active,5,7.0,-0.46098143157598787
next_observe_bout_phase,active,5,8.0,-0.4747191413467414
next_observe_bout_phase,active,5,9.0,-0.45567632015013965
next_observe_bout_phase,active,5,10.0,-0.44803027350078556
next_observe_bout_phase,active,5,11.0,-0.4131915834920294
next_observe_bout_phase,active,5,12.0,-0.36910621027793983
next_observe_bout_phase,active,5,13.0,-0.40153028869692003
next_observe_bout_phase,active,5,14.0,-0.41545787897437647
next_observe_bout_phase,active,5,15.0,-0.40083239467851534
next_observe_bout_phase,active,5,16.0,-0.4088586359543365
next_observe_bout_phase,active,5,17.0,-0.3602698529180631
next_observe_bout_phase,active,5,18.0,-0.33657312293436786
next_observe_bout_phase,active,5,19.0,-0.3260763642091557
next_observe_bout_phase,active,5,20.0,-0.35631612263728824
next_observe_bout_phase,active,5,21.0,-0.36091924353605426
next_observe_bout_phase,active,5,22.0,-0.3581558954432439
next_observe_bout_phase,active,5,23.0,-0.34319498165506507
next_observe_bout_phase,active,5,24.0,-0.3281204742697781
next_observe_bout_phase,active,5,25.0,-0.3081364051670724
next_observe_bout_phase,active,5,26.0,-0.32839742860545595
next_observe_bout_phase,active,5,27.0,-0.3381029491506396
next_observe_bout_phase,active,5,28.0,-0.3321174468255475
next_observe_bout_phase,active,5,29.0,-0.33804641260387636
next_observe_bout_phase,active,5,30.0,-0.34396799868615485
next_observe_bout_phase,active,5,31.0,-0.29831293164835054
next_observe_bout_phase,active,5,32.0,-0.2866225858629442
next_observe_bout_phase,active,5,33.0,-0.29139547134280946
next_observe_bout_phase,active,5,34.0,-0.22447058062133876
next_observe_bout_phase,active,5,35.0,-0.21026539680609513
next_observe_bout_phase,active,5,36.0,-0.21712001696535968
next_observe_bout_phase,active,5,37.0,-0.2154736182226795
next_observe_bout_phase,active,5,38.0,-0.19695885313855663
next_observe_bout_phase,active,5,39.0,-0.17656307255727746
next_observe_bout_phase,active,5,40.0,-0.15107383785636405
next_observe_bout_phase,active,5,41.0,-0.15396692170818133
next_observe_bout_phase,active,5,42.0,-0.15391820485123264
next_observe_bout_phase,active,5,43.0,-0.15907859853288597
next_observe_bout_phase,active,5,44.0,-0.13750643763816708
next_observe_bout_phase,active,5,45.0,-0.05639064587948402
next_observe_bout_phase,active,5,46.0,-0.04787349029228035
next_observe_bout_phase,active,5,47.0,-0.07525194020532229
next_observe_bout_phase,active,5,48.0,-0.10025942133495724
next_observe_bout_phase,active,5,49.0,-0.08121804624346174
next_observe_bout_phase,active,5,50.0,-0.10242382228689526
next_observe_bout_phase,active,5,51.0,-0.12682047157412624
next_observe_bout_phase,active,5,52.0,-0.12466790785190911
next_observe_bout_phase,active,5,53.0,-0.13315345757363733
next_observe_bout_phase,active,5,54.0,-0.14893527637877363
next_observe_bout_phase,active,5,55.0,-0.15880937613755805
next_observe_bout_phase,active,5,56.0,-0.14234169491216275
next_observe_bout_phase,active,5,57.0,-0.11476152423562958
next_observe_bout_phase,active,5,58.0,-0.12005920198414706
next_observe_bout_phase,active,5,59.0,-0.0947820906009153
next_observe_bout_phase,active,5,60.0,-0.09064830311583631
next_observe_bout_phase,active,5,61.0,-0.0881042941435168
next_observe_bout_phase,active,5,62.0,-0.0985413058974455
next_observe_bout_phase,active,5,63.0,-0.1360308641265766
next_observe_bout_phase,active,5,64.0,-0.1687752718043875
next_observe_bout_phase,active,5,65.0,-0.14019369154573696
next_observe_bout_phase,active,5,66.0,-0.08058373352113588
next_observe_bout_phase,active,5,67.0,-0.06431924050381572
next_observe_bout_phase,active,5,68.0,-0.10000793515315622
next_observe_bout_phase,active,5,69.0,-0.07082989176384633
next_observe_bout_phase,active,5,70.0,-0.14508299482152992
next_observe_bout_phase,active,5,71.0,-0.17202226947849736
next_observe_bout_phase,active,5,72.0,-0.1826189536673905
next_observe_bout_phase,active,5,73.0,-0.14374746243046774
next_observe_bout_phase,active,5,74.0,-0.1616046313809667
next_observe_bout_phase,active,5,75.0,-0.15356849368878397
next_observe_bout_phase,active,5,76.0,-0.14409573013437027
next_observe_bout_phase,active,5,77.0,-0.1390811419276111
next_observe_bout_phase,active,5,78.0,-0.13406734977380327
next_observe_bout_phase,active,5,79.0,-0.13845708371108906
next_observe_bout_phase,active,5,80.0,-0.16215485511546837
next_observe_bout_phase,active,5,81.0,-0.16511777436907066
next_observe_bout_phase,active,5,82.0,-0.18288644771122245
next_observe_bout_phase,active,5,83.0,-0.19820310283033366
next_observe_bout_phase,active,5,84.0,-0.2070578143876631
next_observe_bout_phase,active,5,85.0,-0.22656497803446785
next_observe_bout_phase,active,5,86.0,-0.2425695018305721
next_observe_bout_phase,active,5,87.0,-0.2647132556741313
next_observe_bout_phase,active,5,88.0,-0.2763851578895075
next_observe_bout_phase,active,5,89.0,-0.27752116488173584
next_observe_bout_phase,active,5,90.0,-0.24247267555068966
next_observe_bout_phase,active,5,91.0,-0.2052662242710249
next_observe_bout_phase,active,5,92.0,-0.23119349467654493
next_observe_bout_phase,active,5,93.0,-0.21799221512239017
next_observe_bout_phase,active,5,94.0,-0.18947856188571702
next_observe_bout_phase,active,5,95.0,-0.1887202884565444
next_observe_bout_phase,active,5,96.0,-0.20686321653193385
next_observe_bout_phase,active,5,97.0,-0.21165415603457263
next_observe_bout_phase,active,5,98.0,-0.20479570141251438
next_observe_bout_phase,active,5,99.0,-0.1961818730079814
next_observe_bout_phase,active,5,100.0,-0.16408273547806013
next_observe_bout_phase,active,6,0.0,-0.11782376729000281
next_observe_bout_phase,active,6,1.0,-0.12083112685754221
next_observe_bout_phase,active,6,2.0,-0.1138041731177959
next_observe_bout_phase,active,6,3.0,-0.11516502436780464
next_observe_bout_phase,active,6,4.0,-0.12637849167057122
next_observe_bout_phase,active,6,5.0,-0.13391054978368225
next_observe_bout_phase,active,6,6.0,-0.13909044771314338
next_observe_bout_phase,active,6,7.0,-0.12948185593494282
next_observe_bout_phase,active,6,8.0,-0.12799082040946602
next_observe_bout_phase,active,6,9.0,-0.11536524248233515
next_observe_bout_phase,active,6,10.0,-0.0928834313691297
next_observe_bout_phase,active,6,11.0,-0.08732131570755793
next_observe_bout_phase,active,6,12.0,-0.0654909370898107
next_observe_bout_phase,active,6,13.0,-0.03901712272455727
next_observe_bout_phase,active,6,14.0,-0.04816263208516081
next_observe_bout_phase,active,6,15.0,-0.06542958179334349
next_observe_bout_phase,active,6,16.0,-0.08071596051222908
next_observe_bout_phase,active,6,17.0,-0.0808051438750692
next_observe_bout_phase,active,6,18.0,-0.053515880097144745
next_observe_bout_phase,active,6,19.0,-0.056787939376493034
next_observe_bout_phase,active,6,20.0,-0.055822285983467015
next_observe_bout_phase,active,6,21.0,-0.04685308380215624
next_observe_bout_phase,active,6,22.0,-0.0459554847066066
next_observe_bout_phase,active,6,23.0,-0.054595186835608885
next_observe_bout_phase,active,6,24.0,-0.06814565438136856
next_observe_bout_phase,active,6,25.0,-0.055013164124524214
next_observe_bout_phase,active,6,26.0,-0.04572533890805484
next_observe_bout_phase,active,6,27.0,-0.027627149729642173
next_observe_bout_phase,active,6,28.0,-0.020161589860139568
next_observe_bout_phase,active,6,29.0,-0.02598847240728046
next_observe_bout_phase,active,6,30.0,-0.04301973744605427
next_observe_bout_phase,active,6,31.0,-0.050068477208412045
next_observe_bout_phase,active,6,32.0,-0.058693059526843755
next_observe_bout_phase,active,6,33.0,-0.05922043881716357
next_observe_bout_phase,active,6,34.0,-0.04484581823982414
next_observe_bout_phase,active,6,35.0,-0.052210878704168476
next_observe_bout_phase,active,6,36.0,-0.0457005772721737
next_observe_bout_phase,active,6,37.0,-0.01987743074152996
next_observe_bout_phase,active,6,38.0,-0.010976039236021534
next_observe_bout_phase,active,6,39.0,-0.03000940244966033
next_observe_bout_phase,active,6,40.0,-0.05531707839415811
next_observe_bout_phase,active,6,41.0,-0.054067230041515826
next_observe_bout_phase,active,6,42.0,-0.03475557055942171
next_observe_bout_phase,active,6,43.0,-0.03755853869433283
next_observe_bout_phase,active,6,44.0,-0.030486951123284672
next_observe_bout_phase,active,6,45.0,-0.0323805515091377
next_observe_bout_phase,active,6,46.0,-0.024493331755672205
next_observe_bout_phase,active,6,47.0,-0.02555545536484455
next_observe_bout_phase,active,6,48.0,-0.009792117880081845
next_observe_bout_phase,active,6,49.0,-0.02772487469852686
next_observe_bout_phase,active,6,50.0,-0.012033565528948735
next_observe_bout_phase,active,6,51.0,-0.015694582164927064
next_observe_bout_phase,active,6,52.0,-0.07041374090427503
next_observe_bout_phase,active,6,53.0,-0.10571473943719126
next_observe_bout_phase,active,6,54.0,-0.10609930554377478
next_observe_bout_phase,active,6,55.0,-0.14203159896225537
next_observe_bout_phase,active,6,56.0,-0.152789498063115
next_observe_bout_phase,active,6,57.0,-0.14063824070697334
next_observe_bout_phase,active,6,58.0,-0.1068114305500322
next_observe_bout_phase,active,6,59.0,-0.06475281881014987
next_observe_bout_phase,active,6,60.0,-0.08593428528078985
next_observe_bout_phase,active,6,61.0,-0.09052280938792923
next_observe_bout_phase,active,6,62.0,-0.11588352186544319
next_observe_bout_phase,active,6,63.0,-0.11556432028014013
next_observe_bout_phase,active,6,64.0,-0.09867823263379168
next_observe_bout_phase,active,6,65.0,-0.07851395991827417
next_observe_bout_phase,active,6,66.0,-0.07535656856646888
next_observe_bout_phase,active,6,67.0,-0.07700523592059641
next_observe_bout_phase,active,6,68.0,-0.07105425743721085
next_observe_bout_phase,active,6,69.0,-0.0870657512030633
next_observe_bout_phase,active,6,70.0,-0.09400539288462549
next_observe_bout_phase,active,6,71.0,-0.0792152660761543
next_observe_bout_phase,active,6,72.0,-0.053478083850788
next_observe_bout_phase,active,6,73.0,-0.032238554274574935
next_observe_bout_phase,active,6,74.0,-0.043759756959975714
next_observe_bout_phase,active,6,75.0,-0.06944450035084833
next_observe_bout_phase,active,6,76.0,-0.07501407205759943
next_observe_bout_phase,active,6,77.0,-0.07430075684572719
next_observe_bout_phase,active,6,78.0,-0.06612808241594201
next_observe_bout_phase,active,6,79.0,-0.038828813983182976
next_observe_bout_phase,active,6,80.0,-0.025220539890191324
next_observe_bout_phase,active,6,81.0,-0.01124050239453827
next_observe_bout_phase,active,6,82.0,0.004106887064475969
next_observe_bout_phase,active,6,83.0,0.008108140916089525
next_observe_bout_phase,active,6,84.0,0.022978289377692356
next_observe_bout_phase,active,6,85.0,0.03209996266298039
next_observe_bout_phase,active,6,86.0,0.002296355053132856
next_observe_bout_phase,active,6,87.0,0.0002857216543592434
next_observe_bout_phase,active,6,88.0,-0.01771648584147613
next_observe_bout_phase,active,6,89.0,-0.03601136405734685
next_observe_bout_phase,active,6,90.0,-0.021895372882308917
next_observe_bout_phase,active,6,91.0,-0.012228845861117056
next_observe_bout_phase,active,6,92.0,0.025079455013058444
next_observe_bout_phase,active,6,93.0,0.04144652592149245
next_observe_bout_phase,active,6,94.0,0.04774180645594112
next_observe_bout_phase,active,6,95.0,0.03903504373230201
next_observe_bout_phase,active,6,96.0,0.030051838998744678
next_observe_bout_phase,active,6,97.0,0.0233664770971748
next_observe_bout_phase,active,6,98.0,0.009459120674717653
next_observe_bout_phase,active,6,99.0,0.00829446096160243
next_observe_bout_phase,active,6,100.0,-0.016140436361070494
next_observe_bout_phase,active,18,0.0,-0.15431868641178195
next_observe_bout_phase,active,18,1.0,-0.13513055669628646
next_observe_bout_phase,active,18,2.0,-0.11686334443898017
next_observe_bout_phase,active,18,3.0,-0.10140907745197474
next_observe_bout_phase,active,18,4.0,-0.08414901542942235
next_observe_bout_phase,active,18,5.0,-0.05755828607942996
next_observe_bout_phase,active,18,6.0,-0.014714859108442047
next_observe_bout_phase,active,18,7.0,0.01939168427111953
next_observe_bout_phase,active,18,8.0,0.04334383588293286
next_observe_bout_phase,active,18,9.0,0.05522886365723144
next_observe_bout_phase,active,18,10.0,0.05429926826106777
next_observe_bout_phase,active,18,11.0,0.04888453462732361
next_observe_bout_phase,active,18,12.0,0.058006073156899166
next_observe_bout_phase,active,18,13.0,0.07933027349962121
next_observe_bout_phase,active,18,14.0,0.09738104117171298
next_observe_bout_phase,active,18,15.0,0.11799267258061397
next_observe_bout_phase,active,18,16.0,0.14677724244685042
next_observe_bout_phase,active,18,17.0,0.18700388526638795
next_observe_bout_phase,active,18,18.0,0.22312329383551005
next_observe_bout_phase,active,18,19.0,0.23358052259696677
next_observe_bout_phase,active,18,20.0,0.23462838616053894
next_observe_bout_phase,active,18,21.0,0.26617039214930055
next_observe_bout_phase,active,18,22.0,0.29214365461978914
next_observe_bout_phase,active,18,23.0,0.3026996800796556
next_observe_bout_phase,active,18,24.0,0.3133865943593773
next_observe_bout_phase,active,18,25.0,0.3296338999890681
next_observe_bout_phase,active,18,26.0,0.35434737454579723
next_observe_bout_phase,active,18,27.0,0.3852036145663456
next_observe_bout_phase,active,18,28.0,0.4168082385199563
next_observe_bout_phase,active,18,29.0,0.43976135982327846
next_observe_bout_phase,active,18,30.0,0.4526625267283926
next_observe_bout_phase,active,18,31.0,0.48212422048586967
next_observe_bout_phase,active,18,32.0,0.49424098476370587
next_observe_bout_phase,active,18,33.0,0.4919010630993516
next_observe_bout_phase,active,18,34.0,0.4957904451317102
next_observe_bout_phase,active,18,35.0,0.49521866210129695
next_observe_bout_phase,active,18,36.0,0.5300262938218353
next_observe_bout_phase,active,18,37.0,0.5616857215979042
next_observe_bout_phase,active,18,38.0,0.5768437913192062
next_observe_bout_phase,active,18,39.0,0.5845234504316749
next_observe_bout_phase,active,18,40.0,0.5854779417187702
next_observe_bout_phase,active,18,41.0,0.593347656505886
next_observe_bout_phase,active,18,42.0,0.6052960786643068
next_observe_bout_phase,active,18,43.0,0.6001971049634334
next_observe_bout_phase,active,18,44.0,0.5975418260877856
next_observe_bout_phase,active,18,45.0,0.6027369122990758
next_observe_bout_phase,active,18,46.0,0.6239386246517016
next_observe_bout_phase,active,18,47.0,0.638200016830166
next_observe_bout_phase,active,18,48.0,0.6482288738719166
next_observe_bout_phase,active,18,49.0,0.6509665819585375
next_observe_bout_phase,active,18,50.0,0.648479525780199
next_observe_bout_phase,active,18,51.0,0.6534362490055636
next_observe_bout_phase,active,18,52.0,0.6477909462816508
next_observe_bout_phase,active,18,53.0,0.6333744175556472
next_observe_bout_phase,active,18,54.0,0.6254402305058474
next_observe_bout_phase,active,18,55.0,0.6230895568558292
next_observe_bout_phase,active,18,56.0,0.614417902230227
next_observe_bout_phase,active,18,57.0,0.6122900439986366
next_observe_bout_phase,active,18,58.0,0.6193864101338843
next_observe_bout_phase,active,18,59.0,0.6178936760404691
next_observe_bout_phase,active,18,60.0,0.6308585850950317
next_observe_bout_phase,active,18,61.0,0.6671767894204386
next_observe_bout_phase,active,18,62.0,0.6934730609700408
next_observe_bout_phase,active,18,63.0,0.7198602510399528
next_observe_bout_phase,active,18,64.0,0.7472955189310001
next_observe_bout_phase,active,18,65.0,0.772421872013451
next_observe_bout_phase,active,18,66.0,0.7707556661151864
next_observe_bout_phase,active,18,67.0,0.7694540083639533
next_observe_bout_phase,active,18,68.0,0.7676761607832973
next_observe_bout_phase,active,18,69.0,0.7848110284065604
next_observe_bout_phase,active,18,70.0,0.816854061140932
next_observe_bout_phase,active,18,71.0,0.81999769263319
next_observe_bout_phase,active,18,72.0,0.8242415032602672
next_observe_bout_phase,active,18,73.0,0.8159441361538171
next_observe_bout_phase,active,18,74.0,0.821849087874287
next_observe_bout_phase,active,18,75.0,0.8372789816645685
next_observe_bout_phase,active,18,76.0,0.8543420797074894
next_observe_bout_phase,active,18,77.0,0.8693776384414083
next_observe_bout_phase,active,18,78.0,0.8769993800273511
next_observe_bout_phase,active,18,79.0,0.8768480262774336
next_observe_bout_phase,active,18,80.0,0.8666462628371745
next_observe_bout_phase,active,18,81.0,0.8497128838671635
next_observe_bout_phase,active,18,82.0,0.8429157951503112
next_observe_bout_phase,active,18,83.0,0.844780872866064
next_observe_bout_phase,active,18,84.0,0.8317378592337743
next_observe_bout_phase,active,18,85.0,0.8278824264518129
next_observe_bout_phase,active,18,86.0,0.8270172175980536
next_observe_bout_phase,active,18,87.0,0.8184214579484944
next_observe_bout_phase,active,18,88.0,0.8171303426554081
next_observe_bout_phase,active,18,89.0,0.8257824762709646
next_observe_bout_phase,active,18,90.0,0.8413350389195291
next_observe_bout_phase,active,18,91.0,0.868291697417153
next_observe_bout_phase,active,18,92.0,0.864975193569536
next_observe_bout_phase,active,18,93.0,0.8583499399547225
next_observe_bout_phase,active,18,94.0,0.8517935931954191
next_observe_bout_phase,active,18,95.0,0.8396922598675719
next_observe_bout_phase,active,18,96.0,0.8397431994202673
next_observe_bout_phase,active,18,97.0,0.8534522032539623
next_observe_bout_phase,active,18,98.0,0.8740114451894044
next_observe_bout_phase,active,18,99.0,0.8755807448859091
next_observe_bout_phase,active,18,100.0,0.8703257172303835
next_observe_bout_phase,active,19,0.0,0.16331257257651094
next_observe_bout_phase,active,19,1.0,0.17044141580291558
next_observe_bout_phase,active,19,2.0,0.17757025902932025
next_observe_bout_phase,active,19,3.0,0.18469910225572483
next_observe_bout_phase,active,19,4.0,0.18554314827596044
next_observe_bout_phase,active,19,5.0,0.17800746468797063
next_observe_bout_phase,active,19,6.0,0.1722825579893405
next_observe_bout_phase,active,19,7.0,0.16882112240240987
next_observe_bout_phase,active,19,8.0,0.16479308811203325
next_observe_bout_phase,active,19,9.0,0.16067062070441557
next_observe_bout_phase,active,19,10.0,0.1565481532967979
next_observe_bout_phase,active,19,11.0,0.1495664680905897
next_observe_bout_phase,active,19,12.0,0.12918094471878117
next_observe_bout_phase,active,19,13.0,0.1079066063629625
next_observe_bout_phase,active,19,14.0,0.08652542723177409
next_observe_bout_phase,active,19,15.0,0.08649927663038437
next_observe_bout_phase,active,19,16.0,0.09501513744091399
next_observe_bout_phase,active,19,17.0,0.10435856649669975
next_observe_bout_phase,active,19,18.0,0.11226567808382
next_observe_bout_phase,active,19,19.0,0.10162406591587451
next_observe_bout_phase,active,19,20.0,0.09098245374792902
next_observe_bout_phase,active,19,21.0,0.07969396867218033
next_observe_bout_phase,active,19,22.0,0.07671292618515024
next_observe_bout_phase,active,19,23.0,0.07739293900606584
next_observe_bout_phase,active,19,24.0,0.07733880136024042
next_observe_bout_phase,active,19,25.0,0.07728466371441504
next_observe_bout_phase,active,19,26.0,0.07365404764931387
next_observe_bout_phase,active,19,27.0,0.07002343158421266
next_observe_bout_phase,active,19,28.0,0.06768461331759522
next_observe_bout_phase,active,19,29.0,0.07133150902674706
next_observe_bout_phase,active,19,30.0,0.0769309669773338
next_observe_bout_phase,active,19,31.0,0.08253042492792054
next_observe_bout_phase,active,19,32.0,0.08812988287850726
next_observe_bout_phase,active,19,33.0,0.08073770048237736
next_observe_bout_phase,active,19,34.0,0.06939094379517122
next_observe_bout_phase,active,19,35.0,0.05714953665798664
next_observe_bout_phase,active,19,36.0,0.05228577766329082
next_observe_bout_phase,active,19,37.0,0.0658661390248163
next_observe_bout_phase,active,19,38.0,0.08039018044494636
next_observe_bout_phase,active,19,39.0,0.0962721460146334
next_observe_bout_phase,active,19,40.0,0.10320671744046095
next_observe_bout_phase,active,19,41.0,0.10806327633533985
next_observe_bout_phase,active,19,42.0,0.11291983523021876
next_observe_bout_phase,active,19,43.0,0.11789186823549622
next_observe_bout_phase,active,19,44.0,0.12355674590316496
next_observe_bout_phase,active,19,45.0,0.1283751427432988
next_observe_bout_phase,active,19,46.0,0.13251635492140476
next_observe_bout_phase,active,19,47.0,0.12801763991069548
next_observe_bout_phase,active,19,48.0,0.11703897950837491
next_observe_bout_phase,active,19,49.0,0.10606031910605433
next_observe_bout_phase,active,19,50.0,0.09508165870373372
next_observe_bout_phase,active,19,51.0,0.12248230683540741
next_observe_bout_phase,active,19,52.0,0.14988295496708118
next_observe_bout_phase,active,19,53.0,0.17728360309875488
next_observe_bout_phase,active,19,54.0,0.2001286803351121
next_observe_bout_phase,active,19,55.0,0.2168996630443808
next_observe_bout_phase,active,19,56.0,0.22900306363200046
next_observe_bout_phase,active,19,57.0,0.23527198656755888
next_observe_bout_phase,active,19,58.0,0.2529690256253025
next_observe_bout_phase,active,19,59.0,0.2725707507034104
next_observe_bout_phase,active,19,60.0,0.2921724757815184
next_observe_bout_phase,active,19,61.0,0.3049165706443473
next_observe_bout_phase,active,19,62.0,0.3071776793752646
next_observe_bout_phase,active,19,63.0,0.30591614294550473
next_observe_bout_phase,active,19,64.0,0.3006060546689413
next_observe_bout_phase,active,19,65.0,0.3024901156466708
next_observe_bout_phase,active,19,66.0,0.3072518363261171
next_observe_bout_phase,active,19,67.0,0.3104512802550843
next_observe_bout_phase,active,19,68.0,0.3099854398413072
next_observe_bout_phase,active,19,69.0,0.30627521437681593
next_observe_bout_phase,active,19,70.0,0.30256498891232464
next_observe_bout_phase,active,19,71.0,0.29885476344783346
next_observe_bout_phase,active,19,72.0,0.29812424471927707
next_observe_bout_phase,active,19,73.0,0.29897819324999264
next_observe_bout_phase,active,19,74.0,0.29964633812565716
next_observe_bout_phase,active,19,75.0,0.3003144830013217
next_observe_bout_phase,active,19,76.0,0.2933963756203272
next_observe_bout_phase,active,19,77.0,0.2864782682393326
next_observe_bout_phase,active,19,78.0,0.2795737566040947
next_observe_bout_phase,active,19,79.0,0.27099093846070876
next_observe_bout_phase,active,19,80.0,0.26010693149292785
next_observe_bout_phase,active,19,81.0,0.24923720454853301
next_observe_bout_phase,active,19,82.0,0.23836747760413818
next_observe_bout_phase,active,19,83.0,0.24695841455603118
next_observe_bout_phase,active,19,84.0,0.26874111785595767
next_observe_bout_phase,active,19,85.0,0.29549798233854374
next_observe_bout_phase,active,19,86.0,0.31879652683752885
next_observe_bout_phase,active,19,87.0,0.33344927137751135
next_observe_bout_phase,active,19,88.0,0.34680556668459395
next_observe_bout_phase,active,19,89.0,0.3573641932372945
next_observe_bout_phase,active,19,90.0,0.35768390069068645
next_observe_bout_phase,active,19,91.0,0.35871194297309783
next_observe_bout_phase,active,19,92.0,0.3597399852555092
next_observe_bout_phase,active,19,93.0,0.36215251321377095
next_observe_bout_phase,active,19,94.0,0.37287195522713457
next_observe_bout_phase,active,19,95.0,0.3928001496908571
next_observe_bout_phase,active,19,96.0,0.4200953461148662
next_observe_bout_phase,active,19,97.0,0.45911828785923015
next_observe_bout_phase,active,19,98.0,0.5069370385938599
next_observe_bout_phase,active,19,99.0,0.5547557893284895
next_observe_bout_phase,active,19,100.0,0.6025745400631191
next_observe_bout_phase,active,27,0.0,-0.20414603574221873
next_observe_bout_phase,active,27,1.0,-0.2303682675278247
next_observe_bout_phase,active,27,2.0,-0.23481844993105302
next_observe_bout_phase,active,27,3.0,-0.23223450170227267
next_observe_bout_phase,active,27,4.0,-0.24725717772983227
next_observe_bout_phase,active,27,5.0,-0.2681861447364048
next_observe_bout_phase,active,27,6.0,-0.2681003835068189
next_observe_bout_phase,active,27,7.0,-0.24843280505420987
next_observe_bout_phase,active,27,8.0,-0.22704201676587524
next_observe_bout_phase,active,27,9.0,-0.2048920880525542
next_observe_bout_phase,active,27,10.0,-0.18648401098635112
next_observe_bout_phase,active,27,11.0,-0.17144729640380416
next_observe_bout_phase,active,27,12.0,-0.17872486260850148
next_observe_bout_phase,active,27,13.0,-0.1715376899040111
next_observe_bout_phase,active,27,14.0,-0.15750880995350502
next_observe_bout_phase,active,27,15.0,-0.1504390952561909
next_observe_bout_phase,active,27,16.0,-0.14116354797117042
next_observe_bout_phase,active,27,17.0,-0.11891710760994345
next_observe_bout_phase,active,27,18.0,-0.10977637635655427
next_observe_bout_phase,active,27,19.0,-0.08624202727982021
next_observe_bout_phase,active,27,20.0,-0.06990983744605553
next_observe_bout_phase,active,27,21.0,-0.060428514080096536
next_observe_bout_phase,active,27,22.0,-0.07320989526538006
next_observe_bout_phase,active,27,23.0,-0.09769148738992911
next_observe_bout_phase,active,27,24.0,-0.1292354268647765
next_observe_bout_phase,active,27,25.0,-0.14614853824200738
next_observe_bout_phase,active,27,26.0,-0.14655162675440905
next_observe_bout_phase,active,27,27.0,-0.14302156402009636
next_observe_bout_phase,active,27,28.0,-0.1191150952973322
next_observe_bout_phase,active,27,29.0,-0.11373677460553627
next_observe_bout_phase,active,27,30.0,-0.11934308736696407
next_observe_bout_phase,active,27,31.0,-0.11085343199903136
next_observe_bout_phase,active,27,32.0,-0.13376216379678219
next_observe_bout_phase,active,27,33.0,-0.13442249896420247
next_observe_bout_phase,active,27,34.0,-0.1554427819881735
next_observe_bout_phase,active,27,35.0,-0.14905452889866838
next_observe_bout_phase,active,27,36.0,-0.13400514772382432
next_observe_bout_phase,active,27,37.0,-0.14278147383172393
next_observe_bout_phase,active,27,38.0,-0.12992790916054095
next_observe_bout_phase,active,27,39.0,-0.13352120854563318
next_observe_bout_phase,active,27,40.0,-0.16711221658233197
next_observe_bout_phase,active,27,41.0,-0.1844296756394251
next_observe_bout_phase,active,27,42.0,-0.18360825908754766
next_observe_bout_phase,active,27,43.0,-0.1763781146160996
next_observe_bout_phase,active,27,44.0,-0.16137273594388574
next_observe_bout_phase,active,27,45.0,-0.13221473882972423
next_observe_bout_phase,active,27,46.0,-0.09486917718030591
next_observe_bout_phase,active,27,47.0,-0.09146098216276101
next_observe_bout_phase,active,27,48.0,-0.1108251172223265
next_observe_bout_phase,active,27,49.0,-0.13135990946925657
next_observe_bout_phase,active,27,50.0,-0.11258208993231555
next_observe_bout_phase,active,27,51.0,-0.09230147208202354
next_observe_bout_phase,active,27,52.0,-0.078041363893571
next_observe_bout_phase,active,27,53.0,-0.10216491442966115
next_observe_bout_phase,active,27,54.0,-0.11873314224562669
next_observe_bout_phase,active,27,55.0,-0.09435898757946648
next_observe_bout_phase,active,27,56.0,-0.0535931900672748
next_observe_bout_phase,active,27,57.0,-0.032718803342701205
next_observe_bout_phase,active,27,58.0,-0.05541047864832313
next_observe_bout_phase,active,27,59.0,-0.05416085079365229
next_observe_bout_phase,active,27,60.0,-0.06050800085373648
next_observe_bout_phase,active,27,61.0,-0.10937760409090616
next_observe_bout_phase,active,27,62.0,-0.11405877142919411
next_observe_bout_phase,active,27,63.0,-0.08624209429786461
next_observe_bout_phase,active,27,64.0,-0.09984954470196623
next_observe_bout_phase,active,27,65.0,-0.09569350288657007
next_observe_bout_phase,active,27,66.0,-0.09171651374825053
next_observe_bout_phase,active,27,67.0,-0.07529773399506066
next_observe_bout_phase,active,27,68.0,-0.03778431745399483
next_observe_bout_phase,active,27,69.0,-0.011539541873174332
next_observe_bout_phase,active,27,70.0,-0.01767503528539655
next_observe_bout_phase,active,27,71.0,-0.05028736459006998
next_observe_bout_phase,active,27,72.0,-0.037355139741020775
next_observe_bout_phase,active,27,73.0,-0.006556207207588474
next_observe_bout_phase,active,27,74.0,0.06331128603113234
next_observe_bout_phase,active,27,75.0,0.12452988339841696
next_observe_bout_phase,active,27,76.0,0.12845485586118713
next_observe_bout_phase,active,27,77.0,0.1125952825010691
next_observe_bout_phase,active,27,78.0,0.09974700779312476
next_observe_bout_phase,active,27,79.0,0.11651948904866397
next_observe_bout_phase,active,27,80.0,0.08058807765032049
next_observe_bout_phase,active,27,81.0,0.038896962739889344
next_observe_bout_phase,active,27,82.0,0.025097364986215766
next_observe_bout_phase,active,27,83.0,0.014122325425132861
next_observe_bout_phase,active,27,84.0,-0.010762372130215898
next_observe_bout_phase,active,27,85.0,-0.05354186668655386
next_observe_bout_phase,active,27,86.0,-0.08563484550801631
next_observe_bout_phase,active,27,87.0,-0.12783332809373335
next_observe_bout_phase,active,27,88.0,-0.14925282361991452
next_observe_bout_phase,active,27,89.0,-0.13583808110265966
next_observe_bout_phase,active,27,90.0,-0.13458726103461846
next_observe_bout_phase,active,27,91.0,-0.14993069965823377
next_observe_bout_phase,active,27,92.0,-0.1454083294192105
next_observe_bout_phase,active,27,93.0,-0.14920310699477726
next_observe_bout_phase,active,27,94.0,-0.11670930946424768
next_observe_bout_phase,active,27,95.0,-0.070111514120299
next_observe_bout_phase,active,27,96.0,-0.05455540817779453
next_observe_bout_phase,active,27,97.0,-0.054622216231684194
next_observe_bout_phase,active,27,98.0,-0.04042913051764656
next_observe_bout_phase,active,27,99.0,-0.03894528409667937
next_observe_bout_phase,active,27,100.0,-0.015747858336254448
next_observe_bout_phase,active,35,0.0,0.3016218800607006
next_observe_bout_phase,active,35,1.0,0.3170612197320958
next_observe_bout_phase,active,35,2.0,0.3191172014804718
next_observe_bout_phase,active,35,3.0,0.27946894169642
next_observe_bout_phase,active,35,4.0,0.2140363753809896
next_observe_bout_phase,active,35,5.0,0.21180257313812567
next_observe_bout_phase,active,35,6.0,0.2534025745196455
next_observe_bout_phase,active,35,7.0,0.28693994519013843
next_observe_bout_phase,active,35,8.0,0.3284258468407688
next_observe_bout_phase,active,35,9.0,0.2725836592479953
next_observe_bout_phase,active,35,10.0,0.22058383180604854
next_observe_bout_phase,active,35,11.0,0.21514840183496353
next_observe_bout_phase,active,35,12.0,0.2423384379511111
next_observe_bout_phase,active,35,13.0,0.3296476424568204
next_observe_bout_phase,active,35,14.0,0.36597192090941705
next_observe_bout_phase,active,35,15.0,0.3326677412547843
next_observe_bout_phase,active,35,16.0,0.29489692517245825
next_observe_bout_phase,active,35,17.0,0.2831653878904026
next_observe_bout_phase,active,35,18.0,0.2766627841029454
next_observe_bout_phase,active,35,19.0,0.34484872497176
next_observe_bout_phase,active,35,20.0,0.3995484468371149
next_observe_bout_phase,active,35,21.0,0.4056347056598849
next_observe_bout_phase,active,35,22.0,0.42287168053852536
next_observe_bout_phase,active,35,23.0,0.4706918849407426
next_observe_bout_phase,active,35,24.0,0.533070804822047
next_observe_bout_phase,active,35,25.0,0.6210015422763596
next_observe_bout_phase,active,35,26.0,0.7319069230194247
next_observe_bout_phase,active,35,27.0,0.7750200050528522
next_observe_bout_phase,active,35,28.0,0.7942174406496096
next_observe_bout_phase,active,35,29.0,0.8336767609014282
next_observe_bout_phase,active,35,30.0,0.9031624728117629
next_observe_bout_phase,active,35,31.0,0.967553336757242
next_observe_bout_phase,active,35,32.0,0.9138294334647931
next_observe_bout_phase,active,35,33.0,0.8466848635629108
next_observe_bout_phase,active,35,34.0,0.8202325340566743
next_observe_bout_phase,active,35,35.0,0.7929092910829828
next_observe_bout_phase,active,35,36.0,0.7775716194930758
next_observe_bout_phase,active,35,37.0,0.8123388709382773
next_observe_bout_phase,active,35,38.0,0.8245326311741715
next_observe_bout_phase,active,35,39.0,0.7821889674455437
next_observe_bout_phase,active,35,40.0,0.737595271375111
next_observe_bout_phase,active,35,41.0,0.7020469633460972
next_observe_bout_phase,active,35,42.0,0.6725669985490657
next_observe_bout_phase,active,35,43.0,0.6902281330356534
next_observe_bout_phase,active,35,44.0,0.7630934730690563
next_observe_bout_phase,active,35,45.0,0.7649666643135348
next_observe_bout_phase,active,35,46.0,0.7231585464203476
next_observe_bout_phase,active,35,47.0,0.697126175346592
next_observe_bout_phase,active,35,48.0,0.7096952184032334
next_observe_bout_phase,active,35,49.0,0.7758699186486288
next_observe_bout_phase,active,35,50.0,0.7876719286275303
next_observe_bout_phase,active,35,51.0,0.7879385834984614
next_observe_bout_phase,active,35,52.0,0.7617685816796128
next_observe_bout_phase,active,35,53.0,0.6712939721499686
next_observe_bout_phase,active,35,54.0,0.500563397870261
next_observe_bout_phase,active,35,55.0,0.36649428538765694
next_observe_bout_phase,active,35,56.0,0.31569845638565375
next_observe_bout_phase,active,35,57.0,0.37340889639026326
next_observe_bout_phase,active,35,58.0,0.34231391780197906
next_observe_bout_phase,active,35,59.0,0.26784294563341965
next_observe_bout_phase,active,35,60.0,0.3432300919491019
next_observe_bout_phase,active,35,61.0,0.4493540584206851
next_observe_bout_phase,active,35,62.0,0.5091816235894947
next_observe_bout_phase,active,35,63.0,0.4835208329967446
next_observe_bout_phase,active,35,64.0,0.4659658711934544
next_observe_bout_phase,active,35,65.0,0.4694945680856683
next_observe_bout_phase,active,35,66.0,0.47176423083852015
next_observe_bout_phase,active,35,67.0,0.47341034284933253
next_observe_bout_phase,active,35,68.0,0.4899870448052638
next_observe_bout_phase,active,35,69.0,0.4991832366458035
next_observe_bout_phase,active,35,70.0,0.4422747248385402
next_observe_bout_phase,active,35,71.0,0.3552336437061455
next_observe_bout_phase,active,35,72.0,0.32749865055085714
next_observe_bout_phase,active,35,73.0,0.37071160008572107
next_observe_bout_phase,active,35,74.0,0.37224689091415314
next_observe_bout_phase,active,35,75.0,0.38148075978944174
next_observe_bout_phase,active,35,76.0,0.3841411012171466
next_observe_bout_phase,active,35,77.0,0.319534294082536
next_observe_bout_phase,active,35,78.0,0.23301368718331647
next_observe_bout_phase,active,35,79.0,0.1536810951275964
next_observe_bout_phase,active,35,80.0,0.12629315178324108
next_observe_bout_phase,active,35,81.0,0.13381451514750553
next_observe_bout_phase,active,35,82.0,0.1544652190853827
next_observe_bout_phase,active,35,83.0,0.17630009001061953
next_observe_bout_phase,active,35,84.0,0.17394480157684927
next_observe_bout_phase,active,35,85.0,0.14024291637911032
next_observe_bout_phase,active,35,86.0,0.163473854585292
next_observe_bout_phase,active,35,87.0,0.22581916044951755
next_observe_bout_phase,active,35,88.0,0.24234651891633402
next_observe_bout_phase,active,35,89.0,0.24090841377257463
next_observe_bout_phase,active,35,90.0,0.24487788168307253
next_observe_bout_phase,active,35,91.0,0.3050028487550277
next_observe_bout_phase,active,35,92.0,0.3844128535435005
next_observe_bout_phase,active,35,93.0,0.5033694144806748
next_observe_bout_phase,active,35,94.0,0.6557416467652715
next_observe_bout_phase,active,35,95.0,0.7027942335910496
next_observe_bout_phase,active,35,96.0,0.6787354099008278
next_observe_bout_phase,active,35,97.0,0.5220778540346175
next_observe_bout_phase,active,35,98.0,0.38714595364129933
next_observe_bout_phase,active,35,99.0,0.3367991801029181
next_observe_bout_phase,active,35,100.0,0.27595208102811253
next_observe_fixed,passive,1,-3.0,0.047981819625449854
next_observe_fixed,passive,1,-2.9,0.20959238407632652
next_observe_fixed,passive,1,-2.8,0.2794338004829281
next_observe_fixed,passive,1,-2.6999999999999997,0.36806325919936633
next_observe_fixed,passive,1,-2.5999999999999996,0.43697605421813035
next_observe_fixed,passive,1,-2.4999999999999996,0.39416826166824526
next_observe_fixed,passive,1,-2.3999999999999995,0.2677229462477366
next_observe_fixed,passive,1,-2.2999999999999994,0.2017568637291742
next_observe_fixed,passive,1,-2.1999999999999993,0.25347285142073406
next_observe_fixed,passive,1,-2.099999999999999,0.2509750635267226
next_observe_fixed,passive,1,-1.9999999999999991,0.19177991507695574
next_observe_fixed,passive,1,-1.899999999999999,0.2436000006497928
next_observe_fixed,passive,1,-1.799999999999999,0.08421684477116564
next_observe_fixed,passive,1,-1.6999999999999988,0.2921742394689236
next_observe_fixed,passive,1,-1.5999999999999988,0.3428479428842607
next_observe_fixed,passive,1,-1.4999999999999987,0.3257904659294073
next_observe_fixed,passive,1,-1.3999999999999986,0.19826762630973904
next_observe_fixed,passive,1,-1.2999999999999985,0.1446806460324771
next_observe_fixed,passive,1,-1.1999999999999984,0.03532200446879398
next_observe_fixed,passive,1,-1.0999999999999983,0.05824109478701236
next_observe_fixed,passive,1,-0.9999999999999982,-0.022573106534451173
next_observe_fixed,passive,1,-0.8999999999999981,-0.08908891621487143
next_observe_fixed,passive,1,-0.799999999999998,-0.11576897467509174
next_observe_fixed,passive,1,-0.699999999999998,0.04965327499488076
next_observe_fixed,passive,1,-0.5999999999999979,-0.01441673787884376
next_observe_fixed,passive,1,-0.4999999999999978,0.10026911871352799
next_observe_fixed,passive,1,-0.3999999999999977,0.013167493783210742
next_observe_fixed,passive,1,-0.2999999999999976,0.170215333242862
next_observe_fixed,passive,1,-0.1999999999999975,0.12070669722975266
next_observe_fixed,passive,1,-0.09999999999999742,0.09864437834464398
next_observe_fixed,passive,1,2.6645352591003757e-15,0.1034209599133221
next_observe_fixed,passive,1,0.10000000000000275,0.0855466416914808
next_observe_fixed,passive,1,0.20000000000000284,0.11354387719075455
next_observe_fixed,passive,1,0.30000000000000293,0.09707433779801267
next_observe_fixed,passive,1,0.400000000000003,0.10013568978262835
next_observe_fixed,passive,1,0.5000000000000031,0.0990411230297815
next_observe_fixed,passive,1,0.6000000000000032,0.05114507740257359
next_observe_fixed,passive,1,0.7000000000000033,0.05986145238264269
next_observe_fixed,passive,1,0.8000000000000034,0.10079909959588731
next_observe_fixed,passive,1,0.9000000000000035,0.05502992041747515
next_observe_fixed,passive,1,1.0000000000000036,0.018311392528677667
next_observe_fixed,passive,1,1.1000000000000032,0.06769894971562687
next_observe_fixed,passive,1,1.2000000000000037,0.1648823145793154
next_observe_fixed,passive,1,1.3000000000000043,0.17382884997449977
next_observe_fixed,passive,1,1.400000000000004,0.1979920058275986
next_observe_fixed,passive,1,1.5000000000000036,0.20971390210267987
next_observe_fixed,passive,1,1.600000000000004,0.3197532244720499
next_observe_fixed,passive,1,1.7000000000000046,0.3713715446641289
next_observe_fixed,passive,1,1.8000000000000043,0.3166459368086991
next_observe_fixed,passive,1,1.900000000000004,0.2546243422345907
next_observe_fixed,passive,1,2.0000000000000044,0.23373522733431906
next_observe_fixed,passive,1,2.100000000000005,0.20634403674758622
next_observe_fixed,passive,1,2.2000000000000046,0.18558499108654797
next_observe_fixed,passive,1,2.3000000000000043,0.13260251713489105
next_observe_fixed,passive,1,2.400000000000005,0.2765937643841826
next_observe_fixed,passive,1,2.5000000000000053,0.23734888719621922
next_observe_fixed,passive,1,2.600000000000005,0.25042990305312507
next_observe_fixed,passive,1,2.7000000000000046,0.2095372302014263
next_observe_fixed,passive,1,2.800000000000005,0.12486291497424412
next_observe_fixed,passive,1,2.9000000000000057,0.05341087390818592
next_observe_fixed,passive,1,3.0000000000000053,-0.035979094557620564
next_observe_fixed,passive,1,3.100000000000005,-0.03188790251092058
next_observe_fixed,passive,1,3.2000000000000055,-0.0927831722646653
next_observe_fixed,passive,1,3.300000000000006,-0.07325727460069562
next_observe_fixed,passive,1,3.4000000000000057,-0.05639690136938039
next_observe_fixed,passive,1,3.5000000000000053,-0.11307588992834716
next_observe_fixed,passive,1,3.600000000000006,-0.014447159736362361
next_observe_fixed,passive,1,3.7000000000000064,-0.06908705410211173
next_observe_fixed,passive,1,3.800000000000006,-0.022933545805170014
next_observe_fixed,passive,1,3.9000000000000057,0.006779319071575113
next_observe_fixed,passive,1,4.000000000000006,-0.004748253895665452
next_observe_fixed,passive,1,4.100000000000007,-0.08645503776832802
next_observe_fixed,passive,1,4.200000000000006,-0.06635246790724797
next_observe_fixed,passive,1,4.300000000000006,0.027263920896664462
next_observe_fixed,passive,1,4.400000000000007,0.025300629087776833
next_observe_fixed,passive,1,4.500000000000007,-0.0683187622299139
next_observe_fixed,passive,1,4.600000000000007,-0.0681613092534411
next_observe_fixed,passive,1,4.700000000000006,-0.0448420179911021
next_observe_fixed,passive,1,4.800000000000007,-0.0484386733561013
next_observe_fixed,passive,1,4.9000000000000075,-0.04614560447694005
next_observe_fixed,passive,1,5.000000000000007,-0.06721216493152096
next_observe_fixed,passive,1,5.100000000000007,-0.05522687629383391
next_observe_fixed,passive,1,5.200000000000006,-0.043233370619322115
next_observe_fixed,passive,1,5.300000000000008,0.06659941371654063
next_observe_fixed,passive,1,5.4000000000000075,0.0452450480288947
next_observe_fixed,passive,1,5.500000000000007,0.09481493770794766
next_observe_fixed,passive,1,5.6000000000000085,0.08791622785440502
next_observe_fixed,passive,1,5.700000000000008,-0.04349103215082814
next_observe_fixed,passive,1,5.800000000000008,-0.0028499460004332566
next_observe_fixed,passive,1,5.9000000000000075,-0.06761172146436187
next_observe_fixed,passive,3,-3.0,0.17114976480498093
next_observe_fixed,passive,3,-2.9,0.08555857383903016
next_observe_fixed,passive,3,-2.8,0.07243915512049706
next_observe_fixed,passive,3,-2.6999999999999997,0.08080410256486922
next_observe_fixed,passive,3,-2.5999999999999996,0.06946373147887468
next_observe_fixed,passive,3,-2.4999999999999996,0.022921801912345004
next_observe_fixed,passive,3,-2.3999999999999995,0.08534537604187425
next_observe_fixed,passive,3,-2.2999999999999994,0.05568271146666982
next_observe_fixed,passive,3,-2.1999999999999993,0.0601127344438407
next_observe_fixed,passive,3,-2.099999999999999,0.12943103418103932
next_observe_fixed,passive,3,-1.9999999999999991,0.2162128111364605
next_observe_fixed,passive,3,-1.899999999999999,0.14630597816554877
next_observe_fixed,passive,3,-1.799999999999999,0.13346719587519026
next_observe_fixed,passive,3,-1.6999999999999988,0.05144908267373754
next_observe_fixed,passive,3,-1.5999999999999988,0.06380010624873737
next_observe_fixed,passive,3,-1.4999999999999987,0.05012846481497831
next_observe_fixed,passive,3,-1.3999999999999986,0.008423833314480763
next_observe_fixed,passive,3,-1.2999999999999985,-0.028470050089498367
next_observe_fixed,passive,3,-1.1999999999999984,-0.08047874073617652
next_observe_fixed,passive,3,-1.0999999999999983,-0.027549740404236356
next_observe_fixed,passive,3,-0.9999999999999982,0.05217251858114807
next_observe_fixed,passive,3,-0.8999999999999981,-0.030880874261416988
next_observe_fixed,passive,3,-0.799999999999998,0.0023660188258152496
next_observe_fixed,passive,3,-0.699999999999998,-0.028616080981353133
next_observe_fixed,passive,3,-0.5999999999999979,-0.08115603818513172
next_observe_fixed,passive,3,-0.4999999999999978,-0.1435454055395273
next_observe_fixed,passive,3,-0.3999999999999977,-0.20384949817373557
next_observe_fixed,passive,3,-0.2999999999999976,-0.1863960638424821
next_observe_fixed,passive,3,-0.1999999999999975,-0.25691657017492203
next_observe_fixed,passive,3,-0.09999999999999742,-0.14529630378583772
next_observe_fixed,passive,3,2.6645352591003757e-15,-0.07163427361772794
next_observe_fixed,passive,3,0.10000000000000275,-0.05920495073160672
next_observe_fixed,passive,3,0.20000000000000284,0.04137036801306725
next_observe_fixed,passive,3,0.30000000000000293,0.013971216785142022
next_observe_fixed,passive,3,0.400000000000003,-0.030557966416623873
next_observe_fixed,passive,3,0.5000000000000031,0.08645292195679102
next_observe_fixed,passive,3,0.6000000000000032,0.13880828931991923
next_observe_fixed,passive,3,0.7000000000000033,0.27519136231682134
next_observe_fixed,passive,3,0.8000000000000034,0.3077512809641727
next_observe_fixed,passive,3,0.9000000000000035,0.23411199449527967
next_observe_fixed,passive,3,1.0000000000000036,0.15224196437755347
next_observe_fixed,passive,3,1.1000000000000032,0.28921972712779404
next_observe_fixed,passive,3,1.2000000000000037,0.24776512047024923
next_observe_fixed,passive,3,1.3000000000000043,0.21327110487187043
next_observe_fixed,passive,3,1.400000000000004,0.28503517707020715
next_observe_fixed,passive,3,1.5000000000000036,0.210878495650036
next_observe_fixed,passive,3,1.600000000000004,0.40402048236074156
next_observe_fixed,passive,3,1.7000000000000046,0.35590248440965566
next_observe_fixed,passive,3,1.8000000000000043,0.3242866384477828
next_observe_fixed,passive,3,1.900000000000004,0.3576078569463411
next_observe_fixed,passive,3,2.0000000000000044,0.35113881193685104
next_observe_fixed,passive,3,2.100000000000005,0.2691266444284656
next_observe_fixed,passive,3,2.2000000000000046,0.2550814828517389
next_observe_fixed,passive,3,2.3000000000000043,0.16725206338848606
next_observe_fixed,passive,3,2.400000000000005,0.1917416935556629
next_observe_fixed,passive,3,2.5000000000000053,0.08495491619763819
next_observe_fixed,passive,3,2.600000000000005,-0.02593789444344369
next_observe_fixed,passive,3,2.7000000000000046,-0.07199738658865439
next_observe_fixed,passive,3,2.800000000000005,-0.04127236886862435
next_observe_fixed,passive,3,2.9000000000000057,-0.10124636281173303
next_observe_fixed,passive,3,3.0000000000000053,-0.03343130237034412
next_observe_fixed,passive,3,3.100000000000005,-0.01921431324056459
next_observe_fixed,passive,3,3.2000000000000055,0.0796908414370752
next_observe_fixed,passive,3,3.300000000000006,0.0496864020123879
next_observe_fixed,passive,3,3.4000000000000057,0.06451192327414174
next_observe_fixed,passive,3,3.5000000000000053,0.09591291771321274
next_observe_fixed,passive,3,3.600000000000006,0.15895296963751526
next_observe_fixed,passive,3,3.7000000000000064,0.1663354140506684
next_observe_fixed,passive,3,3.800000000000006,-0.059134918387199434
next_observe_fixed,passive,3,3.9000000000000057,-0.14311584893197585
next_observe_fixed,passive,3,4.000000000000006,-0.11103706438708105
next_observe_fixed,passive,3,4.100000000000007,-0.053909887612443905
next_observe_fixed,passive,3,4.200000000000006,0.10113987409288829
next_observe_fixed,passive,3,4.300000000000006,0.061524008570691284
next_observe_fixed,passive,3,4.400000000000007,0.22864631934263943
next_observe_fixed,passive,3,4.500000000000007,0.15120951364603533
next_observe_fixed,passive,3,4.600000000000007,0.19479391125350698
next_observe_fixed,passive,3,4.700000000000006,0.2272205903947099
next_observe_fixed,passive,3,4.800000000000007,0.22700510166831162
next_observe_fixed,passive,3,4.9000000000000075,0.18444166305896878
next_observe_fixed,passive,3,5.000000000000007,0.08356159377091847
next_observe_fixed,passive,3,5.100000000000007,0.04114216988167141
next_observe_fixed,passive,3,5.200000000000006,-0.0840289518960093
next_observe_fixed,passive,3,5.300000000000008,-0.0026595563985650846
next_observe_fixed,passive,3,5.4000000000000075,-0.07714040103817583
next_observe_fixed,passive,3,5.500000000000007,0.03323840415034828
next_observe_fixed,passive,3,5.6000000000000085,0.17407581952228135
next_observe_fixed,passive,3,5.700000000000008,0.24349904025878324
next_observe_fixed,passive,3,5.800000000000008,0.10854163310943021
next_observe_fixed,passive,3,5.9000000000000075,0.22462987454833408
next_observe_fixed,passive,4,-3.0,-0.17896703763409258
next_observe_fixed,passive,4,-2.9,-0.18177438150445255
next_observe_fixed,passive,4,-2.8,-0.13907095794115712
next_observe_fixed,passive,4,-2.6999999999999997,-0.18600799038608706
next_observe_fixed,passive,4,-2.5999999999999996,-0.2532560220263532
next_observe_fixed,passive,4,-2.4999999999999996,-0.28001766869859224
next_observe_fixed,passive,4,-2.3999999999999995,-0.3065655829227997
next_observe_fixed,passive,4,-2.2999999999999994,-0.2625454433789732
next_observe_fixed,passive,4,-2.1999999999999993,-0.285600707906209
next_observe_fixed,passive,4,-2.099999999999999,-0.2958122511984557
next_observe_fixed,passive,4,-1.9999999999999991,-0.2111228213283087
next_observe_fixed,passive,4,-1.899999999999999,-0.17751950511906808
next_observe_fixed,passive,4,-1.799999999999999,-0.2991216327189256
next_observe_fixed,passive,4,-1.6999999999999988,-0.27102418901045766
next_observe_fixed,passive,4,-1.5999999999999988,-0.299770515907258
next_observe_fixed,passive,4,-1.4999999999999987,-0.22007520667459765
next_observe_fixed,passive,4,-1.3999999999999986,-0.21686124266535914
next_observe_fixed,passive,4,-1.2999999999999985,-0.246557890209594
next_observe_fixed,passive,4,-1.1999999999999984,-0.3465489576749805
next_observe_fixed,passive,4,-1.0999999999999983,-0.3608142780385112
next_observe_fixed,passive,4,-0.9999999999999982,-0.2956779363629216
next_observe_fixed,passive,4,-0.8999999999999981,-0.3527663934267701
next_observe_fixed,passive,4,-0.799999999999998,-0.45370945472453844
next_observe_fixed,passive,4,-0.699999999999998,-0.4122909422575845
next_observe_fixed,passive,4,-0.5999999999999979,-0.45405017877799253
next_observe_fixed,passive,4,-0.4999999999999978,-0.48823686609411987
next_observe_fixed,passive,4,-0.3999999999999977,-0.5381041164554401
next_observe_fixed,passive,4,-0.2999999999999976,-0.5198161269371913
next_observe_fixed,passive,4,-0.1999999999999975,-0.4561405814479159
next_observe_fixed,passive,4,-0.09999999999999742,-0.297532148606472
next_observe_fixed,passive,4,2.6645352591003757e-15,-0.27464403977813895
next_observe_fixed,passive,4,0.10000000000000275,-0.270868024886554
next_observe_fixed,passive,4,0.20000000000000284,-0.15476637461040882
next_observe_fixed,passive,4,0.30000000000000293,-0.08739752865552396
next_observe_fixed,passive,4,0.400000000000003,0.11055336171298782
next_observe_fixed,passive,4,0.5000000000000031,0.06178810379707353
next_observe_fixed,passive,4,0.6000000000000032,-0.024420416524360146
next_observe_fixed,passive,4,0.7000000000000033,-0.029492623677593918
next_observe_fixed,passive,4,0.8000000000000034,-0.04565005773141187
next_observe_fixed,passive,4,0.9000000000000035,-0.15064340774368845
next_observe_fixed,passive,4,1.0000000000000036,-0.09573773487981344
next_observe_fixed,passive,4,1.1000000000000032,-0.15766280151964865
next_observe_fixed,passive,4,1.2000000000000037,-0.1322492683519657
next_observe_fixed,passive,4,1.3000000000000043,-0.17474679550115915
next_observe_fixed,passive,4,1.400000000000004,-0.22431193771790175
next_observe_fixed,passive,4,1.5000000000000036,-0.18759936116915038
next_observe_fixed,passive,4,1.600000000000004,-0.15748416163743267
next_observe_fixed,passive,4,1.7000000000000046,-0.017825195097518357
next_observe_fixed,passive,4,1.8000000000000043,-0.10611328851814507
next_observe_fixed,passive,4,1.900000000000004,-0.05859280222594688
next_observe_fixed,passive,4,2.0000000000000044,-0.08647094893962114
next_observe_fixed,passive,4,2.100000000000005,-0.017791392827270266
next_observe_fixed,passive,4,2.2000000000000046,-0.024850290955022645
next_observe_fixed,passive,4,2.3000000000000043,-0.015383925893146074
next_observe_fixed,passive,4,2.400000000000005,-0.0823334345335154
next_observe_fixed,passive,4,2.5000000000000053,-0.029800228798747445
next_observe_fixed,passive,4,2.600000000000005,-0.0040498529320683475
next_observe_fixed,passive,4,2.7000000000000046,0.05565111456224589
next_observe_fixed,passive,4,2.800000000000005,0.025710449446227964
next_observe_fixed,passive,4,2.9000000000000057,0.06661636810400735
next_observe_fixed,passive,4,3.0000000000000053,0.1396954574454173
next_observe_fixed,passive,4,3.100000000000005,0.0672807160570117
next_observe_fixed,passive,4,3.2000000000000055,-0.049190875246602116
next_observe_fixed,passive,4,3.300000000000006,-0.05398332455387838
next_observe_fixed,passive,4,3.4000000000000057,-0.06440674218867726
next_observe_fixed,passive,4,3.5000000000000053,0.007979542338759617
next_observe_fixed,passive,4,3.600000000000006,-0.021433599998322523
next_observe_fixed,passive,4,3.7000000000000064,-0.049602464580756185
next_observe_fixed,passive,4,3.800000000000006,-0.04581627407007835
next_observe_fixed,passive,4,3.9000000000000057,0.047146321408717363
next_observe_fixed,passive,4,4.000000000000006,0.1621324031869732
next_observe_fixed,passive,4,4.100000000000007,0.141210288253182
next_observe_fixed,passive,4,4.200000000000006,0.07182744828577164
next_observe_fixed,passive,4,4.300000000000006,0.0185967555780592
next_observe_fixed,passive,4,4.400000000000007,-0.06229848996548408
next_observe_fixed,passive,4,4.500000000000007,-0.13931426925386797
next_observe_fixed,passive,4,4.600000000000007,-0.08617503669805429
next_observe_fixed,passive,4,4.700000000000006,-0.07368344822935609
next_observe_fixed,passive,4,4.800000000000007,-0.07779197590080428
next_observe_fixed,passive,4,4.9000000000000075,-0.08744532791382602
next_observe_fixed,passive,4,5.000000000000007,-0.1189725621033538
next_observe_fixed,passive,4,5.100000000000007,-0.17020235705884568
next_observe_fixed,passive,4,5.200000000000006,-0.18246386622837524
next_observe_fixed,passive,4,5.300000000000008,-0.0755491929610009
next_observe_fixed,passive,4,5.4000000000000075,0.027298103370885198
next_observe_fixed,passive,4,5.500000000000007,0.14117182027290476
next_observe_fixed,passive,4,5.6000000000000085,0.15948287499912636
next_observe_fixed,passive,4,5.700000000000008,0.3038697373476732
next_observe_fixed,passive,4,5.800000000000008,0.30676467502862315
next_observe_fixed,passive,4,5.9000000000000075,0.24288621450923115
next_observe_fixed,passive,5,-3.0,0.1600810855820243
next_observe_fixed,passive,5,-2.9,0.18434190371985132
next_observe_fixed,passive,5,-2.8,0.1727504342008646
next_observe_fixed,passive,5,-2.6999999999999997,0.17226784708014622
next_observe_fixed,passive,5,-2.5999999999999996,0.23291128653885784
next_observe_fixed,passive,5,-2.4999999999999996,0.24686433850666895
next_observe_fixed,passive,5,-2.3999999999999995,0.1949169333593234
next_observe_fixed,passive,5,-2.2999999999999994,0.16315898584835853
next_observe_fixed,passive,5,-2.1999999999999993,0.12039296534427035
next_observe_fixed,passive,5,-2.099999999999999,0.05638954851951178
next_observe_fixed,passive,5,-1.9999999999999991,-0.013075916619020777
next_observe_fixed,passive,5,-1.899999999999999,-0.11629032254026538
next_observe_fixed,passive,5,-1.799999999999999,-0.08480878548985327
next_observe_fixed,passive,5,-1.6999999999999988,-0.12877380090174184
next_observe_fixed,passive,5,-1.5999999999999988,-0.148540245539135
next_observe_fixed,passive,5,-1.4999999999999987,-0.1284288356848946
next_observe_fixed,passive,5,-1.3999999999999986,-0.12637271387044674
next_observe_fixed,passive,5,-1.2999999999999985,-0.1412862982210799
next_observe_fixed,passive,5,-1.1999999999999984,-0.13386549857843916
next_observe_fixed,passive,5,-1.0999999999999983,-0.1239638760133869
next_observe_fixed,passive,5,-0.9999999999999982,-0.16415098424260857
next_observe_fixed,passive,5,-0.8999999999999981,-0.22175588354007594
next_observe_fixed,passive,5,-0.799999999999998,-0.29451949832089164
next_observe_fixed,passive,5,-0.699999999999998,-0.3947748747259391
next_observe_fixed,passive,5,-0.5999999999999979,-0.4232635732469332
next_observe_fixed,passive,5,-0.4999999999999978,-0.46576885526243356
next_observe_fixed,passive,5,-0.3999999999999977,-0.47411582459248236
next_observe_fixed,passive,5,-0.2999999999999976,-0.4779388771548802
next_observe_fixed,passive,5,-0.1999999999999975,-0.49210204289921144
next_observe_fixed,passive,5,-0.09999999999999742,-0.4433279616667376
next_observe_fixed,passive,5,2.6645352591003757e-15,-0.4459755675267081
next_observe_fixed,passive,5,0.10000000000000275,-0.4656237602099007
next_observe_fixed,passive,5,0.20000000000000284,-0.43066490986114203
next_observe_fixed,passive,5,0.30000000000000293,-0.39611230031860173
next_observe_fixed,passive,5,0.400000000000003,-0.3631922016718471
next_observe_fixed,passive,5,0.5000000000000031,-0.2676122733209651
next_observe_fixed,passive,5,0.6000000000000032,-0.16916557824252487
next_observe_fixed,passive,5,0.7000000000000033,-0.09559863581123625
next_observe_fixed,passive,5,0.8000000000000034,-0.07681764706155966
next_observe_fixed,passive,5,0.9000000000000035,-0.041003136016969595
next_observe_fixed,passive,5,1.0000000000000036,-0.033731148325482276
next_observe_fixed,passive,5,1.1000000000000032,-0.02856526368557028
next_observe_fixed,passive,5,1.2000000000000037,0.04869644263519282
next_observe_fixed,passive,5,1.3000000000000043,0.06602728459358666
next_observe_fixed,passive,5,1.400000000000004,0.06329582709880653
next_observe_fixed,passive,5,1.5000000000000036,0.08656317794663052
next_observe_fixed,passive,5,1.600000000000004,0.07885503217543806
next_observe_fixed,passive,5,1.7000000000000046,0.03727244014341053
next_observe_fixed,passive,5,1.8000000000000043,0.03328768777285591
next_observe_fixed,passive,5,1.900000000000004,-0.02467497201441761
next_observe_fixed,passive,5,2.0000000000000044,-0.025556659373926257
next_observe_fixed,passive,5,2.100000000000005,-0.07485222268356216
next_observe_fixed,passive,5,2.2000000000000046,-0.118876812448688
next_observe_fixed,passive,5,2.3000000000000043,-0.04669128563527924
next_observe_fixed,passive,5,2.400000000000005,0.028857633223941477
next_observe_fixed,passive,5,2.5000000000000053,0.08013920105628657
next_observe_fixed,passive,5,2.600000000000005,0.11176108191461036
next_observe_fixed,passive,5,2.7000000000000046,0.13376351045238807
next_observe_fixed,passive,5,2.800000000000005,0.03783118348757862
next_observe_fixed,passive,5,2.9000000000000057,-0.040987671171173364
next_observe_fixed,passive,5,3.0000000000000053,-0.04248568762362217
next_observe_fixed,passive,5,3.100000000000005,0.005963900016478749
next_observe_fixed,passive,5,3.2000000000000055,-0.03222848955468716
next_observe_fixed,passive,5,3.300000000000006,-0.005686497618954251
next_observe_fixed,passive,5,3.4000000000000057,0.020771423821424696
next_observe_fixed,passive,5,3.5000000000000053,0.013504898738825823
next_observe_fixed,passive,5,3.600000000000006,-0.018680823702739408
next_observe_fixed,passive,5,3.7000000000000064,0.009423690749511295
next_observe_fixed,passive,5,3.800000000000006,0.02132617085288399
next_observe_fixed,passive,5,3.9000000000000057,0.06684514967221326
next_observe_fixed,passive,5,4.000000000000006,0.13430885249689847
next_observe_fixed,passive,5,4.100000000000007,0.15060027119908836
next_observe_fixed,passive,5,4.200000000000006,0.09937106192189678
next_observe_fixed,passive,5,4.300000000000006,0.04101262588616779
next_observe_fixed,passive,5,4.400000000000007,-0.04109791431905297
next_observe_fixed,passive,5,4.500000000000007,-0.06578853482659486
next_observe_fixed,passive,5,4.600000000000007,-0.04956545064155237
next_observe_fixed,passive,5,4.700000000000006,-0.07434131663732346
next_observe_fixed,passive,5,4.800000000000007,-0.12214930604516593
next_observe_fixed,passive,5,4.9000000000000075,-0.16648370798318088
next_observe_fixed,passive,5,5.000000000000007,-0.1651291831021192
next_observe_fixed,passive,5,5.100000000000007,-0.12466247571070473
next_observe_fixed,passive,5,5.200000000000006,-0.02513229144156312
next_observe_fixed,passive,5,5.300000000000008,-0.023067164784239865
next_observe_fixed,passive,5,5.4000000000000075,0.03282769278882993
next_observe_fixed,passive,5,5.500000000000007,0.042016217725461595
next_observe_fixed,passive,5,5.6000000000000085,-0.02182339255905397
next_observe_fixed,passive,5,5.700000000000008,-0.07397207803749989
next_observe_fixed,passive,5,5.800000000000008,-0.05800186067862331
next_observe_fixed,passive,5,5.9000000000000075,-0.09434178229535824
next_observe_fixed,passive,6,-3.0,0.11085179599749649
next_observe_fixed,passive,6,-2.9,0.17453126625969495
next_observe_fixed,passive,6,-2.8,0.27849391981390986
next_observe_fixed,passive,6,-2.6999999999999997,0.2185080389262715
next_observe_fixed,passive,6,-2.5999999999999996,0.21189410077012238
next_observe_fixed,passive,6,-2.4999999999999996,0.1477924382071443
next_observe_fixed,passive,6,-2.3999999999999995,0.19927384446410384
next_observe_fixed,passive,6,-2.2999999999999994,0.25489998335305986
next_observe_fixed,passive,6,-2.1999999999999993,0.17138613712658937
next_observe_fixed,passive,6,-2.099999999999999,0.12434966761681986
next_observe_fixed,passive,6,-1.9999999999999991,0.2078001401505227
next_observe_fixed,passive,6,-1.899999999999999,0.232328655003069
next_observe_fixed,passive,6,-1.799999999999999,0.2443927627197101
next_observe_fixed,passive,6,-1.6999999999999988,0.23083481358878638
next_observe_fixed,passive,6,-1.5999999999999988,0.3786798625075104
next_observe_fixed,passive,6,-1.4999999999999987,0.29450959267939103
next_observe_fixed,passive,6,-1.3999999999999986,0.26712038049216547
next_observe_fixed,passive,6,-1.2999999999999985,0.3493107509518343
next_observe_fixed,passive,6,-1.1999999999999984,0.24151633275323403
next_observe_fixed,passive,6,-1.0999999999999983,0.18447433562664445
next_observe_fixed,passive,6,-0.9999999999999982,0.22760187966032314
next_observe_fixed,passive,6,-0.8999999999999981,0.2535474625112839
next_observe_fixed,passive,6,-0.799999999999998,0.26190042028152194
next_observe_fixed,passive,6,-0.699999999999998,0.25414020600006026
next_observe_fixed,passive,6,-0.5999999999999979,0.1934676150381019
next_observe_fixed,passive,6,-0.4999999999999978,0.17137294828388994
next_observe_fixed,passive,6,-0.3999999999999977,0.10922655733473945
next_observe_fixed,passive,6,-0.2999999999999976,0.06541142665540688
next_observe_fixed,passive,6,-0.1999999999999975,0.08230005275265338
next_observe_fixed,passive,6,-0.09999999999999742,0.032371968419327844
next_observe_fixed,passive,6,2.6645352591003757e-15,-0.11166780463017141
next_observe_fixed,passive,6,0.10000000000000275,-0.03928854051468832
next_observe_fixed,passive,6,0.20000000000000284,-0.09603707737119778
next_observe_fixed,passive,6,0.30000000000000293,-0.07527782917413263
next_observe_fixed,passive,6,0.400000000000003,-0.09274938561261284
next_observe_fixed,passive,6,0.5000000000000031,0.08986019773139606
next_observe_fixed,passive,6,0.6000000000000032,0.02765917212982157
next_observe_fixed,passive,6,0.7000000000000033,-0.014107072444536828
next_observe_fixed,passive,6,0.8000000000000034,-0.06796122737885057
next_observe_fixed,passive,6,0.9000000000000035,-0.16747934953053026
next_observe_fixed,passive,6,1.0000000000000036,-0.12191362164176091
next_observe_fixed,passive,6,1.1000000000000032,-0.21942171563680044
next_observe_fixed,passive,6,1.2000000000000037,-0.17931598435781282
next_observe_fixed,passive,6,1.3000000000000043,-0.14676436633626874
next_observe_fixed,passive,6,1.400000000000004,-0.06110371231413655
next_observe_fixed,passive,6,1.5000000000000036,0.010371262058170015
next_observe_fixed,passive,6,1.600000000000004,-0.06805515711515471
next_observe_fixed,passive,6,1.7000000000000046,-0.08934826368920606
next_observe_fixed,passive,6,1.8000000000000043,-0.007100272647632541
next_observe_fixed,passive,6,1.900000000000004,-0.023046930494378393
next_observe_fixed,passive,6,2.0000000000000044,-0.027643013120110256
next_observe_fixed,passive,6,2.100000000000005,-0.013553607511621189
next_observe_fixed,passive,6,2.2000000000000046,0.010263522768960486
next_observe_fixed,passive,6,2.3000000000000043,-0.030795978682666033
next_observe_fixed,passive,6,2.400000000000005,0.024949396787084223
next_observe_fixed,passive,6,2.5000000000000053,0.03936711611481965
next_observe_fixed,passive,6,2.600000000000005,0.021686085844162598
next_observe_fixed,passive,6,2.7000000000000046,-0.03948590336311227
next_observe_fixed,passive,6,2.800000000000005,-0.039179204424183274
next_observe_fixed,passive,6,2.9000000000000057,-0.008639381396457355
next_observe_fixed,passive,6,3.0000000000000053,-0.022375032888697268
next_observe_fixed,passive,6,3.100000000000005,0.0026036728439204474
next_observe_fixed,passive,6,3.2000000000000055,-0.04931199769105634
next_observe_fixed,passive,6,3.300000000000006,0.005679771328730742
next_observe_fixed,passive,6,3.4000000000000057,-0.008689751264749933
next_observe_fixed,passive,6,3.5000000000000053,-0.06766163709860204
next_observe_fixed,passive,6,3.600000000000006,-0.10089103174979754
next_observe_fixed,passive,6,3.7000000000000064,-0.04207563529880906
next_observe_fixed,passive,6,3.800000000000006,-0.06195192488811254
next_observe_fixed,passive,6,3.9000000000000057,-0.026719670457782518
next_observe_fixed,passive,6,4.000000000000006,-0.04973478765240797
next_observe_fixed,passive,6,4.100000000000007,0.11979834319454005
next_observe_fixed,passive,6,4.200000000000006,-0.010446428577844129
next_observe_fixed,passive,6,4.300000000000006,0.045718426823973146
next_observe_fixed,passive,6,4.400000000000007,-0.0010843766752545
next_observe_fixed,passive,6,4.500000000000007,0.018221177562836033
next_observe_fixed,passive,6,4.600000000000007,0.022501123628404757
next_observe_fixed,passive,6,4.700000000000006,0.07298538653910677
next_observe_fixed,passive,6,4.800000000000007,0.07707539288242451
next_observe_fixed,passive,6,4.9000000000000075,0.05718804236611357
next_observe_fixed,passive,6,5.000000000000007,0.07396117444470424
next_observe_fixed,passive,6,5.100000000000007,0.05113067236332908
next_observe_fixed,passive,6,5.200000000000006,0.08632383165986618
next_observe_fixed,passive,6,5.300000000000008,0.04835038286949436
next_observe_fixed,passive,6,5.4000000000000075,0.08424618602893753
next_observe_fixed,passive,6,5.500000000000007,-0.019905754201692168
next_observe_fixed,passive,6,5.6000000000000085,-0.051043123646355486
next_observe_fixed,passive,6,5.700000000000008,-0.03262855388692153
next_observe_fixed,passive,6,5.800000000000008,0.08172665957943999
next_observe_fixed,passive,6,5.9000000000000075,0.07636120142527648
next_observe_fixed,passive,18,-3.0,-0.14266800292290896
next_observe_fixed,passive,18,-2.9,-0.026783577412435946
next_observe_fixed,passive,18,-2.8,-0.0087633948414231
next_observe_fixed,passive,18,-2.6999999999999997,-0.03251333145095419
next_observe_fixed,passive,18,-2.5999999999999996,-0.09193736028903023
next_observe_fixed,passive,18,-2.4999999999999996,-0.16414546875356065
next_observe_fixed,passive,18,-2.3999999999999995,-0.19791112739379466
next_observe_fixed,passive,18,-2.2999999999999994,-0.20893527510298887
next_observe_fixed,passive,18,-2.1999999999999993,-0.19868816257661057
next_observe_fixed,passive,18,-2.099999999999999,-0.22896340645436578
next_observe_fixed,passive,18,-1.9999999999999991,-0.19899231550285057
next_observe_fixed,passive,18,-1.899999999999999,-0.2603885289812647
next_observe_fixed,passive,18,-1.799999999999999,-0.3313457833625025
next_observe_fixed,passive,18,-1.6999999999999988,-0.39786500775995515
next_observe_fixed,passive,18,-1.5999999999999988,-0.3491085054217394
next_observe_fixed,passive,18,-1.4999999999999987,-0.27768652045474645
next_observe_fixed,passive,18,-1.3999999999999986,-0.2993813007890315
next_observe_fixed,passive,18,-1.2999999999999985,-0.2697067599905197
next_observe_fixed,passive,18,-1.1999999999999984,-0.2776612290025984
next_observe_fixed,passive,18,-1.0999999999999983,-0.245462813940777
next_observe_fixed,passive,18,-0.9999999999999982,-0.19015521540025307
next_observe_fixed,passive,18,-0.8999999999999981,-0.18152734992899003
next_observe_fixed,passive,18,-0.799999999999998,-0.15531288769388502
next_observe_fixed,passive,18,-0.699999999999998,-0.15372490888941642
next_observe_fixed,passive,18,-0.5999999999999979,-0.2014919801511865
next_observe_fixed,passive,18,-0.4999999999999978,-0.19454596619205902
next_observe_fixed,passive,18,-0.3999999999999977,-0.2608114323167772
next_observe_fixed,passive,18,-0.2999999999999976,-0.2683192621828408
next_observe_fixed,passive,18,-0.1999999999999975,-0.21046809126908697
next_observe_fixed,passive,18,-0.09999999999999742,-0.22552753237734113
next_observe_fixed,passive,18,2.6645352591003757e-15,-0.11674068819195116
next_observe_fixed,passive,18,0.10000000000000275,-0.10807712902427438
next_observe_fixed,passive,18,0.20000000000000284,-0.05179290994321297
next_observe_fixed,passive,18,0.30000000000000293,0.08359135917767994
next_observe_fixed,passive,18,0.400000000000003,0.21302696031496535
next_observe_fixed,passive,18,0.5000000000000031,0.2985137904745132
next_observe_fixed,passive,18,0.6000000000000032,0.3088806536162751
next_observe_fixed,passive,18,0.7000000000000033,0.3194141292804842
next_observe_fixed,passive,18,0.8000000000000034,0.27561410511151596
next_observe_fixed,passive,18,0.9000000000000035,0.25477917139733836
next_observe_fixed,passive,18,1.0000000000000036,0.30878171054667264
next_observe_fixed,passive,18,1.1000000000000032,0.2297712828164429
next_observe_fixed,passive,18,1.2000000000000037,0.2758575758735329
next_observe_fixed,passive,18,1.3000000000000043,0.2575579542763503
next_observe_fixed,passive,18,1.400000000000004,0.24557186467559208
next_observe_fixed,passive,18,1.5000000000000036,0.20562440412101732
next_observe_fixed,passive,18,1.600000000000004,0.21915645656730293
next_observe_fixed,passive,18,1.7000000000000046,0.2129098410957336
next_observe_fixed,passive,18,1.8000000000000043,0.15815138226105632
next_observe_fixed,passive,18,1.900000000000004,0.18848921677287894
next_observe_fixed,passive,18,2.0000000000000044,0.13839235816524534
next_observe_fixed,passive,18,2.100000000000005,0.11140196575069188
next_observe_fixed,passive,18,2.2000000000000046,0.17171391861797222
next_observe_fixed,passive,18,2.3000000000000043,0.12621810464332683
next_observe_fixed,passive,18,2.400000000000005,0.09300537162256342
next_observe_fixed,passive,18,2.5000000000000053,0.06892910004847848
next_observe_fixed,passive,18,2.600000000000005,-0.01887993697371203
next_observe_fixed,passive,18,2.7000000000000046,-0.0359505009092792
next_observe_fixed,passive,18,2.800000000000005,0.010139943273998128
next_observe_fixed,passive,18,2.9000000000000057,0.06534468354437241
next_observe_fixed,passive,18,3.0000000000000053,0.029031798312984636
next_observe_fixed,passive,18,3.100000000000005,0.0666247435184216
next_observe_fixed,passive,18,3.2000000000000055,0.10535186143444832
next_observe_fixed,passive,18,3.300000000000006,0.015726088526259903
next_observe_fixed,passive,18,3.4000000000000057,-0.0073562945666202795
next_observe_fixed,passive,18,3.5000000000000053,-0.003108458353297718
next_observe_fixed,passive,18,3.600000000000006,-0.05619770932295073
next_observe_fixed,passive,18,3.7000000000000064,-0.05042402036752105
next_observe_fixed,passive,18,3.800000000000006,-0.07068880992744755
next_observe_fixed,passive,18,3.9000000000000057,-0.06993361631425503
next_observe_fixed,passive,18,4.000000000000006,-0.07509032187804161
next_observe_fixed,passive,18,4.100000000000007,-0.06379341321895629
next_observe_fixed,passive,18,4.200000000000006,0.04724156793556878
next_observe_fixed,passive,18,4.300000000000006,0.0764862881514329
next_observe_fixed,passive,18,4.400000000000007,0.12371779176266466
next_observe_fixed,passive,18,4.500000000000007,0.10600403116338211
next_observe_fixed,passive,18,4.600000000000007,0.13083321736341255
next_observe_fixed,passive,18,4.700000000000006,0.1648095019100245
next_observe_fixed,passive,18,4.800000000000007,0.18755145521543248
next_observe_fixed,passive,18,4.9000000000000075,0.16722049615797974
next_observe_fixed,passive,18,5.000000000000007,0.14344668621665171
next_observe_fixed,passive,18,5.100000000000007,0.226207002246764
next_observe_fixed,passive,18,5.200000000000006,0.311059741094935
next_observe_fixed,passive,18,5.300000000000008,0.3000856996030092
next_observe_fixed,passive,18,5.4000000000000075,0.24446153524000105
next_observe_fixed,passive,18,5.500000000000007,0.21919172644550639
next_observe_fixed,passive,18,5.6000000000000085,0.15597791877766046
next_observe_fixed,passive,18,5.700000000000008,0.16167403211483158
next_observe_fixed,passive,18,5.800000000000008,0.15042491468526514
next_observe_fixed,passive,18,5.9000000000000075,0.08937769031197454
next_observe_fixed,passive,19,-3.0,0.16958782835619024
next_observe_fixed,passive,19,-2.9,0.03702981773220504
next_observe_fixed,passive,19,-2.8,0.0770034049596488
next_observe_fixed,passive,19,-2.6999999999999997,0.15672325315662966
next_observe_fixed,passive,19,-2.5999999999999996,0.26492854207175737
next_observe_fixed,passive,19,-2.4999999999999996,0.12927864914325693
next_observe_fixed,passive,19,-2.3999999999999995,0.1261436279056516
next_observe_fixed,passive,19,-2.2999999999999994,0.1464784448382492
next_observe_fixed,passive,19,-2.1999999999999993,0.012849760955142292
next_observe_fixed,passive,19,-2.099999999999999,-0.0005346561713661324
next_observe_fixed,passive,19,-1.9999999999999991,0.08757208902935885
next_observe_fixed,passive,19,-1.899999999999999,0.14584139108140148
next_observe_fixed,passive,19,-1.799999999999999,0.05495150254635593
next_observe_fixed,passive,19,-1.6999999999999988,0.0499786624983629
next_observe_fixed,passive,19,-1.5999999999999988,0.12329341728129187
next_observe_fixed,passive,19,-1.4999999999999987,0.15813128858460557
next_observe_fixed,passive,19,-1.3999999999999986,0.28096056241912326
next_observe_fixed,passive,19,-1.2999999999999985,0.0801058476819996
next_observe_fixed,passive,19,-1.1999999999999984,0.23610506211440008
next_observe_fixed,passive,19,-1.0999999999999983,0.25999012611569755
next_observe_fixed,passive,19,-0.9999999999999982,0.3989969004089803
next_observe_fixed,passive,19,-0.8999999999999981,0.442848155323181
next_observe_fixed,passive,19,-0.799999999999998,0.46947404688670646
next_observe_fixed,passive,19,-0.699999999999998,0.6139636974424809
next_observe_fixed,passive,19,-0.5999999999999979,0.41317348047089075
next_observe_fixed,passive,19,-0.4999999999999978,0.3354812579585761
next_observe_fixed,passive,19,-0.3999999999999977,0.23376315222778782
next_observe_fixed,passive,19,-0.2999999999999976,0.32017887679217194
next_observe_fixed,passive,19,-0.1999999999999975,0.4991251620695201
next_observe_fixed,passive,19,-0.09999999999999742,0.6113431330491302
next_observe_fixed,passive,19,2.6645352591003757e-15,0.4645718124917054
next_observe_fixed,passive,19,0.10000000000000275,0.5464422162107189
next_observe_fixed,passive,19,0.20000000000000284,0.5360908879511536
next_observe_fixed,passive,19,0.30000000000000293,0.5527031609227743
next_observe_fixed,passive,19,0.400000000000003,0.6214385159041566
next_observe_fixed,passive,19,0.5000000000000031,0.8405934443512939
next_observe_fixed,passive,19,0.6000000000000032,0.7211880470931272
next_observe_fixed,passive,19,0.7000000000000033,0.6679974376814495
next_observe_fixed,passive,19,0.8000000000000034,0.6994184505280229
next_observe_fixed,passive,19,0.9000000000000035,0.7847095875346223
next_observe_fixed,passive,19,1.0000000000000036,0.7255701435273251
next_observe_fixed,passive,19,1.1000000000000032,0.8531540179032235
next_observe_fixed,passive,19,1.2000000000000037,0.9364303749579624
next_observe_fixed,passive,19,1.3000000000000043,0.87121758300854
next_observe_fixed,passive,19,1.400000000000004,0.8625411171506897
next_observe_fixed,passive,19,1.5000000000000036,0.9616456969706058
next_observe_fixed,passive,19,1.600000000000004,1.1376611034288167
next_observe_fixed,passive,19,1.7000000000000046,1.105908549268184
next_observe_fixed,passive,19,1.8000000000000043,0.973445660028372
next_observe_fixed,passive,19,1.900000000000004,1.229946254539453
next_observe_fixed,passive,19,2.0000000000000044,1.072640166311407
next_observe_fixed,passive,19,2.100000000000005,1.2051601155223943
next_observe_fixed,passive,19,2.2000000000000046,1.0381606711256386
next_observe_fixed,passive,19,2.3000000000000043,1.0528452205122947
next_observe_fixed,passive,19,2.400000000000005,1.109747314902512
next_observe_fixed,passive,19,2.5000000000000053,1.0862412320410872
next_observe_fixed,passive,19,2.600000000000005,0.9920332829994976
next_observe_fixed,passive,19,2.7000000000000046,0.978974382113396
next_observe_fixed,passive,19,2.800000000000005,0.8644852638559062
next_observe_fixed,passive,19,2.9000000000000057,0.7317434021248055
next_observe_fixed,passive,19,3.0000000000000053,0.7223949517776718
next_observe_fixed,passive,19,3.100000000000005,0.7141925712522873
next_observe_fixed,passive,19,3.2000000000000055,0.8083327627524574
next_observe_fixed,passive,19,3.300000000000006,0.7894052016604751
next_observe_fixed,passive,19,3.4000000000000057,0.6784054683420374
next_observe_fixed,passive,19,3.5000000000000053,0.6691035547077138
next_observe_fixed,passive,19,3.600000000000006,0.7591758121601304
next_observe_fixed,passive,19,3.7000000000000064,0.7635773116106842
next_observe_fixed,passive,19,3.800000000000006,0.7224065684355614
next_observe_fixed,passive,19,3.9000000000000057,0.6512287431628628
next_observe_fixed,passive,19,4.000000000000006,0.7733912674199552
next_observe_fixed,passive,19,4.100000000000007,0.6437058035200132
next_observe_fixed,passive,19,4.200000000000006,0.7388544262688626
next_observe_fixed,passive,19,4.300000000000006,0.7136527167077599
next_observe_fixed,passive,19,4.400000000000007,0.7218502747764806
next_observe_fixed,passive,19,4.500000000000007,0.6872998908776531
next_observe_fixed,passive,19,4.600000000000007,0.6210804977624137
next_observe_fixed,passive,19,4.700000000000006,0.6548080085687803
next_observe_fixed,passive,19,4.800000000000007,0.6940882425272941
next_observe_fixed,passive,19,4.9000000000000075,0.5660289233422491
next_observe_fixed,passive,19,5.000000000000007,0.48469719047300347
next_observe_fixed,passive,19,5.100000000000007,0.6134496096222075
next_observe_fixed,passive,19,5.200000000000006,0.44498227736215223
next_observe_fixed,passive,19,5.300000000000008,0.48815432189374064
next_observe_fixed,passive,19,5.4000000000000075,0.5379950116038081
next_observe_fixed,passive,19,5.500000000000007,0.6190738182430411
next_observe_fixed,passive,19,5.6000000000000085,0.4393931033748034
next_observe_fixed,passive,19,5.700000000000008,0.577306803077961
next_observe_fixed,passive,19,5.800000000000008,0.4708560325714413
next_observe_fixed,passive,19,5.9000000000000075,0.31033869125268243
next_observe_fixed,passive,27,-3.0,0.6496495044014309
next_observe_fixed,passive,27,-2.9,0.5490812091675835
next_observe_fixed,passive,27,-2.8,0.5631776413873146
next_observe_fixed,passive,27,-2.6999999999999997,0.6166642363291291
next_observe_fixed,passive,27,-2.5999999999999996,0.5842950388344985
next_observe_fixed,passive,27,-2.4999999999999996,0.6918796106886919
next_observe_fixed,passive,27,-2.3999999999999995,0.7993468966013637
next_observe_fixed,passive,27,-2.2999999999999994,0.8221529139086602
next_observe_fixed,passive,27,-2.1999999999999993,0.8012504114676348
next_observe_fixed,passive,27,-2.099999999999999,0.6432505279848199
next_observe_fixed,passive,27,-1.9999999999999991,0.6295804832158928
next_observe_fixed,passive,27,-1.899999999999999,0.6446159470747592
next_observe_fixed,passive,27,-1.799999999999999,0.7417742917526572
next_observe_fixed,passive,27,-1.6999999999999988,0.6551046915626373
next_observe_fixed,passive,27,-1.5999999999999988,0.5245547740315974
next_observe_fixed,passive,27,-1.4999999999999987,0.3256082312389577
next_observe_fixed,passive,27,-1.3999999999999986,0.20242819142441085
next_observe_fixed,passive,27,-1.2999999999999985,0.0654222845843508
next_observe_fixed,passive,27,-1.1999999999999984,0.004047659250062003
next_observe_fixed,passive,27,-1.0999999999999983,-0.08807915998332617
next_observe_fixed,passive,27,-0.9999999999999982,-0.18332354004059087
next_observe_fixed,passive,27,-0.8999999999999981,-0.23025213987941476
next_observe_fixed,passive,27,-0.799999999999998,-0.3115532010895994
next_observe_fixed,passive,27,-0.699999999999998,-0.41616868667257767
next_observe_fixed,passive,27,-0.5999999999999979,-0.4971603392217368
next_observe_fixed,passive,27,-0.4999999999999978,-0.5331287304187847
next_observe_fixed,passive,27,-0.3999999999999977,-0.5897365606402104
next_observe_fixed,passive,27,-0.2999999999999976,-0.5839086948345771
next_observe_fixed,passive,27,-0.1999999999999975,-0.4629683356355531
next_observe_fixed,passive,27,-0.09999999999999742,-0.37357138364457826
next_observe_fixed,passive,27,2.6645352591003757e-15,-0.3060313846701778
next_observe_fixed,passive,27,0.10000000000000275,-0.2613113437651917
next_observe_fixed,passive,27,0.20000000000000284,-0.203775935026954
next_observe_fixed,passive,27,0.30000000000000293,-0.09581786481300568
next_observe_fixed,passive,27,0.400000000000003,0.021931176948310434
next_observe_fixed,passive,27,0.5000000000000031,0.08342978860906032
next_observe_fixed,passive,27,0.6000000000000032,0.0695459843172185
next_observe_fixed,passive,27,0.7000000000000033,0.1429970659544752
next_observe_fixed,passive,27,0.8000000000000034,0.058405557548952144
next_observe_fixed,passive,27,0.9000000000000035,0.0021507169596619684
next_observe_fixed,passive,27,1.0000000000000036,-0.023838208957788178
next_observe_fixed,passive,27,1.1000000000000032,-0.0370176110543983
next_observe_fixed,passive,27,1.2000000000000037,-0.056537743383859716
next_observe_fixed,passive,27,1.3000000000000043,-0.07593745710060182
next_observe_fixed,passive,27,1.400000000000004,-0.11565501566645221
next_observe_fixed,passive,27,1.5000000000000036,-0.12572759275490097
next_observe_fixed,passive,27,1.600000000000004,-0.08247962338644337
next_observe_fixed,passive,27,1.7000000000000046,0.028260975502997707
next_observe_fixed,passive,27,1.8000000000000043,0.05843842535709623
next_observe_fixed,passive,27,1.900000000000004,0.0022764254651896393
next_observe_fixed,passive,27,2.0000000000000044,-0.006073461954510743
next_observe_fixed,passive,27,2.100000000000005,0.017023273874225274
next_observe_fixed,passive,27,2.2000000000000046,0.0023891985857343763
next_observe_fixed,passive,27,2.3000000000000043,-0.010363297040669413
next_observe_fixed,passive,27,2.400000000000005,-0.126226538228951
next_observe_fixed,passive,27,2.5000000000000053,-0.1642244203577513
next_observe_fixed,passive,27,2.600000000000005,-0.17327588291410984
next_observe_fixed,passive,27,2.7000000000000046,-0.15350131938976463
next_observe_fixed,passive,27,2.800000000000005,-0.12883771957146067
next_observe_fixed,passive,27,2.9000000000000057,-0.18556130498838624
next_observe_fixed,passive,27,3.0000000000000053,-0.2508476612046028
next_observe_fixed,passive,27,3.100000000000005,-0.28303755415948995
next_observe_fixed,passive,27,3.2000000000000055,-0.2176293347871933
next_observe_fixed,passive,27,3.300000000000006,-0.2540182499984038
next_observe_fixed,passive,27,3.4000000000000057,-0.2526426657454647
next_observe_fixed,passive,27,3.5000000000000053,-0.23962090452487536
next_observe_fixed,passive,27,3.600000000000006,-0.1850698110991037
next_observe_fixed,passive,27,3.7000000000000064,-0.12161714510488159
next_observe_fixed,passive,27,3.800000000000006,-0.13054179459411341
next_observe_fixed,passive,27,3.9000000000000057,-0.13486301042795124
next_observe_fixed,passive,27,4.000000000000006,-0.09696203629534965
next_observe_fixed,passive,27,4.100000000000007,-0.037194021035641026
next_observe_fixed,passive,27,4.200000000000006,-0.10740927957001621
next_observe_fixed,passive,27,4.300000000000006,-0.10665552832797166
next_observe_fixed,passive,27,4.400000000000007,-0.03084845038281318
next_observe_fixed,passive,27,4.500000000000007,0.04075415445374263
next_observe_fixed,passive,27,4.600000000000007,0.14224455726393045
next_observe_fixed,passive,27,4.700000000000006,0.08425778820169877
next_observe_fixed,passive,27,4.800000000000007,0.06952368269248363
next_observe_fixed,passive,27,4.9000000000000075,0.12216070576239857
next_observe_fixed,passive,27,5.000000000000007,0.20520972185203093
next_observe_fixed,passive,27,5.100000000000007,0.1272620562353784
next_observe_fixed,passive,27,5.200000000000006,0.08908731377029314
next_observe_fixed,passive,27,5.300000000000008,0.13608773005380664
next_observe_fixed,passive,27,5.4000000000000075,0.09073267495008375
next_observe_fixed,passive,27,5.500000000000007,0.006266160577096796
next_observe_fixed,passive,27,5.6000000000000085,-0.06250503109891313
next_observe_fixed,passive,27,5.700000000000008,-0.0952861221876867
next_observe_fixed,passive,27,5.800000000000008,-0.16544424127797022
next_observe_fixed,passive,27,5.9000000000000075,-0.10192239783161122
next_observe_fixed,passive,35,-3.0,0.28894038253930854
next_observe_fixed,passive,35,-2.9,0.16640959030495997
next_observe_fixed,passive,35,-2.8,0.47892759939596447
next_observe_fixed,passive,35,-2.6999999999999997,0.4503719495164306
next_observe_fixed,passive,35,-2.5999999999999996,-0.014992600650638954
next_observe_fixed,passive,35,-2.4999999999999996,0.17828085447370065
next_observe_fixed,passive,35,-2.3999999999999995,-0.018359578175904792
next_observe_fixed,passive,35,-2.2999999999999994,0.2356516941681346
next_observe_fixed,passive,35,-2.1999999999999993,0.5609194451792974
next_observe_fixed,passive,35,-2.099999999999999,0.4712502529172937
next_observe_fixed,passive,35,-1.9999999999999991,0.7005391626747152
next_observe_fixed,passive,35,-1.899999999999999,0.39886227771963073
next_observe_fixed,passive,35,-1.799999999999999,0.4808645058979318
next_observe_fixed,passive,35,-1.6999999999999988,0.33971861647272245
next_observe_fixed,passive,35,-1.5999999999999988,0.18600038897584725
next_observe_fixed,passive,35,-1.4999999999999987,0.3927548379367647
next_observe_fixed,passive,35,-1.3999999999999986,0.1802153059456865
next_observe_fixed,passive,35,-1.2999999999999985,0.41397149371025516
next_observe_fixed,passive,35,-1.1999999999999984,0.4507829986006518
next_observe_fixed,passive,35,-1.0999999999999983,0.24482835242270629
next_observe_fixed,passive,35,-0.9999999999999982,0.46864418549861386
next_observe_fixed,passive,35,-0.8999999999999981,0.5223151537719058
next_observe_fixed,passive,35,-0.799999999999998,0.14396823681027673
next_observe_fixed,passive,35,-0.699999999999998,0.44535240405403104
next_observe_fixed,passive,35,-0.5999999999999979,0.30992822676726356
next_observe_fixed,passive,35,-0.4999999999999978,0.4558702865436939
next_observe_fixed,passive,35,-0.3999999999999977,0.26207105935780245
next_observe_fixed,passive,35,-0.2999999999999976,0.21175824650328987
next_observe_fixed,passive,35,-0.1999999999999975,0.1106422223404056
next_observe_fixed,passive,35,-0.09999999999999742,0.3240338651580146
next_observe_fixed,passive,35,2.6645352591003757e-15,0.11396986935899293
next_observe_fixed,passive,35,0.10000000000000275,0.09799316806326581
next_observe_fixed,passive,35,0.20000000000000284,0.1437487601791077
next_observe_fixed,passive,35,0.30000000000000293,0.24515204111853992
next_observe_fixed,passive,35,0.400000000000003,0.3999343440407954
next_observe_fixed,passive,35,0.5000000000000031,0.20395108989483826
next_observe_fixed,passive,35,0.6000000000000032,0.40895545108142844
next_observe_fixed,passive,35,0.7000000000000033,0.2768392181934278
next_observe_fixed,passive,35,0.8000000000000034,0.42738166500206737
next_observe_fixed,passive,35,0.9000000000000035,0.5125412329637283
next_observe_fixed,passive,35,1.0000000000000036,0.6542269239773275
next_observe_fixed,passive,35,1.1000000000000032,0.7964339818730407
next_observe_fixed,passive,35,1.2000000000000037,0.6095828991024406
next_observe_fixed,passive,35,1.3000000000000043,0.8871843178611133
next_observe_fixed,passive,35,1.400000000000004,0.9310784294932771
next_observe_fixed,passive,35,1.5000000000000036,0.9651650166683595
next_observe_fixed,passive,35,1.600000000000004,0.8703525193859306
next_observe_fixed,passive,35,1.7000000000000046,0.5785241327425895
next_observe_fixed,passive,35,1.8000000000000043,0.5870473987037726
next_observe_fixed,passive,35,1.900000000000004,0.3596986004458722
next_observe_fixed,passive,35,2.0000000000000044,0.6148070856642284
next_observe_fixed,passive,35,2.100000000000005,0.6429557560402969
next_observe_fixed,passive,35,2.2000000000000046,0.6880385338663552
next_observe_fixed,passive,35,2.3000000000000043,0.5911251265618441
next_observe_fixed,passive,35,2.400000000000005,0.4477128935606383
next_observe_fixed,passive,35,2.5000000000000053,0.5367929632958272
next_observe_fixed,passive,35,2.600000000000005,0.5405873267510978
next_observe_fixed,passive,35,2.7000000000000046,0.3161689234745211
next_observe_fixed,passive,35,2.800000000000005,0.16974447690391167
next_observe_fixed,passive,35,2.9000000000000057,-0.16891900678424107
next_observe_fixed,passive,35,3.0000000000000053,0.06702574101765812
next_observe_fixed,passive,35,3.100000000000005,0.3663015287484166
next_observe_fixed,passive,35,3.2000000000000055,0.4726828522850706
next_observe_fixed,passive,35,3.300000000000006,0.4039590936649046
next_observe_fixed,passive,35,3.4000000000000057,0.6527617918243176
next_observe_fixed,passive,35,3.5000000000000053,0.7680588528730565
next_observe_fixed,passive,35,3.600000000000006,0.8727780486817468
next_observe_fixed,passive,35,3.7000000000000064,0.729031072257121
next_observe_fixed,passive,35,3.800000000000006,0.5715644608895429
next_observe_fixed,passive,35,3.9000000000000057,0.5658348513907846
next_observe_fixed,passive,35,4.000000000000006,0.5268801111659923
next_observe_fixed,passive,35,4.100000000000007,0.36388093954931405
next_observe_fixed,passive,35,4.200000000000006,0.4030327349854606
next_observe_fixed,passive,35,4.300000000000006,0.46127225738469374
next_observe_fixed,passive,35,4.400000000000007,0.2671597877580868
next_observe_fixed,passive,35,4.500000000000007,0.140383207641585
next_observe_fixed,passive,35,4.600000000000007,0.1648621740102437
next_observe_fixed,passive,35,4.700000000000006,-0.04601158600702095
next_observe_fixed,passive,35,4.800000000000007,0.1426333936736435
next_observe_fixed,passive,35,4.9000000000000075,-0.001058438301700761
next_observe_fixed,passive,35,5.000000000000007,-0.08165110983700094
next_observe_fixed,passive,35,5.100000000000007,0.18367588177210492
next_observe_fixed,passive,35,5.200000000000006,-0.02809356828419909
next_observe_fixed,passive,35,5.300000000000008,0.22434036067485807
next_observe_fixed,passive,35,5.4000000000000075,-0.36942102704579655
next_observe_fixed,passive,35,5.500000000000007,0.1568511096844913
next_observe_fixed,passive,35,5.6000000000000085,0.3384029264098431
next_observe_fixed,passive,35,5.700000000000008,0.19408239817832962
next_observe_fixed,passive,35,5.800000000000008,0.10763331281928085
next_observe_fixed,passive,35,5.9000000000000075,0.17287688223885522
next_observe_bout_phase,passive,1,0.0,0.10934951120675454
next_observe_bout_phase,passive,1,1.0,0.13050624678394165
next_observe_bout_phase,passive,1,2.0,0.16207262040346213
next_observe_bout_phase,passive,1,3.0,0.17321927007644566
next_observe_bout_phase,passive,1,4.0,0.169461490949152
next_observe_bout_phase,passive,1,5.0,0.16267167133965688
next_observe_bout_phase,passive,1,6.0,0.14615873340479668
next_observe_bout_phase,passive,1,7.0,0.15729799100014882
next_observe_bout_phase,passive,1,8.0,0.044784357724140106
next_observe_bout_phase,passive,1,9.0,0.1150302873103293
next_observe_bout_phase,passive,1,10.0,0.05386859373255831
next_observe_bout_phase,passive,1,11.0,0.0926771779421181
next_observe_bout_phase,passive,1,12.0,0.14423062816493581
next_observe_bout_phase,passive,1,13.0,0.1995693227521187
next_observe_bout_phase,passive,1,14.0,0.2338047767108774
next_observe_bout_phase,passive,1,15.0,0.2242464809103742
next_observe_bout_phase,passive,1,16.0,0.20221807514650783
next_observe_bout_phase,passive,1,17.0,0.2420896570496308
next_observe_bout_phase,passive,1,18.0,0.18730647206168977
next_observe_bout_phase,passive,1,19.0,0.23494859210876365
next_observe_bout_phase,passive,1,20.0,0.2601829434464873
next_observe_bout_phase,passive,1,21.0,0.24180305619461745
next_observe_bout_phase,passive,1,22.0,0.31736124320905057
next_observe_bout_phase,passive,1,23.0,0.28535757441949394
next_observe_bout_phase,passive,1,24.0,0.3442849452167881
next_observe_bout_phase,passive,1,25.0,0.371849715589359
next_observe_bout_phase,passive,1,26.0,0.3157503197136813
next_observe_bout_phase,passive,1,27.0,0.2809565270367874
next_observe_bout_phase,passive,1,28.0,0.2559004460585865
next_observe_bout_phase,passive,1,29.0,0.2836500440556755
next_observe_bout_phase,passive,1,30.0,0.2838760656923744
next_observe_bout_phase,passive,1,31.0,0.24998997996722344
next_observe_bout_phase,passive,1,32.0,0.25807823426403864
next_observe_bout_phase,passive,1,33.0,0.24298071374833485
next_observe_bout_phase,passive,1,34.0,0.25722482336572194
next_observe_bout_phase,passive,1,35.0,0.2515456901745347
next_observe_bout_phase,passive,1,36.0,0.241620841255559
next_observe_bout_phase,passive,1,37.0,0.2324776638543185
next_observe_bout_phase,passive,1,38.0,0.23031610245209402
next_observe_bout_phase,passive,1,39.0,0.22530572174086494
next_observe_bout_phase,passive,1,40.0,0.2073609904593054
next_observe_bout_phase,passive,1,41.0,0.1984035815961322
next_observe_bout_phase,passive,1,42.0,0.14876820219654127
next_observe_bout_phase,passive,1,43.0,0.11187605925903775
next_observe_bout_phase,passive,1,44.0,0.14131600753897877
next_observe_bout_phase,passive,1,45.0,0.057780130511060165
next_observe_bout_phase,passive,1,46.0,0.1430183627585292
next_observe_bout_phase,passive,1,47.0,0.208657799398374
next_observe_bout_phase,passive,1,48.0,0.25499463286508794
next_observe_bout_phase,passive,1,49.0,0.2679096325747401
next_observe_bout_phase,passive,1,50.0,0.26332970304286213
next_observe_bout_phase,passive,1,51.0,0.2261152653402308
next_observe_bout_phase,passive,1,52.0,0.23361298049416684
next_observe_bout_phase,passive,1,53.0,0.22424891259206978
next_observe_bout_phase,passive,1,54.0,0.22963593749063838
next_observe_bout_phase,passive,1,55.0,0.1720811734443514
next_observe_bout_phase,passive,1,56.0,0.18131577465676596
next_observe_bout_phase,passive,1,57.0,0.21292921144673804
next_observe_bout_phase,passive,1,58.0,0.17145324757993016
next_observe_bout_phase,passive,1,59.0,0.16300185518433838
next_observe_bout_phase,passive,1,60.0,0.123979893669333
next_observe_bout_phase,passive,1,61.0,0.13996212125425875
next_observe_bout_phase,passive,1,62.0,0.13642101565909553
next_observe_bout_phase,passive,1,63.0,0.14447209349195891
next_observe_bout_phase,passive,1,64.0,0.15912557340009767
next_observe_bout_phase,passive,1,65.0,0.16313629404632798
next_observe_bout_phase,passive,1,66.0,0.18340764021195516
next_observe_bout_phase,passive,1,67.0,0.2166840713558862
next_observe_bout_phase,passive,1,68.0,0.2126068029327413
next_observe_bout_phase,passive,1,69.0,0.20340285564249488
next_observe_bout_phase,passive,1,70.0,0.16914798801895534
next_observe_bout_phase,passive,1,71.0,0.17189582348095844
next_observe_bout_phase,passive,1,72.0,0.14750197183759522
next_observe_bout_phase,passive,1,73.0,0.1334477006835666
next_observe_bout_phase,passive,1,74.0,0.12530925365425577
next_observe_bout_phase,passive,1,75.0,0.13399140672721782
next_observe_bout_phase,passive,1,76.0,0.13899377090931198
next_observe_bout_phase,passive,1,77.0,0.12556595950408403
next_observe_bout_phase,passive,1,78.0,0.052407853139962476
next_observe_bout_phase,passive,1,79.0,0.13136449292815577
next_observe_bout_phase,passive,1,80.0,0.15216469689134018
next_observe_bout_phase,passive,1,81.0,0.17082106339697195
next_observe_bout_phase,passive,1,82.0,0.13718441594705
next_observe_bout_phase,passive,1,83.0,0.1048167378504673
next_observe_bout_phase,passive,1,84.0,0.0834476483562141
next_observe_bout_phase,passive,1,85.0,0.0893040077138403
next_observe_bout_phase,passive,1,86.0,0.11027068883688729
next_observe_bout_phase,passive,1,87.0,0.10726120350621565
next_observe_bout_phase,passive,1,88.0,0.07607230150408142
next_observe_bout_phase,passive,1,89.0,0.051439409097191385
next_observe_bout_phase,passive,1,90.0,0.07587864136698863
next_observe_bout_phase,passive,1,91.0,0.08455998472318249
next_observe_bout_phase,passive,1,92.0,0.08095255740136403
next_observe_bout_phase,passive,1,93.0,0.10725947613958496
next_observe_bout_phase,passive,1,94.0,0.08847189646541817
next_observe_bout_phase,passive,1,95.0,0.12074677637308753
next_observe_bout_phase,passive,1,96.0,0.0835116795282933
next_observe_bout_phase,passive,1,97.0,0.12145778654782241
next_observe_bout_phase,passive,1,98.0,0.10497755313916653
next_observe_bout_phase,passive,1,99.0,0.057917041140636255
next_observe_bout_phase,passive,1,100.0,0.13180415416096786
next_observe_bout_phase,passive,3,0.0,-0.07434859232968072
next_observe_bout_phase,passive,3,1.0,-0.10702124207972383
next_observe_bout_phase,passive,3,2.0,-0.05661835577409858
next_observe_bout_phase,passive,3,3.0,-0.0873417049500625
next_observe_bout_phase,passive,3,4.0,0.006525563859329549
next_observe_bout_phase,passive,3,5.0,-0.03221158440936852
next_observe_bout_phase,passive,3,6.0,-0.04150349422303748
next_observe_bout_phase,passive,3,7.0,-0.12941363379747647
next_observe_bout_phase,passive,3,8.0,-0.10972623281252873
next_observe_bout_phase,passive,3,9.0,-0.15718100813470684
next_observe_bout_phase,passive,3,10.0,-0.18514101415036055
next_observe_bout_phase,passive,3,11.0,-0.14039025990955192
next_observe_bout_phase,passive,3,12.0,-0.09880789354162497
next_observe_bout_phase,passive,3,13.0,-0.09420238517200243
next_observe_bout_phase,passive,3,14.0,-0.04057017046295494
next_observe_bout_phase,passive,3,15.0,0.002287919843602711
next_observe_bout_phase,passive,3,16.0,-0.03695817306580272
next_observe_bout_phase,passive,3,17.0,-0.062273550829467075
next_observe_bout_phase,passive,3,18.0,-0.020393363117482226
next_observe_bout_phase,passive,3,19.0,-0.006800800237071688
next_observe_bout_phase,passive,3,20.0,-0.008039934249168016
next_observe_bout_phase,passive,3,21.0,-0.02271516067863312
next_observe_bout_phase,passive,3,22.0,0.046192891120651176
next_observe_bout_phase,passive,3,23.0,0.023977231054498265
next_observe_bout_phase,passive,3,24.0,-0.09239473751688528
next_observe_bout_phase,passive,3,25.0,-0.14587234053874798
next_observe_bout_phase,passive,3,26.0,-0.1760978004919688
next_observe_bout_phase,passive,3,27.0,-0.19257772328666198
next_observe_bout_phase,passive,3,28.0,-0.05788340228954765
next_observe_bout_phase,passive,3,29.0,-0.05229310020418851
next_observe_bout_phase,passive,3,30.0,-0.009688334118991919
next_observe_bout_phase,passive,3,31.0,-0.03143451778227901
next_observe_bout_phase,passive,3,32.0,-0.06336314064031044
next_observe_bout_phase,passive,3,33.0,-0.051685136730422084
next_observe_bout_phase,passive,3,34.0,-0.12690018160316616
next_observe_bout_phase,passive,3,35.0,-0.05546909593430371
next_observe_bout_phase,passive,3,36.0,-0.05364798277823093
next_observe_bout_phase,passive,3,37.0,-0.030661736492457736
next_observe_bout_phase,passive,3,38.0,0.0019627962460720145
next_observe_bout_phase,passive,3,39.0,-0.018196195397757763
next_observe_bout_phase,passive,3,40.0,-0.02196812818028009
next_observe_bout_phase,passive,3,41.0,-0.027249186497166324
next_observe_bout_phase,passive,3,42.0,0.03017298508290474
next_observe_bout_phase,passive,3,43.0,0.03884730521939516
next_observe_bout_phase,passive,3,44.0,0.009431675777158163
next_observe_bout_phase,passive,3,45.0,0.05048911391421981
next_observe_bout_phase,passive,3,46.0,0.12969678947476654
next_observe_bout_phase,passive,3,47.0,0.05705355670777815
next_observe_bout_phase,passive,3,48.0,-0.03282215183032038
next_observe_bout_phase,passive,3,49.0,-0.06507770620464282
next_observe_bout_phase,passive,3,50.0,-0.10159146986885388
next_observe_bout_phase,passive,3,51.0,-0.04899756465687312
next_observe_bout_phase,passive,3,52.0,-0.0572370588853853
next_observe_bout_phase,passive,3,53.0,-0.04509171695619004
next_observe_bout_phase,passive,3,54.0,-0.0015553134071452312
next_observe_bout_phase,passive,3,55.0,-0.004824210774971786
next_observe_bout_phase,passive,3,56.0,0.009512253347234904
next_observe_bout_phase,passive,3,57.0,0.03632571961943545
next_observe_bout_phase,passive,3,58.0,0.02978576915262885
next_observe_bout_phase,passive,3,59.0,0.00039411083184646143
next_observe_bout_phase,passive,3,60.0,0.08466425299822182
next_observe_bout_phase,passive,3,61.0,-0.014442317175865674
next_observe_bout_phase,passive,3,62.0,-0.014155841276143917
next_observe_bout_phase,passive,3,63.0,0.0326613404135939
next_observe_bout_phase,passive,3,64.0,0.023376620053328065
next_observe_bout_phase,passive,3,65.0,0.044467248121252675
next_observe_bout_phase,passive,3,66.0,-0.025425035461372106
next_observe_bout_phase,passive,3,67.0,-0.042461363956580046
next_observe_bout_phase,passive,3,68.0,-0.10365456982413686
next_observe_bout_phase,passive,3,69.0,-0.04391733181937507
next_observe_bout_phase,passive,3,70.0,-0.05479571711764838
next_observe_bout_phase,passive,3,71.0,-0.004928586056091167
next_observe_bout_phase,passive,3,72.0,-0.06365417222855932
next_observe_bout_phase,passive,3,73.0,-0.0598520390321323
next_observe_bout_phase,passive,3,74.0,-0.0881019538796665
next_observe_bout_phase,passive,3,75.0,-0.09507225490089306
next_observe_bout_phase,passive,3,76.0,-0.06165276822859327
next_observe_bout_phase,passive,3,77.0,-0.10928403956919377
next_observe_bout_phase,passive,3,78.0,-0.05558057786444077
next_observe_bout_phase,passive,3,79.0,-0.06268518580394848
next_observe_bout_phase,passive,3,80.0,-0.009684164448132027
next_observe_bout_phase,passive,3,81.0,-0.011299160859175187
next_observe_bout_phase,passive,3,82.0,0.050463219069564885
next_observe_bout_phase,passive,3,83.0,-0.02876573125519385
next_observe_bout_phase,passive,3,84.0,0.01563474597768139
next_observe_bout_phase,passive,3,85.0,0.050546878272981356
next_observe_bout_phase,passive,3,86.0,0.0877672343468709
next_observe_bout_phase,passive,3,87.0,0.23139389765704615
next_observe_bout_phase,passive,3,88.0,0.12448643663683659
next_observe_bout_phase,passive,3,89.0,0.0971574042215884
next_observe_bout_phase,passive,3,90.0,0.06516109000051579
next_observe_bout_phase,passive,3,91.0,0.0589094274096228
next_observe_bout_phase,passive,3,92.0,0.08629261334666553
next_observe_bout_phase,passive,3,93.0,0.13543200749812848
next_observe_bout_phase,passive,3,94.0,0.1184884530634016
next_observe_bout_phase,passive,3,95.0,0.1269940881429905
next_observe_bout_phase,passive,3,96.0,0.129931960250643
next_observe_bout_phase,passive,3,97.0,0.17245832032044348
next_observe_bout_phase,passive,3,98.0,0.11224052357440303
next_observe_bout_phase,passive,3,99.0,0.09145021169664905
next_observe_bout_phase,passive,3,100.0,0.12305186438610956
next_observe_bout_phase,passive,4,0.0,-0.2746440397781392
next_observe_bout_phase,passive,4,1.0,-0.26092336173366637
next_observe_bout_phase,passive,4,2.0,-0.2261779913282568
next_observe_bout_phase,passive,4,3.0,-0.1789574763052101
next_observe_bout_phase,passive,4,4.0,-0.1650471117445111
next_observe_bout_phase,passive,4,5.0,-0.16475210700891282
next_observe_bout_phase,passive,4,6.0,-0.12852815941452383
next_observe_bout_phase,passive,4,7.0,-0.16928202814167262
next_observe_bout_phase,passive,4,8.0,-0.19914261533212047
next_observe_bout_phase,passive,4,9.0,-0.22276924521448738
next_observe_bout_phase,passive,4,10.0,-0.25137781318772157
next_observe_bout_phase,passive,4,11.0,-0.24303451010111368
next_observe_bout_phase,passive,4,12.0,-0.2373007677779371
next_observe_bout_phase,passive,4,13.0,-0.21889745712481268
next_observe_bout_phase,passive,4,14.0,-0.19842885764829296
next_observe_bout_phase,passive,4,15.0,-0.17486594575737333
next_observe_bout_phase,passive,4,16.0,-0.20684495420293383
next_observe_bout_phase,passive,4,17.0,-0.21445797115385104
next_observe_bout_phase,passive,4,18.0,-0.23230140560752444
next_observe_bout_phase,passive,4,19.0,-0.2515291024989733
next_observe_bout_phase,passive,4,20.0,-0.2405238295727763
next_observe_bout_phase,passive,4,21.0,-0.198880367544215
next_observe_bout_phase,passive,4,22.0,-0.1534795299006144
next_observe_bout_phase,passive,4,23.0,-0.1434572929759878
next_observe_bout_phase,passive,4,24.0,-0.1349235428847859
next_observe_bout_phase,passive,4,25.0,-0.10112636672081658
next_observe_bout_phase,passive,4,26.0,-0.06670208906338329
next_observe_bout_phase,passive,4,27.0,-0.042473199728355955
next_observe_bout_phase,passive,4,28.0,-0.10886547923034974
next_observe_bout_phase,passive,4,29.0,-0.15514143405323189
next_observe_bout_phase,passive,4,30.0,-0.1721045084233067
next_observe_bout_phase,passive,4,31.0,-0.1703667196632752
next_observe_bout_phase,passive,4,32.0,-0.18937194969021265
next_observe_bout_phase,passive,4,33.0,-0.19754897327930349
next_observe_bout_phase,passive,4,34.0,-0.16393009537089098
next_observe_bout_phase,passive,4,35.0,-0.1543602039971475
next_observe_bout_phase,passive,4,36.0,-0.1178218689836488
next_observe_bout_phase,passive,4,37.0,-0.10712672868910403
next_observe_bout_phase,passive,4,38.0,-0.12598098947432584
next_observe_bout_phase,passive,4,39.0,-0.12111259756248872
next_observe_bout_phase,passive,4,40.0,-0.0703017887563227
next_observe_bout_phase,passive,4,41.0,-0.016142029051152966
next_observe_bout_phase,passive,4,42.0,-0.03615463623426926
next_observe_bout_phase,passive,4,43.0,-0.06318771533598856
next_observe_bout_phase,passive,4,44.0,-0.07985438025983845
next_observe_bout_phase,passive,4,45.0,-0.07263123861863865
next_observe_bout_phase,passive,4,46.0,-0.07347215459028188
next_observe_bout_phase,passive,4,47.0,-0.07017148877646817
next_observe_bout_phase,passive,4,48.0,-0.08134566124736677
next_observe_bout_phase,passive,4,49.0,-0.12555018754591865
next_observe_bout_phase,passive,4,50.0,-0.14376262135521964
next_observe_bout_phase,passive,4,51.0,-0.1602637171619953
next_observe_bout_phase,passive,4,52.0,-0.1759738653177176
next_observe_bout_phase,passive,4,53.0,-0.14452262005317965
next_observe_bout_phase,passive,4,54.0,-0.12535821368047045
next_observe_bout_phase,passive,4,55.0,-0.13928646281611418
next_observe_bout_phase,passive,4,56.0,-0.15281160740617886
next_observe_bout_phase,passive,4,57.0,-0.13072019565423007
next_observe_bout_phase,passive,4,58.0,-0.12593794459728172
next_observe_bout_phase,passive,4,59.0,-0.12523000662298006
next_observe_bout_phase,passive,4,60.0,-0.12299090138639696
next_observe_bout_phase,passive,4,61.0,-0.10878746193767183
next_observe_bout_phase,passive,4,62.0,-0.11866304466231749
next_observe_bout_phase,passive,4,63.0,-0.1192509780190678
next_observe_bout_phase,passive,4,64.0,-0.1054766342932356
next_observe_bout_phase,passive,4,65.0,-0.11127164819255725
next_observe_bout_phase,passive,4,66.0,-0.14899940441198
next_observe_bout_phase,passive,4,67.0,-0.16111339395828272
next_observe_bout_phase,passive,4,68.0,-0.15233739353392656
next_observe_bout_phase,passive,4,69.0,-0.17033555897343164
next_observe_bout_phase,passive,4,70.0,-0.1865479471103012
next_observe_bout_phase,passive,4,71.0,-0.16768852526627842
next_observe_bout_phase,passive,4,72.0,-0.1762491155798887
next_observe_bout_phase,passive,4,73.0,-0.192700296336324
next_observe_bout_phase,passive,4,74.0,-0.2050534468726462
next_observe_bout_phase,passive,4,75.0,-0.20060386735346045
next_observe_bout_phase,passive,4,76.0,-0.19112874550021025
next_observe_bout_phase,passive,4,77.0,-0.17327382794646262
next_observe_bout_phase,passive,4,78.0,-0.15346765454786143
next_observe_bout_phase,passive,4,79.0,-0.10234145076268006
next_observe_bout_phase,passive,4,80.0,-0.10553270240716993
next_observe_bout_phase,passive,4,81.0,-0.08696857136899641
next_observe_bout_phase,passive,4,82.0,-0.09224460934335209
next_observe_bout_phase,passive,4,83.0,-0.10020734007084552
next_observe_bout_phase,passive,4,84.0,-0.11717566181019737
next_observe_bout_phase,passive,4,85.0,-0.1118754281373233
next_observe_bout_phase,passive,4,86.0,-0.11024986088775166
next_observe_bout_phase,passive,4,87.0,-0.10050020235750388
next_observe_bout_phase,passive,4,88.0,-0.08385446154490442
next_observe_bout_phase,passive,4,89.0,-0.11114946197468203
next_observe_bout_phase,passive,4,90.0,-0.14475882836169077
next_observe_bout_phase,passive,4,91.0,-0.15503910492979386
next_observe_bout_phase,passive,4,92.0,-0.15453680831182523
next_observe_bout_phase,passive,4,93.0,-0.1678489867232137
next_observe_bout_phase,passive,4,94.0,-0.17624861823507224
next_observe_bout_phase,passive,4,95.0,-0.1498046797517686
next_observe_bout_phase,passive,4,96.0,-0.09991299013794627
next_observe_bout_phase,passive,4,97.0,-0.06721547229951157
next_observe_bout_phase,passive,4,98.0,-0.043353376378347915
next_observe_bout_phase,passive,4,99.0,-0.04761265438427723
next_observe_bout_phase,passive,4,100.0,-0.04971811219926424
next_observe_bout_phase,passive,5,0.0,-0.4459755675267079
next_observe_bout_phase,passive,5,1.0,-0.4563807838359871
next_observe_bout_phase,passive,5,2.0,-0.4637829753974394
next_observe_bout_phase,passive,5,3.0,-0.46725275539626127
next_observe_bout_phase,passive,5,4.0,-0.4658302991899029
next_observe_bout_phase,passive,5,5.0,-0.46243402979617887
next_observe_bout_phase,passive,5,6.0,-0.46608422872114613
next_observe_bout_phase,passive,5,7.0,-0.45895550233165683
next_observe_bout_phase,passive,5,8.0,-0.44962753419717943
next_observe_bout_phase,passive,5,9.0,-0.4420525411164197
next_observe_bout_phase,passive,5,10.0,-0.4151815282560812
next_observe_bout_phase,passive,5,11.0,-0.3848696490865849
next_observe_bout_phase,passive,5,12.0,-0.36017721831570915
next_observe_bout_phase,passive,5,13.0,-0.32792891098028903
next_observe_bout_phase,passive,5,14.0,-0.3008523790700715
next_observe_bout_phase,passive,5,15.0,-0.29237929661842216
next_observe_bout_phase,passive,5,16.0,-0.2827489360833264
next_observe_bout_phase,passive,5,17.0,-0.264133578627826
next_observe_bout_phase,passive,5,18.0,-0.257771054032914
next_observe_bout_phase,passive,5,19.0,-0.2690236423564825
next_observe_bout_phase,passive,5,20.0,-0.27968603898492844
next_observe_bout_phase,passive,5,21.0,-0.2898055408228468
next_observe_bout_phase,passive,5,22.0,-0.2874483534627035
next_observe_bout_phase,passive,5,23.0,-0.2782854365798955
next_observe_bout_phase,passive,5,24.0,-0.26497447148314884
next_observe_bout_phase,passive,5,25.0,-0.245583718849578
next_observe_bout_phase,passive,5,26.0,-0.2328702233689224
next_observe_bout_phase,passive,5,27.0,-0.21644777991493713
next_observe_bout_phase,passive,5,28.0,-0.20994328134513934
next_observe_bout_phase,passive,5,29.0,-0.2150102495647053
next_observe_bout_phase,passive,5,30.0,-0.22753061117368134
next_observe_bout_phase,passive,5,31.0,-0.23783900686999437
next_observe_bout_phase,passive,5,32.0,-0.2390052378797306
next_observe_bout_phase,passive,5,33.0,-0.24060364605335977
next_observe_bout_phase,passive,5,34.0,-0.24355367569897046
next_observe_bout_phase,passive,5,35.0,-0.26153220238909525
next_observe_bout_phase,passive,5,36.0,-0.2703120087033028
next_observe_bout_phase,passive,5,37.0,-0.2649153714840091
next_observe_bout_phase,passive,5,38.0,-0.2557962791274358
next_observe_bout_phase,passive,5,39.0,-0.2445344548327322
next_observe_bout_phase,passive,5,40.0,-0.21433676059974066
next_observe_bout_phase,passive,5,41.0,-0.17829793373991637
next_observe_bout_phase,passive,5,42.0,-0.15569056342131854
next_observe_bout_phase,passive,5,43.0,-0.14570520613206694
next_observe_bout_phase,passive,5,44.0,-0.14274842955965403
next_observe_bout_phase,passive,5,45.0,-0.132992676057703
next_observe_bout_phase,passive,5,46.0,-0.12307265225774408
next_observe_bout_phase,passive,5,47.0,-0.13164651175581346
next_observe_bout_phase,passive,5,48.0,-0.1458089774240019
next_observe_bout_phase,passive,5,49.0,-0.15408134481142619
next_observe_bout_phase,passive,5,50.0,-0.16431328767055672
next_observe_bout_phase,passive,5,51.0,-0.1749542599714812
next_observe_bout_phase,passive,5,52.0,-0.1824510571980374
next_observe_bout_phase,passive,5,53.0,-0.1765986176588857
next_observe_bout_phase,passive,5,54.0,-0.16949188135014062
next_observe_bout_phase,passive,5,55.0,-0.1714083687422235
next_observe_bout_phase,passive,5,56.0,-0.17104002337048235
next_observe_bout_phase,passive,5,57.0,-0.15517050303001564
next_observe_bout_phase,passive,5,58.0,-0.1413995310217246
next_observe_bout_phase,passive,5,59.0,-0.14459418682344782
next_observe_bout_phase,passive,5,60.0,-0.1625091378810828
next_observe_bout_phase,passive,5,61.0,-0.18220619649463332
next_observe_bout_phase,passive,5,62.0,-0.17765949685795224
next_observe_bout_phase,passive,5,63.0,-0.16355143244743428
next_observe_bout_phase,passive,5,64.0,-0.14297541930248403
next_observe_bout_phase,passive,5,65.0,-0.14265026295121078
next_observe_bout_phase,passive,5,66.0,-0.16131075169244447
next_observe_bout_phase,passive,5,67.0,-0.15888994323850394
next_observe_bout_phase,passive,5,68.0,-0.1496140428826562
next_observe_bout_phase,passive,5,69.0,-0.16090590158954832
next_observe_bout_phase,passive,5,70.0,-0.18319743542040276
next_observe_bout_phase,passive,5,71.0,-0.20736787430490075
next_observe_bout_phase,passive,5,72.0,-0.226459547598753
next_observe_bout_phase,passive,5,73.0,-0.23411679149968184
next_observe_bout_phase,passive,5,74.0,-0.24036998050725605
next_observe_bout_phase,passive,5,75.0,-0.24919114144382262
next_observe_bout_phase,passive,5,76.0,-0.24696431919973502
next_observe_bout_phase,passive,5,77.0,-0.23806174593676657
next_observe_bout_phase,passive,5,78.0,-0.22367819777944406
next_observe_bout_phase,passive,5,79.0,-0.21675577474359625
next_observe_bout_phase,passive,5,80.0,-0.2194787746178244
next_observe_bout_phase,passive,5,81.0,-0.2205254983859936
next_observe_bout_phase,passive,5,82.0,-0.21588360267640852
next_observe_bout_phase,passive,5,83.0,-0.2118481736269212
next_observe_bout_phase,passive,5,84.0,-0.20927215819864126
next_observe_bout_phase,passive,5,85.0,-0.20670286917180153
next_observe_bout_phase,passive,5,86.0,-0.2070456726430351
next_observe_bout_phase,passive,5,87.0,-0.19609800547652512
next_observe_bout_phase,passive,5,88.0,-0.18311145943957707
next_observe_bout_phase,passive,5,89.0,-0.17355878832946617
next_observe_bout_phase,passive,5,90.0,-0.16755087753447276
next_observe_bout_phase,passive,5,91.0,-0.1785536500517488
next_observe_bout_phase,passive,5,92.0,-0.18499036378447956
next_observe_bout_phase,passive,5,93.0,-0.19520905770969932
next_observe_bout_phase,passive,5,94.0,-0.20985117601530096
next_observe_bout_phase,passive,5,95.0,-0.21864381665396843
next_observe_bout_phase,passive,5,96.0,-0.20069463786310987
next_observe_bout_phase,passive,5,97.0,-0.1788064153505939
next_observe_bout_phase,passive,5,98.0,-0.16638373169015436
next_observe_bout_phase,passive,5,99.0,-0.1558560835971883
next_observe_bout_phase,passive,5,100.0,-0.14423148927595228
next_observe_bout_phase,passive,6,0.0,-0.11166780463017145
next_observe_bout_phase,passive,6,1.0,-0.08301669586508778
next_observe_bout_phase,passive,6,2.0,-0.10859620201235214
next_observe_bout_phase,passive,6,3.0,-0.12891316183852075
next_observe_bout_phase,passive,6,4.0,-0.10306898891888114
next_observe_bout_phase,passive,6,5.0,-0.1001628317133368
next_observe_bout_phase,passive,6,6.0,-0.07182413948414833
next_observe_bout_phase,passive,6,7.0,-0.04612342735603059
next_observe_bout_phase,passive,6,8.0,-0.058892514296080035
next_observe_bout_phase,passive,6,9.0,-0.06189813040893447
next_observe_bout_phase,passive,6,10.0,-0.04869042174371014
next_observe_bout_phase,passive,6,11.0,-0.04868517263131475
next_observe_bout_phase,passive,6,12.0,-0.08121561045577388
next_observe_bout_phase,passive,6,13.0,-0.09454892718720687
next_observe_bout_phase,passive,6,14.0,-0.10133535904998159
next_observe_bout_phase,passive,6,15.0,-0.07394617820512663
next_observe_bout_phase,passive,6,16.0,-0.06358267975896773
next_observe_bout_phase,passive,6,17.0,-0.056308458713874576
next_observe_bout_phase,passive,6,18.0,-0.04282419008172997
next_observe_bout_phase,passive,6,19.0,-0.027939528136631316
next_observe_bout_phase,passive,6,20.0,-0.0304223895250741
next_observe_bout_phase,passive,6,21.0,-0.04191448226997497
next_observe_bout_phase,passive,6,22.0,-0.027767328084338173
next_observe_bout_phase,passive,6,23.0,-0.02089163329077567
next_observe_bout_phase,passive,6,24.0,0.004620595199010709
next_observe_bout_phase,passive,6,25.0,-0.0037591018931784374
next_observe_bout_phase,passive,6,26.0,-0.038736862338349956
next_observe_bout_phase,passive,6,27.0,-0.03815669174154712
next_observe_bout_phase,passive,6,28.0,-0.0459218102911054
next_observe_bout_phase,passive,6,29.0,-0.047371724010741266
next_observe_bout_phase,passive,6,30.0,-0.044531654222944986
next_observe_bout_phase,passive,6,31.0,-0.055165671430537806
next_observe_bout_phase,passive,6,32.0,-0.06081658982919657
next_observe_bout_phase,passive,6,33.0,-0.07704637461173351
next_observe_bout_phase,passive,6,34.0,-0.09014142730453245
next_observe_bout_phase,passive,6,35.0,-0.08006487124369362
next_observe_bout_phase,passive,6,36.0,-0.05850656952629578
next_observe_bout_phase,passive,6,37.0,-0.07711719529173322
next_observe_bout_phase,passive,6,38.0,-0.08803713916407889
next_observe_bout_phase,passive,6,39.0,-0.06907143473345062
next_observe_bout_phase,passive,6,40.0,-0.07785250666144983
next_observe_bout_phase,passive,6,41.0,-0.07630406662374273
next_observe_bout_phase,passive,6,42.0,-0.07111902033019354
next_observe_bout_phase,passive,6,43.0,-0.0876550083660206
next_observe_bout_phase,passive,6,44.0,-0.07994740342439079
next_observe_bout_phase,passive,6,45.0,-0.07087043854326212
next_observe_bout_phase,passive,6,46.0,-0.0743088283806252
next_observe_bout_phase,passive,6,47.0,-0.10871129054428642
next_observe_bout_phase,passive,6,48.0,-0.1470861355874391
next_observe_bout_phase,passive,6,49.0,-0.13016374227354768
next_observe_bout_phase,passive,6,50.0,-0.11386563810436318
next_observe_bout_phase,passive,6,51.0,-0.10131166766070315
next_observe_bout_phase,passive,6,52.0,-0.10326617747072625
next_observe_bout_phase,passive,6,53.0,-0.1345190913389543
next_observe_bout_phase,passive,6,54.0,-0.14989318543497665
next_observe_bout_phase,passive,6,55.0,-0.12521947514071963
next_observe_bout_phase,passive,6,56.0,-0.12838447011138435
next_observe_bout_phase,passive,6,57.0,-0.132201171956671
next_observe_bout_phase,passive,6,58.0,-0.1166519118828739
next_observe_bout_phase,passive,6,59.0,-0.14747731880341458
next_observe_bout_phase,passive,6,60.0,-0.1369120646157552
next_observe_bout_phase,passive,6,61.0,-0.11640205370535717
next_observe_bout_phase,passive,6,62.0,-0.11094362680871492
next_observe_bout_phase,passive,6,63.0,-0.10569136984630943
next_observe_bout_phase,passive,6,64.0,-0.08862715494663405
next_observe_bout_phase,passive,6,65.0,-0.09861762190788059
next_observe_bout_phase,passive,6,66.0,-0.11846417762548962
next_observe_bout_phase,passive,6,67.0,-0.10088715160950701
next_observe_bout_phase,passive,6,68.0,-0.0873403548832487
next_observe_bout_phase,passive,6,69.0,-0.07747520982404354
next_observe_bout_phase,passive,6,70.0,-0.066332521941381
next_observe_bout_phase,passive,6,71.0,-0.060556043620624916
next_observe_bout_phase,passive,6,72.0,-0.04600146893953057
next_observe_bout_phase,passive,6,73.0,-0.051232234639936494
next_observe_bout_phase,passive,6,74.0,-0.08708641319290646
next_observe_bout_phase,passive,6,75.0,-0.10701222347530859
next_observe_bout_phase,passive,6,76.0,-0.09965514009805411
next_observe_bout_phase,passive,6,77.0,-0.10327299126934851
next_observe_bout_phase,passive,6,78.0,-0.09920174615050739
next_observe_bout_phase,passive,6,79.0,-0.10589079575082416
next_observe_bout_phase,passive,6,80.0,-0.09910442321445885
next_observe_bout_phase,passive,6,81.0,-0.10582780548921561
next_observe_bout_phase,passive,6,82.0,-0.12107549874348847
next_observe_bout_phase,passive,6,83.0,-0.13068834954548456
next_observe_bout_phase,passive,6,84.0,-0.09386373021316609
next_observe_bout_phase,passive,6,85.0,-0.051763366427468586
next_observe_bout_phase,passive,6,86.0,-0.03239071094453336
next_observe_bout_phase,passive,6,87.0,-0.033192441439080976
next_observe_bout_phase,passive,6,88.0,-0.061153148719731903
next_observe_bout_phase,passive,6,89.0,-0.08226032818863527
next_observe_bout_phase,passive,6,90.0,-0.07645574408108637
next_observe_bout_phase,passive,6,91.0,-0.09190035341837716
next_observe_bout_phase,passive,6,92.0,-0.11450024637881942
next_observe_bout_phase,passive,6,93.0,-0.11561272415606659
next_observe_bout_phase,passive,6,94.0,-0.11459776725581815
next_observe_bout_phase,passive,6,95.0,-0.10510256988114933
next_observe_bout_phase,passive,6,96.0,-0.09942058091780091
next_observe_bout_phase,passive,6,97.0,-0.09347892746749618
next_observe_bout_phase,passive,6,98.0,-0.08386497884790603
next_observe_bout_phase,passive,6,99.0,-0.08940132458319161
next_observe_bout_phase,passive,6,100.0,-0.09899951949158
next_observe_bout_phase,passive,18,0.0,-0.1167406881919514
next_observe_bout_phase,passive,18,1.0,-0.11749870045859849
next_observe_bout_phase,passive,18,2.0,-0.11537185855691655
next_observe_bout_phase,passive,18,3.0,-0.10530659542694401
next_observe_bout_phase,passive,18,4.0,-0.1014067994335487
next_observe_bout_phase,passive,18,5.0,-0.09120739431021266
next_observe_bout_phase,passive,18,6.0,-0.08572722194840697
next_observe_bout_phase,passive,18,7.0,-0.10236368893104275
next_observe_bout_phase,passive,18,8.0,-0.12001846106931564
next_observe_bout_phase,passive,18,9.0,-0.1321215723760742
next_observe_bout_phase,passive,18,10.0,-0.13855959743551785
next_observe_bout_phase,passive,18,11.0,-0.13107696248712328
next_observe_bout_phase,passive,18,12.0,-0.10117033827953689
next_observe_bout_phase,passive,18,13.0,-0.037235611829703606
next_observe_bout_phase,passive,18,14.0,-0.014211115730547924
next_observe_bout_phase,passive,18,15.0,0.006764184077423669
next_observe_bout_phase,passive,18,16.0,0.025952100435528452
next_observe_bout_phase,passive,18,17.0,0.038841355131787866
next_observe_bout_phase,passive,18,18.0,0.05203524368718028
next_observe_bout_phase,passive,18,19.0,0.053361823196369014
next_observe_bout_phase,passive,18,20.0,0.05027682891351929
next_observe_bout_phase,passive,18,21.0,0.05943598112398627
next_observe_bout_phase,passive,18,22.0,0.07300967675103268
next_observe_bout_phase,passive,18,23.0,0.08048680208400229
next_observe_bout_phase,passive,18,24.0,0.09605402760767465
next_observe_bout_phase,passive,18,25.0,0.11520460516555939
next_observe_bout_phase,passive,18,26.0,0.13308035339424934
next_observe_bout_phase,passive,18,27.0,0.14867769475692652
next_observe_bout_phase,passive,18,28.0,0.13976026098137023
next_observe_bout_phase,passive,18,29.0,0.13471174371773678
next_observe_bout_phase,passive,18,30.0,0.1560026095145235
next_observe_bout_phase,passive,18,31.0,0.16404314417767346
next_observe_bout_phase,passive,18,32.0,0.1653608070295593
next_observe_bout_phase,passive,18,33.0,0.1589880377339959
next_observe_bout_phase,passive,18,34.0,0.15726768565259272
next_observe_bout_phase,passive,18,35.0,0.16412682111270455
next_observe_bout_phase,passive,18,36.0,0.17967936088369538
next_observe_bout_phase,passive,18,37.0,0.19330926100898602
next_observe_bout_phase,passive,18,38.0,0.2071183745420619
next_observe_bout_phase,passive,18,39.0,0.21599114970603145
next_observe_bout_phase,passive,18,40.0,0.21747668946446902
next_observe_bout_phase,passive,18,41.0,0.21060016721995933
next_observe_bout_phase,passive,18,42.0,0.20529465777776296
next_observe_bout_phase,passive,18,43.0,0.20384500944627
next_observe_bout_phase,passive,18,44.0,0.19645633219648473
next_observe_bout_phase,passive,18,45.0,0.19020361962375903
next_observe_bout_phase,passive,18,46.0,0.19108732449802193
next_observe_bout_phase,passive,18,47.0,0.1923349429677445
next_observe_bout_phase,passive,18,48.0,0.18467533314559764
next_observe_bout_phase,passive,18,49.0,0.17761963933928815
next_observe_bout_phase,passive,18,50.0,0.1835865565722873
next_observe_bout_phase,passive,18,51.0,0.1841342242250102
next_observe_bout_phase,passive,18,52.0,0.18097901693349577
next_observe_bout_phase,passive,18,53.0,0.1693457464925061
next_observe_bout_phase,passive,18,54.0,0.1576892834005448
next_observe_bout_phase,passive,18,55.0,0.16142153873818102
next_observe_bout_phase,passive,18,56.0,0.16417360291464317
next_observe_bout_phase,passive,18,57.0,0.1237436784473144
next_observe_bout_phase,passive,18,58.0,0.10005588372230019
next_observe_bout_phase,passive,18,59.0,0.09575031958483726
next_observe_bout_phase,passive,18,60.0,0.07956907585723087
next_observe_bout_phase,passive,18,61.0,0.0718392721713677
next_observe_bout_phase,passive,18,62.0,0.07894412193202674
next_observe_bout_phase,passive,18,63.0,0.08774891288543378
next_observe_bout_phase,passive,18,64.0,0.08565178426825579
next_observe_bout_phase,passive,18,65.0,0.0768763696982971
next_observe_bout_phase,passive,18,66.0,0.06773665727171799
next_observe_bout_phase,passive,18,67.0,0.06930062768369245
next_observe_bout_phase,passive,18,68.0,0.07009206378961574
next_observe_bout_phase,passive,18,69.0,0.06309245512194193
next_observe_bout_phase,passive,18,70.0,0.06306238426465215
next_observe_bout_phase,passive,18,71.0,0.06598037757160306
next_observe_bout_phase,passive,18,72.0,0.06552252413189821
next_observe_bout_phase,passive,18,73.0,0.07264150609528061
next_observe_bout_phase,passive,18,74.0,0.07594565428506993
next_observe_bout_phase,passive,18,75.0,0.07826353499700835
next_observe_bout_phase,passive,18,76.0,0.08444993129948286
next_observe_bout_phase,passive,18,77.0,0.08556341446888385
next_observe_bout_phase,passive,18,78.0,0.08527140365202121
next_observe_bout_phase,passive,18,79.0,0.07850075995766036
next_observe_bout_phase,passive,18,80.0,0.08907901691434754
next_observe_bout_phase,passive,18,81.0,0.11001961423878168
next_observe_bout_phase,passive,18,82.0,0.12471595277243495
next_observe_bout_phase,passive,18,83.0,0.13907672245679242
next_observe_bout_phase,passive,18,84.0,0.1761725956396341
next_observe_bout_phase,passive,18,85.0,0.22686807614497348
next_observe_bout_phase,passive,18,86.0,0.26532673321714056
next_observe_bout_phase,passive,18,87.0,0.302123664816552
next_observe_bout_phase,passive,18,88.0,0.3296596843452034
next_observe_bout_phase,passive,18,89.0,0.3552049951357476
next_observe_bout_phase,passive,18,90.0,0.3586779399599219
next_observe_bout_phase,passive,18,91.0,0.3522439995395672
next_observe_bout_phase,passive,18,92.0,0.35793136732216924
next_observe_bout_phase,passive,18,93.0,0.37159911101901805
next_observe_bout_phase,passive,18,94.0,0.38227697308148906
next_observe_bout_phase,passive,18,95.0,0.38313518749266817
next_observe_bout_phase,passive,18,96.0,0.3747604704942919
next_observe_bout_phase,passive,18,97.0,0.3785747660287833
next_observe_bout_phase,passive,18,98.0,0.3861940086716915
next_observe_bout_phase,passive,18,99.0,0.37788943034472683
next_observe_bout_phase,passive,18,100.0,0.3483561982997923
next_observe_bout_phase,passive,19,0.0,0.4645718124917061
next_observe_bout_phase,passive,19,1.0,0.46167226683682944
next_observe_bout_phase,passive,19,2.0,0.45877272118195245
next_observe_bout_phase,passive,19,3.0,0.45587317552707585
next_observe_bout_phase,passive,19,4.0,0.4529736298721992
next_observe_bout_phase,passive,19,5.0,0.4589262152584409
next_observe_bout_phase,passive,19,6.0,0.4695999371999459
next_observe_bout_phase,passive,19,7.0,0.4802736591414506
next_observe_bout_phase,passive,19,8.0,0.49094738108295566
next_observe_bout_phase,passive,19,9.0,0.5045024323532719
next_observe_bout_phase,passive,19,10.0,0.5183972696192889
next_observe_bout_phase,passive,19,11.0,0.5223403421862466
next_observe_bout_phase,passive,19,12.0,0.5221186321935809
next_observe_bout_phase,passive,19,13.0,0.5148441111185574
next_observe_bout_phase,passive,19,14.0,0.5109518449964389
next_observe_bout_phase,passive,19,15.0,0.5075102365204707
next_observe_bout_phase,passive,19,16.0,0.5040686280445025
next_observe_bout_phase,passive,19,17.0,0.49890150477643214
next_observe_bout_phase,passive,19,18.0,0.504179942827516
next_observe_bout_phase,passive,19,19.0,0.5183919036021873
next_observe_bout_phase,passive,19,20.0,0.5326038643768586
next_observe_bout_phase,passive,19,21.0,0.5658722441393093
next_observe_bout_phase,passive,19,22.0,0.586204084673293
next_observe_bout_phase,passive,19,23.0,0.5685857172211751
next_observe_bout_phase,passive,19,24.0,0.5505968697198826
next_observe_bout_phase,passive,19,25.0,0.5326080222185899
next_observe_bout_phase,passive,19,26.0,0.5274459092475032
next_observe_bout_phase,passive,19,27.0,0.5384430027028616
next_observe_bout_phase,passive,19,28.0,0.5509790681988339
next_observe_bout_phase,passive,19,29.0,0.5635151336948062
next_observe_bout_phase,passive,19,30.0,0.5760511991907784
next_observe_bout_phase,passive,19,31.0,0.5761147370753378
next_observe_bout_phase,passive,19,32.0,0.5738648048319354
next_observe_bout_phase,passive,19,33.0,0.5716148725885329
next_observe_bout_phase,passive,19,34.0,0.572992952561562
next_observe_bout_phase,passive,19,35.0,0.5778331844671334
next_observe_bout_phase,passive,19,36.0,0.5886067413402795
next_observe_bout_phase,passive,19,37.0,0.5993802982134258
next_observe_bout_phase,passive,19,38.0,0.6101490245573624
next_observe_bout_phase,passive,19,39.0,0.6209129203720896
next_observe_bout_phase,passive,19,40.0,0.6312124370511828
next_observe_bout_phase,passive,19,41.0,0.6313821842279262
next_observe_bout_phase,passive,19,42.0,0.631000484334398
next_observe_bout_phase,passive,19,43.0,0.6295158903003267
next_observe_bout_phase,passive,19,44.0,0.6271253166054456
next_observe_bout_phase,passive,19,45.0,0.6238734657442425
next_observe_bout_phase,passive,19,46.0,0.6205969782345757
next_observe_bout_phase,passive,19,47.0,0.617320490724909
next_observe_bout_phase,passive,19,48.0,0.615435135475219
next_observe_bout_phase,passive,19,49.0,0.6201576584604185
next_observe_bout_phase,passive,19,50.0,0.6248801814456181
next_observe_bout_phase,passive,19,51.0,0.6384425148380876
next_observe_bout_phase,passive,19,52.0,0.6520048482305569
next_observe_bout_phase,passive,19,53.0,0.6509891502598114
next_observe_bout_phase,passive,19,54.0,0.646904393054705
next_observe_bout_phase,passive,19,55.0,0.6428196358495986
next_observe_bout_phase,passive,19,56.0,0.6360327382317708
next_observe_bout_phase,passive,19,57.0,0.6340224483591893
next_observe_bout_phase,passive,19,58.0,0.6409077402260415
next_observe_bout_phase,passive,19,59.0,0.647565717502567
next_observe_bout_phase,passive,19,60.0,0.6541100374839289
next_observe_bout_phase,passive,19,61.0,0.6500671843954064
next_observe_bout_phase,passive,19,62.0,0.6661683928150686
next_observe_bout_phase,passive,19,63.0,0.6810149050257248
next_observe_bout_phase,passive,19,64.0,0.6946067210273759
next_observe_bout_phase,passive,19,65.0,0.7081985370290267
next_observe_bout_phase,passive,19,66.0,0.7033004810489374
next_observe_bout_phase,passive,19,67.0,0.697680395863274
next_observe_bout_phase,passive,19,68.0,0.7008884033674289
next_observe_bout_phase,passive,19,69.0,0.7040964108715835
next_observe_bout_phase,passive,19,70.0,0.7028386690538433
next_observe_bout_phase,passive,19,71.0,0.7072789310738288
next_observe_bout_phase,passive,19,72.0,0.7117191930938144
next_observe_bout_phase,passive,19,73.0,0.7161594551138
next_observe_bout_phase,passive,19,74.0,0.721344171407546
next_observe_bout_phase,passive,19,75.0,0.734345657575777
next_observe_bout_phase,passive,19,76.0,0.7490278412641157
next_observe_bout_phase,passive,19,77.0,0.7637100249524543
next_observe_bout_phase,passive,19,78.0,0.7787884674364631
next_observe_bout_phase,passive,19,79.0,0.8429884391127331
next_observe_bout_phase,passive,19,80.0,0.9240359249327958
next_observe_bout_phase,passive,19,81.0,0.9955589120627059
next_observe_bout_phase,passive,19,82.0,1.0670818991926159
next_observe_bout_phase,passive,19,83.0,1.1199072335723048
next_observe_bout_phase,passive,19,84.0,1.1373501213228479
next_observe_bout_phase,passive,19,85.0,1.151644404564545
next_observe_bout_phase,passive,19,86.0,1.1659386878062428
next_observe_bout_phase,passive,19,87.0,1.1794290599506054
next_observe_bout_phase,passive,19,88.0,1.176818323839209
next_observe_bout_phase,passive,19,89.0,1.175523571868161
next_observe_bout_phase,passive,19,90.0,1.1720772059350808
next_observe_bout_phase,passive,19,91.0,1.1740113338543348
next_observe_bout_phase,passive,19,92.0,1.1669517222952717
next_observe_bout_phase,passive,19,93.0,1.156160663903544
next_observe_bout_phase,passive,19,94.0,1.1453696055118168
next_observe_bout_phase,passive,19,95.0,1.1345785471200893
next_observe_bout_phase,passive,19,96.0,1.1223302588125794
next_observe_bout_phase,passive,19,97.0,1.1073496644129772
next_observe_bout_phase,passive,19,98.0,1.0923690700133748
next_observe_bout_phase,passive,19,99.0,1.0773884756137724
next_observe_bout_phase,passive,19,100.0,1.06240788121417
next_observe_bout_phase,passive,27,0.0,-0.30603138467017765
next_observe_bout_phase,passive,27,1.0,-0.29876180199829
next_observe_bout_phase,passive,27,2.0,-0.2896592433843577
next_observe_bout_phase,passive,27,3.0,-0.27706505558953454
next_observe_bout_phase,passive,27,4.0,-0.25864702708531107
next_observe_bout_phase,passive,27,5.0,-0.23825059304951787
next_observe_bout_phase,passive,27,6.0,-0.2106364688928889
next_observe_bout_phase,passive,27,7.0,-0.17682548729084321
next_observe_bout_phase,passive,27,8.0,-0.13851382463723527
next_observe_bout_phase,passive,27,9.0,-0.13411945935968797
next_observe_bout_phase,passive,27,10.0,-0.1351815108703964
next_observe_bout_phase,passive,27,11.0,-0.13915817397074598
next_observe_bout_phase,passive,27,12.0,-0.15258494996683888
next_observe_bout_phase,passive,27,13.0,-0.1673134601584887
next_observe_bout_phase,passive,27,14.0,-0.16932573465990708
next_observe_bout_phase,passive,27,15.0,-0.16847466926713606
next_observe_bout_phase,passive,27,16.0,-0.17225010459430698
next_observe_bout_phase,passive,27,17.0,-0.16218589797219135
next_observe_bout_phase,passive,27,18.0,-0.14523646070379
next_observe_bout_phase,passive,27,19.0,-0.13797201599494832
next_observe_bout_phase,passive,27,20.0,-0.14773273964846143
next_observe_bout_phase,passive,27,21.0,-0.1642084513937516
next_observe_bout_phase,passive,27,22.0,-0.18461079131814734
next_observe_bout_phase,passive,27,23.0,-0.20276623618499334
next_observe_bout_phase,passive,27,24.0,-0.2158881031893825
next_observe_bout_phase,passive,27,25.0,-0.2232996746228909
next_observe_bout_phase,passive,27,26.0,-0.21829472844539072
next_observe_bout_phase,passive,27,27.0,-0.2117367732779457
next_observe_bout_phase,passive,27,28.0,-0.19588948785434707
next_observe_bout_phase,passive,27,29.0,-0.1565015348715225
next_observe_bout_phase,passive,27,30.0,-0.126601780794298
next_observe_bout_phase,passive,27,31.0,-0.1057462255518802
next_observe_bout_phase,passive,27,32.0,-0.0940482711858147
next_observe_bout_phase,passive,27,33.0,-0.0732580591506889
next_observe_bout_phase,passive,27,34.0,-0.05115628924079278
next_observe_bout_phase,passive,27,35.0,-0.02948101931286915
next_observe_bout_phase,passive,27,36.0,-0.009410814713132504
next_observe_bout_phase,passive,27,37.0,0.013231145811122131
next_observe_bout_phase,passive,27,38.0,0.03481886365805062
next_observe_bout_phase,passive,27,39.0,0.048365891277975095
next_observe_bout_phase,passive,27,40.0,0.051385622262201225
next_observe_bout_phase,passive,27,41.0,0.07893577419965324
next_observe_bout_phase,passive,27,42.0,0.0836819486170658
next_observe_bout_phase,passive,27,43.0,0.08001924819723828
next_observe_bout_phase,passive,27,44.0,0.07669202384690108
next_observe_bout_phase,passive,27,45.0,0.08072437961461355
next_observe_bout_phase,passive,27,46.0,0.0879169358204455
next_observe_bout_phase,passive,27,47.0,0.12184405242249288
next_observe_bout_phase,passive,27,48.0,0.1498623918262898
next_observe_bout_phase,passive,27,49.0,0.16508055429072116
next_observe_bout_phase,passive,27,50.0,0.16862084418652906
next_observe_bout_phase,passive,27,51.0,0.16605548886708196
next_observe_bout_phase,passive,27,52.0,0.16006192151250703
next_observe_bout_phase,passive,27,53.0,0.14826391489016572
next_observe_bout_phase,passive,27,54.0,0.12349928154147335
next_observe_bout_phase,passive,27,55.0,0.09543697570175995
next_observe_bout_phase,passive,27,56.0,0.08415489464415372
next_observe_bout_phase,passive,27,57.0,0.06972557773300525
next_observe_bout_phase,passive,27,58.0,0.05025100356301973
next_observe_bout_phase,passive,27,59.0,0.02860953051226924
next_observe_bout_phase,passive,27,60.0,0.010833425854910999
next_observe_bout_phase,passive,27,61.0,-0.009763128656600218
next_observe_bout_phase,passive,27,62.0,-0.02419591334007834
next_observe_bout_phase,passive,27,63.0,-0.027807947827518248
next_observe_bout_phase,passive,27,64.0,-0.023780203187871975
next_observe_bout_phase,passive,27,65.0,-0.02442382506898565
next_observe_bout_phase,passive,27,66.0,-0.01893599048342963
next_observe_bout_phase,passive,27,67.0,-0.0008251177622825696
next_observe_bout_phase,passive,27,68.0,0.015495119362251541
next_observe_bout_phase,passive,27,69.0,0.027259903879994888
next_observe_bout_phase,passive,27,70.0,0.032153648376499123
next_observe_bout_phase,passive,27,71.0,0.031764822957801135
next_observe_bout_phase,passive,27,72.0,0.04166735084915362
next_observe_bout_phase,passive,27,73.0,0.06668920025773763
next_observe_bout_phase,passive,27,74.0,0.09886838454196058
next_observe_bout_phase,passive,27,75.0,0.11506568393951484
next_observe_bout_phase,passive,27,76.0,0.138183742684355
next_observe_bout_phase,passive,27,77.0,0.1558750381553538
next_observe_bout_phase,passive,27,78.0,0.17406825462460068
next_observe_bout_phase,passive,27,79.0,0.19420807413742666
next_observe_bout_phase,passive,27,80.0,0.1937489457436278
next_observe_bout_phase,passive,27,81.0,0.20014084742928676
next_observe_bout_phase,passive,27,82.0,0.19910793837812107
next_observe_bout_phase,passive,27,83.0,0.19723527296460086
next_observe_bout_phase,passive,27,84.0,0.21288950236182788
next_observe_bout_phase,passive,27,85.0,0.2365891998953839
next_observe_bout_phase,passive,27,86.0,0.2541398589121866
next_observe_bout_phase,passive,27,87.0,0.26645499428037783
next_observe_bout_phase,passive,27,88.0,0.26676212079017786
next_observe_bout_phase,passive,27,89.0,0.27377219664346397
next_observe_bout_phase,passive,27,90.0,0.2742568147134309
next_observe_bout_phase,passive,27,91.0,0.2900833584391551
next_observe_bout_phase,passive,27,92.0,0.30242661022010353
next_observe_bout_phase,passive,27,93.0,0.3178061814270108
next_observe_bout_phase,passive,27,94.0,0.34059447259235265
next_observe_bout_phase,passive,27,95.0,0.36595108110862984
next_observe_bout_phase,passive,27,96.0,0.4032301777383154
next_observe_bout_phase,passive,27,97.0,0.4529554502528513
next_observe_bout_phase,passive,27,98.0,0.48127480882542056
next_observe_bout_phase,passive,27,99.0,0.5088312162881852
next_observe_bout_phase,passive,27,100.0,0.5341124918606361
next_observe_bout_phase,passive,35,0.0,0.07792372113335706
next_observe_bout_phase,passive,35,1.0,0.11371372629009284
next_observe_bout_phase,passive,35,2.0,0.10271139387640293
next_observe_bout_phase,passive,35,3.0,0.1385793511600728
next_observe_bout_phase,passive,35,4.0,0.16670375518297767
next_observe_bout_phase,passive,35,5.0,0.219975843627253
next_observe_bout_phase,passive,35,6.0,0.11928737802633088
next_observe_bout_phase,passive,35,7.0,-0.04086553283901253
next_observe_bout_phase,passive,35,8.0,-0.16717858950094486
next_observe_bout_phase,passive,35,9.0,-0.14569070042185644
next_observe_bout_phase,passive,35,10.0,-0.0999581481375192
next_observe_bout_phase,passive,35,11.0,-0.04559997747109784
next_observe_bout_phase,passive,35,12.0,-0.11680310026057261
next_observe_bout_phase,passive,35,13.0,-0.09964475922103176
next_observe_bout_phase,passive,35,14.0,-0.06960404231220843
next_observe_bout_phase,passive,35,15.0,-0.04093398118873291
next_observe_bout_phase,passive,35,16.0,-0.05522993111866146
next_observe_bout_phase,passive,35,17.0,-0.027862879818346037
next_observe_bout_phase,passive,35,18.0,-0.009563380027640756
next_observe_bout_phase,passive,35,19.0,0.03654259473289126
next_observe_bout_phase,passive,35,20.0,0.019944727866948685
next_observe_bout_phase,passive,35,21.0,0.014319631423566681
next_observe_bout_phase,passive,35,22.0,-0.054706809385048204
next_observe_bout_phase,passive,35,23.0,-0.03630102652962033
next_observe_bout_phase,passive,35,24.0,-0.012943830981620497
next_observe_bout_phase,passive,35,25.0,-0.039018520491696074
next_observe_bout_phase,passive,35,26.0,-0.04346446136597578
next_observe_bout_phase,passive,35,27.0,-0.08108095908192958
next_observe_bout_phase,passive,35,28.0,-0.003475399404394804
next_observe_bout_phase,passive,35,29.0,0.032609904822307724
next_observe_bout_phase,passive,35,30.0,0.1440819457732648
next_observe_bout_phase,passive,35,31.0,0.22620669846483843
next_observe_bout_phase,passive,35,32.0,0.2613846210941613
next_observe_bout_phase,passive,35,33.0,0.24036003965666017
next_observe_bout_phase,passive,35,34.0,0.1640251388491962
next_observe_bout_phase,passive,35,35.0,0.12746472392446365
next_observe_bout_phase,passive,35,36.0,0.09737941406245225
next_observe_bout_phase,passive,35,37.0,0.1191097003232038
next_observe_bout_phase,passive,35,38.0,0.12163034373849106
next_observe_bout_phase,passive,35,39.0,0.12343475486789628
next_observe_bout_phase,passive,35,40.0,0.1922591883317181
next_observe_bout_phase,passive,35,41.0,0.3113094617813621
next_observe_bout_phase,passive,35,42.0,0.36928248652480583
next_observe_bout_phase,passive,35,43.0,0.3057464286490767
next_observe_bout_phase,passive,35,44.0,0.11318763940386779
next_observe_bout_phase,passive,35,45.0,0.14904638801851697
next_observe_bout_phase,passive,35,46.0,0.23139847773049052
next_observe_bout_phase,passive,35,47.0,0.26278903070098586
next_observe_bout_phase,passive,35,48.0,0.20205120475050967
next_observe_bout_phase,passive,35,49.0,0.1272002386564631
next_observe_bout_phase,passive,35,50.0,0.2224494099176623
next_observe_bout_phase,passive,35,51.0,0.31908868189692546
next_observe_bout_phase,passive,35,52.0,0.3505409263563833
next_observe_bout_phase,passive,35,53.0,0.2912715606082599
next_observe_bout_phase,passive,35,54.0,0.3172238397097149
next_observe_bout_phase,passive,35,55.0,0.4085950077359492
next_observe_bout_phase,passive,35,56.0,0.46321048807080367
next_observe_bout_phase,passive,35,57.0,0.47657146574046455
next_observe_bout_phase,passive,35,58.0,0.46989350025586135
next_observe_bout_phase,passive,35,59.0,0.39914686838631486
next_observe_bout_phase,passive,35,60.0,0.3183020282795437
next_observe_bout_phase,passive,35,61.0,0.2910110264972705
next_observe_bout_phase,passive,35,62.0,0.27550264883445363
next_observe_bout_phase,passive,35,63.0,0.348186689393738
next_observe_bout_phase,passive,35,64.0,0.33842180080756745
next_observe_bout_phase,passive,35,65.0,0.24504637434358223
next_observe_bout_phase,passive,35,66.0,0.12527587225493683
next_observe_bout_phase,passive,35,67.0,0.2189212646398376
next_observe_bout_phase,passive,35,68.0,0.24700530388429534
next_observe_bout_phase,passive,35,69.0,0.23622915277917414
next_observe_bout_phase,passive,35,70.0,0.33564751710513213
next_observe_bout_phase,passive,35,71.0,0.26612997736716165
next_observe_bout_phase,passive,35,72.0,0.4611278772462799
next_observe_bout_phase,passive,35,73.0,0.36782502590817084
next_observe_bout_phase,passive,35,74.0,0.410731341685689
next_observe_bout_phase,passive,35,75.0,0.44826829379310124
next_observe_bout_phase,passive,35,76.0,0.49756838278462007
next_observe_bout_phase,passive,35,77.0,0.5151638152897998
next_observe_bout_phase,passive,35,78.0,0.4678642902286448
next_observe_bout_phase,passive,35,79.0,0.5254965071324705
next_observe_bout_phase,passive,35,80.0,0.5469825243246377
next_observe_bout_phase,passive,35,81.0,0.5856182441079701
next_observe_bout_phase,passive,35,82.0,0.5050528773039765
next_observe_bout_phase,passive,35,83.0,0.47299017531643955
next_observe_bout_phase,passive,35,84.0,0.4700057538962776
next_observe_bout_phase,passive,35,85.0,0.39990086563321725
next_observe_bout_phase,passive,35,86.0,0.322327304444834
next_observe_bout_phase,passive,35,87.0,0.31485726675456444
next_observe_bout_phase,passive,35,88.0,0.25983677795832505
next_observe_bout_phase,passive,35,89.0,0.2842728393428158
next_observe_bout_phase,passive,35,90.0,0.2995768103668773
next_observe_bout_phase,passive,35,91.0,0.33361000990171696
next_observe_bout_phase,passive,35,92.0,0.42538209611165273
next_observe_bout_phase,passive,35,93.0,0.4527106279907203
next_observe_bout_phase,passive,35,94.0,0.5302146491028593
next_observe_bout_phase,passive,35,95.0,0.5215303319424791
next_observe_bout_phase,passive,35,96.0,0.5034511714071349
next_observe_bout_phase,passive,35,97.0,0.5249197151887771
next_observe_bout_phase,passive,35,98.0,0.5456010797284608
next_observe_bout_phase,passive,35,99.0,0.5431463549730292
next_observe_bout_phase,passive,35,100.0,0.602024161067354
next_observe_fixed,unrewarded,1,-3.0,-0.01956712716141249
next_observe_fixed,unrewarded,1,-2.9,-0.06725609357434173
next_observe_fixed,unrewarded,1,-2.8,-0.08244383339521003
next_observe_fixed,unrewarded,1,-2.6999999999999997,-0.11360140351022016
next_observe_fixed,unrewarded,1,-2.5999999999999996,-0.12828568318331698
next_observe_fixed,unrewarded,1,-2.4999999999999996,-0.08270980554056565
next_observe_fixed,unrewarded,1,-2.3999999999999995,-0.11917614055121716
next_observe_fixed,unrewarded,1,-2.2999999999999994,-0.12415406573426278
next_observe_fixed,unrewarded,1,-2.1999999999999993,-0.10930697339759271
next_observe_fixed,unrewarded,1,-2.099999999999999,-0.10433704298897815
next_observe_fixed,unrewarded,1,-1.9999999999999991,-0.10456848100399682
next_observe_fixed,unrewarded,1,-1.899999999999999,-0.07078754449804267
next_observe_fixed,unrewarded,1,-1.799999999999999,-0.11120878739193449
next_observe_fixed,unrewarded,1,-1.6999999999999988,-0.1070253183067062
next_observe_fixed,unrewarded,1,-1.5999999999999988,-0.11571437807394343
next_observe_fixed,unrewarded,1,-1.4999999999999987,-0.1231280060394655
next_observe_fixed,unrewarded,1,-1.3999999999999986,-0.09429661771439507
next_observe_fixed,unrewarded,1,-1.2999999999999985,-0.11188862472215186
next_observe_fixed,unrewarded,1,-1.1999999999999984,-0.15543859042729033
next_observe_fixed,unrewarded,1,-1.0999999999999983,-0.14078806886094408
next_observe_fixed,unrewarded,1,-0.9999999999999982,-0.18423531031072019
next_observe_fixed,unrewarded,1,-0.8999999999999981,-0.18239942770318646
next_observe_fixed,unrewarded,1,-0.799999999999998,-0.1368967194745672
next_observe_fixed,unrewarded,1,-0.699999999999998,-0.16945248350093442
next_observe_fixed,unrewarded,1,-0.5999999999999979,-0.19226246864810603
next_observe_fixed,unrewarded,1,-0.4999999999999978,-0.16459474571848606
next_observe_fixed,unrewarded,1,-0.3999999999999977,-0.16552633698593414
next_observe_fixed,unrewarded,1,-0.2999999999999976,-0.13582133684045983
next_observe_fixed,unrewarded,1,-0.1999999999999975,-0.14790945712293518
next_observe_fixed,unrewarded,1,-0.09999999999999742,-0.1267165912725013
next_observe_fixed,unrewarded,1,2.6645352591003757e-15,-0.1283586218318415
next_observe_fixed,unrewarded,1,0.10000000000000275,-0.12503828275840298
next_observe_fixed,unrewarded,1,0.20000000000000284,-0.1618544620244694
next_observe_fixed,unrewarded,1,0.30000000000000293,-0.13018953706618583
next_observe_fixed,unrewarded,1,0.400000000000003,-0.11203942955713608
next_observe_fixed,unrewarded,1,0.5000000000000031,-0.15556604391386128
next_observe_fixed,unrewarded,1,0.6000000000000032,-0.1622402835890514
next_observe_fixed,unrewarded,1,0.7000000000000033,-0.13290387957959487
next_observe_fixed,unrewarded,1,0.8000000000000034,-0.1592071442723976
next_observe_fixed,unrewarded,1,0.9000000000000035,-0.12412938839047623
next_observe_fixed,unrewarded,1,1.0000000000000036,-0.14495368858420002
next_observe_fixed,unrewarded,1,1.1000000000000032,-0.2065390664182327
next_observe_fixed,unrewarded,1,1.2000000000000037,-0.1709891250856622
next_observe_fixed,unrewarded,1,1.3000000000000043,-0.17493465816498205
next_observe_fixed,unrewarded,1,1.400000000000004,-0.14832802662353012
next_observe_fixed,unrewarded,1,1.5000000000000036,-0.10811548830363395
next_observe_fixed,unrewarded,1,1.600000000000004,-0.11291027953688346
next_observe_fixed,unrewarded,1,1.7000000000000046,-0.11334490867803544
next_observe_fixed,unrewarded,1,1.8000000000000043,-0.11984334914702909
next_observe_fixed,unrewarded,1,1.900000000000004,-0.11005293999174318
next_observe_fixed,unrewarded,1,2.0000000000000044,-0.07309496348967061
next_observe_fixed,unrewarded,1,2.100000000000005,-0.04466363283293794
next_observe_fixed,unrewarded,1,2.2000000000000046,-0.048999839566958074
next_observe_fixed,unrewarded,1,2.3000000000000043,-0.06583794816593304
next_observe_fixed,unrewarded,1,2.400000000000005,-0.08223027647328046
next_observe_fixed,unrewarded,1,2.5000000000000053,-0.10020913382234325
next_observe_fixed,unrewarded,1,2.600000000000005,-0.10144254431572887
next_observe_fixed,unrewarded,1,2.7000000000000046,-0.11474657803235806
next_observe_fixed,unrewarded,1,2.800000000000005,-0.03078759621562375
next_observe_fixed,unrewarded,1,2.9000000000000057,-0.03091553384730641
next_observe_fixed,unrewarded,1,3.0000000000000053,-0.03165605014086818
next_observe_fixed,unrewarded,1,3.100000000000005,-0.051706918015288664
next_observe_fixed,unrewarded,1,3.2000000000000055,-0.06074112313379176
next_observe_fixed,unrewarded,1,3.300000000000006,-0.06019356154871357
next_observe_fixed,unrewarded,1,3.4000000000000057,-0.10960759067973483
next_observe_fixed,unrewarded,1,3.5000000000000053,-0.049358698544195674
next_observe_fixed,unrewarded,1,3.600000000000006,-0.10310799249249061
next_observe_fixed,unrewarded,1,3.7000000000000064,-0.06874006483639107
next_observe_fixed,unrewarded,1,3.800000000000006,-0.10351234099367342
next_observe_fixed,unrewarded,1,3.9000000000000057,-0.07181892650756412
next_observe_fixed,unrewarded,1,4.000000000000006,-0.12420381530564603
next_observe_fixed,unrewarded,1,4.100000000000007,-0.15486862577777105
next_observe_fixed,unrewarded,1,4.200000000000006,-0.10485493698387605
next_observe_fixed,unrewarded,1,4.300000000000006,-0.14767220137207876
next_observe_fixed,unrewarded,1,4.400000000000007,-0.10088674572435519
next_observe_fixed,unrewarded,1,4.500000000000007,-0.10194771255287585
next_observe_fixed,unrewarded,1,4.600000000000007,-0.0967561101939234
next_observe_fixed,unrewarded,1,4.700000000000006,-0.10084895413572617
next_observe_fixed,unrewarded,1,4.800000000000007,-0.06887509871898195
next_observe_fixed,unrewarded,1,4.9000000000000075,-0.12159760345086225
next_observe_fixed,unrewarded,1,5.000000000000007,-0.09890877310738687
next_observe_fixed,unrewarded,1,5.100000000000007,-0.11887865637766248
next_observe_fixed,unrewarded,1,5.200000000000006,-0.12505227296343185
next_observe_fixed,unrewarded,1,5.300000000000008,-0.17557249038336367
next_observe_fixed,unrewarded,1,5.4000000000000075,-0.14272502731456568
next_observe_fixed,unrewarded,1,5.500000000000007,-0.16377769266826953
next_observe_fixed,unrewarded,1,5.6000000000000085,-0.1362251392553908
next_observe_fixed,unrewarded,1,5.700000000000008,-0.11194194437545507
next_observe_fixed,unrewarded,1,5.800000000000008,-0.1367810613753936
next_observe_fixed,unrewarded,1,5.9000000000000075,-0.1215123420712711
next_observe_fixed,unrewarded,3,-3.0,-0.21684555525365862
next_observe_fixed,unrewarded,3,-2.9,-0.20131872662320757
next_observe_fixed,unrewarded,3,-2.8,-0.1733564944997193
next_observe_fixed,unrewarded,3,-2.6999999999999997,-0.21522701360021437
next_observe_fixed,unrewarded,3,-2.5999999999999996,-0.2667662420243469
next_observe_fixed,unrewarded,3,-2.4999999999999996,-0.3470936376070457
next_observe_fixed,unrewarded,3,-2.3999999999999995,-0.3808449278851551
next_observe_fixed,unrewarded,3,-2.2999999999999994,-0.41173423764884753
next_observe_fixed,unrewarded,3,-2.1999999999999993,-0.40601172984744555
next_observe_fixed,unrewarded,3,-2.099999999999999,-0.4465696814120182
next_observe_fixed,unrewarded,3,-1.9999999999999991,-0.446065503285801
next_observe_fixed,unrewarded,3,-1.899999999999999,-0.39060556416877135
next_observe_fixed,unrewarded,3,-1.799999999999999,-0.3516575543369129
next_observe_fixed,unrewarded,3,-1.6999999999999988,-0.3502842348255955
next_observe_fixed,unrewarded,3,-1.5999999999999988,-0.38317889680012596
next_observe_fixed,unrewarded,3,-1.4999999999999987,-0.3304103890441494
next_observe_fixed,unrewarded,3,-1.3999999999999986,-0.3352187102906897
next_observe_fixed,unrewarded,3,-1.2999999999999985,-0.3670856224608153
next_observe_fixed,unrewarded,3,-1.1999999999999984,-0.37249785403034025
next_observe_fixed,unrewarded,3,-1.0999999999999983,-0.3693982219593138
next_observe_fixed,unrewarded,3,-0.9999999999999982,-0.3961706010844325
next_observe_fixed,unrewarded,3,-0.8999999999999981,-0.37834503154316507
next_observe_fixed,unrewarded,3,-0.799999999999998,-0.43684219513551226
next_observe_fixed,unrewarded,3,-0.699999999999998,-0.42934263826194186
next_observe_fixed,unrewarded,3,-0.5999999999999979,-0.40373717557768474
next_observe_fixed,unrewarded,3,-0.4999999999999978,-0.46660139296125464
next_observe_fixed,unrewarded,3,-0.3999999999999977,-0.47369257196289105
next_observe_fixed,unrewarded,3,-0.2999999999999976,-0.4593095465399544
next_observe_fixed,unrewarded,3,-0.1999999999999975,-0.412222642627157
next_observe_fixed,unrewarded,3,-0.09999999999999742,-0.41357934810188596
next_observe_fixed,unrewarded,3,2.6645352591003757e-15,-0.4408042042051552
next_observe_fixed,unrewarded,3,0.10000000000000275,-0.3585890826137141
next_observe_fixed,unrewarded,3,0.20000000000000284,-0.33931976429996175
next_observe_fixed,unrewarded,3,0.30000000000000293,-0.2721653409802596
next_observe_fixed,unrewarded,3,0.400000000000003,-0.19454510219106175
next_observe_fixed,unrewarded,3,0.5000000000000031,-0.10877960516952358
next_observe_fixed,unrewarded,3,0.6000000000000032,-0.0936659237729935
next_observe_fixed,unrewarded,3,0.7000000000000033,-0.03583447148612015
next_observe_fixed,unrewarded,3,0.8000000000000034,-0.03175712814041025
next_observe_fixed,unrewarded,3,0.9000000000000035,-0.008148924225541204
next_observe_fixed,unrewarded,3,1.0000000000000036,-0.05005599973619668
next_observe_fixed,unrewarded,3,1.1000000000000032,-0.09975416509830679
next_observe_fixed,unrewarded,3,1.2000000000000037,-0.10062487244864382
next_observe_fixed,unrewarded,3,1.3000000000000043,-0.179683126971172
next_observe_fixed,unrewarded,3,1.400000000000004,-0.16464327181841878
next_observe_fixed,unrewarded,3,1.5000000000000036,-0.17426211910527162
next_observe_fixed,unrewarded,3,1.600000000000004,-0.18538410901851285
next_observe_fixed,unrewarded,3,1.7000000000000046,-0.20861806557750845
next_observe_fixed,unrewarded,3,1.8000000000000043,-0.18456615992163716
next_observe_fixed,unrewarded,3,1.900000000000004,-0.12702572348856017
next_observe_fixed,unrewarded,3,2.0000000000000044,-0.08983914619977136
next_observe_fixed,unrewarded,3,2.100000000000005,-0.13816140616667016
next_observe_fixed,unrewarded,3,2.2000000000000046,-0.24753993223712917
next_observe_fixed,unrewarded,3,2.3000000000000043,-0.29073070648778965
next_observe_fixed,unrewarded,3,2.400000000000005,-0.30315024315532196
next_observe_fixed,unrewarded,3,2.5000000000000053,-0.3444231687779427
next_observe_fixed,unrewarded,3,2.600000000000005,-0.3678455331670115
next_observe_fixed,unrewarded,3,2.7000000000000046,-0.37888215383726515
next_observe_fixed,unrewarded,3,2.800000000000005,-0.36007422543922163
next_observe_fixed,unrewarded,3,2.9000000000000057,-0.32141922163361586
next_observe_fixed,unrewarded,3,3.0000000000000053,-0.3286758684336395
next_observe_fixed,unrewarded,3,3.100000000000005,-0.24894359631039675
next_observe_fixed,unrewarded,3,3.2000000000000055,-0.25688094974689113
next_observe_fixed,unrewarded,3,3.300000000000006,-0.24696082950629525
next_observe_fixed,unrewarded,3,3.4000000000000057,-0.2400312607134353
next_observe_fixed,unrewarded,3,3.5000000000000053,-0.24190655168061914
next_observe_fixed,unrewarded,3,3.600000000000006,-0.20717699657779615
next_observe_fixed,unrewarded,3,3.7000000000000064,-0.19684801783486872
next_observe_fixed,unrewarded,3,3.800000000000006,-0.17307828232897335
next_observe_fixed,unrewarded,3,3.9000000000000057,-0.14468335573221125
next_observe_fixed,unrewarded,3,4.000000000000006,-0.15127907299780896
next_observe_fixed,unrewarded,3,4.100000000000007,-0.09185293297869727
next_observe_fixed,unrewarded,3,4.200000000000006,-0.0013512061890271765
next_observe_fixed,unrewarded,3,4.300000000000006,-0.04419411055710847
next_observe_fixed,unrewarded,3,4.400000000000007,-0.12620242727840525
next_observe_fixed,unrewarded,3,4.500000000000007,-0.07765084718080746
next_observe_fixed,unrewarded,3,4.600000000000007,-0.13798016168618082
next_observe_fixed,unrewarded,3,4.700000000000006,-0.07186430916387722
next_observe_fixed,unrewarded,3,4.800000000000007,0.002015376947262383
next_observe_fixed,unrewarded,3,4.9000000000000075,-0.061472343995649006
next_observe_fixed,unrewarded,3,5.000000000000007,-0.04404848114115402
next_observe_fixed,unrewarded,3,5.100000000000007,-0.0652261327118922
next_observe_fixed,unrewarded,3,5.200000000000006,-0.10685034344805143
next_observe_fixed,unrewarded,3,5.300000000000008,-0.1258507699200523
next_observe_fixed,unrewarded,3,5.4000000000000075,-0.1202278673704187
next_observe_fixed,unrewarded,3,5.500000000000007,-0.1439866266142057
next_observe_fixed,unrewarded,3,5.6000000000000085,-0.10385094484594813
next_observe_fixed,unrewarded,3,5.700000000000008,-0.14243920734548643
next_observe_fixed,unrewarded,3,5.800000000000008,-0.18630943559714563
next_observe_fixed,unrewarded,3,5.9000000000000075,-0.11843604805804692
next_observe_fixed,unrewarded,4,-3.0,0.05492057470698039
next_observe_fixed,unrewarded,4,-2.9,0.05097488656685211
next_observe_fixed,unrewarded,4,-2.8,0.03350392265269639
next_observe_fixed,unrewarded,4,-2.6999999999999997,0.04885498203597858
next_observe_fixed,unrewarded,4,-2.5999999999999996,0.017962796675477344
next_observe_fixed,unrewarded,4,-2.4999999999999996,-0.024453090044776117
next_observe_fixed,unrewarded,4,-2.3999999999999995,-0.014513422321549757
next_observe_fixed,unrewarded,4,-2.2999999999999994,-0.07568895029336559
next_observe_fixed,unrewarded,4,-2.1999999999999993,-0.10872244269997808
next_observe_fixed,unrewarded,4,-2.099999999999999,-0.21755909159524106
next_observe_fixed,unrewarded,4,-1.9999999999999991,-0.13741184416190716
next_observe_fixed,unrewarded,4,-1.899999999999999,-0.1193106091828389
next_observe_fixed,unrewarded,4,-1.799999999999999,-0.08357224089110835
next_observe_fixed,unrewarded,4,-1.6999999999999988,-0.09753389435307036
next_observe_fixed,unrewarded,4,-1.5999999999999988,-0.1597841410457264
next_observe_fixed,unrewarded,4,-1.4999999999999987,-0.11848221738027162
next_observe_fixed,unrewarded,4,-1.3999999999999986,-0.09782438163992875
next_observe_fixed,unrewarded,4,-1.2999999999999985,-0.0933392628930576
next_observe_fixed,unrewarded,4,-1.1999999999999984,-0.10168026826756828
next_observe_fixed,unrewarded,4,-1.0999999999999983,-0.11153149154938659
next_observe_fixed,unrewarded,4,-0.9999999999999982,-0.22481434300242106
next_observe_fixed,unrewarded,4,-0.8999999999999981,-0.23298926289477495
next_observe_fixed,unrewarded,4,-0.799999999999998,-0.2889294102026174
next_observe_fixed,unrewarded,4,-0.699999999999998,-0.3434840764120183
next_observe_fixed,unrewarded,4,-0.5999999999999979,-0.34395560332626757
next_observe_fixed,unrewarded,4,-0.4999999999999978,-0.31697128496288074
next_observe_fixed,unrewarded,4,-0.3999999999999977,-0.2676992327307876
next_observe_fixed,unrewarded,4,-0.2999999999999976,-0.275617071642109
next_observe_fixed,unrewarded,4,-0.1999999999999975,-0.29595725139033663
next_observe_fixed,unrewarded,4,-0.09999999999999742,-0.19822500012028066
next_observe_fixed,unrewarded,4,2.6645352591003757e-15,-0.33346764240341464
next_observe_fixed,unrewarded,4,0.10000000000000275,-0.31830980063907344
next_observe_fixed,unrewarded,4,0.20000000000000284,-0.30118005466306874
next_observe_fixed,unrewarded,4,0.30000000000000293,-0.26642813447596353
next_observe_fixed,unrewarded,4,0.400000000000003,-0.1390969367270606
next_observe_fixed,unrewarded,4,0.5000000000000031,-0.05462371205441818
next_observe_fixed,unrewarded,4,0.6000000000000032,0.05693964951015115
next_observe_fixed,unrewarded,4,0.7000000000000033,0.03867683923217382
next_observe_fixed,unrewarded,4,0.8000000000000034,0.03744590760117206
next_observe_fixed,unrewarded,4,0.9000000000000035,-0.0026791578200368806
next_observe_fixed,unrewarded,4,1.0000000000000036,-0.021187598059650686
next_observe_fixed,unrewarded,4,1.1000000000000032,-0.007274635239128659
next_observe_fixed,unrewarded,4,1.2000000000000037,-0.10212574700016881
next_observe_fixed,unrewarded,4,1.3000000000000043,-0.1140494360004976
next_observe_fixed,unrewarded,4,1.400000000000004,-0.05798671584753011
next_observe_fixed,unrewarded,4,1.5000000000000036,-0.06635790957759932
next_observe_fixed,unrewarded,4,1.600000000000004,-0.11058232776809342
next_observe_fixed,unrewarded,4,1.7000000000000046,-0.06399655447053527
next_observe_fixed,unrewarded,4,1.8000000000000043,-0.06608484422627163
next_observe_fixed,unrewarded,4,1.900000000000004,-0.12963555254354114
next_observe_fixed,unrewarded,4,2.0000000000000044,-0.061506700641249926
next_observe_fixed,unrewarded,4,2.100000000000005,-0.09251046427815784
next_observe_fixed,unrewarded,4,2.2000000000000046,-0.03663897750027678
next_observe_fixed,unrewarded,4,2.3000000000000043,-0.096282614305219
next_observe_fixed,unrewarded,4,2.400000000000005,-0.13546237998104718
next_observe_fixed,unrewarded,4,2.5000000000000053,-0.017027385188826336
next_observe_fixed,unrewarded,4,2.600000000000005,-0.005803608151635658
next_observe_fixed,unrewarded,4,2.7000000000000046,0.039159745881109265
next_observe_fixed,unrewarded,4,2.800000000000005,0.031318808573624714
next_observe_fixed,unrewarded,4,2.9000000000000057,0.15422449388786222
next_observe_fixed,unrewarded,4,3.0000000000000053,0.13242563293235715
next_observe_fixed,unrewarded,4,3.100000000000005,0.1281530282381351
next_observe_fixed,unrewarded,4,3.2000000000000055,0.17719389075021721
next_observe_fixed,unrewarded,4,3.300000000000006,0.17473706648959383
next_observe_fixed,unrewarded,4,3.4000000000000057,0.14479607135929481
next_observe_fixed,unrewarded,4,3.5000000000000053,0.16159146897763182
next_observe_fixed,unrewarded,4,3.600000000000006,0.14354905082480637
next_observe_fixed,unrewarded,4,3.7000000000000064,0.11478418681785864
next_observe_fixed,unrewarded,4,3.800000000000006,0.15125732069213965
next_observe_fixed,unrewarded,4,3.9000000000000057,0.12875621476250038
next_observe_fixed,unrewarded,4,4.000000000000006,0.17714143632905224
next_observe_fixed,unrewarded,4,4.100000000000007,0.09535041356236884
next_observe_fixed,unrewarded,4,4.200000000000006,0.09348660221311446
next_observe_fixed,unrewarded,4,4.300000000000006,0.06398890031926044
next_observe_fixed,unrewarded,4,4.400000000000007,0.11517077173994993
next_observe_fixed,unrewarded,4,4.500000000000007,0.034427122297765116
next_observe_fixed,unrewarded,4,4.600000000000007,0.03798361583091525
next_observe_fixed,unrewarded,4,4.700000000000006,0.069017828539247
next_observe_fixed,unrewarded,4,4.800000000000007,-0.021427360979707606
next_observe_fixed,unrewarded,4,4.9000000000000075,-0.09486250853315899
next_observe_fixed,unrewarded,4,5.000000000000007,-0.14832399233270785
next_observe_fixed,unrewarded,4,5.100000000000007,-0.06736873781272656
next_observe_fixed,unrewarded,4,5.200000000000006,-0.01678359054209279
next_observe_fixed,unrewarded,4,5.300000000000008,0.03011681526198051
next_observe_fixed,unrewarded,4,5.4000000000000075,0.10156718568901554
next_observe_fixed,unrewarded,4,5.500000000000007,0.13004620546726384
next_observe_fixed,unrewarded,4,5.6000000000000085,0.12474322900304861
next_observe_fixed,unrewarded,4,5.700000000000008,0.11922308038665054
next_observe_fixed,unrewarded,4,5.800000000000008,0.10912263180971916
next_observe_fixed,unrewarded,4,5.9000000000000075,0.08963969279523992
next_observe_fixed,unrewarded,5,-3.0,0.04693033411144728
next_observe_fixed,unrewarded,5,-2.9,-0.014017694153959903
next_observe_fixed,unrewarded,5,-2.8,-0.058569574903252514
next_observe_fixed,unrewarded,5,-2.6999999999999997,-0.09238313120052942
next_observe_fixed,unrewarded,5,-2.5999999999999996,-0.14141247386395
next_observe_fixed,unrewarded,5,-2.4999999999999996,-0.16942116425532122
next_observe_fixed,unrewarded,5,-2.3999999999999995,-0.15191569696892643
next_observe_fixed,unrewarded,5,-2.2999999999999994,-0.11630778381164672
next_observe_fixed,unrewarded,5,-2.1999999999999993,-0.1663514509181725
next_observe_fixed,unrewarded,5,-2.099999999999999,-0.22886708955008328
next_observe_fixed,unrewarded,5,-1.9999999999999991,-0.23128864385328762
next_observe_fixed,unrewarded,5,-1.899999999999999,-0.2477305966700199
next_observe_fixed,unrewarded,5,-1.799999999999999,-0.28585580809495015
next_observe_fixed,unrewarded,5,-1.6999999999999988,-0.336289316056787
next_observe_fixed,unrewarded,5,-1.5999999999999988,-0.36814424246115796
next_observe_fixed,unrewarded,5,-1.4999999999999987,-0.35380183028422246
next_observe_fixed,unrewarded,5,-1.3999999999999986,-0.3588955954863772
next_observe_fixed,unrewarded,5,-1.2999999999999985,-0.3744623748547893
next_observe_fixed,unrewarded,5,-1.1999999999999984,-0.3643783179223602
next_observe_fixed,unrewarded,5,-1.0999999999999983,-0.39157773079401387
next_observe_fixed,unrewarded,5,-0.9999999999999982,-0.3967198532146453
next_observe_fixed,unrewarded,5,-0.8999999999999981,-0.31039910690934164
next_observe_fixed,unrewarded,5,-0.799999999999998,-0.3617942554064093
next_observe_fixed,unrewarded,5,-0.699999999999998,-0.4001432945290614
next_observe_fixed,unrewarded,5,-0.5999999999999979,-0.42914024680764373
next_observe_fixed,unrewarded,5,-0.4999999999999978,-0.44488145063821155
next_observe_fixed,unrewarded,5,-0.3999999999999977,-0.48991373729945104
next_observe_fixed,unrewarded,5,-0.2999999999999976,-0.49000681421930664
next_observe_fixed,unrewarded,5,-0.1999999999999975,-0.5554440913971861
next_observe_fixed,unrewarded,5,-0.09999999999999742,-0.6553484912825189
next_observe_fixed,unrewarded,5,2.6645352591003757e-15,-0.6867169712194522
next_observe_fixed,unrewarded,5,0.10000000000000275,-0.6463643917583204
next_observe_fixed,unrewarded,5,0.20000000000000284,-0.6106689331995605
next_observe_fixed,unrewarded,5,0.30000000000000293,-0.5570323540662975
next_observe_fixed,unrewarded,5,0.400000000000003,-0.4635600017908813
next_observe_fixed,unrewarded,5,0.5000000000000031,-0.373501368002266
next_observe_fixed,unrewarded,5,0.6000000000000032,-0.2855517915087223
next_observe_fixed,unrewarded,5,0.7000000000000033,-0.28276904384327883
next_observe_fixed,unrewarded,5,0.8000000000000034,-0.27232108086071843
next_observe_fixed,unrewarded,5,0.9000000000000035,-0.28494345232582496
next_observe_fixed,unrewarded,5,1.0000000000000036,-0.28514280158249594
next_observe_fixed,unrewarded,5,1.1000000000000032,-0.26543997806496283
next_observe_fixed,unrewarded,5,1.2000000000000037,-0.2436064781787504
next_observe_fixed,unrewarded,5,1.3000000000000043,-0.20971158136381726
next_observe_fixed,unrewarded,5,1.400000000000004,-0.23921260534169256
next_observe_fixed,unrewarded,5,1.5000000000000036,-0.1814820900399391
next_observe_fixed,unrewarded,5,1.600000000000004,-0.14451661185656942
next_observe_fixed,unrewarded,5,1.7000000000000046,-0.11231790654766756
next_observe_fixed,unrewarded,5,1.8000000000000043,-0.04315445869205253
next_observe_fixed,unrewarded,5,1.900000000000004,-0.08671719664854902
next_observe_fixed,unrewarded,5,2.0000000000000044,-0.06485279475876671
next_observe_fixed,unrewarded,5,2.100000000000005,-0.04858552361266391
next_observe_fixed,unrewarded,5,2.2000000000000046,-0.045738298502113944
next_observe_fixed,unrewarded,5,2.3000000000000043,0.013435534719353869
next_observe_fixed,unrewarded,5,2.400000000000005,-0.040579923366191824
next_observe_fixed,unrewarded,5,2.5000000000000053,-0.04166739270682984
next_observe_fixed,unrewarded,5,2.600000000000005,-0.07658218773767397
next_observe_fixed,unrewarded,5,2.7000000000000046,-0.11542382581913024
next_observe_fixed,unrewarded,5,2.800000000000005,-0.05108912433816378
next_observe_fixed,unrewarded,5,2.9000000000000057,-0.0122404480245251
next_observe_fixed,unrewarded,5,3.0000000000000053,0.024662761777379374
next_observe_fixed,unrewarded,5,3.100000000000005,0.03805051896477497
next_observe_fixed,unrewarded,5,3.2000000000000055,0.0337723181533953
next_observe_fixed,unrewarded,5,3.300000000000006,-0.022695380960372217
next_observe_fixed,unrewarded,5,3.4000000000000057,0.008275936633034187
next_observe_fixed,unrewarded,5,3.5000000000000053,0.00033848710835441745
next_observe_fixed,unrewarded,5,3.600000000000006,-0.039886989094992935
next_observe_fixed,unrewarded,5,3.7000000000000064,-0.053183212997666665
next_observe_fixed,unrewarded,5,3.800000000000006,0.009230941413656803
next_observe_fixed,unrewarded,5,3.9000000000000057,0.043470227055418066
next_observe_fixed,unrewarded,5,4.000000000000006,0.023101453506079655
next_observe_fixed,unrewarded,5,4.100000000000007,-0.013397374270787236
next_observe_fixed,unrewarded,5,4.200000000000006,-0.006741148543332423
next_observe_fixed,unrewarded,5,4.300000000000006,-0.013370182170231537
next_observe_fixed,unrewarded,5,4.400000000000007,-0.0055378620924999645
next_observe_fixed,unrewarded,5,4.500000000000007,-0.03988659887408452
next_observe_fixed,unrewarded,5,4.600000000000007,-0.12073467224630101
next_observe_fixed,unrewarded,5,4.700000000000006,-0.1253659063993807
next_observe_fixed,unrewarded,5,4.800000000000007,-0.1362363877761453
next_observe_fixed,unrewarded,5,4.9000000000000075,-0.1385729340637142
next_observe_fixed,unrewarded,5,5.000000000000007,-0.11018301455247868
next_observe_fixed,unrewarded,5,5.100000000000007,-0.12617047257169628
next_observe_fixed,unrewarded,5,5.200000000000006,-0.0600656317407447
next_observe_fixed,unrewarded,5,5.300000000000008,-0.06656994029031035
next_observe_fixed,unrewarded,5,5.4000000000000075,-0.07436434937676463
next_observe_fixed,unrewarded,5,5.500000000000007,-0.0024199598188783702
next_observe_fixed,unrewarded,5,5.6000000000000085,-0.0687427155851351
next_observe_fixed,unrewarded,5,5.700000000000008,-0.06098942871071186
next_observe_fixed,unrewarded,5,5.800000000000008,-0.12363859047470187
next_observe_fixed,unrewarded,5,5.9000000000000075,-0.20678147486242848
next_observe_fixed,unrewarded,6,-3.0,-0.12376237921430659
next_observe_fixed,unrewarded,6,-2.9,-0.07771757834744583
next_observe_fixed,unrewarded,6,-2.8,-0.04962851338491373
next_observe_fixed,unrewarded,6,-2.6999999999999997,-0.035132193753055194
next_observe_fixed,unrewarded,6,-2.5999999999999996,0.004612031085467787
next_observe_fixed,unrewarded,6,-2.4999999999999996,-0.11118489171204878
next_observe_fixed,unrewarded,6,-2.3999999999999995,-0.06331366960522995
next_observe_fixed,unrewarded,6,-2.2999999999999994,-0.06332482185856718
next_observe_fixed,unrewarded,6,-2.1999999999999993,-0.07146131134058832
next_observe_fixed,unrewarded,6,-2.099999999999999,-0.08572909116542923
next_observe_fixed,unrewarded,6,-1.9999999999999991,-0.0471994365646285
next_observe_fixed,unrewarded,6,-1.899999999999999,-0.01858407963292476
next_observe_fixed,unrewarded,6,-1.799999999999999,-0.05839661871019015
next_observe_fixed,unrewarded,6,-1.6999999999999988,-0.08739199159725533
next_observe_fixed,unrewarded,6,-1.5999999999999988,-0.06533996388648654
next_observe_fixed,unrewarded,6,-1.4999999999999987,-0.08077714625548037
next_observe_fixed,unrewarded,6,-1.3999999999999986,-0.14414235533013703
next_observe_fixed,unrewarded,6,-1.2999999999999985,-0.20148445728234354
next_observe_fixed,unrewarded,6,-1.1999999999999984,-0.2090714371521706
next_observe_fixed,unrewarded,6,-1.0999999999999983,-0.24106025625279698
next_observe_fixed,unrewarded,6,-0.9999999999999982,-0.2391238784108913
next_observe_fixed,unrewarded,6,-0.8999999999999981,-0.22969065740930744
next_observe_fixed,unrewarded,6,-0.799999999999998,-0.2516970475827333
next_observe_fixed,unrewarded,6,-0.699999999999998,-0.2588689611657068
next_observe_fixed,unrewarded,6,-0.5999999999999979,-0.38267131682691835
next_observe_fixed,unrewarded,6,-0.4999999999999978,-0.4057406405654367
next_observe_fixed,unrewarded,6,-0.3999999999999977,-0.43885133951728744
next_observe_fixed,unrewarded,6,-0.2999999999999976,-0.4462493035261355
next_observe_fixed,unrewarded,6,-0.1999999999999975,-0.37925131719276495
next_observe_fixed,unrewarded,6,-0.09999999999999742,-0.4715009309485847
next_observe_fixed,unrewarded,6,2.6645352591003757e-15,-0.522508866170941
next_observe_fixed,unrewarded,6,0.10000000000000275,-0.5511666509773934
next_observe_fixed,unrewarded,6,0.20000000000000284,-0.4473043504708382
next_observe_fixed,unrewarded,6,0.30000000000000293,-0.4151549312866074
next_observe_fixed,unrewarded,6,0.400000000000003,-0.4373704787182166
next_observe_fixed,unrewarded,6,0.5000000000000031,-0.4623096243601348
next_observe_fixed,unrewarded,6,0.6000000000000032,-0.46501091095634123
next_observe_fixed,unrewarded,6,0.7000000000000033,-0.4371768270530446
next_observe_fixed,unrewarded,6,0.8000000000000034,-0.3940875132472968
next_observe_fixed,unrewarded,6,0.9000000000000035,-0.40362536110441444
next_observe_fixed,unrewarded,6,1.0000000000000036,-0.3990412253421219
next_observe_fixed,unrewarded,6,1.1000000000000032,-0.381178966969389
next_observe_fixed,unrewarded,6,1.2000000000000037,-0.38655160364921975
next_observe_fixed,unrewarded,6,1.3000000000000043,-0.3511302705145664
next_observe_fixed,unrewarded,6,1.400000000000004,-0.3556099381095894
next_observe_fixed,unrewarded,6,1.5000000000000036,-0.36689285923034937
next_observe_fixed,unrewarded,6,1.600000000000004,-0.43953177743714905
next_observe_fixed,unrewarded,6,1.7000000000000046,-0.2544035310593958
next_observe_fixed,unrewarded,6,1.8000000000000043,-0.2738540559535992
next_observe_fixed,unrewarded,6,1.900000000000004,-0.27859605324881087
next_observe_fixed,unrewarded,6,2.0000000000000044,-0.2996563226226046
next_observe_fixed,unrewarded,6,2.100000000000005,-0.2536341694199694
next_observe_fixed,unrewarded,6,2.2000000000000046,-0.24007291021251365
next_observe_fixed,unrewarded,6,2.3000000000000043,-0.2465398760673037
next_observe_fixed,unrewarded,6,2.400000000000005,-0.21431583176650482
next_observe_fixed,unrewarded,6,2.5000000000000053,-0.2874878867299349
next_observe_fixed,unrewarded,6,2.600000000000005,-0.270799836911856
next_observe_fixed,unrewarded,6,2.7000000000000046,-0.22075814504731409
next_observe_fixed,unrewarded,6,2.800000000000005,-0.2350199856880239
next_observe_fixed,unrewarded,6,2.9000000000000057,-0.2129271252466596
next_observe_fixed,unrewarded,6,3.0000000000000053,-0.19890838268028466
next_observe_fixed,unrewarded,6,3.100000000000005,-0.2613288789470479
next_observe_fixed,unrewarded,6,3.2000000000000055,-0.2566434243206114
next_observe_fixed,unrewarded,6,3.300000000000006,-0.24664280207348807
next_observe_fixed,unrewarded,6,3.4000000000000057,-0.2647824460637045
next_observe_fixed,unrewarded,6,3.5000000000000053,-0.1969307220099979
next_observe_fixed,unrewarded,6,3.600000000000006,-0.19957298551325414
next_observe_fixed,unrewarded,6,3.7000000000000064,-0.20205141646990749
next_observe_fixed,unrewarded,6,3.800000000000006,-0.14810855394910596
next_observe_fixed,unrewarded,6,3.9000000000000057,-0.16075510972894377
next_observe_fixed,unrewarded,6,4.000000000000006,-0.1666818134452701
next_observe_fixed,unrewarded,6,4.100000000000007,-0.17310071777089803
next_observe_fixed,unrewarded,6,4.200000000000006,-0.19116219148146202
next_observe_fixed,unrewarded,6,4.300000000000006,-0.17944930038078272
next_observe_fixed,unrewarded,6,4.400000000000007,-0.20318393617096744
next_observe_fixed,unrewarded,6,4.500000000000007,-0.15139835758671352
next_observe_fixed,unrewarded,6,4.600000000000007,-0.19519542231690848
next_observe_fixed,unrewarded,6,4.700000000000006,-0.22817939617020527
next_observe_fixed,unrewarded,6,4.800000000000007,-0.22013629801906298
next_observe_fixed,unrewarded,6,4.9000000000000075,-0.28351409473265454
next_observe_fixed,unrewarded,6,5.000000000000007,-0.33599287520259935
next_observe_fixed,unrewarded,6,5.100000000000007,-0.26039698019304763
next_observe_fixed,unrewarded,6,5.200000000000006,-0.22555998377543685
next_observe_fixed,unrewarded,6,5.300000000000008,-0.21148609011898364
next_observe_fixed,unrewarded,6,5.4000000000000075,-0.21939940467343522
next_observe_fixed,unrewarded,6,5.500000000000007,-0.2602262616758748
next_observe_fixed,unrewarded,6,5.6000000000000085,-0.23188025812717622
next_observe_fixed,unrewarded,6,5.700000000000008,-0.2433329130400668
next_observe_fixed,unrewarded,6,5.800000000000008,-0.24056547899164782
next_observe_fixed,unrewarded,6,5.9000000000000075,-0.2871861700960135
next_observe_fixed,unrewarded,18,-3.0,-0.1716592742561486
next_observe_fixed,unrewarded,18,-2.9,-0.16225302125096122
next_observe_fixed,unrewarded,18,-2.8,-0.22734295743920438
next_observe_fixed,unrewarded,18,-2.6999999999999997,-0.26189642579496075
next_observe_fixed,unrewarded,18,-2.5999999999999996,-0.28709911909319374
next_observe_fixed,unrewarded,18,-2.4999999999999996,-0.30641781780255894
next_observe_fixed,unrewarded,18,-2.3999999999999995,-0.30987563382140393
next_observe_fixed,unrewarded,18,-2.2999999999999994,-0.31535225835686287
next_observe_fixed,unrewarded,18,-2.1999999999999993,-0.34901713202648066
next_observe_fixed,unrewarded,18,-2.099999999999999,-0.40128922616664164
next_observe_fixed,unrewarded,18,-1.9999999999999991,-0.3791453518408863
next_observe_fixed,unrewarded,18,-1.899999999999999,-0.4096984524111943
next_observe_fixed,unrewarded,18,-1.799999999999999,-0.38422579916228516
next_observe_fixed,unrewarded,18,-1.6999999999999988,-0.3627516058341014
next_observe_fixed,unrewarded,18,-1.5999999999999988,-0.3730091341365715
next_observe_fixed,unrewarded,18,-1.4999999999999987,-0.3739923231676116
next_observe_fixed,unrewarded,18,-1.3999999999999986,-0.3559373180092116
next_observe_fixed,unrewarded,18,-1.2999999999999985,-0.3557173462136124
next_observe_fixed,unrewarded,18,-1.1999999999999984,-0.4131907286700044
next_observe_fixed,unrewarded,18,-1.0999999999999983,-0.4850597895464041
next_observe_fixed,unrewarded,18,-0.9999999999999982,-0.5027549836396995
next_observe_fixed,unrewarded,18,-0.8999999999999981,-0.5394674817726616
next_observe_fixed,unrewarded,18,-0.799999999999998,-0.5346170815276086
next_observe_fixed,unrewarded,18,-0.699999999999998,-0.5824225548210146
next_observe_fixed,unrewarded,18,-0.5999999999999979,-0.5720162491678902
next_observe_fixed,unrewarded,18,-0.4999999999999978,-0.5604348116277504
next_observe_fixed,unrewarded,18,-0.3999999999999977,-0.540708120657033
next_observe_fixed,unrewarded,18,-0.2999999999999976,-0.5201383810339651
next_observe_fixed,unrewarded,18,-0.1999999999999975,-0.4900618222979086
next_observe_fixed,unrewarded,18,-0.09999999999999742,-0.4615013911034677
next_observe_fixed,unrewarded,18,2.6645352591003757e-15,-0.37039912662061325
next_observe_fixed,unrewarded,18,0.10000000000000275,-0.24656398607028243
next_observe_fixed,unrewarded,18,0.20000000000000284,-0.10958535592962851
next_observe_fixed,unrewarded,18,0.30000000000000293,0.037806460079980474
next_observe_fixed,unrewarded,18,0.400000000000003,0.12428064497530673
next_observe_fixed,unrewarded,18,0.5000000000000031,0.1943009506947623
next_observe_fixed,unrewarded,18,0.6000000000000032,0.293257208612501
next_observe_fixed,unrewarded,18,0.7000000000000033,0.3253117066413606
next_observe_fixed,unrewarded,18,0.8000000000000034,0.38119579395899167
next_observe_fixed,unrewarded,18,0.9000000000000035,0.33167764963243934
next_observe_fixed,unrewarded,18,1.0000000000000036,0.32904182591931785
next_observe_fixed,unrewarded,18,1.1000000000000032,0.30645684467904555
next_observe_fixed,unrewarded,18,1.2000000000000037,0.30887835201290703
next_observe_fixed,unrewarded,18,1.3000000000000043,0.27211359948654334
next_observe_fixed,unrewarded,18,1.400000000000004,0.27286235721942625
next_observe_fixed,unrewarded,18,1.5000000000000036,0.19596516148865184
next_observe_fixed,unrewarded,18,1.600000000000004,0.11461561617853153
next_observe_fixed,unrewarded,18,1.7000000000000046,0.04273323866973069
next_observe_fixed,unrewarded,18,1.8000000000000043,0.027909333540279347
next_observe_fixed,unrewarded,18,1.900000000000004,0.03754540085704645
next_observe_fixed,unrewarded,18,2.0000000000000044,0.06322283811752241
next_observe_fixed,unrewarded,18,2.100000000000005,0.0658060771655135
next_observe_fixed,unrewarded,18,2.2000000000000046,0.08906205393094208
next_observe_fixed,unrewarded,18,2.3000000000000043,0.06499613554848405
next_observe_fixed,unrewarded,18,2.400000000000005,0.02617351202479481
next_observe_fixed,unrewarded,18,2.5000000000000053,-0.02745308937791104
next_observe_fixed,unrewarded,18,2.600000000000005,-0.026152165915239438
next_observe_fixed,unrewarded,18,2.7000000000000046,-0.09678322371743481
next_observe_fixed,unrewarded,18,2.800000000000005,-0.1273197057747833
next_observe_fixed,unrewarded,18,2.9000000000000057,-0.11504788996881189
next_observe_fixed,unrewarded,18,3.0000000000000053,-0.12341442315588276
next_observe_fixed,unrewarded,18,3.100000000000005,-0.027564234287272914
next_observe_fixed,unrewarded,18,3.2000000000000055,-0.050840950030509674
next_observe_fixed,unrewarded,18,3.300000000000006,0.01264834978412143
next_observe_fixed,unrewarded,18,3.4000000000000057,-0.02682121021162389
next_observe_fixed,unrewarded,18,3.5000000000000053,-0.0743832070802059
next_observe_fixed,unrewarded,18,3.600000000000006,-0.06376499573917432
next_observe_fixed,unrewarded,18,3.7000000000000064,-0.08385000684897201
next_observe_fixed,unrewarded,18,3.800000000000006,-0.05763239344602609
next_observe_fixed,unrewarded,18,3.9000000000000057,-0.06327939582947746
next_observe_fixed,unrewarded,18,4.000000000000006,-0.06053187945948191
next_observe_fixed,unrewarded,18,4.100000000000007,-0.09199669373607153
next_observe_fixed,unrewarded,18,4.200000000000006,-0.09470034444503256
next_observe_fixed,unrewarded,18,4.300000000000006,-0.1176169313972428
next_observe_fixed,unrewarded,18,4.400000000000007,-0.09234662579532915
next_observe_fixed,unrewarded,18,4.500000000000007,-0.08840167294307759
next_observe_fixed,unrewarded,18,4.600000000000007,-0.01685491131232563
next_observe_fixed,unrewarded,18,4.700000000000006,-0.006829143689065913
next_observe_fixed,unrewarded,18,4.800000000000007,0.034343575067211314
next_observe_fixed,unrewarded,18,4.9000000000000075,0.02351696729069224
next_observe_fixed,unrewarded,18,5.000000000000007,-0.04594960124472157
next_observe_fixed,unrewarded,18,5.100000000000007,-0.052224590611014546
next_observe_fixed,unrewarded,18,5.200000000000006,-0.06718313014294282
next_observe_fixed,unrewarded,18,5.300000000000008,-0.022077611476602685
next_observe_fixed,unrewarded,18,5.4000000000000075,0.015947188597133493
next_observe_fixed,unrewarded,18,5.500000000000007,0.04153043369791833
next_observe_fixed,unrewarded,18,5.6000000000000085,0.06207129273601151
next_observe_fixed,unrewarded,18,5.700000000000008,0.03512003219355215
next_observe_fixed,unrewarded,18,5.800000000000008,0.03945705085723196
next_observe_fixed,unrewarded,18,5.9000000000000075,0.024167611603938845
next_observe_fixed,unrewarded,19,-3.0,-0.3861994227650376
next_observe_fixed,unrewarded,19,-2.9,-0.3501506249152068
next_observe_fixed,unrewarded,19,-2.8,-0.3600683777997953
next_observe_fixed,unrewarded,19,-2.6999999999999997,-0.4082212389514666
next_observe_fixed,unrewarded,19,-2.5999999999999996,-0.34434486616907795
next_observe_fixed,unrewarded,19,-2.4999999999999996,-0.3209434957547482
next_observe_fixed,unrewarded,19,-2.3999999999999995,-0.18257241183356773
next_observe_fixed,unrewarded,19,-2.2999999999999994,-0.2643074485785663
next_observe_fixed,unrewarded,19,-2.1999999999999993,-0.2826883420118734
next_observe_fixed,unrewarded,19,-2.099999999999999,-0.2514947920172089
next_observe_fixed,unrewarded,19,-1.9999999999999991,-0.2896895315824825
next_observe_fixed,unrewarded,19,-1.899999999999999,-0.3002213697557067
next_observe_fixed,unrewarded,19,-1.799999999999999,-0.3476099239764098
next_observe_fixed,unrewarded,19,-1.6999999999999988,-0.36787935934138116
next_observe_fixed,unrewarded,19,-1.5999999999999988,-0.37972321726515995
next_observe_fixed,unrewarded,19,-1.4999999999999987,-0.38264681029130193
next_observe_fixed,unrewarded,19,-1.3999999999999986,-0.33323253510465406
next_observe_fixed,unrewarded,19,-1.2999999999999985,-0.2820734568548602
next_observe_fixed,unrewarded,19,-1.1999999999999984,-0.32416104274101226
next_observe_fixed,unrewarded,19,-1.0999999999999983,-0.2752894550247263
next_observe_fixed,unrewarded,19,-0.9999999999999982,-0.294386842912597
next_observe_fixed,unrewarded,19,-0.8999999999999981,-0.2703100729673783
next_observe_fixed,unrewarded,19,-0.799999999999998,-0.3115054285703594
next_observe_fixed,unrewarded,19,-0.699999999999998,-0.25984573211349715
next_observe_fixed,unrewarded,19,-0.5999999999999979,-0.2970164481979072
next_observe_fixed,unrewarded,19,-0.4999999999999978,-0.22022931474388355
next_observe_fixed,unrewarded,19,-0.3999999999999977,-0.2679997343523914
next_observe_fixed,unrewarded,19,-0.2999999999999976,-0.2620508540692341
next_observe_fixed,unrewarded,19,-0.1999999999999975,-0.34412747235990604
next_observe_fixed,unrewarded,19,-0.09999999999999742,-0.35802827418003674
next_observe_fixed,unrewarded,19,2.6645352591003757e-15,-0.4352119190482634
next_observe_fixed,unrewarded,19,0.10000000000000275,-0.3877452058598999
next_observe_fixed,unrewarded,19,0.20000000000000284,-0.31677881797948015
next_observe_fixed,unrewarded,19,0.30000000000000293,-0.29513630734556046
next_observe_fixed,unrewarded,19,0.400000000000003,-0.26271899855682573
next_observe_fixed,unrewarded,19,0.5000000000000031,-0.24882966772350976
next_observe_fixed,unrewarded,19,0.6000000000000032,-0.1371163902390022
next_observe_fixed,unrewarded,19,0.7000000000000033,-0.026485468107881074
next_observe_fixed,unrewarded,19,0.8000000000000034,-0.034710081585988956
next_observe_fixed,unrewarded,19,0.9000000000000035,-0.0010181914056519483
next_observe_fixed,unrewarded,19,1.0000000000000036,-0.036978882155489265
next_observe_fixed,unrewarded,19,1.1000000000000032,-0.03354157453489884
next_observe_fixed,unrewarded,19,1.2000000000000037,-0.09874315892205027
next_observe_fixed,unrewarded,19,1.3000000000000043,-0.07275014473185487
next_observe_fixed,unrewarded,19,1.400000000000004,-0.15153434302311178
next_observe_fixed,unrewarded,19,1.5000000000000036,-0.1688718779809877
next_observe_fixed,unrewarded,19,1.600000000000004,-0.28422457491688885
next_observe_fixed,unrewarded,19,1.7000000000000046,-0.3182497914939656
next_observe_fixed,unrewarded,19,1.8000000000000043,-0.27862702446781057
next_observe_fixed,unrewarded,19,1.900000000000004,-0.24171207585891444
next_observe_fixed,unrewarded,19,2.0000000000000044,-0.34607601651457903
next_observe_fixed,unrewarded,19,2.100000000000005,-0.28717658683391334
next_observe_fixed,unrewarded,19,2.2000000000000046,-0.24423856549009013
next_observe_fixed,unrewarded,19,2.3000000000000043,-0.27471189067533425
next_observe_fixed,unrewarded,19,2.400000000000005,-0.31797826645853805
next_observe_fixed,unrewarded,19,2.5000000000000053,-0.23153466718093674
next_observe_fixed,unrewarded,19,2.600000000000005,-0.21652566870409712
next_observe_fixed,unrewarded,19,2.7000000000000046,-0.2399384315219151
next_observe_fixed,unrewarded,19,2.800000000000005,-0.2413071253994236
next_observe_fixed,unrewarded,19,2.9000000000000057,-0.1575073296151708
next_observe_fixed,unrewarded,19,3.0000000000000053,-0.07112900894259035
next_observe_fixed,unrewarded,19,3.100000000000005,-0.05348696854830869
next_observe_fixed,unrewarded,19,3.2000000000000055,-0.06614335105003617
next_observe_fixed,unrewarded,19,3.300000000000006,-0.09990544210662881
next_observe_fixed,unrewarded,19,3.4000000000000057,-0.2071692717245142
next_observe_fixed,unrewarded,19,3.5000000000000053,-0.1451158623212333
next_observe_fixed,unrewarded,19,3.600000000000006,-0.14546318222660293
next_observe_fixed,unrewarded,19,3.7000000000000064,-0.17800095047723735
next_observe_fixed,unrewarded,19,3.800000000000006,-0.120184175922713
next_observe_fixed,unrewarded,19,3.9000000000000057,-0.18760254759237247
next_observe_fixed,unrewarded,19,4.000000000000006,-0.11900417234090645
next_observe_fixed,unrewarded,19,4.100000000000007,-0.12915074824500916
next_observe_fixed,unrewarded,19,4.200000000000006,-0.04582076469225744
next_observe_fixed,unrewarded,19,4.300000000000006,-0.06903763689576704
next_observe_fixed,unrewarded,19,4.400000000000007,-0.03344264791485036
next_observe_fixed,unrewarded,19,4.500000000000007,-0.056941269376598824
next_observe_fixed,unrewarded,19,4.600000000000007,-0.06605792437530238
next_observe_fixed,unrewarded,19,4.700000000000006,-0.26591422729900765
next_observe_fixed,unrewarded,19,4.800000000000007,-0.2741506987231083
next_observe_fixed,unrewarded,19,4.9000000000000075,-0.2814569129851948
next_observe_fixed,unrewarded,19,5.000000000000007,-0.18737361041982492
next_observe_fixed,unrewarded,19,5.100000000000007,-0.27085141055875006
next_observe_fixed,unrewarded,19,5.200000000000006,-0.22867401193721879
next_observe_fixed,unrewarded,19,5.300000000000008,-0.3084306108884994
next_observe_fixed,unrewarded,19,5.4000000000000075,-0.33693329021738494
next_observe_fixed,unrewarded,19,5.500000000000007,-0.2843596911809102
next_observe_fixed,unrewarded,19,5.6000000000000085,-0.27990647608785774
next_observe_fixed,unrewarded,19,5.700000000000008,-0.3194557525426132
next_observe_fixed,unrewarded,19,5.800000000000008,-0.24294020244060147
next_observe_fixed,unrewarded,19,5.9000000000000075,-0.17671523561428354
next_observe_fixed,unrewarded,27,-3.0,-0.07663239565425708
next_observe_fixed,unrewarded,27,-2.9,-0.03279692583003387
next_observe_fixed,unrewarded,27,-2.8,0.04414576289741283
next_observe_fixed,unrewarded,27,-2.6999999999999997,0.056051395202139385
next_observe_fixed,unrewarded,27,-2.5999999999999996,-0.008017194803004227
next_observe_fixed,unrewarded,27,-2.4999999999999996,-0.06838082419966847
next_observe_fixed,unrewarded,27,-2.3999999999999995,-0.12012948452909869
next_observe_fixed,unrewarded,27,-2.2999999999999994,-0.09732892293361986
next_observe_fixed,unrewarded,27,-2.1999999999999993,-0.11105957640077581
next_observe_fixed,unrewarded,27,-2.099999999999999,-0.17097422503199033
next_observe_fixed,unrewarded,27,-1.9999999999999991,-0.1612871886569252
next_observe_fixed,unrewarded,27,-1.899999999999999,-0.13220763437871821
next_observe_fixed,unrewarded,27,-1.799999999999999,-0.12070340784034195
next_observe_fixed,unrewarded,27,-1.6999999999999988,-0.12024713470872882
next_observe_fixed,unrewarded,27,-1.5999999999999988,-0.1164090531672075
next_observe_fixed,unrewarded,27,-1.4999999999999987,-0.1721714167662501
next_observe_fixed,unrewarded,27,-1.3999999999999986,-0.257011410242549
next_observe_fixed,unrewarded,27,-1.2999999999999985,-0.2826285990787452
next_observe_fixed,unrewarded,27,-1.1999999999999984,-0.32468942971756487
next_observe_fixed,unrewarded,27,-1.0999999999999983,-0.352471608300658
next_observe_fixed,unrewarded,27,-0.9999999999999982,-0.3868812566199645
next_observe_fixed,unrewarded,27,-0.8999999999999981,-0.40149901454820547
next_observe_fixed,unrewarded,27,-0.799999999999998,-0.5142605161999055
next_observe_fixed,unrewarded,27,-0.699999999999998,-0.5466127647237519
next_observe_fixed,unrewarded,27,-0.5999999999999979,-0.622044172823039
next_observe_fixed,unrewarded,27,-0.4999999999999978,-0.687136955944796
next_observe_fixed,unrewarded,27,-0.3999999999999977,-0.6897847273369306
next_observe_fixed,unrewarded,27,-0.2999999999999976,-0.641426158473155
next_observe_fixed,unrewarded,27,-0.1999999999999975,-0.5851537104297972
next_observe_fixed,unrewarded,27,-0.09999999999999742,-0.5224597423180585
next_observe_fixed,unrewarded,27,2.6645352591003757e-15,-0.4313417752407226
next_observe_fixed,unrewarded,27,0.10000000000000275,-0.3438815309617845
next_observe_fixed,unrewarded,27,0.20000000000000284,-0.3137840513163119
next_observe_fixed,unrewarded,27,0.30000000000000293,-0.34365126672377183
next_observe_fixed,unrewarded,27,0.400000000000003,-0.3560654669251109
next_observe_fixed,unrewarded,27,0.5000000000000031,-0.3686011516969278
next_observe_fixed,unrewarded,27,0.6000000000000032,-0.3567533638835781
next_observe_fixed,unrewarded,27,0.7000000000000033,-0.30508317080545777
next_observe_fixed,unrewarded,27,0.8000000000000034,-0.2518015249136151
next_observe_fixed,unrewarded,27,0.9000000000000035,-0.2333068878115425
next_observe_fixed,unrewarded,27,1.0000000000000036,-0.2727247335453472
next_observe_fixed,unrewarded,27,1.1000000000000032,-0.23199591683634666
next_observe_fixed,unrewarded,27,1.2000000000000037,-0.20626789667104742
next_observe_fixed,unrewarded,27,1.3000000000000043,-0.1953640815557029
next_observe_fixed,unrewarded,27,1.400000000000004,-0.2207434884079748
next_observe_fixed,unrewarded,27,1.5000000000000036,-0.23952472437481873
next_observe_fixed,unrewarded,27,1.600000000000004,-0.2596874204401458
next_observe_fixed,unrewarded,27,1.7000000000000046,-0.27671752092725377
next_observe_fixed,unrewarded,27,1.8000000000000043,-0.28132757677596815
next_observe_fixed,unrewarded,27,1.900000000000004,-0.267361549719157
next_observe_fixed,unrewarded,27,2.0000000000000044,-0.28621878316564225
next_observe_fixed,unrewarded,27,2.100000000000005,-0.2780122390249063
next_observe_fixed,unrewarded,27,2.2000000000000046,-0.3007893592986002
next_observe_fixed,unrewarded,27,2.3000000000000043,-0.2904837787328525
next_observe_fixed,unrewarded,27,2.400000000000005,-0.25854218038255056
next_observe_fixed,unrewarded,27,2.5000000000000053,-0.25548485423720424
next_observe_fixed,unrewarded,27,2.600000000000005,-0.3033877732748727
next_observe_fixed,unrewarded,27,2.7000000000000046,-0.3137805278584824
next_observe_fixed,unrewarded,27,2.800000000000005,-0.282184346695191
next_observe_fixed,unrewarded,27,2.9000000000000057,-0.2514794840537844
next_observe_fixed,unrewarded,27,3.0000000000000053,-0.2572533366048677
next_observe_fixed,unrewarded,27,3.100000000000005,-0.22601940065428688
next_observe_fixed,unrewarded,27,3.2000000000000055,-0.18488539979641588
next_observe_fixed,unrewarded,27,3.300000000000006,-0.13644936343996825
next_observe_fixed,unrewarded,27,3.4000000000000057,-0.13955400704336945
next_observe_fixed,unrewarded,27,3.5000000000000053,-0.16497492328834645
next_observe_fixed,unrewarded,27,3.600000000000006,-0.18484613456759208
next_observe_fixed,unrewarded,27,3.7000000000000064,-0.194362264519674
next_observe_fixed,unrewarded,27,3.800000000000006,-0.19882812996644408
next_observe_fixed,unrewarded,27,3.9000000000000057,-0.20548779053232197
next_observe_fixed,unrewarded,27,4.000000000000006,-0.1916430477338875
next_observe_fixed,unrewarded,27,4.100000000000007,-0.21165823440257153
next_observe_fixed,unrewarded,27,4.200000000000006,-0.22981229557725125
next_observe_fixed,unrewarded,27,4.300000000000006,-0.24107416569580226
next_observe_fixed,unrewarded,27,4.400000000000007,-0.2049877101900311
next_observe_fixed,unrewarded,27,4.500000000000007,-0.17359839282428657
next_observe_fixed,unrewarded,27,4.600000000000007,-0.18232446418587095
next_observe_fixed,unrewarded,27,4.700000000000006,-0.14635598254336077
next_observe_fixed,unrewarded,27,4.800000000000007,-0.17139506973081145
next_observe_fixed,unrewarded,27,4.9000000000000075,-0.1313807268988586
next_observe_fixed,unrewarded,27,5.000000000000007,-0.09940493581654504
next_observe_fixed,unrewarded,27,5.100000000000007,-0.07076766715687735
next_observe_fixed,unrewarded,27,5.200000000000006,-0.022145210990764524
next_observe_fixed,unrewarded,27,5.300000000000008,0.03714831280161271
next_observe_fixed,unrewarded,27,5.4000000000000075,0.001707872335488485
next_observe_fixed,unrewarded,27,5.500000000000007,-0.06574692889702072
next_observe_fixed,unrewarded,27,5.6000000000000085,-0.07062531434013773
next_observe_fixed,unrewarded,27,5.700000000000008,-0.07365532659923064
next_observe_fixed,unrewarded,27,5.800000000000008,-0.06809219029151777
next_observe_fixed,unrewarded,27,5.9000000000000075,-0.10646853024902282
next_observe_fixed,unrewarded,35,-3.0,0.10969824350032187
next_observe_fixed,unrewarded,35,-2.9,0.04376154779694279
next_observe_fixed,unrewarded,35,-2.8,0.03639640488922277
next_observe_fixed,unrewarded,35,-2.6999999999999997,-0.037483237021702524
next_observe_fixed,unrewarded,35,-2.5999999999999996,-0.014542827152491892
next_observe_fixed,unrewarded,35,-2.4999999999999996,-0.12261128177124385
next_observe_fixed,unrewarded,35,-2.3999999999999995,-0.060071091113669026
next_observe_fixed,unrewarded,35,-2.2999999999999994,-0.06842726173883792
next_observe_fixed,unrewarded,35,-2.1999999999999993,-0.07544312132957245
next_observe_fixed,unrewarded,35,-2.099999999999999,-0.07069123863638627
next_observe_fixed,unrewarded,35,-1.9999999999999991,-0.07236134059473685
next_observe_fixed,unrewarded,35,-1.899999999999999,-0.24791519372246398
next_observe_fixed,unrewarded,35,-1.799999999999999,-0.18614639450744952
next_observe_fixed,unrewarded,35,-1.6999999999999988,-0.2600553385650101
next_observe_fixed,unrewarded,35,-1.5999999999999988,-0.2458142787726001
next_observe_fixed,unrewarded,35,-1.4999999999999987,-0.23642857050249486
next_observe_fixed,unrewarded,35,-1.3999999999999986,-0.31839986366658635
next_observe_fixed,unrewarded,35,-1.2999999999999985,-0.2810876289894499
next_observe_fixed,unrewarded,35,-1.1999999999999984,-0.10529372114134537
next_observe_fixed,unrewarded,35,-1.0999999999999983,-0.16725110183122838
next_observe_fixed,unrewarded,35,-0.9999999999999982,-0.20804356049824324
next_observe_fixed,unrewarded,35,-0.8999999999999981,-0.18650762415276628
next_observe_fixed,unrewarded,35,-0.799999999999998,-0.266450219825287
next_observe_fixed,unrewarded,35,-0.699999999999998,-0.19165479079696265
next_observe_fixed,unrewarded,35,-0.5999999999999979,-0.13107395850211329
next_observe_fixed,unrewarded,35,-0.4999999999999978,-0.22023825108085937
next_observe_fixed,unrewarded,35,-0.3999999999999977,-0.20035853432734882
next_observe_fixed,unrewarded,35,-0.2999999999999976,-0.2759516602664787
next_observe_fixed,unrewarded,35,-0.1999999999999975,-0.3732874639561114
next_observe_fixed,unrewarded,35,-0.09999999999999742,-0.4908647281647826
next_observe_fixed,unrewarded,35,2.6645352591003757e-15,-0.565959227641081
next_observe_fixed,unrewarded,35,0.10000000000000275,-0.6439824961025068
next_observe_fixed,unrewarded,35,0.20000000000000284,-0.6906164483571964
next_observe_fixed,unrewarded,35,0.30000000000000293,-0.6171141526649704
next_observe_fixed,unrewarded,35,0.400000000000003,-0.5177632794981304
next_observe_fixed,unrewarded,35,0.5000000000000031,-0.4415859242056007
next_observe_fixed,unrewarded,35,0.6000000000000032,-0.3893425506465002
next_observe_fixed,unrewarded,35,0.7000000000000033,-0.29209109907853564
next_observe_fixed,unrewarded,35,0.8000000000000034,-0.3250472260592425
next_observe_fixed,unrewarded,35,0.9000000000000035,-0.29577461893684776
next_observe_fixed,unrewarded,35,1.0000000000000036,-0.14414650057797565
next_observe_fixed,unrewarded,35,1.1000000000000032,-0.10335555059961586
next_observe_fixed,unrewarded,35,1.2000000000000037,-0.0990625914956086
next_observe_fixed,unrewarded,35,1.3000000000000043,-0.16518282706375106
next_observe_fixed,unrewarded,35,1.400000000000004,-0.23374722843916731
next_observe_fixed,unrewarded,35,1.5000000000000036,-0.3341066840162742
next_observe_fixed,unrewarded,35,1.600000000000004,-0.3188810767192609
next_observe_fixed,unrewarded,35,1.7000000000000046,-0.2184827315077101
next_observe_fixed,unrewarded,35,1.8000000000000043,-0.1688982790871269
next_observe_fixed,unrewarded,35,1.900000000000004,-0.11879596054021488
next_observe_fixed,unrewarded,35,2.0000000000000044,-0.07122513734922976
next_observe_fixed,unrewarded,35,2.100000000000005,-0.06532927719777244
next_observe_fixed,unrewarded,35,2.2000000000000046,-0.14484258343107337
next_observe_fixed,unrewarded,35,2.3000000000000043,-0.06488733462113609
next_observe_fixed,unrewarded,35,2.400000000000005,-0.1258699737834073
next_observe_fixed,unrewarded,35,2.5000000000000053,-0.22097484739278186
next_observe_fixed,unrewarded,35,2.600000000000005,-0.1242545118865136
next_observe_fixed,unrewarded,35,2.7000000000000046,-0.10503174671851825
next_observe_fixed,unrewarded,35,2.800000000000005,-0.16205238894643162
next_observe_fixed,unrewarded,35,2.9000000000000057,-0.07516499365665866
next_observe_fixed,unrewarded,35,3.0000000000000053,-0.10035676880058553
next_observe_fixed,unrewarded,35,3.100000000000005,-0.07819004151010633
next_observe_fixed,unrewarded,35,3.2000000000000055,-0.10263884288393682
next_observe_fixed,unrewarded,35,3.300000000000006,-0.12004053926037889
next_observe_fixed,unrewarded,35,3.4000000000000057,-0.14193308059621265
next_observe_fixed,unrewarded,35,3.5000000000000053,-0.17370699276285717
next_observe_fixed,unrewarded,35,3.600000000000006,-0.1605291075589103
next_observe_fixed,unrewarded,35,3.7000000000000064,-0.2333714837610683
next_observe_fixed,unrewarded,35,3.800000000000006,-0.11959555239232085
next_observe_fixed,unrewarded,35,3.9000000000000057,-0.09103110515567912
next_observe_fixed,unrewarded,35,4.000000000000006,-0.09336064994475729
next_observe_fixed,unrewarded,35,4.100000000000007,-0.08100352216197775
next_observe_fixed,unrewarded,35,4.200000000000006,-0.22419328059279214
next_observe_fixed,unrewarded,35,4.300000000000006,-0.08952115933055568
next_observe_fixed,unrewarded,35,4.400000000000007,-0.09566166523757509
next_observe_fixed,unrewarded,35,4.500000000000007,-0.10891180247787545
next_observe_fixed,unrewarded,35,4.600000000000007,-0.13497929859984276
next_observe_fixed,unrewarded,35,4.700000000000006,-0.1585536684665113
next_observe_fixed,unrewarded,35,4.800000000000007,-0.21548690425971453
next_observe_fixed,unrewarded,35,4.9000000000000075,-0.12991206818231177
next_observe_fixed,unrewarded,35,5.000000000000007,-0.14080980983686334
next_observe_fixed,unrewarded,35,5.100000000000007,-0.0026819545050443465
next_observe_fixed,unrewarded,35,5.200000000000006,-0.1604737235328684
next_observe_fixed,unrewarded,35,5.300000000000008,-0.16116496689095824
next_observe_fixed,unrewarded,35,5.4000000000000075,-0.11561418631593146
next_observe_fixed,unrewarded,35,5.500000000000007,-0.019244628832633337
next_observe_fixed,unrewarded,35,5.6000000000000085,-0.001604403940751739
next_observe_fixed,unrewarded,35,5.700000000000008,-0.0391947338994945
next_observe_fixed,unrewarded,35,5.800000000000008,-0.06894750408164316
next_observe_fixed,unrewarded,35,5.9000000000000075,-0.16844196198182712
next_observe_bout_phase,unrewarded,1,0.0,-0.14056478993888302
next_observe_bout_phase,unrewarded,1,1.0,-0.12893378985254803
next_observe_bout_phase,unrewarded,1,2.0,-0.14216080836932676
next_observe_bout_phase,unrewarded,1,3.0,-0.13869991162847806
next_observe_bout_phase,unrewarded,1,4.0,-0.12158491799133954
next_observe_bout_phase,unrewarded,1,5.0,-0.11366670795028658
next_observe_bout_phase,unrewarded,1,6.0,-0.11067654422973751
next_observe_bout_phase,unrewarded,1,7.0,-0.1417961755400986
next_observe_bout_phase,unrewarded,1,8.0,-0.13571603081688177
next_observe_bout_phase,unrewarded,1,9.0,-0.12739665840029155
next_observe_bout_phase,unrewarded,1,10.0,-0.12975812341283444
next_observe_bout_phase,unrewarded,1,11.0,-0.12282527518310325
next_observe_bout_phase,unrewarded,1,12.0,-0.1389955758291643
next_observe_bout_phase,unrewarded,1,13.0,-0.12459159476893564
next_observe_bout_phase,unrewarded,1,14.0,-0.13412121671575744
next_observe_bout_phase,unrewarded,1,15.0,-0.1421939790625448
next_observe_bout_phase,unrewarded,1,16.0,-0.10500228864777802
next_observe_bout_phase,unrewarded,1,17.0,-0.12368481130992862
next_observe_bout_phase,unrewarded,1,18.0,-0.14248693138315177
next_observe_bout_phase,unrewarded,1,19.0,-0.13724163943079967
next_observe_bout_phase,unrewarded,1,20.0,-0.1407342256101059
next_observe_bout_phase,unrewarded,1,21.0,-0.1442805104809789
next_observe_bout_phase,unrewarded,1,22.0,-0.1521140470760167
next_observe_bout_phase,unrewarded,1,23.0,-0.15536734533594862
next_observe_bout_phase,unrewarded,1,24.0,-0.16518528120197523
next_observe_bout_phase,unrewarded,1,25.0,-0.1639626719062224
next_observe_bout_phase,unrewarded,1,26.0,-0.157433881176331
next_observe_bout_phase,unrewarded,1,27.0,-0.13628711967455934
next_observe_bout_phase,unrewarded,1,28.0,-0.11395291099586548
next_observe_bout_phase,unrewarded,1,29.0,-0.10081227152337716
next_observe_bout_phase,unrewarded,1,30.0,-0.1305818630896711
next_observe_bout_phase,unrewarded,1,31.0,-0.13864922187666642
next_observe_bout_phase,unrewarded,1,32.0,-0.1257705719268792
next_observe_bout_phase,unrewarded,1,33.0,-0.15030870001804514
next_observe_bout_phase,unrewarded,1,34.0,-0.1415100873080866
next_observe_bout_phase,unrewarded,1,35.0,-0.1285425342237402
next_observe_bout_phase,unrewarded,1,36.0,-0.1330081521173119
next_observe_bout_phase,unrewarded,1,37.0,-0.12763346592062103
next_observe_bout_phase,unrewarded,1,38.0,-0.11165127075569622
next_observe_bout_phase,unrewarded,1,39.0,-0.11943157124379328
next_observe_bout_phase,unrewarded,1,40.0,-0.1546761331313169
next_observe_bout_phase,unrewarded,1,41.0,-0.1442439118565599
next_observe_bout_phase,unrewarded,1,42.0,-0.13403523795929628
next_observe_bout_phase,unrewarded,1,43.0,-0.12850381804535632
next_observe_bout_phase,unrewarded,1,44.0,-0.09468224916695027
next_observe_bout_phase,unrewarded,1,45.0,-0.10816079105025132
next_observe_bout_phase,unrewarded,1,46.0,-0.10005999895438335
next_observe_bout_phase,unrewarded,1,47.0,-0.10802625686228778
next_observe_bout_phase,unrewarded,1,48.0,-0.12517975797499062
next_observe_bout_phase,unrewarded,1,49.0,-0.13078820638043662
next_observe_bout_phase,unrewarded,1,50.0,-0.1220205005827746
next_observe_bout_phase,unrewarded,1,51.0,-0.14734108109444352
next_observe_bout_phase,unrewarded,1,52.0,-0.13963341387316971
next_observe_bout_phase,unrewarded,1,53.0,-0.15409601868445247
next_observe_bout_phase,unrewarded,1,54.0,-0.1486192950469965
next_observe_bout_phase,unrewarded,1,55.0,-0.1406197877631474
next_observe_bout_phase,unrewarded,1,56.0,-0.1389068395506958
next_observe_bout_phase,unrewarded,1,57.0,-0.16841210000201426
next_observe_bout_phase,unrewarded,1,58.0,-0.16404666203783988
next_observe_bout_phase,unrewarded,1,59.0,-0.1857126058949124
next_observe_bout_phase,unrewarded,1,60.0,-0.159957846939387
next_observe_bout_phase,unrewarded,1,61.0,-0.13935637010820728
next_observe_bout_phase,unrewarded,1,62.0,-0.12129560265306485
next_observe_bout_phase,unrewarded,1,63.0,-0.12391576347376444
next_observe_bout_phase,unrewarded,1,64.0,-0.1345612609422289
next_observe_bout_phase,unrewarded,1,65.0,-0.1597738456413533
next_observe_bout_phase,unrewarded,1,66.0,-0.17351859690910373
next_observe_bout_phase,unrewarded,1,67.0,-0.16970409497317807
next_observe_bout_phase,unrewarded,1,68.0,-0.1780225263279713
next_observe_bout_phase,unrewarded,1,69.0,-0.16594778346327996
next_observe_bout_phase,unrewarded,1,70.0,-0.16606125228078694
next_observe_bout_phase,unrewarded,1,71.0,-0.15943595136993338
next_observe_bout_phase,unrewarded,1,72.0,-0.1630250642871192
next_observe_bout_phase,unrewarded,1,73.0,-0.18108294687820792
next_observe_bout_phase,unrewarded,1,74.0,-0.1666893127800188
next_observe_bout_phase,unrewarded,1,75.0,-0.16927111592014696
next_observe_bout_phase,unrewarded,1,76.0,-0.14703176191213252
next_observe_bout_phase,unrewarded,1,77.0,-0.17807220965381584
next_observe_bout_phase,unrewarded,1,78.0,-0.18345842621358893
next_observe_bout_phase,unrewarded,1,79.0,-0.18946532398471871
next_observe_bout_phase,unrewarded,1,80.0,-0.20550486056551265
next_observe_bout_phase,unrewarded,1,81.0,-0.20645706756028157
next_observe_bout_phase,unrewarded,1,82.0,-0.2182296625736487
next_observe_bout_phase,unrewarded,1,83.0,-0.21596380813250254
next_observe_bout_phase,unrewarded,1,84.0,-0.2242875220675381
next_observe_bout_phase,unrewarded,1,85.0,-0.22073574987147795
next_observe_bout_phase,unrewarded,1,86.0,-0.2043444510146236
next_observe_bout_phase,unrewarded,1,87.0,-0.20973599735551499
next_observe_bout_phase,unrewarded,1,88.0,-0.2231428085193197
next_observe_bout_phase,unrewarded,1,89.0,-0.21985085179057448
next_observe_bout_phase,unrewarded,1,90.0,-0.21131175080434086
next_observe_bout_phase,unrewarded,1,91.0,-0.21486097211715488
next_observe_bout_phase,unrewarded,1,92.0,-0.21178042196700322
next_observe_bout_phase,unrewarded,1,93.0,-0.21010434613494341
next_observe_bout_phase,unrewarded,1,94.0,-0.2165818751902798
next_observe_bout_phase,unrewarded,1,95.0,-0.18915951873103215
next_observe_bout_phase,unrewarded,1,96.0,-0.19094418635200167
next_observe_bout_phase,unrewarded,1,97.0,-0.1767711101047634
next_observe_bout_phase,unrewarded,1,98.0,-0.13594311139329396
next_observe_bout_phase,unrewarded,1,99.0,-0.13574414684660555
next_observe_bout_phase,unrewarded,1,100.0,-0.15396097833990938
next_observe_bout_phase,unrewarded,3,0.0,-0.4455827970853669
next_observe_bout_phase,unrewarded,3,1.0,-0.3811973955954683
next_observe_bout_phase,unrewarded,3,2.0,-0.36818848941822657
next_observe_bout_phase,unrewarded,3,3.0,-0.3887033658501503
next_observe_bout_phase,unrewarded,3,4.0,-0.3943784295911076
next_observe_bout_phase,unrewarded,3,5.0,-0.3682887498884595
next_observe_bout_phase,unrewarded,3,6.0,-0.2665967938226581
next_observe_bout_phase,unrewarded,3,7.0,-0.27542002167887597
next_observe_bout_phase,unrewarded,3,8.0,-0.22992513765402844
next_observe_bout_phase,unrewarded,3,9.0,-0.2511219393085903
next_observe_bout_phase,unrewarded,3,10.0,-0.24049353445867627
next_observe_bout_phase,unrewarded,3,11.0,-0.23941136934682516
next_observe_bout_phase,unrewarded,3,12.0,-0.28423765157226366
next_observe_bout_phase,unrewarded,3,13.0,-0.277757535768469
next_observe_bout_phase,unrewarded,3,14.0,-0.2572005411732309
next_observe_bout_phase,unrewarded,3,15.0,-0.26569824733815023
next_observe_bout_phase,unrewarded,3,16.0,-0.26397318914154605
next_observe_bout_phase,unrewarded,3,17.0,-0.30603269919311765
next_observe_bout_phase,unrewarded,3,18.0,-0.29345441602325767
next_observe_bout_phase,unrewarded,3,19.0,-0.2380959519459909
next_observe_bout_phase,unrewarded,3,20.0,-0.1995714507689004
next_observe_bout_phase,unrewarded,3,21.0,-0.1706993304869881
next_observe_bout_phase,unrewarded,3,22.0,-0.20543233046869258
next_observe_bout_phase,unrewarded,3,23.0,-0.20405627629968504
next_observe_bout_phase,unrewarded,3,24.0,-0.22174193307532547
next_observe_bout_phase,unrewarded,3,25.0,-0.1932554637663946
next_observe_bout_phase,unrewarded,3,26.0,-0.20608667430472272
next_observe_bout_phase,unrewarded,3,27.0,-0.1901794605647429
next_observe_bout_phase,unrewarded,3,28.0,-0.19960603491496193
next_observe_bout_phase,unrewarded,3,29.0,-0.23344607732279182
next_observe_bout_phase,unrewarded,3,30.0,-0.24179136165542614
next_observe_bout_phase,unrewarded,3,31.0,-0.2682102396410407
next_observe_bout_phase,unrewarded,3,32.0,-0.31339060378868233
next_observe_bout_phase,unrewarded,3,33.0,-0.36115768621639593
next_observe_bout_phase,unrewarded,3,34.0,-0.30698268127136835
next_observe_bout_phase,unrewarded,3,35.0,-0.3249758628947034
next_observe_bout_phase,unrewarded,3,36.0,-0.3164877509519638
next_observe_bout_phase,unrewarded,3,37.0,-0.29525081691301264
next_observe_bout_phase,unrewarded,3,38.0,-0.3161620795329044
next_observe_bout_phase,unrewarded,3,39.0,-0.3442308508973371
next_observe_bout_phase,unrewarded,3,40.0,-0.3599323429554614
next_observe_bout_phase,unrewarded,3,41.0,-0.3725726030496124
next_observe_bout_phase,unrewarded,3,42.0,-0.3817530569702864
next_observe_bout_phase,unrewarded,3,43.0,-0.3600890280267824
next_observe_bout_phase,unrewarded,3,44.0,-0.34555130803676326
next_observe_bout_phase,unrewarded,3,45.0,-0.341484826642344
next_observe_bout_phase,unrewarded,3,46.0,-0.3178890475795393
next_observe_bout_phase,unrewarded,3,47.0,-0.3139112744567867
next_observe_bout_phase,unrewarded,3,48.0,-0.27606746577386193
next_observe_bout_phase,unrewarded,3,49.0,-0.3009994684635613
next_observe_bout_phase,unrewarded,3,50.0,-0.2765388942393676
next_observe_bout_phase,unrewarded,3,51.0,-0.2694330323176226
next_observe_bout_phase,unrewarded,3,52.0,-0.31644250044814726
next_observe_bout_phase,unrewarded,3,53.0,-0.3019179129396561
next_observe_bout_phase,unrewarded,3,54.0,-0.2713602871247616
next_observe_bout_phase,unrewarded,3,55.0,-0.21143629437823963
next_observe_bout_phase,unrewarded,3,56.0,-0.19540301764115117
next_observe_bout_phase,unrewarded,3,57.0,-0.1715926996022733
next_observe_bout_phase,unrewarded,3,58.0,-0.17082130171401674
next_observe_bout_phase,unrewarded,3,59.0,-0.1306419433756817
next_observe_bout_phase,unrewarded,3,60.0,-0.027504061953401285
next_observe_bout_phase,unrewarded,3,61.0,-0.01867738953159363
next_observe_bout_phase,unrewarded,3,62.0,-0.09324676401206579
next_observe_bout_phase,unrewarded,3,63.0,-0.152368995764395
next_observe_bout_phase,unrewarded,3,64.0,-0.1138596746179167
next_observe_bout_phase,unrewarded,3,65.0,-0.08185782957442168
next_observe_bout_phase,unrewarded,3,66.0,-0.08730249078613746
next_observe_bout_phase,unrewarded,3,67.0,0.00022541664738065262
next_observe_bout_phase,unrewarded,3,68.0,-0.06260343823304941
next_observe_bout_phase,unrewarded,3,69.0,-0.15348915819013437
next_observe_bout_phase,unrewarded,3,70.0,-0.11671680012024371
next_observe_bout_phase,unrewarded,3,71.0,-0.14341283399580518
next_observe_bout_phase,unrewarded,3,72.0,-0.0629970846786466
next_observe_bout_phase,unrewarded,3,73.0,0.05195283943610471
next_observe_bout_phase,unrewarded,3,74.0,-0.022699131616948934
next_observe_bout_phase,unrewarded,3,75.0,0.0350925650175806
next_observe_bout_phase,unrewarded,3,76.0,0.061844893853892045
next_observe_bout_phase,unrewarded,3,77.0,0.10517301327130796
next_observe_bout_phase,unrewarded,3,78.0,0.08892778007077183
next_observe_bout_phase,unrewarded,3,79.0,0.04888008234268105
next_observe_bout_phase,unrewarded,3,80.0,0.13367282827711732
next_observe_bout_phase,unrewarded,3,81.0,0.09340355131380855
next_observe_bout_phase,unrewarded,3,82.0,0.06000438463819686
next_observe_bout_phase,unrewarded,3,83.0,0.016204836199590202
next_observe_bout_phase,unrewarded,3,84.0,0.07794866562957238
next_observe_bout_phase,unrewarded,3,85.0,0.07286680469780314
next_observe_bout_phase,unrewarded,3,86.0,0.07782027424072335
next_observe_bout_phase,unrewarded,3,87.0,0.07221267081861939
next_observe_bout_phase,unrewarded,3,88.0,0.022163025578909066
next_observe_bout_phase,unrewarded,3,89.0,-0.03334620550467301
next_observe_bout_phase,unrewarded,3,90.0,-0.04147354181932355
next_observe_bout_phase,unrewarded,3,91.0,-0.05127716387821675
next_observe_bout_phase,unrewarded,3,92.0,-0.08994214388498058
next_observe_bout_phase,unrewarded,3,93.0,-0.07180960250814214
next_observe_bout_phase,unrewarded,3,94.0,-0.07415039491160492
next_observe_bout_phase,unrewarded,3,95.0,-0.10433121840390619
next_observe_bout_phase,unrewarded,3,96.0,-0.11043621765997896
next_observe_bout_phase,unrewarded,3,97.0,-0.07012241366760082
next_observe_bout_phase,unrewarded,3,98.0,-0.06057494476859595
next_observe_bout_phase,unrewarded,3,99.0,-0.026132682582729383
next_observe_bout_phase,unrewarded,3,100.0,-0.02158394442930057
next_observe_bout_phase,unrewarded,4,0.0,-0.3334676424034147
next_observe_bout_phase,unrewarded,4,1.0,-0.3394301995932628
next_observe_bout_phase,unrewarded,4,2.0,-0.3063012769102732
next_observe_bout_phase,unrewarded,4,3.0,-0.3146685452543514
next_observe_bout_phase,unrewarded,4,4.0,-0.2760172027547933
next_observe_bout_phase,unrewarded,4,5.0,-0.26170129985977153
next_observe_bout_phase,unrewarded,4,6.0,-0.27158823558463585
next_observe_bout_phase,unrewarded,4,7.0,-0.2903551380908211
next_observe_bout_phase,unrewarded,4,8.0,-0.2849872481607863
next_observe_bout_phase,unrewarded,4,9.0,-0.25027468781752515
next_observe_bout_phase,unrewarded,4,10.0,-0.23523575412319953
next_observe_bout_phase,unrewarded,4,11.0,-0.24407104149135786
next_observe_bout_phase,unrewarded,4,12.0,-0.22446632052262266
next_observe_bout_phase,unrewarded,4,13.0,-0.2032046009484234
next_observe_bout_phase,unrewarded,4,14.0,-0.1815596477461443
next_observe_bout_phase,unrewarded,4,15.0,-0.1630772272664903
next_observe_bout_phase,unrewarded,4,16.0,-0.1776624383469823
next_observe_bout_phase,unrewarded,4,17.0,-0.1859738413122751
next_observe_bout_phase,unrewarded,4,18.0,-0.20292750670469936
next_observe_bout_phase,unrewarded,4,19.0,-0.17801003241630722
next_observe_bout_phase,unrewarded,4,20.0,-0.16313288309398824
next_observe_bout_phase,unrewarded,4,21.0,-0.1436271491674512
next_observe_bout_phase,unrewarded,4,22.0,-0.135121805013164
next_observe_bout_phase,unrewarded,4,23.0,-0.13941531278709096
next_observe_bout_phase,unrewarded,4,24.0,-0.16107179170617641
next_observe_bout_phase,unrewarded,4,25.0,-0.17144596103157445
next_observe_bout_phase,unrewarded,4,26.0,-0.1709819542227117
next_observe_bout_phase,unrewarded,4,27.0,-0.1380653607014338
next_observe_bout_phase,unrewarded,4,28.0,-0.14692392253862183
next_observe_bout_phase,unrewarded,4,29.0,-0.1451626159504143
next_observe_bout_phase,unrewarded,4,30.0,-0.1071163648142892
next_observe_bout_phase,unrewarded,4,31.0,-0.06240751836153732
next_observe_bout_phase,unrewarded,4,32.0,-0.040562262764982475
next_observe_bout_phase,unrewarded,4,33.0,-0.05350253062405839
next_observe_bout_phase,unrewarded,4,34.0,-0.022535924522547643
next_observe_bout_phase,unrewarded,4,35.0,0.0020516205328084615
next_observe_bout_phase,unrewarded,4,36.0,0.0047392246066103065
next_observe_bout_phase,unrewarded,4,37.0,0.02586100290470911
next_observe_bout_phase,unrewarded,4,38.0,0.04810935409479444
next_observe_bout_phase,unrewarded,4,39.0,0.027807616452961113
next_observe_bout_phase,unrewarded,4,40.0,0.0379212218663773
next_observe_bout_phase,unrewarded,4,41.0,0.060468772928414134
next_observe_bout_phase,unrewarded,4,42.0,0.08401704757938559
next_observe_bout_phase,unrewarded,4,43.0,0.13579282177747998
next_observe_bout_phase,unrewarded,4,44.0,0.17365873456465955
next_observe_bout_phase,unrewarded,4,45.0,0.16587382083634594
next_observe_bout_phase,unrewarded,4,46.0,0.19883747815114072
next_observe_bout_phase,unrewarded,4,47.0,0.22706229375960113
next_observe_bout_phase,unrewarded,4,48.0,0.2246914290970757
next_observe_bout_phase,unrewarded,4,49.0,0.2386690665526064
next_observe_bout_phase,unrewarded,4,50.0,0.27464951098006657
next_observe_bout_phase,unrewarded,4,51.0,0.2544732124734199
next_observe_bout_phase,unrewarded,4,52.0,0.23346541150337397
next_observe_bout_phase,unrewarded,4,53.0,0.21819381605074517
next_observe_bout_phase,unrewarded,4,54.0,0.19716421605339937
next_observe_bout_phase,unrewarded,4,55.0,0.22130320982779617
next_observe_bout_phase,unrewarded,4,56.0,0.23512240704930257
next_observe_bout_phase,unrewarded,4,57.0,0.21597988945613641
next_observe_bout_phase,unrewarded,4,58.0,0.18822574587520488
next_observe_bout_phase,unrewarded,4,59.0,0.15884439591362431
next_observe_bout_phase,unrewarded,4,60.0,0.13013986896516375
next_observe_bout_phase,unrewarded,4,61.0,0.1242493694027907
next_observe_bout_phase,unrewarded,4,62.0,0.09493366769066595
next_observe_bout_phase,unrewarded,4,63.0,0.07125196264649165
next_observe_bout_phase,unrewarded,4,64.0,0.07089666951293276
next_observe_bout_phase,unrewarded,4,65.0,0.0625590248837722
next_observe_bout_phase,unrewarded,4,66.0,0.061193585538834895
next_observe_bout_phase,unrewarded,4,67.0,0.072073620688565
next_observe_bout_phase,unrewarded,4,68.0,0.10536269522250977
next_observe_bout_phase,unrewarded,4,69.0,0.1133917365449757
next_observe_bout_phase,unrewarded,4,70.0,0.1233381498166391
next_observe_bout_phase,unrewarded,4,71.0,0.1302891236282636
next_observe_bout_phase,unrewarded,4,72.0,0.14317149624850317
next_observe_bout_phase,unrewarded,4,73.0,0.14165737124218342
next_observe_bout_phase,unrewarded,4,74.0,0.14974017001510342
next_observe_bout_phase,unrewarded,4,75.0,0.1399497571742526
next_observe_bout_phase,unrewarded,4,76.0,0.1095244207656746
next_observe_bout_phase,unrewarded,4,77.0,0.0996451786113866
next_observe_bout_phase,unrewarded,4,78.0,0.11439788577986751
next_observe_bout_phase,unrewarded,4,79.0,0.17889686696357174
next_observe_bout_phase,unrewarded,4,80.0,0.2294153706306261
next_observe_bout_phase,unrewarded,4,81.0,0.2507996756010289
next_observe_bout_phase,unrewarded,4,82.0,0.21961176781760217
next_observe_bout_phase,unrewarded,4,83.0,0.19407619009957983
next_observe_bout_phase,unrewarded,4,84.0,0.200484834840459
next_observe_bout_phase,unrewarded,4,85.0,0.23064772079591014
next_observe_bout_phase,unrewarded,4,86.0,0.24833383497019734
next_observe_bout_phase,unrewarded,4,87.0,0.2669055381491395
next_observe_bout_phase,unrewarded,4,88.0,0.315793578973041
next_observe_bout_phase,unrewarded,4,89.0,0.3340234720899886
next_observe_bout_phase,unrewarded,4,90.0,0.33855317855940564
next_observe_bout_phase,unrewarded,4,91.0,0.350361984271149
next_observe_bout_phase,unrewarded,4,92.0,0.3700215943320978
next_observe_bout_phase,unrewarded,4,93.0,0.3938989222217172
next_observe_bout_phase,unrewarded,4,94.0,0.4095854451098534
next_observe_bout_phase,unrewarded,4,95.0,0.36493851474857
next_observe_bout_phase,unrewarded,4,96.0,0.3648236342538971
next_observe_bout_phase,unrewarded,4,97.0,0.37230933780388964
next_observe_bout_phase,unrewarded,4,98.0,0.3696509069785071
next_observe_bout_phase,unrewarded,4,99.0,0.32932480930722063
next_observe_bout_phase,unrewarded,4,100.0,0.31246607911704816
next_observe_bout_phase,unrewarded,5,0.0,-0.6867169712194519
next_observe_bout_phase,unrewarded,5,1.0,-0.6654118090495105
next_observe_bout_phase,unrewarded,5,2.0,-0.6414702179148258
next_observe_bout_phase,unrewarded,5,3.0,-0.6183180228588006
next_observe_bout_phase,unrewarded,5,4.0,-0.5972298481638639
next_observe_bout_phase,unrewarded,5,5.0,-0.5816148060770346
next_observe_bout_phase,unrewarded,5,6.0,-0.574731963475028
next_observe_bout_phase,unrewarded,5,7.0,-0.5647440554647498
next_observe_bout_phase,unrewarded,5,8.0,-0.5467445829305552
next_observe_bout_phase,unrewarded,5,9.0,-0.5323799679405375
next_observe_bout_phase,unrewarded,5,10.0,-0.5225746510341602
next_observe_bout_phase,unrewarded,5,11.0,-0.501289181029536
next_observe_bout_phase,unrewarded,5,12.0,-0.4985729602943642
next_observe_bout_phase,unrewarded,5,13.0,-0.5005312308353508
next_observe_bout_phase,unrewarded,5,14.0,-0.5117451272918392
next_observe_bout_phase,unrewarded,5,15.0,-0.5075603382862172
next_observe_bout_phase,unrewarded,5,16.0,-0.5000542775817519
next_observe_bout_phase,unrewarded,5,17.0,-0.4919292361596783
next_observe_bout_phase,unrewarded,5,18.0,-0.49850093781209637
next_observe_bout_phase,unrewarded,5,19.0,-0.4957521338205728
next_observe_bout_phase,unrewarded,5,20.0,-0.48877799448663484
next_observe_bout_phase,unrewarded,5,21.0,-0.5040605761310558
next_observe_bout_phase,unrewarded,5,22.0,-0.5201473717165369
next_observe_bout_phase,unrewarded,5,23.0,-0.5281343844566394
next_observe_bout_phase,unrewarded,5,24.0,-0.5207966956406448
next_observe_bout_phase,unrewarded,5,25.0,-0.5144716782221275
next_observe_bout_phase,unrewarded,5,26.0,-0.5069025316208562
next_observe_bout_phase,unrewarded,5,27.0,-0.4989479530973997
next_observe_bout_phase,unrewarded,5,28.0,-0.48313685809932566
next_observe_bout_phase,unrewarded,5,29.0,-0.45155693266709485
next_observe_bout_phase,unrewarded,5,30.0,-0.42278841124022765
next_observe_bout_phase,unrewarded,5,31.0,-0.42276862086412353
next_observe_bout_phase,unrewarded,5,32.0,-0.4180533994930026
next_observe_bout_phase,unrewarded,5,33.0,-0.41081772297303265
next_observe_bout_phase,unrewarded,5,34.0,-0.3941087602573574
next_observe_bout_phase,unrewarded,5,35.0,-0.3789415568508489
next_observe_bout_phase,unrewarded,5,36.0,-0.3778562206843924
next_observe_bout_phase,unrewarded,5,37.0,-0.38443289606318687
next_observe_bout_phase,unrewarded,5,38.0,-0.39564116027449775
next_observe_bout_phase,unrewarded,5,39.0,-0.4162569924999303
next_observe_bout_phase,unrewarded,5,40.0,-0.40288241734235297
next_observe_bout_phase,unrewarded,5,41.0,-0.3843662895360735
next_observe_bout_phase,unrewarded,5,42.0,-0.34568241541238753
next_observe_bout_phase,unrewarded,5,43.0,-0.3478369758763957
next_observe_bout_phase,unrewarded,5,44.0,-0.3514516754472152
next_observe_bout_phase,unrewarded,5,45.0,-0.3302943578531915
next_observe_bout_phase,unrewarded,5,46.0,-0.28158788701171455
next_observe_bout_phase,unrewarded,5,47.0,-0.28464819485153764
next_observe_bout_phase,unrewarded,5,48.0,-0.30975211071420955
next_observe_bout_phase,unrewarded,5,49.0,-0.3203490412029494
next_observe_bout_phase,unrewarded,5,50.0,-0.3198236597839318
next_observe_bout_phase,unrewarded,5,51.0,-0.3099063786491758
next_observe_bout_phase,unrewarded,5,52.0,-0.2821725534719777
next_observe_bout_phase,unrewarded,5,53.0,-0.26316936435966887
next_observe_bout_phase,unrewarded,5,54.0,-0.237756484049697
next_observe_bout_phase,unrewarded,5,55.0,-0.21794958902586645
next_observe_bout_phase,unrewarded,5,56.0,-0.2106607240693041
next_observe_bout_phase,unrewarded,5,57.0,-0.2150323107431915
next_observe_bout_phase,unrewarded,5,58.0,-0.21645912412866983
next_observe_bout_phase,unrewarded,5,59.0,-0.2364736342761376
next_observe_bout_phase,unrewarded,5,60.0,-0.244779552420269
next_observe_bout_phase,unrewarded,5,61.0,-0.26166197802090835
next_observe_bout_phase,unrewarded,5,62.0,-0.26735786864011174
next_observe_bout_phase,unrewarded,5,63.0,-0.26793408060073015
next_observe_bout_phase,unrewarded,5,64.0,-0.2650086555481517
next_observe_bout_phase,unrewarded,5,65.0,-0.23990132218561785
next_observe_bout_phase,unrewarded,5,66.0,-0.22989388744364814
next_observe_bout_phase,unrewarded,5,67.0,-0.2197520430441003
next_observe_bout_phase,unrewarded,5,68.0,-0.21015881594173558
next_observe_bout_phase,unrewarded,5,69.0,-0.19113523887144937
next_observe_bout_phase,unrewarded,5,70.0,-0.18624919948545007
next_observe_bout_phase,unrewarded,5,71.0,-0.19424889785412397
next_observe_bout_phase,unrewarded,5,72.0,-0.20224905109140012
next_observe_bout_phase,unrewarded,5,73.0,-0.1980793069637392
next_observe_bout_phase,unrewarded,5,74.0,-0.21182289595629258
next_observe_bout_phase,unrewarded,5,75.0,-0.23284167010770604
next_observe_bout_phase,unrewarded,5,76.0,-0.2376668385546702
next_observe_bout_phase,unrewarded,5,77.0,-0.2500715201499389
next_observe_bout_phase,unrewarded,5,78.0,-0.25871062702131575
next_observe_bout_phase,unrewarded,5,79.0,-0.26426008116957167
next_observe_bout_phase,unrewarded,5,80.0,-0.2775838836840539
next_observe_bout_phase,unrewarded,5,81.0,-0.28425297556150814
next_observe_bout_phase,unrewarded,5,82.0,-0.2915965866412618
next_observe_bout_phase,unrewarded,5,83.0,-0.2904170722671292
next_observe_bout_phase,unrewarded,5,84.0,-0.3065499746239391
next_observe_bout_phase,unrewarded,5,85.0,-0.3018436820929357
next_observe_bout_phase,unrewarded,5,86.0,-0.31041583475235535
next_observe_bout_phase,unrewarded,5,87.0,-0.32436257215683534
next_observe_bout_phase,unrewarded,5,88.0,-0.32960210898126285
next_observe_bout_phase,unrewarded,5,89.0,-0.31790195359029955
next_observe_bout_phase,unrewarded,5,90.0,-0.3158848829081477
next_observe_bout_phase,unrewarded,5,91.0,-0.3096240566636463
next_observe_bout_phase,unrewarded,5,92.0,-0.30126743093896563
next_observe_bout_phase,unrewarded,5,93.0,-0.28591750452300874
next_observe_bout_phase,unrewarded,5,94.0,-0.28624839264380536
next_observe_bout_phase,unrewarded,5,95.0,-0.2799842597705642
next_observe_bout_phase,unrewarded,5,96.0,-0.2626142050788215
next_observe_bout_phase,unrewarded,5,97.0,-0.2391989628922061
next_observe_bout_phase,unrewarded,5,98.0,-0.23113401244420156
next_observe_bout_phase,unrewarded,5,99.0,-0.23085722395011518
next_observe_bout_phase,unrewarded,5,100.0,-0.22728166145912088
next_observe_bout_phase,unrewarded,6,0.0,-0.5225088661709412
next_observe_bout_phase,unrewarded,6,1.0,-0.5334886726504031
next_observe_bout_phase,unrewarded,6,2.0,-0.5242849915550012
next_observe_bout_phase,unrewarded,6,3.0,-0.5215778005308097
next_observe_bout_phase,unrewarded,6,4.0,-0.5143302312231153
next_observe_bout_phase,unrewarded,6,5.0,-0.5093557558908139
next_observe_bout_phase,unrewarded,6,6.0,-0.5080216780848575
next_observe_bout_phase,unrewarded,6,7.0,-0.5319595409516789
next_observe_bout_phase,unrewarded,6,8.0,-0.5269405606828573
next_observe_bout_phase,unrewarded,6,9.0,-0.51814354897129
next_observe_bout_phase,unrewarded,6,10.0,-0.5003965943066429
next_observe_bout_phase,unrewarded,6,11.0,-0.4821515387004672
next_observe_bout_phase,unrewarded,6,12.0,-0.46409149219943024
next_observe_bout_phase,unrewarded,6,13.0,-0.46060641850511946
next_observe_bout_phase,unrewarded,6,14.0,-0.48775503079046173
next_observe_bout_phase,unrewarded,6,15.0,-0.4823390878014003
next_observe_bout_phase,unrewarded,6,16.0,-0.46405097737704554
next_observe_bout_phase,unrewarded,6,17.0,-0.45795186277436145
next_observe_bout_phase,unrewarded,6,18.0,-0.44707006058745813
next_observe_bout_phase,unrewarded,6,19.0,-0.43706964589442665
next_observe_bout_phase,unrewarded,6,20.0,-0.4506607791887221
next_observe_bout_phase,unrewarded,6,21.0,-0.4403243379151865
next_observe_bout_phase,unrewarded,6,22.0,-0.42905232197411736
next_observe_bout_phase,unrewarded,6,23.0,-0.39412814413943353
next_observe_bout_phase,unrewarded,6,24.0,-0.3803566731894998
next_observe_bout_phase,unrewarded,6,25.0,-0.36304263114889457
next_observe_bout_phase,unrewarded,6,26.0,-0.3697858759453933
next_observe_bout_phase,unrewarded,6,27.0,-0.38757521274068274
next_observe_bout_phase,unrewarded,6,28.0,-0.4175843988302904
next_observe_bout_phase,unrewarded,6,29.0,-0.4041107652464568
next_observe_bout_phase,unrewarded,6,30.0,-0.37942961842265865
next_observe_bout_phase,unrewarded,6,31.0,-0.3754652522887472
next_observe_bout_phase,unrewarded,6,32.0,-0.36052969796155726
next_observe_bout_phase,unrewarded,6,33.0,-0.3436746263284197
next_observe_bout_phase,unrewarded,6,34.0,-0.3181631337236269
next_observe_bout_phase,unrewarded,6,35.0,-0.31061357553923163
next_observe_bout_phase,unrewarded,6,36.0,-0.31183173087569155
next_observe_bout_phase,unrewarded,6,37.0,-0.32673353926085497
next_observe_bout_phase,unrewarded,6,38.0,-0.34178991051043556
next_observe_bout_phase,unrewarded,6,39.0,-0.3462373357543792
next_observe_bout_phase,unrewarded,6,40.0,-0.3504554925098607
next_observe_bout_phase,unrewarded,6,41.0,-0.3480699667576578
next_observe_bout_phase,unrewarded,6,42.0,-0.3595123168757014
next_observe_bout_phase,unrewarded,6,43.0,-0.35347688691448154
next_observe_bout_phase,unrewarded,6,44.0,-0.3662432465832705
next_observe_bout_phase,unrewarded,6,45.0,-0.3776104109317823
next_observe_bout_phase,unrewarded,6,46.0,-0.382734720479472
next_observe_bout_phase,unrewarded,6,47.0,-0.39012182777071985
next_observe_bout_phase,unrewarded,6,48.0,-0.38996338605991016
next_observe_bout_phase,unrewarded,6,49.0,-0.39719561033071027
next_observe_bout_phase,unrewarded,6,50.0,-0.41203844999065375
next_observe_bout_phase,unrewarded,6,51.0,-0.3618610502934456
next_observe_bout_phase,unrewarded,6,52.0,-0.34438749704021426
next_observe_bout_phase,unrewarded,6,53.0,-0.3455362368506822
next_observe_bout_phase,unrewarded,6,54.0,-0.32065773360424343
next_observe_bout_phase,unrewarded,6,55.0,-0.3087458679209655
next_observe_bout_phase,unrewarded,6,56.0,-0.31654175919448396
next_observe_bout_phase,unrewarded,6,57.0,-0.3511030627667965
next_observe_bout_phase,unrewarded,6,58.0,-0.35418573763480726
next_observe_bout_phase,unrewarded,6,59.0,-0.3553482093224898
next_observe_bout_phase,unrewarded,6,60.0,-0.34798273461996443
next_observe_bout_phase,unrewarded,6,61.0,-0.3570081531784819
next_observe_bout_phase,unrewarded,6,62.0,-0.36368774964618367
next_observe_bout_phase,unrewarded,6,63.0,-0.34738926254952524
next_observe_bout_phase,unrewarded,6,64.0,-0.3390261474484883
next_observe_bout_phase,unrewarded,6,65.0,-0.34107543800580664
next_observe_bout_phase,unrewarded,6,66.0,-0.3600827143262125
next_observe_bout_phase,unrewarded,6,67.0,-0.36630676237485726
next_observe_bout_phase,unrewarded,6,68.0,-0.3649298342311219
next_observe_bout_phase,unrewarded,6,69.0,-0.39205579534365764
next_observe_bout_phase,unrewarded,6,70.0,-0.3842490684186505
next_observe_bout_phase,unrewarded,6,71.0,-0.35805427741262846
next_observe_bout_phase,unrewarded,6,72.0,-0.34902909588517894
next_observe_bout_phase,unrewarded,6,73.0,-0.34701331402707225
next_observe_bout_phase,unrewarded,6,74.0,-0.36819572483570934
next_observe_bout_phase,unrewarded,6,75.0,-0.3669857545722317
next_observe_bout_phase,unrewarded,6,76.0,-0.3548473944321642
next_observe_bout_phase,unrewarded,6,77.0,-0.33913740262981784
next_observe_bout_phase,unrewarded,6,78.0,-0.3248878455819524
next_observe_bout_phase,unrewarded,6,79.0,-0.3265284939102024
next_observe_bout_phase,unrewarded,6,80.0,-0.338919968793239
next_observe_bout_phase,unrewarded,6,81.0,-0.340467686613169
next_observe_bout_phase,unrewarded,6,82.0,-0.36210515643567925
next_observe_bout_phase,unrewarded,6,83.0,-0.3625057946865813
next_observe_bout_phase,unrewarded,6,84.0,-0.351461439240523
next_observe_bout_phase,unrewarded,6,85.0,-0.35746310623746613
next_observe_bout_phase,unrewarded,6,86.0,-0.34748294510140004
next_observe_bout_phase,unrewarded,6,87.0,-0.3410272773801651
next_observe_bout_phase,unrewarded,6,88.0,-0.3582809615053788
next_observe_bout_phase,unrewarded,6,89.0,-0.3450596490160398
next_observe_bout_phase,unrewarded,6,90.0,-0.3249089516393103
next_observe_bout_phase,unrewarded,6,91.0,-0.3170151165498522
next_observe_bout_phase,unrewarded,6,92.0,-0.3200803894574669
next_observe_bout_phase,unrewarded,6,93.0,-0.33496381893120863
next_observe_bout_phase,unrewarded,6,94.0,-0.32758434999630326
next_observe_bout_phase,unrewarded,6,95.0,-0.3271310691971434
next_observe_bout_phase,unrewarded,6,96.0,-0.3086862700031138
next_observe_bout_phase,unrewarded,6,97.0,-0.2980610634842759
next_observe_bout_phase,unrewarded,6,98.0,-0.2972851490120558
next_observe_bout_phase,unrewarded,6,99.0,-0.31299106000722937
next_observe_bout_phase,unrewarded,6,100.0,-0.31388785047276313
next_observe_bout_phase,unrewarded,18,0.0,-0.3703991266206131
next_observe_bout_phase,unrewarded,18,1.0,-0.339738313514797
next_observe_bout_phase,unrewarded,18,2.0,-0.31481481752936075
next_observe_bout_phase,unrewarded,18,3.0,-0.2884339766724429
next_observe_bout_phase,unrewarded,18,4.0,-0.27741219932526123
next_observe_bout_phase,unrewarded,18,5.0,-0.27507878357471804
next_observe_bout_phase,unrewarded,18,6.0,-0.27270981702988156
next_observe_bout_phase,unrewarded,18,7.0,-0.2634620611929618
next_observe_bout_phase,unrewarded,18,8.0,-0.2565686371196649
next_observe_bout_phase,unrewarded,18,9.0,-0.26646242431468636
next_observe_bout_phase,unrewarded,18,10.0,-0.27427048349751126
next_observe_bout_phase,unrewarded,18,11.0,-0.2719480304174188
next_observe_bout_phase,unrewarded,18,12.0,-0.2355331522954074
next_observe_bout_phase,unrewarded,18,13.0,-0.20506515064007716
next_observe_bout_phase,unrewarded,18,14.0,-0.19877104733661752
next_observe_bout_phase,unrewarded,18,15.0,-0.1757036796578567
next_observe_bout_phase,unrewarded,18,16.0,-0.16256386402320974
next_observe_bout_phase,unrewarded,18,17.0,-0.15277109344569248
next_observe_bout_phase,unrewarded,18,18.0,-0.15040055186702112
next_observe_bout_phase,unrewarded,18,19.0,-0.1395116149678171
next_observe_bout_phase,unrewarded,18,20.0,-0.13033020042243357
next_observe_bout_phase,unrewarded,18,21.0,-0.12706641269803004
next_observe_bout_phase,unrewarded,18,22.0,-0.1170079103629545
next_observe_bout_phase,unrewarded,18,23.0,-0.10861657732449309
next_observe_bout_phase,unrewarded,18,24.0,-0.10843889407854539
next_observe_bout_phase,unrewarded,18,25.0,-0.0974834355248922
next_observe_bout_phase,unrewarded,18,26.0,-0.07730496170218282
next_observe_bout_phase,unrewarded,18,27.0,-0.05876531603170207
next_observe_bout_phase,unrewarded,18,28.0,-0.0302658263493904
next_observe_bout_phase,unrewarded,18,29.0,-0.012631425204473194
next_observe_bout_phase,unrewarded,18,30.0,0.010639654982663041
next_observe_bout_phase,unrewarded,18,31.0,0.03863170191763582
next_observe_bout_phase,unrewarded,18,32.0,0.06802250618395231
next_observe_bout_phase,unrewarded,18,33.0,0.08052346559823192
next_observe_bout_phase,unrewarded,18,34.0,0.0892240664814865
next_observe_bout_phase,unrewarded,18,35.0,0.11548283598908655
next_observe_bout_phase,unrewarded,18,36.0,0.14717031959545085
next_observe_bout_phase,unrewarded,18,37.0,0.16796100593278793
next_observe_bout_phase,unrewarded,18,38.0,0.17218352714629356
next_observe_bout_phase,unrewarded,18,39.0,0.17524704722567158
next_observe_bout_phase,unrewarded,18,40.0,0.1917302164109041
next_observe_bout_phase,unrewarded,18,41.0,0.21194296101160848
next_observe_bout_phase,unrewarded,18,42.0,0.2135612363199657
next_observe_bout_phase,unrewarded,18,43.0,0.21282178118535905
next_observe_bout_phase,unrewarded,18,44.0,0.2186263623655485
next_observe_bout_phase,unrewarded,18,45.0,0.22654646346555374
next_observe_bout_phase,unrewarded,18,46.0,0.22906115626615428
next_observe_bout_phase,unrewarded,18,47.0,0.23047599175691663
next_observe_bout_phase,unrewarded,18,48.0,0.26882300835980527
next_observe_bout_phase,unrewarded,18,49.0,0.28060219580316276
next_observe_bout_phase,unrewarded,18,50.0,0.3042728719989692
next_observe_bout_phase,unrewarded,18,51.0,0.30370378227311107
next_observe_bout_phase,unrewarded,18,52.0,0.2985195756276087
next_observe_bout_phase,unrewarded,18,53.0,0.3170836594107935
next_observe_bout_phase,unrewarded,18,54.0,0.32217168860576884
next_observe_bout_phase,unrewarded,18,55.0,0.32703859306612626
next_observe_bout_phase,unrewarded,18,56.0,0.3279023860073511
next_observe_bout_phase,unrewarded,18,57.0,0.3557139159909972
next_observe_bout_phase,unrewarded,18,58.0,0.3746832229450627
next_observe_bout_phase,unrewarded,18,59.0,0.3807995869812354
next_observe_bout_phase,unrewarded,18,60.0,0.4055498733163347
next_observe_bout_phase,unrewarded,18,61.0,0.4185871010725798
next_observe_bout_phase,unrewarded,18,62.0,0.4209489947221082
next_observe_bout_phase,unrewarded,18,63.0,0.41493326375836626
next_observe_bout_phase,unrewarded,18,64.0,0.43999665558529394
next_observe_bout_phase,unrewarded,18,65.0,0.4374887703190904
next_observe_bout_phase,unrewarded,18,66.0,0.4415856945805921
next_observe_bout_phase,unrewarded,18,67.0,0.44114185318834936
next_observe_bout_phase,unrewarded,18,68.0,0.4314487490435279
next_observe_bout_phase,unrewarded,18,69.0,0.4351055353401251
next_observe_bout_phase,unrewarded,18,70.0,0.4297707932863755
next_observe_bout_phase,unrewarded,18,71.0,0.429665500207435
next_observe_bout_phase,unrewarded,18,72.0,0.4362699739650203
next_observe_bout_phase,unrewarded,18,73.0,0.4350892210244945
next_observe_bout_phase,unrewarded,18,74.0,0.43674500390051046
next_observe_bout_phase,unrewarded,18,75.0,0.4346117015022137
next_observe_bout_phase,unrewarded,18,76.0,0.4486327746021252
next_observe_bout_phase,unrewarded,18,77.0,0.4519680051213497
next_observe_bout_phase,unrewarded,18,78.0,0.456874532552941
next_observe_bout_phase,unrewarded,18,79.0,0.4680618083277979
next_observe_bout_phase,unrewarded,18,80.0,0.4776415119347931
next_observe_bout_phase,unrewarded,18,81.0,0.4892976363323533
next_observe_bout_phase,unrewarded,18,82.0,0.5056656092012287
next_observe_bout_phase,unrewarded,18,83.0,0.5231904437072367
next_observe_bout_phase,unrewarded,18,84.0,0.5319981588629793
next_observe_bout_phase,unrewarded,18,85.0,0.5243336628206545
next_observe_bout_phase,unrewarded,18,86.0,0.516572562344809
next_observe_bout_phase,unrewarded,18,87.0,0.5002808996465539
next_observe_bout_phase,unrewarded,18,88.0,0.4718350296530673
next_observe_bout_phase,unrewarded,18,89.0,0.4692662148151973
next_observe_bout_phase,unrewarded,18,90.0,0.49055743186518025
next_observe_bout_phase,unrewarded,18,91.0,0.5220019722026388
next_observe_bout_phase,unrewarded,18,92.0,0.5489688246634021
next_observe_bout_phase,unrewarded,18,93.0,0.5582332857053325
next_observe_bout_phase,unrewarded,18,94.0,0.5543931509593775
next_observe_bout_phase,unrewarded,18,95.0,0.5423193326985083
next_observe_bout_phase,unrewarded,18,96.0,0.5501399708453529
next_observe_bout_phase,unrewarded,18,97.0,0.5504815408316102
next_observe_bout_phase,unrewarded,18,98.0,0.5637249063102358
next_observe_bout_phase,unrewarded,18,99.0,0.5717275970044797
next_observe_bout_phase,unrewarded,18,100.0,0.588196452024658
next_observe_bout_phase,unrewarded,19,0.0,-0.4352119190482634
next_observe_bout_phase,unrewarded,19,1.0,-0.40285311819338515
next_observe_bout_phase,unrewarded,19,2.0,-0.4031477430211529
next_observe_bout_phase,unrewarded,19,3.0,-0.416278223460595
next_observe_bout_phase,unrewarded,19,4.0,-0.40433560802056123
next_observe_bout_phase,unrewarded,19,5.0,-0.36751596068116094
next_observe_bout_phase,unrewarded,19,6.0,-0.366385884336333
next_observe_bout_phase,unrewarded,19,7.0,-0.36846462093269244
next_observe_bout_phase,unrewarded,19,8.0,-0.3516308247508245
next_observe_bout_phase,unrewarded,19,9.0,-0.3392866411676145
next_observe_bout_phase,unrewarded,19,10.0,-0.33303424125020425
next_observe_bout_phase,unrewarded,19,11.0,-0.3114854932108834
next_observe_bout_phase,unrewarded,19,12.0,-0.30535278132515203
next_observe_bout_phase,unrewarded,19,13.0,-0.2847459010876146
next_observe_bout_phase,unrewarded,19,14.0,-0.27570719024856993
next_observe_bout_phase,unrewarded,19,15.0,-0.2752648945999144
next_observe_bout_phase,unrewarded,19,16.0,-0.27393183348661
next_observe_bout_phase,unrewarded,19,17.0,-0.2797373171769853
next_observe_bout_phase,unrewarded,19,18.0,-0.3050852502340065
next_observe_bout_phase,unrewarded,19,19.0,-0.32887489249088303
next_observe_bout_phase,unrewarded,19,20.0,-0.33421806629270456
next_observe_bout_phase,unrewarded,19,21.0,-0.3434009434996124
next_observe_bout_phase,unrewarded,19,22.0,-0.3525895077451453
next_observe_bout_phase,unrewarded,19,23.0,-0.3490912884357724
next_observe_bout_phase,unrewarded,19,24.0,-0.31952177533078413
next_observe_bout_phase,unrewarded,19,25.0,-0.2876268723719835
next_observe_bout_phase,unrewarded,19,26.0,-0.27225946483093016
next_observe_bout_phase,unrewarded,19,27.0,-0.30027785095301585
next_observe_bout_phase,unrewarded,19,28.0,-0.3033001381999196
next_observe_bout_phase,unrewarded,19,29.0,-0.31603226866841544
next_observe_bout_phase,unrewarded,19,30.0,-0.29197816221082123
next_observe_bout_phase,unrewarded,19,31.0,-0.3085983599125051
next_observe_bout_phase,unrewarded,19,32.0,-0.30758884337842124
next_observe_bout_phase,unrewarded,19,33.0,-0.3057629578328744
next_observe_bout_phase,unrewarded,19,34.0,-0.28959772696798886
next_observe_bout_phase,unrewarded,19,35.0,-0.21988780584996606
next_observe_bout_phase,unrewarded,19,36.0,-0.19655055115060485
next_observe_bout_phase,unrewarded,19,37.0,-0.2009371457232816
next_observe_bout_phase,unrewarded,19,38.0,-0.2368136919322244
next_observe_bout_phase,unrewarded,19,39.0,-0.25724533276576805
next_observe_bout_phase,unrewarded,19,40.0,-0.23538134437915456
next_observe_bout_phase,unrewarded,19,41.0,-0.24669286682289462
next_observe_bout_phase,unrewarded,19,42.0,-0.2543697208187583
next_observe_bout_phase,unrewarded,19,43.0,-0.2511811437387937
next_observe_bout_phase,unrewarded,19,44.0,-0.24699925807418863
next_observe_bout_phase,unrewarded,19,45.0,-0.2377911672529565
next_observe_bout_phase,unrewarded,19,46.0,-0.24998250014190848
next_observe_bout_phase,unrewarded,19,47.0,-0.25121684113050574
next_observe_bout_phase,unrewarded,19,48.0,-0.2675181358866983
next_observe_bout_phase,unrewarded,19,49.0,-0.29206347671016974
next_observe_bout_phase,unrewarded,19,50.0,-0.29723521091263494
next_observe_bout_phase,unrewarded,19,51.0,-0.29898139305647564
next_observe_bout_phase,unrewarded,19,52.0,-0.2776528747612375
next_observe_bout_phase,unrewarded,19,53.0,-0.25747669522468963
next_observe_bout_phase,unrewarded,19,54.0,-0.2573579975463328
next_observe_bout_phase,unrewarded,19,55.0,-0.2633778882301673
next_observe_bout_phase,unrewarded,19,56.0,-0.2558368129087149
next_observe_bout_phase,unrewarded,19,57.0,-0.24659102987238146
next_observe_bout_phase,unrewarded,19,58.0,-0.23136903557180438
next_observe_bout_phase,unrewarded,19,59.0,-0.20879368542183488
next_observe_bout_phase,unrewarded,19,60.0,-0.21845315215048802
next_observe_bout_phase,unrewarded,19,61.0,-0.22620276896861827
next_observe_bout_phase,unrewarded,19,62.0,-0.23467375381072034
next_observe_bout_phase,unrewarded,19,63.0,-0.21173511022147154
next_observe_bout_phase,unrewarded,19,64.0,-0.19591211594562977
next_observe_bout_phase,unrewarded,19,65.0,-0.18370532482216842
next_observe_bout_phase,unrewarded,19,66.0,-0.16703673276291747
next_observe_bout_phase,unrewarded,19,67.0,-0.15133832195482963
next_observe_bout_phase,unrewarded,19,68.0,-0.13228894089722845
next_observe_bout_phase,unrewarded,19,69.0,-0.14592227873506097
next_observe_bout_phase,unrewarded,19,70.0,-0.16203252336230636
next_observe_bout_phase,unrewarded,19,71.0,-0.17080567767893498
next_observe_bout_phase,unrewarded,19,72.0,-0.16382021156302962
next_observe_bout_phase,unrewarded,19,73.0,-0.16446318707710228
next_observe_bout_phase,unrewarded,19,74.0,-0.16154268338416264
next_observe_bout_phase,unrewarded,19,75.0,-0.15212641567875215
next_observe_bout_phase,unrewarded,19,76.0,-0.13121919313864738
next_observe_bout_phase,unrewarded,19,77.0,-0.11789419812544549
next_observe_bout_phase,unrewarded,19,78.0,-0.12704925411435466
next_observe_bout_phase,unrewarded,19,79.0,-0.13748289507918623
next_observe_bout_phase,unrewarded,19,80.0,-0.13632183303259568
next_observe_bout_phase,unrewarded,19,81.0,-0.12579135344096437
next_observe_bout_phase,unrewarded,19,82.0,-0.12870683497583688
next_observe_bout_phase,unrewarded,19,83.0,-0.12661155463491347
next_observe_bout_phase,unrewarded,19,84.0,-0.11491550747959706
next_observe_bout_phase,unrewarded,19,85.0,-0.09566704986902051
next_observe_bout_phase,unrewarded,19,86.0,-0.07778748191514225
next_observe_bout_phase,unrewarded,19,87.0,-0.09748263540634562
next_observe_bout_phase,unrewarded,19,88.0,-0.13219121647850718
next_observe_bout_phase,unrewarded,19,89.0,-0.13567767746444218
next_observe_bout_phase,unrewarded,19,90.0,-0.1359400608734497
next_observe_bout_phase,unrewarded,19,91.0,-0.12847311504171408
next_observe_bout_phase,unrewarded,19,92.0,-0.12240936101242056
next_observe_bout_phase,unrewarded,19,93.0,-0.11503552719385425
next_observe_bout_phase,unrewarded,19,94.0,-0.10579136522094902
next_observe_bout_phase,unrewarded,19,95.0,-0.054943933723232766
next_observe_bout_phase,unrewarded,19,96.0,-0.0573130101120128
next_observe_bout_phase,unrewarded,19,97.0,-0.026447002656264984
next_observe_bout_phase,unrewarded,19,98.0,-0.022845012292131248
next_observe_bout_phase,unrewarded,19,99.0,-0.017433965908388048
next_observe_bout_phase,unrewarded,19,100.0,-0.024815622388325995
next_observe_bout_phase,unrewarded,27,0.0,-0.4313417752407227
next_observe_bout_phase,unrewarded,27,1.0,-0.3931158170504907
next_observe_bout_phase,unrewarded,27,2.0,-0.3705878514305455
next_observe_bout_phase,unrewarded,27,3.0,-0.3462995869958552
next_observe_bout_phase,unrewarded,27,4.0,-0.3120315004283386
next_observe_bout_phase,unrewarded,27,5.0,-0.2553354469258099
next_observe_bout_phase,unrewarded,27,6.0,-0.22997931970359337
next_observe_bout_phase,unrewarded,27,7.0,-0.22741083629447137
next_observe_bout_phase,unrewarded,27,8.0,-0.22194890224260655
next_observe_bout_phase,unrewarded,27,9.0,-0.1860558837739775
next_observe_bout_phase,unrewarded,27,10.0,-0.2168463043438905
next_observe_bout_phase,unrewarded,27,11.0,-0.23878766623254677
next_observe_bout_phase,unrewarded,27,12.0,-0.2262471103000056
next_observe_bout_phase,unrewarded,27,13.0,-0.21547625326321898
next_observe_bout_phase,unrewarded,27,14.0,-0.20936322557036538
next_observe_bout_phase,unrewarded,27,15.0,-0.2136266552354132
next_observe_bout_phase,unrewarded,27,16.0,-0.19179034007870538
next_observe_bout_phase,unrewarded,27,17.0,-0.17818183378583277
next_observe_bout_phase,unrewarded,27,18.0,-0.19689942810798977
next_observe_bout_phase,unrewarded,27,19.0,-0.2145343578208337
next_observe_bout_phase,unrewarded,27,20.0,-0.23471322778616213
next_observe_bout_phase,unrewarded,27,21.0,-0.23734496896072618
next_observe_bout_phase,unrewarded,27,22.0,-0.28189055964336407
next_observe_bout_phase,unrewarded,27,23.0,-0.27534406257593014
next_observe_bout_phase,unrewarded,27,24.0,-0.283084045665576
next_observe_bout_phase,unrewarded,27,25.0,-0.281545208480685
next_observe_bout_phase,unrewarded,27,26.0,-0.28085242675160127
next_observe_bout_phase,unrewarded,27,27.0,-0.26849426117259034
next_observe_bout_phase,unrewarded,27,28.0,-0.270504571042371
next_observe_bout_phase,unrewarded,27,29.0,-0.25531124611855366
next_observe_bout_phase,unrewarded,27,30.0,-0.29147855494687763
next_observe_bout_phase,unrewarded,27,31.0,-0.30977152653336487
next_observe_bout_phase,unrewarded,27,32.0,-0.32341594413683505
next_observe_bout_phase,unrewarded,27,33.0,-0.3099482326593858
next_observe_bout_phase,unrewarded,27,34.0,-0.2894325005245501
next_observe_bout_phase,unrewarded,27,35.0,-0.2792572697695659
next_observe_bout_phase,unrewarded,27,36.0,-0.2830818790927309
next_observe_bout_phase,unrewarded,27,37.0,-0.2910568233247875
next_observe_bout_phase,unrewarded,27,38.0,-0.2869342670109498
next_observe_bout_phase,unrewarded,27,39.0,-0.27257387014934453
next_observe_bout_phase,unrewarded,27,40.0,-0.2526854880095189
next_observe_bout_phase,unrewarded,27,41.0,-0.24102157779430033
next_observe_bout_phase,unrewarded,27,42.0,-0.23630457736696484
next_observe_bout_phase,unrewarded,27,43.0,-0.23207446970470783
next_observe_bout_phase,unrewarded,27,44.0,-0.21228782617370834
next_observe_bout_phase,unrewarded,27,45.0,-0.23055271811394773
next_observe_bout_phase,unrewarded,27,46.0,-0.2473926615928118
next_observe_bout_phase,unrewarded,27,47.0,-0.23876489124092443
next_observe_bout_phase,unrewarded,27,48.0,-0.22617523905656933
next_observe_bout_phase,unrewarded,27,49.0,-0.21390488171037408
next_observe_bout_phase,unrewarded,27,50.0,-0.20191640481814455
next_observe_bout_phase,unrewarded,27,51.0,-0.17708582492553485
next_observe_bout_phase,unrewarded,27,52.0,-0.1748291550734264
next_observe_bout_phase,unrewarded,27,53.0,-0.18644326086621682
next_observe_bout_phase,unrewarded,27,54.0,-0.20613263713897625
next_observe_bout_phase,unrewarded,27,55.0,-0.22664541809686417
next_observe_bout_phase,unrewarded,27,56.0,-0.21841269018170462
next_observe_bout_phase,unrewarded,27,57.0,-0.20004768708327464
next_observe_bout_phase,unrewarded,27,58.0,-0.18891331420735022
next_observe_bout_phase,unrewarded,27,59.0,-0.18043684016931255
next_observe_bout_phase,unrewarded,27,60.0,-0.171213860515383
next_observe_bout_phase,unrewarded,27,61.0,-0.14847909948597404
next_observe_bout_phase,unrewarded,27,62.0,-0.11009775309942897
next_observe_bout_phase,unrewarded,27,63.0,-0.12005817191502556
next_observe_bout_phase,unrewarded,27,64.0,-0.1411007034733385
next_observe_bout_phase,unrewarded,27,65.0,-0.16742116084888878
next_observe_bout_phase,unrewarded,27,66.0,-0.18958113943876656
next_observe_bout_phase,unrewarded,27,67.0,-0.19484539417765767
next_observe_bout_phase,unrewarded,27,68.0,-0.19479049422367975
next_observe_bout_phase,unrewarded,27,69.0,-0.14990270716566134
next_observe_bout_phase,unrewarded,27,70.0,-0.13848203008043736
next_observe_bout_phase,unrewarded,27,71.0,-0.1469608683309071
next_observe_bout_phase,unrewarded,27,72.0,-0.17208986077478994
next_observe_bout_phase,unrewarded,27,73.0,-0.20705073284840897
next_observe_bout_phase,unrewarded,27,74.0,-0.23088934635323916
next_observe_bout_phase,unrewarded,27,75.0,-0.24319177262355648
next_observe_bout_phase,unrewarded,27,76.0,-0.262330766854546
next_observe_bout_phase,unrewarded,27,77.0,-0.2595433309579221
next_observe_bout_phase,unrewarded,27,78.0,-0.2571855072052078
next_observe_bout_phase,unrewarded,27,79.0,-0.2599536416222944
next_observe_bout_phase,unrewarded,27,80.0,-0.24374869852898878
next_observe_bout_phase,unrewarded,27,81.0,-0.25581931827423804
next_observe_bout_phase,unrewarded,27,82.0,-0.22858151614748085
next_observe_bout_phase,unrewarded,27,83.0,-0.22198880005054472
next_observe_bout_phase,unrewarded,27,84.0,-0.23875102201629184
next_observe_bout_phase,unrewarded,27,85.0,-0.24123451896674775
next_observe_bout_phase,unrewarded,27,86.0,-0.2492235361950975
next_observe_bout_phase,unrewarded,27,87.0,-0.26390807594139637
next_observe_bout_phase,unrewarded,27,88.0,-0.2539439732110658
next_observe_bout_phase,unrewarded,27,89.0,-0.24946977804885564
next_observe_bout_phase,unrewarded,27,90.0,-0.24292299517855928
next_observe_bout_phase,unrewarded,27,91.0,-0.27063218644648923
next_observe_bout_phase,unrewarded,27,92.0,-0.27967727120005376
next_observe_bout_phase,unrewarded,27,93.0,-0.27156258436621233
next_observe_bout_phase,unrewarded,27,94.0,-0.26477960363627534
next_observe_bout_phase,unrewarded,27,95.0,-0.27871557994101204
next_observe_bout_phase,unrewarded,27,96.0,-0.2703497206058355
next_observe_bout_phase,unrewarded,27,97.0,-0.22943316667267524
next_observe_bout_phase,unrewarded,27,98.0,-0.2238282480420456
next_observe_bout_phase,unrewarded,27,99.0,-0.21276457661945106
next_observe_bout_phase,unrewarded,27,100.0,-0.1898136540889809
next_observe_bout_phase,unrewarded,35,0.0,-0.5871397807817794
next_observe_bout_phase,unrewarded,35,1.0,-0.6488923108590483
next_observe_bout_phase,unrewarded,35,2.0,-0.6386587605636709
next_observe_bout_phase,unrewarded,35,3.0,-0.6458837282433556
next_observe_bout_phase,unrewarded,35,4.0,-0.575771635228872
next_observe_bout_phase,unrewarded,35,5.0,-0.5959418336052221
next_observe_bout_phase,unrewarded,35,6.0,-0.5753689199063001
next_observe_bout_phase,unrewarded,35,7.0,-0.5531367244195061
next_observe_bout_phase,unrewarded,35,8.0,-0.5364866189982461
next_observe_bout_phase,unrewarded,35,9.0,-0.5516832224397678
next_observe_bout_phase,unrewarded,35,10.0,-0.4729536210255957
next_observe_bout_phase,unrewarded,35,11.0,-0.4796357992467109
next_observe_bout_phase,unrewarded,35,12.0,-0.5014059860861471
next_observe_bout_phase,unrewarded,35,13.0,-0.5634172041161798
next_observe_bout_phase,unrewarded,35,14.0,-0.5315920507494868
next_observe_bout_phase,unrewarded,35,15.0,-0.4738628135070802
next_observe_bout_phase,unrewarded,35,16.0,-0.46158059453670336
next_observe_bout_phase,unrewarded,35,17.0,-0.3975013641253633
next_observe_bout_phase,unrewarded,35,18.0,-0.3468728264458093
next_observe_bout_phase,unrewarded,35,19.0,-0.39460408125471286
next_observe_bout_phase,unrewarded,35,20.0,-0.3689466229112694
next_observe_bout_phase,unrewarded,35,21.0,-0.2896804131763908
next_observe_bout_phase,unrewarded,35,22.0,-0.27858428532891283
next_observe_bout_phase,unrewarded,35,23.0,-0.27545009576896284
next_observe_bout_phase,unrewarded,35,24.0,-0.33494174508127206
next_observe_bout_phase,unrewarded,35,25.0,-0.2903870934141351
next_observe_bout_phase,unrewarded,35,26.0,-0.2722766595907826
next_observe_bout_phase,unrewarded,35,27.0,-0.29187750534206813
next_observe_bout_phase,unrewarded,35,28.0,-0.2817768358662387
next_observe_bout_phase,unrewarded,35,29.0,-0.3392031861066278
next_observe_bout_phase,unrewarded,35,30.0,-0.32729137689580456
next_observe_bout_phase,unrewarded,35,31.0,-0.3454246542604773
next_observe_bout_phase,unrewarded,35,32.0,-0.3226883712381066
next_observe_bout_phase,unrewarded,35,33.0,-0.3093412895086245
next_observe_bout_phase,unrewarded,35,34.0,-0.3176545724137372
next_observe_bout_phase,unrewarded,35,35.0,-0.30781158498622
next_observe_bout_phase,unrewarded,35,36.0,-0.28298219320608015
next_observe_bout_phase,unrewarded,35,37.0,-0.28361111010143386
next_observe_bout_phase,unrewarded,35,38.0,-0.29030239633303234
next_observe_bout_phase,unrewarded,35,39.0,-0.30197680631176915
next_observe_bout_phase,unrewarded,35,40.0,-0.3286203134978484
next_observe_bout_phase,unrewarded,35,41.0,-0.32606623282597863
next_observe_bout_phase,unrewarded,35,42.0,-0.24725433367395516
next_observe_bout_phase,unrewarded,35,43.0,-0.2468960860526599
next_observe_bout_phase,unrewarded,35,44.0,-0.25448834434884965
next_observe_bout_phase,unrewarded,35,45.0,-0.2689409649708546
next_observe_bout_phase,unrewarded,35,46.0,-0.20005681402592873
next_observe_bout_phase,unrewarded,35,47.0,-0.14449929329776143
next_observe_bout_phase,unrewarded,35,48.0,-0.15748287683472537
next_observe_bout_phase,unrewarded,35,49.0,-0.20233044457547567
next_observe_bout_phase,unrewarded,35,50.0,-0.26743172721971736
next_observe_bout_phase,unrewarded,35,51.0,-0.26109841525845334
next_observe_bout_phase,unrewarded,35,52.0,-0.26393965669948644
next_observe_bout_phase,unrewarded,35,53.0,-0.2899191174669436
next_observe_bout_phase,unrewarded,35,54.0,-0.2222036985845507
next_observe_bout_phase,unrewarded,35,55.0,-0.23279994357444064
next_observe_bout_phase,unrewarded,35,56.0,-0.25836380911023804
next_observe_bout_phase,unrewarded,35,57.0,-0.2776328272209606
next_observe_bout_phase,unrewarded,35,58.0,-0.27453723404780206
next_observe_bout_phase,unrewarded,35,59.0,-0.2632667937052822
next_observe_bout_phase,unrewarded,35,60.0,-0.28290996894614817
next_observe_bout_phase,unrewarded,35,61.0,-0.2684849428290678
next_observe_bout_phase,unrewarded,35,62.0,-0.2048529919253638
next_observe_bout_phase,unrewarded,35,63.0,-0.17601995034608856
next_observe_bout_phase,unrewarded,35,64.0,-0.21680736338808854
next_observe_bout_phase,unrewarded,35,65.0,-0.19943970017483192
next_observe_bout_phase,unrewarded,35,66.0,-0.15843105637053534
next_observe_bout_phase,unrewarded,35,67.0,-0.17932258574032675
next_observe_bout_phase,unrewarded,35,68.0,-0.1041146694652135
next_observe_bout_phase,unrewarded,35,69.0,-0.14305202819370832
next_observe_bout_phase,unrewarded,35,70.0,-0.16740606415527753
next_observe_bout_phase,unrewarded,35,71.0,-0.06859695672598358
next_observe_bout_phase,unrewarded,35,72.0,-0.021243336554187225
next_observe_bout_phase,unrewarded,35,73.0,-0.028660596393525015
next_observe_bout_phase,unrewarded,35,74.0,0.009133330404730728
next_observe_bout_phase,unrewarded,35,75.0,-0.003654824137769481
next_observe_bout_phase,unrewarded,35,76.0,-0.015476026856856255
next_observe_bout_phase,unrewarded,35,77.0,0.016820145805027213
next_observe_bout_phase,unrewarded,35,78.0,-0.04764975401790491
next_observe_bout_phase,unrewarded,35,79.0,-0.019150252042729975
next_observe_bout_phase,unrewarded,35,80.0,0.023376956399762647
next_observe_bout_phase,unrewarded,35,81.0,0.060445702422294474
next_observe_bout_phase,unrewarded,35,82.0,0.024891922584377373
next_observe_bout_phase,unrewarded,35,83.0,-0.013361780884443453
next_observe_bout_phase,unrewarded,35,84.0,-0.016081531070578563
next_observe_bout_phase,unrewarded,35,85.0,-0.029954252249355707
next_observe_bout_phase,unrewarded,35,86.0,-0.111336201437809
next_observe_bout_phase,unrewarded,35,87.0,-0.08088732759879604
next_observe_bout_phase,unrewarded,35,88.0,-0.17394308328256505
next_observe_bout_phase,unrewarded,35,89.0,-0.06834097882684403
next_observe_bout_phase,unrewarded,35,90.0,-0.04445020922959914
next_observe_bout_phase,unrewarded,35,91.0,-0.06018803879569305
next_observe_bout_phase,unrewarded,35,92.0,-0.03295439288746474
next_observe_bout_phase,unrewarded,35,93.0,-0.0662924152254244
next_observe_bout_phase,unrewarded,35,94.0,-0.15285187249724946
next_observe_bout_phase,unrewarded,35,95.0,-0.17584326056124963
next_observe_bout_phase,unrewarded,35,96.0,-0.19941998281331363
next_observe_bout_phase,unrewarded,35,97.0,-0.24707095505875043
next_observe_bout_phase,unrewarded,35,98.0,-0.2095872102997424
next_observe_bout_phase,unrewarded,35,99.0,-0.1787003911024449
next_observe_bout_phase,unrewarded,35,100.0,-0.14021128017445394
