model_axis,group,view,x,mean_da,sem_da,n_animals
Sampling policy,high,fixed,-3.0,-0.13437648158690668,0.026901712568281128,9
Sampling policy,high,fixed,-2.9,-0.12166328810477328,0.03318647674230883,9
Sampling policy,high,fixed,-2.8,-0.09575994318035516,0.04320730419353497,9
Sampling policy,high,fixed,-2.6999999999999997,-0.09955574412013264,0.041620827645252455,9
Sampling policy,high,fixed,-2.5999999999999996,-0.08540518903303891,0.04443361730938741,9
Sampling policy,high,fixed,-2.4999999999999996,-0.10208336416116558,0.049806919963038106,9
Sampling policy,high,fixed,-2.3999999999999995,-0.07690940410522079,0.05333758222545091,9
Sampling policy,high,fixed,-2.2999999999999994,-0.08140615413404315,0.06076349349877569,9
Sampling policy,high,fixed,-2.1999999999999993,-0.07142161353396415,0.06019412069187294,9
Sampling policy,high,fixed,-2.099999999999999,-0.04459804308603891,0.06251887573421369,9
Sampling policy,high,fixed,-1.9999999999999991,-0.008769733004493435,0.05843190619969101,9
Sampling policy,high,fixed,-1.899999999999999,-0.0032021455317038047,0.05386741683512498,9
Sampling policy,high,fixed,-1.799999999999999,-0.0021936968441605992,0.04475037730275841,9
Sampling policy,high,fixed,-1.6999999999999988,0.030763287875223342,0.051733277746586044,9
Sampling policy,high,fixed,-1.5999999999999988,0.0673305091976289,0.05362042802831945,9
Sampling policy,high,fixed,-1.4999999999999987,0.08460995682981881,0.0504470552209658,9
Sampling policy,high,fixed,-1.3999999999999986,0.08960731457477011,0.055733243128852944,9
Sampling policy,high,fixed,-1.2999999999999985,0.12534364069929818,0.061534561264630784,9
Sampling policy,high,fixed,-1.1999999999999984,0.1613598663613769,0.0724791999472806,9
Sampling policy,high,fixed,-1.0999999999999983,0.16991959929479333,0.08551288844480696,9
Sampling policy,high,fixed,-0.9999999999999982,0.18298665448408918,0.09010128931754463,9
Sampling policy,high,fixed,-0.8999999999999981,0.18899389098151728,0.09512261880070244,9
Sampling policy,high,fixed,-0.799999999999998,0.19983258115121874,0.09637399591030064,9
Sampling policy,high,fixed,-0.699999999999998,0.23380844895591896,0.10859812450655472,9
Sampling policy,high,fixed,-0.5999999999999979,0.24642409287385242,0.107913091048507,9
Sampling policy,high,fixed,-0.4999999999999978,0.2530604130134552,0.11975541083331857,9
Sampling policy,high,fixed,-0.3999999999999977,0.2297283034613905,0.1352544559599492,9
Sampling policy,high,fixed,-0.2999999999999976,0.20344521515734992,0.14584299473427345,9
Sampling policy,high,fixed,-0.1999999999999975,0.12927130029796335,0.1352966040623607,9
Sampling policy,high,fixed,-0.09999999999999742,0.16157570408597477,0.1327291483740802,9
Sampling policy,high,fixed,2.6645352591003757e-15,0.20163627888646424,0.11799671586203704,9
Sampling policy,high,fixed,0.10000000000000275,0.27817947422770667,0.10618981886511718,9
Sampling policy,high,fixed,0.20000000000000284,0.31204603512260465,0.09734497718812753,9
Sampling policy,high,fixed,0.30000000000000293,0.27506262881316,0.08354957038801504,9
Sampling policy,high,fixed,0.400000000000003,0.21730288501409106,0.08521030671263091,9
Sampling policy,high,fixed,0.5000000000000031,0.17738586501599998,0.07284191222094939,9
Sampling policy,high,fixed,0.6000000000000032,0.11760684550028937,0.08077446447135699,9
Sampling policy,high,fixed,0.7000000000000033,0.05852842696865043,0.069435232903631,9
Sampling policy,high,fixed,0.8000000000000034,0.023939930144420883,0.06573508280540254,9
Sampling policy,high,fixed,0.9000000000000035,0.04464463208612282,0.06969814437762216,9
Sampling policy,high,fixed,1.0000000000000036,0.06992951678641537,0.06869685522659032,9
Sampling policy,high,fixed,1.1000000000000032,0.0811774587327429,0.0679340098214709,9
Sampling policy,high,fixed,1.2000000000000037,0.044368405292257794,0.07848244957186905,9
Sampling policy,high,fixed,1.3000000000000043,0.020437825495703145,0.0760199668922761,9
Sampling policy,high,fixed,1.400000000000004,0.0187504989304886,0.08538970807650485,9
Sampling policy,high,fixed,1.5000000000000036,0.028652195877235505,0.08994394491845431,9
Sampling policy,high,fixed,1.600000000000004,0.03276641018778053,0.08265283737518485,9
Sampling policy,high,fixed,1.7000000000000046,0.019748403726428256,0.07857980793586798,9
Sampling policy,high,fixed,1.8000000000000043,-0.011350202714101483,0.07896869660063958,9
Sampling policy,high,fixed,1.900000000000004,-0.037106496919361395,0.07755993290823983,9
Sampling policy,high,fixed,2.0000000000000044,-0.03485031097218919,0.08022435614712269,9
Sampling policy,high,fixed,2.100000000000005,-0.0525372893255685,0.08565768980102055,9
Sampling policy,high,fixed,2.2000000000000046,-0.02869660373790513,0.07159530630705584,9
Sampling policy,high,fixed,2.3000000000000043,-0.028638564954965157,0.06959874907999612,9
Sampling policy,high,fixed,2.400000000000005,-0.02826851295843798,0.07038390098205961,9
Sampling policy,high,fixed,2.5000000000000053,-0.032024804580551264,0.06841923675229632,9
Sampling policy,high,fixed,2.600000000000005,-0.042831160243338745,0.07183413495507733,9
Sampling policy,high,fixed,2.7000000000000046,-0.07203094136554357,0.0717920234643986,9
Sampling policy,high,fixed,2.800000000000005,-0.059462025404414226,0.073872847362011,9
Sampling policy,high,fixed,2.9000000000000057,-0.04970157299940413,0.07766753986619643,9
Sampling policy,high,fixed,3.0000000000000053,-0.0595401429135749,0.0813685558424611,9
Sampling policy,high,fixed,3.100000000000005,-0.04497676105671757,0.08294496436156974,9
Sampling policy,high,fixed,3.2000000000000055,-0.03142408638672489,0.07597630378687174,9
Sampling policy,high,fixed,3.300000000000006,-0.03028465874059956,0.07601597242253542,9
Sampling policy,high,fixed,3.4000000000000057,-0.026849590247406643,0.07452122858957187,9
Sampling policy,high,fixed,3.5000000000000053,-0.016597879023571894,0.06911613312091434,9
Sampling policy,high,fixed,3.600000000000006,-0.009369404526199585,0.059010652710442486,9
Sampling policy,high,fixed,3.7000000000000064,-0.025394757664844097,0.05086968759615146,9
Sampling policy,high,fixed,3.800000000000006,-0.018195314131906264,0.04257501716612661,9
Sampling policy,high,fixed,3.9000000000000057,-0.02585169833852866,0.04401568553857338,9
Sampling policy,high,fixed,4.000000000000006,-0.03420667621631963,0.04722052290541837,9
Sampling policy,high,fixed,4.100000000000007,-0.02599945423088148,0.036107728476953496,9
Sampling policy,high,fixed,4.200000000000006,-0.03069274471085789,0.03625908371617677,9
Sampling policy,high,fixed,4.300000000000006,-0.019716534539678365,0.03644946218851745,9
Sampling policy,high,fixed,4.400000000000007,-0.030696047111449465,0.04232071317683752,9
Sampling policy,high,fixed,4.500000000000007,-0.027185506906687893,0.04046491072044869,9
Sampling policy,high,fixed,4.600000000000007,-0.019604715795617154,0.03677949289305742,9
Sampling policy,high,fixed,4.700000000000006,0.01665492583500871,0.041196861609001593,9
Sampling policy,high,fixed,4.800000000000007,-0.012283044179259163,0.044764608410828,9
Sampling policy,high,fixed,4.9000000000000075,-0.007229176331539914,0.03158011979167636,9
Sampling policy,high,fixed,5.000000000000007,-0.004149111950183252,0.029036579794527864,9
Sampling policy,high,fixed,5.100000000000007,0.014473583117085702,0.03184109966534969,9
Sampling policy,high,fixed,5.200000000000006,0.014725078047590419,0.04057016236258174,9
Sampling policy,high,fixed,5.300000000000008,-0.004773340773117578,0.03451043213171829,9
Sampling policy,high,fixed,5.4000000000000075,0.0095847764522191,0.033897561668647214,9
Sampling policy,high,fixed,5.500000000000007,-0.0036368954722066447,0.0320214116326387,9
Sampling policy,high,fixed,5.6000000000000085,-0.0026780559603145943,0.029554891673982328,9
Sampling policy,high,fixed,5.700000000000008,0.001137568615227372,0.03207399056648329,9
Sampling policy,high,fixed,5.800000000000008,0.013609121836282044,0.026438833404199728,9
Sampling policy,high,fixed,5.9000000000000075,0.00032493668195496646,0.025110821018602587,9
Sampling policy,low,fixed,-3.0,-0.1412925114669934,0.03440141492566649,9
Sampling policy,low,fixed,-2.9,-0.10864358453281896,0.033700350341823816,9
Sampling policy,low,fixed,-2.8,-0.07705953338728604,0.04709831547628745,9
Sampling policy,low,fixed,-2.6999999999999997,-0.06445625779800257,0.05568809239564578,9
Sampling policy,low,fixed,-2.5999999999999996,-0.0719690757642955,0.06053636926706638,9
Sampling policy,low,fixed,-2.4999999999999996,-0.08441843863735733,0.060850061158366275,9
Sampling policy,low,fixed,-2.3999999999999995,-0.0723799847261157,0.05597383032022257,9
Sampling policy,low,fixed,-2.2999999999999994,-0.07615277234740214,0.05441069949729945,9
Sampling policy,low,fixed,-2.1999999999999993,-0.052037308808073786,0.04959151308392585,9
Sampling policy,low,fixed,-2.099999999999999,-0.04751757455779921,0.05496143653475725,9
Sampling policy,low,fixed,-1.9999999999999991,-0.029016437156999936,0.0518392756017057,9
Sampling policy,low,fixed,-1.899999999999999,-0.025837487722179413,0.05672915919189147,9
Sampling policy,low,fixed,-1.799999999999999,0.009388334322906451,0.06410273928893812,9
Sampling policy,low,fixed,-1.6999999999999988,0.011481361943506865,0.06039056022975791,9
Sampling policy,low,fixed,-1.5999999999999988,0.0002493184400537264,0.06558105729197282,9
Sampling policy,low,fixed,-1.4999999999999987,0.04255245753746492,0.06600100616742403,9
Sampling policy,low,fixed,-1.3999999999999986,0.052042100252813736,0.0680034902164874,9
Sampling policy,low,fixed,-1.2999999999999985,0.08430333967494263,0.06868729806629963,9
Sampling policy,low,fixed,-1.1999999999999984,0.12045706935152614,0.07498521373692639,9
Sampling policy,low,fixed,-1.0999999999999983,0.16271827824323953,0.0865737437606272,9
Sampling policy,low,fixed,-0.9999999999999982,0.17015609675767707,0.1010570685596389,9
Sampling policy,low,fixed,-0.8999999999999981,0.17449597912662218,0.09962775012027068,9
Sampling policy,low,fixed,-0.799999999999998,0.19674393840667023,0.09726114826227862,9
Sampling policy,low,fixed,-0.699999999999998,0.24103776220463546,0.09817474418164657,9
Sampling policy,low,fixed,-0.5999999999999979,0.2807201647839502,0.10713280108415596,9
Sampling policy,low,fixed,-0.4999999999999978,0.26019768951429256,0.10948954624750341,9
Sampling policy,low,fixed,-0.3999999999999977,0.22884934331791243,0.12095512896949952,9
Sampling policy,low,fixed,-0.2999999999999976,0.19438213698809884,0.12626064407530402,9
Sampling policy,low,fixed,-0.1999999999999975,0.19629854768048063,0.10948926727227333,9
Sampling policy,low,fixed,-0.09999999999999742,0.19741525101484128,0.09210298797440991,9
Sampling policy,low,fixed,2.6645352591003757e-15,0.2458517473067269,0.08722369948993779,9
Sampling policy,low,fixed,0.10000000000000275,0.30890579999747564,0.06569717657728684,9
Sampling policy,low,fixed,0.20000000000000284,0.23951377654851427,0.05160425164484319,9
Sampling policy,low,fixed,0.30000000000000293,0.16663625518264816,0.040422044234993744,9
Sampling policy,low,fixed,0.400000000000003,0.129624915728218,0.03775835962593873,9
Sampling policy,low,fixed,0.5000000000000031,0.10498464799338664,0.04206101756835667,9
Sampling policy,low,fixed,0.6000000000000032,0.06193455362326188,0.04907866699949445,9
Sampling policy,low,fixed,0.7000000000000033,0.029749143442176433,0.04058425909589987,9
Sampling policy,low,fixed,0.8000000000000034,0.01887004874415126,0.04066061825202441,9
Sampling policy,low,fixed,0.9000000000000035,0.046163293876957834,0.050243115700172786,9
Sampling policy,low,fixed,1.0000000000000036,0.05620128617040007,0.04288376986512498,9
Sampling policy,low,fixed,1.1000000000000032,0.05856717907398726,0.043373506966669945,9
Sampling policy,low,fixed,1.2000000000000037,0.038063254297781,0.0546877744130346,9
Sampling policy,low,fixed,1.3000000000000043,-0.011525792200021074,0.05172777329568847,9
Sampling policy,low,fixed,1.400000000000004,-0.054365336069178816,0.06007393794778084,9
Sampling policy,low,fixed,1.5000000000000036,-0.05572932073238231,0.05705417774079773,9
Sampling policy,low,fixed,1.600000000000004,-0.08086798360055421,0.05398005152361753,9
Sampling policy,low,fixed,1.7000000000000046,-0.09077855419909604,0.06407830215465894,9
Sampling policy,low,fixed,1.8000000000000043,-0.09162436263628795,0.05428474412615464,9
Sampling policy,low,fixed,1.900000000000004,-0.08490168648688272,0.05103583049503713,9
Sampling policy,low,fixed,2.0000000000000044,-0.08402563721546445,0.0481802135300938,9
Sampling policy,low,fixed,2.100000000000005,-0.06206000207988908,0.05149057927046827,9
Sampling policy,low,fixed,2.2000000000000046,-0.07914403070547092,0.046297605682022014,9
Sampling policy,low,fixed,2.3000000000000043,-0.11409402455284733,0.049602485480381125,9
Sampling policy,low,fixed,2.400000000000005,-0.11835021019677135,0.05050747129917712,9
Sampling policy,low,fixed,2.5000000000000053,-0.11458552260371951,0.054300883496605584,9
Sampling policy,low,fixed,2.600000000000005,-0.10948467166953271,0.06378882128468989,9
Sampling policy,low,fixed,2.7000000000000046,-0.1119739244351098,0.05412702087029703,9
Sampling policy,low,fixed,2.800000000000005,-0.11897533038120517,0.04475901345686221,9
Sampling policy,low,fixed,2.9000000000000057,-0.1252284035835801,0.05132710612929573,9
Sampling policy,low,fixed,3.0000000000000053,-0.1471143306914957,0.04903944965595392,9
Sampling policy,low,fixed,3.100000000000005,-0.11464187720322586,0.061585784975218355,9
Sampling policy,low,fixed,3.2000000000000055,-0.12570446643251826,0.05806066364469017,9
Sampling policy,low,fixed,3.300000000000006,-0.12641702055369533,0.05011526445732215,9
Sampling policy,low,fixed,3.4000000000000057,-0.12188661630976709,0.04455494994880469,9
Sampling policy,low,fixed,3.5000000000000053,-0.12965559284769498,0.0365902729172977,9
Sampling policy,low,fixed,3.600000000000006,-0.10057811506591872,0.03925439249152973,9
Sampling policy,low,fixed,3.7000000000000064,-0.1206392936055035,0.04287937557650768,9
Sampling policy,low,fixed,3.800000000000006,-0.11578712524353023,0.03213628017522901,9
Sampling policy,low,fixed,3.9000000000000057,-0.10180974583687653,0.045206802570221055,9
Sampling policy,low,fixed,4.000000000000006,-0.12189595507049428,0.02892387431963749,9
Sampling policy,low,fixed,4.100000000000007,-0.09641341574347483,0.04320268065348603,9
Sampling policy,low,fixed,4.200000000000006,-0.08794798185232455,0.038297396819824255,9
Sampling policy,low,fixed,4.300000000000006,-0.0784325120328941,0.045503483429694486,9
Sampling policy,low,fixed,4.400000000000007,-0.06376798345687677,0.03525813507602072,9
Sampling policy,low,fixed,4.500000000000007,-0.06663848256573678,0.03911270263475304,9
Sampling policy,low,fixed,4.600000000000007,-0.052044101477491535,0.03172959777417479,9
Sampling policy,low,fixed,4.700000000000006,-0.07969588608019093,0.03705295135757534,9
Sampling policy,low,fixed,4.800000000000007,-0.07389183349814515,0.041031741135405864,9
Sampling policy,low,fixed,4.9000000000000075,-0.05743852786342312,0.04315430782411573,9
Sampling policy,low,fixed,5.000000000000007,-0.05705515795522863,0.042774425689542706,9
Sampling policy,low,fixed,5.100000000000007,-0.0559551764439148,0.030223723908695765,9
Sampling policy,low,fixed,5.200000000000006,-0.061140894704846724,0.04003932152046298,9
Sampling policy,low,fixed,5.300000000000008,-0.05200984271441448,0.03354762838992486,9
Sampling policy,low,fixed,5.4000000000000075,-0.04765773392893398,0.03185633418608726,9
Sampling policy,low,fixed,5.500000000000007,-0.03016781264562043,0.035524395864547774,9
Sampling policy,low,fixed,5.6000000000000085,-0.030281974053636886,0.030979488459162836,9
Sampling policy,low,fixed,5.700000000000008,-0.049869401066891354,0.033396770900322316,9
Sampling policy,low,fixed,5.800000000000008,-0.06430270557341894,0.03883580807829917,9
Sampling policy,low,fixed,5.9000000000000075,-0.07870908829950053,0.04996055066519294,9
Sampling policy,high,bout_phase,0.0,0.20620751098011428,0.11645885640060245,9
Sampling policy,high,bout_phase,1.0,0.12781293409071193,0.07985580034855298,9
Sampling policy,high,bout_phase,2.0,0.0403353842367055,0.06199184722381415,9
Sampling policy,high,bout_phase,3.0,0.012618502235243998,0.06277115395561,9
Sampling policy,high,bout_phase,4.0,0.013939744482053238,0.06008278803108676,9
Sampling policy,high,bout_phase,5.0,-0.0013696783779938051,0.04470744610061541,9
Sampling policy,high,bout_phase,6.0,-0.00362215373338594,0.05311925060703221,9
Sampling policy,high,bout_phase,7.0,-0.009309189557837182,0.04200876704692927,9
Sampling policy,high,bout_phase,8.0,-0.0318662649300904,0.05388671476316232,9
Sampling policy,high,bout_phase,9.0,-0.024721846517795566,0.0439752550764285,9
Sampling policy,high,bout_phase,10.0,-0.034738124353516336,0.031823408542775634,9
Sampling policy,high,bout_phase,11.0,-0.01422157481848809,0.026332609956966558,9
Sampling policy,high,bout_phase,12.0,0.004053793386274814,0.031020862703443095,9
Sampling policy,high,bout_phase,13.0,-0.029161935077078552,0.031280008086798684,9
Sampling policy,high,bout_phase,14.0,0.004883943534251425,0.02312467720122771,9
Sampling policy,high,bout_phase,15.0,0.019203878011589445,0.028436290425751104,9
Sampling policy,high,bout_phase,16.0,0.03168464353154348,0.017942558591908537,9
Sampling policy,high,bout_phase,17.0,0.013931479686166778,0.02788018073658459,9
Sampling policy,high,bout_phase,18.0,0.016189127632253414,0.03344644323851831,9
Sampling policy,high,bout_phase,19.0,0.013366398893032998,0.02842155491309419,9
Sampling policy,high,bout_phase,20.0,-0.014047416922699334,0.030292828968703566,9
Sampling policy,high,bout_phase,21.0,-0.030648599905071523,0.028834183057829945,9
Sampling policy,high,bout_phase,22.0,-0.017699901695105495,0.021540214862043827,9
Sampling policy,high,bout_phase,23.0,-0.05861164928119665,0.021845803914803813,9
Sampling policy,high,bout_phase,24.0,-0.010823635331677168,0.02918095289501664,9
Sampling policy,high,bout_phase,25.0,-0.04960371901647051,0.03663959980610563,9
Sampling policy,high,bout_phase,26.0,-0.02064583358663004,0.0425413174924883,9
Sampling policy,high,bout_phase,27.0,-0.003017997949379944,0.04113655162463391,9
Sampling policy,high,bout_phase,28.0,-0.05661876760405119,0.03368562674932619,9
Sampling policy,high,bout_phase,29.0,-0.12382329267019469,0.03477254114434209,9
Sampling policy,high,bout_phase,30.0,-0.1163742051270661,0.028732194865986493,9
Sampling policy,high,bout_phase,31.0,-0.09377541940137775,0.0245139713421501,9
Sampling policy,high,bout_phase,32.0,-0.08437178865322892,0.03689144992733313,9
Sampling policy,high,bout_phase,33.0,-0.04243316177154547,0.039006673703930794,9
Sampling policy,high,bout_phase,34.0,-0.08079308031036243,0.0452273407505654,9
Sampling policy,high,bout_phase,35.0,-0.1270001650866784,0.042439870657644756,9
Sampling policy,high,bout_phase,36.0,-0.10276845039325375,0.034914044194531625,9
Sampling policy,high,bout_phase,37.0,-0.07794477889661328,0.0392673395134011,9
Sampling policy,high,bout_phase,38.0,-0.07491924800608894,0.05003695928941132,9
Sampling policy,high,bout_phase,39.0,-0.11175870159207738,0.04209327953019278,9
Sampling policy,high,bout_phase,40.0,-0.08837238288293,0.05024435269265066,9
Sampling policy,high,bout_phase,41.0,-0.0819404508247325,0.04252744320383404,9
Sampling policy,high,bout_phase,42.0,-0.09656446534096992,0.03859866641108429,9
Sampling policy,high,bout_phase,43.0,-0.1574462900749456,0.05223392747452978,9
Sampling policy,high,bout_phase,44.0,-0.11714300336626565,0.04570532985554384,9
Sampling policy,high,bout_phase,45.0,-0.11727635531472513,0.038961690634216666,9
Sampling policy,high,bout_phase,46.0,-0.11044777210258533,0.030449607255427735,9
Sampling policy,high,bout_phase,47.0,-0.1276073689135505,0.027081435290634507,9
Sampling policy,high,bout_phase,48.0,-0.09302470447074299,0.0306287758928034,9
Sampling policy,high,bout_phase,49.0,-0.10683654542347007,0.04163640758619196,9
Sampling policy,high,bout_phase,50.0,-0.10971640643608331,0.03246327363866972,9
Sampling policy,high,bout_phase,51.0,-0.09844452748662552,0.04510924463546739,9
Sampling policy,high,bout_phase,52.0,-0.12858528177323034,0.03735786048718585,9
Sampling policy,high,bout_phase,53.0,-0.09147887431600571,0.036008422252881034,9
Sampling policy,high,bout_phase,54.0,-0.09345371783424002,0.036340685106444864,9
Sampling policy,high,bout_phase,55.0,-0.08023144797885695,0.03819629306926793,9
Sampling policy,high,bout_phase,56.0,-0.11723633126188905,0.039088403921174644,9
Sampling policy,high,bout_phase,57.0,-0.08864461876272371,0.039186937454685274,9
Sampling policy,high,bout_phase,58.0,-0.0945022227510393,0.03557873679855184,9
Sampling policy,high,bout_phase,59.0,-0.08883378669322203,0.02431908376653484,9
Sampling policy,high,bout_phase,60.0,-0.09005535020613081,0.026568559448624452,9
Sampling policy,high,bout_phase,61.0,-0.1111955371803907,0.033268209852220114,9
Sampling policy,high,bout_phase,62.0,-0.0962552385069204,0.04185752508044188,9
Sampling policy,high,bout_phase,63.0,-0.09441168508250602,0.037571241309591746,9
Sampling policy,high,bout_phase,64.0,-0.08631877525145727,0.0345922014802727,9
Sampling policy,high,bout_phase,65.0,-0.09647671515102606,0.04622210953036287,9
Sampling policy,high,bout_phase,66.0,-0.08610694113924351,0.03565867531187524,9
Sampling policy,high,bout_phase,67.0,-0.11525138334133096,0.055416604463516345,9
Sampling policy,high,bout_phase,68.0,-0.089064541732381,0.05256235157727391,9
Sampling policy,high,bout_phase,69.0,-0.12112338271352134,0.051403451488290515,9
Sampling policy,high,bout_phase,70.0,-0.12118155885465463,0.04298119428975916,9
Sampling policy,high,bout_phase,71.0,-0.10420498625782254,0.058111516762446476,9
Sampling policy,high,bout_phase,72.0,-0.11014964964478599,0.04231938376297689,9
Sampling policy,high,bout_phase,73.0,-0.07670124496310171,0.04451082045205368,9
Sampling policy,high,bout_phase,74.0,-0.06979581045353916,0.056658400888628675,9
Sampling policy,high,bout_phase,75.0,-0.08620119093880446,0.05128526686883495,9
Sampling policy,high,bout_phase,76.0,-0.07916490239293321,0.056385364481419696,9
Sampling policy,high,bout_phase,77.0,-0.08187231976128592,0.03374505402459404,9
Sampling policy,high,bout_phase,78.0,-0.06357007899516512,0.03963988253379389,9
Sampling policy,high,bout_phase,79.0,-0.054908116424363405,0.04096338020339368,9
Sampling policy,high,bout_phase,80.0,-0.08214006441936311,0.04531767042517031,9
Sampling policy,high,bout_phase,81.0,-0.06622907892002099,0.05190345284889844,9
Sampling policy,high,bout_phase,82.0,-0.030341042641146558,0.05069143842115558,9
Sampling policy,high,bout_phase,83.0,-0.08076362618526448,0.05335857296066004,9
Sampling policy,high,bout_phase,84.0,-0.08505504577898632,0.038080195824101014,9
Sampling policy,high,bout_phase,85.0,-0.06297324876918495,0.04647962252258883,9
Sampling policy,high,bout_phase,86.0,-0.05648827158249893,0.0428480644800119,9
Sampling policy,high,bout_phase,87.0,-0.04315462832335494,0.04381391779805682,9
Sampling policy,high,bout_phase,88.0,-0.02908325001594977,0.052038605829753316,9
Sampling policy,high,bout_phase,89.0,-0.03306333911793517,0.03915286609654004,9
Sampling policy,high,bout_phase,90.0,0.00409368955535321,0.0669414651040237,9
Sampling policy,high,bout_phase,91.0,0.04736417642320608,0.0673947299940018,9
Sampling policy,high,bout_phase,92.0,0.0217134957365385,0.09198153341643132,9
Sampling policy,high,bout_phase,93.0,0.08191762604959517,0.09038293717411748,9
Sampling policy,high,bout_phase,94.0,0.13154236167470038,0.0800013194433765,9
Sampling policy,high,bout_phase,95.0,0.14300429284011448,0.10028175474585345,9
Sampling policy,high,bout_phase,96.0,0.19931104067630206,0.08906957423298432,9
Sampling policy,high,bout_phase,97.0,0.2687446169661203,0.09444283318862613,9
Sampling policy,high,bout_phase,98.0,0.3128155320890353,0.13450081080486567,9
Sampling policy,high,bout_phase,99.0,0.34819290424765964,0.15234012686609408,9
Sampling policy,high,bout_phase,100.0,0.3762939948080125,0.16837990594046034,9
Sampling policy,low,bout_phase,0.0,0.24178727374943407,0.08767451734978694,9
Sampling policy,low,bout_phase,1.0,0.15680455260973714,0.047537126764364425,9
Sampling policy,low,bout_phase,2.0,0.051637543583586604,0.04393332815923139,9
Sampling policy,low,bout_phase,3.0,0.020268340581725466,0.03621642058764924,9
Sampling policy,low,bout_phase,4.0,-0.030140216473210562,0.032137493775928,9
Sampling policy,low,bout_phase,5.0,-0.024777259019237607,0.03470453047125243,9
Sampling policy,low,bout_phase,6.0,-0.03792275110274073,0.04128660683549674,9
Sampling policy,low,bout_phase,7.0,-0.02583873589136682,0.0433794783075269,9
Sampling policy,low,bout_phase,8.0,-0.006627012073295895,0.04320702130793639,9
Sampling policy,low,bout_phase,9.0,0.0012920736018503366,0.046722302330520826,9
Sampling policy,low,bout_phase,10.0,-0.02682154497969233,0.04542560213678914,9
Sampling policy,low,bout_phase,11.0,-0.026411261626207574,0.035949114186992925,9
Sampling policy,low,bout_phase,12.0,0.0013726578402664268,0.04624092249901735,9
Sampling policy,low,bout_phase,13.0,-0.016076662686645468,0.03705142815319532,9
Sampling policy,low,bout_phase,14.0,-0.018078713275496025,0.04634268213765393,9
Sampling policy,low,bout_phase,15.0,-0.05941343167104921,0.04244482444985237,9
Sampling policy,low,bout_phase,16.0,-0.07257251046139965,0.04278724580889758,9
Sampling policy,low,bout_phase,17.0,-0.058503640845893407,0.03369114457364899,9
Sampling policy,low,bout_phase,18.0,-0.0227046460979739,0.03217355541795134,9
Sampling policy,low,bout_phase,19.0,-0.03366389389619138,0.03768557375906675,9
Sampling policy,low,bout_phase,20.0,-0.030020101643604975,0.029721464215421656,9
Sampling policy,low,bout_phase,21.0,-0.025679554439605647,0.024212749699902697,9
Sampling policy,low,bout_phase,22.0,-0.031022950349298004,0.03132780987238137,9
Sampling policy,low,bout_phase,23.0,-0.04195960127551242,0.026572347735654447,9
Sampling policy,low,bout_phase,24.0,-0.0569769336232593,0.025362934603764473,9
Sampling policy,low,bout_phase,25.0,-0.03912036692785817,0.03227342479126873,9
Sampling policy,low,bout_phase,26.0,-0.09685261061328726,0.03263410893720974,9
Sampling policy,low,bout_phase,27.0,-0.0723595615464015,0.026120317887954065,9
Sampling policy,low,bout_phase,28.0,-0.011735586527670436,0.03330004589554717,9
Sampling policy,low,bout_phase,29.0,-0.015777810035639297,0.04332530181604218,9
Sampling policy,low,bout_phase,30.0,-0.020468004724583908,0.027957313841513412,9
Sampling policy,low,bout_phase,31.0,-0.017408583637772503,0.02674774276741776,9
Sampling policy,low,bout_phase,32.0,-0.03316755493992063,0.025252629487937325,9
Sampling policy,low,bout_phase,33.0,-0.048588221552650794,0.03193612710183912,9
Sampling policy,low,bout_phase,34.0,-0.057074798445777106,0.033639616173012234,9
Sampling policy,low,bout_phase,35.0,-0.08478878963053268,0.02362400316992844,9
Sampling policy,low,bout_phase,36.0,-0.05966437001027342,0.033079036065796624,9
Sampling policy,low,bout_phase,37.0,-0.04950062896317417,0.03204994619797163,9
Sampling policy,low,bout_phase,38.0,-0.032959286631103014,0.03564727919970579,9
Sampling policy,low,bout_phase,39.0,-0.04086436336780266,0.04628474159022269,9
Sampling policy,low,bout_phase,40.0,-0.059447970710073066,0.04174423657815232,9
Sampling policy,low,bout_phase,41.0,-0.06290562556882555,0.033029348432973164,9
Sampling policy,low,bout_phase,42.0,-0.04447999106267789,0.02548758095013807,9
Sampling policy,low,bout_phase,43.0,-0.08422687487412822,0.02934439176089652,9
Sampling policy,low,bout_phase,44.0,-0.10780909947729213,0.03201740216892154,9
Sampling policy,low,bout_phase,45.0,-0.10038123808495364,0.0309306603676264,9
Sampling policy,low,bout_phase,46.0,-0.0778494444920992,0.022127357142427532,9
Sampling policy,low,bout_phase,47.0,-0.1020549594357522,0.03169030634085153,9
Sampling policy,low,bout_phase,48.0,-0.0642012032905091,0.035936706912185874,9
Sampling policy,low,bout_phase,49.0,-0.044310650866216356,0.05045476438714214,9
Sampling policy,low,bout_phase,50.0,-0.035164485494014464,0.04243610672928377,9
Sampling policy,low,bout_phase,51.0,-0.0563351663919497,0.02825515582422904,9
Sampling policy,low,bout_phase,52.0,-0.0738659543036445,0.03295672964325847,9
Sampling policy,low,bout_phase,53.0,-0.09141575161527701,0.03691182944645851,9
Sampling policy,low,bout_phase,54.0,-0.05459794308444656,0.04676965130601383,9
Sampling policy,low,bout_phase,55.0,-0.03227182443280388,0.03847764432707508,9
Sampling policy,low,bout_phase,56.0,-0.05681475842362903,0.04923612987819504,9
Sampling policy,low,bout_phase,57.0,-0.08825400930890302,0.037585917329962866,9
Sampling policy,low,bout_phase,58.0,-0.0773754459631919,0.034441984869951335,9
Sampling policy,low,bout_phase,59.0,-0.08687789141189374,0.0396614688842769,9
Sampling policy,low,bout_phase,60.0,-0.0877459363575868,0.0330534302502972,9
Sampling policy,low,bout_phase,61.0,-0.15383390273544298,0.044852447359514803,9
Sampling policy,low,bout_phase,62.0,-0.13324055627188924,0.04001365599487634,9
Sampling policy,low,bout_phase,63.0,-0.11879791522456633,0.029645321047024147,9
Sampling policy,low,bout_phase,64.0,-0.12840483125234736,0.03755259521101232,9
Sampling policy,low,bout_phase,65.0,-0.12247501637552571,0.03951928149655069,9
Sampling policy,low,bout_phase,66.0,-0.12477255464028304,0.03341696150347686,9
Sampling policy,low,bout_phase,67.0,-0.14000799739627123,0.03971270068959353,9
Sampling policy,low,bout_phase,68.0,-0.10693780165581801,0.04092452431748868,9
Sampling policy,low,bout_phase,69.0,-0.13731091441755394,0.03348462486501016,9
Sampling policy,low,bout_phase,70.0,-0.14493482930648796,0.032909272751947605,9
Sampling policy,low,bout_phase,71.0,-0.1566860618013672,0.03401845577497791,9
Sampling policy,low,bout_phase,72.0,-0.15569936805225748,0.036917899563392594,9
Sampling policy,low,bout_phase,73.0,-0.14648170444901187,0.03769026401078062,9
Sampling policy,low,bout_phase,74.0,-0.1453342207441746,0.04766967698249924,9
Sampling policy,low,bout_phase,75.0,-0.13770719537831175,0.034284199619604265,9
Sampling policy,low,bout_phase,76.0,-0.1900397520727392,0.03112866409393454,9
Sampling policy,low,bout_phase,77.0,-0.1369202444857257,0.03579534803073313,9
Sampling policy,low,bout_phase,78.0,-0.15662106261337247,0.02399453440418622,9
Sampling policy,low,bout_phase,79.0,-0.146634993019615,0.04141940633516419,9
Sampling policy,low,bout_phase,80.0,-0.15760661178681376,0.033869338405604285,9
Sampling policy,low,bout_phase,81.0,-0.15054040755936474,0.039928551778020516,9
Sampling policy,low,bout_phase,82.0,-0.1557740908955413,0.05008009996177298,9
Sampling policy,low,bout_phase,83.0,-0.14789922820506912,0.044772076688244046,9
Sampling policy,low,bout_phase,84.0,-0.14082836431508267,0.043718456830785964,9
Sampling policy,low,bout_phase,85.0,-0.14979899724896156,0.049093652024342814,9
Sampling policy,low,bout_phase,86.0,-0.10984892536324471,0.051257986599228554,9
Sampling policy,low,bout_phase,87.0,-0.07483318253286916,0.04811981605570508,9
Sampling policy,low,bout_phase,88.0,-0.07899322261672483,0.05878745993557238,9
Sampling policy,low,bout_phase,89.0,-0.05061324528717789,0.07003320582631066,9
Sampling policy,low,bout_phase,90.0,-0.03942499517103031,0.07743295348749493,9
Sampling policy,low,bout_phase,91.0,-0.03273628387687023,0.09078415526936134,9
Sampling policy,low,bout_phase,92.0,-0.015816966639288405,0.08082021268535773,9
Sampling policy,low,bout_phase,93.0,0.0026544866392017915,0.07589331500908703,9
Sampling policy,low,bout_phase,94.0,0.0917575331671771,0.08583572092364682,9
Sampling policy,low,bout_phase,95.0,0.1177026121336852,0.09103331142293308,9
Sampling policy,low,bout_phase,96.0,0.14931672369396082,0.11515158786025419,9
Sampling policy,low,bout_phase,97.0,0.20310145928721257,0.12519138949078587,9
Sampling policy,low,bout_phase,98.0,0.19733578545201277,0.13138192508272226,9
Sampling policy,low,bout_phase,99.0,0.29497667823987384,0.1674759781561785,9
Sampling policy,low,bout_phase,100.0,0.33761906163696764,0.19571502845961394,9
Actor |RPE|,high,fixed,-3.0,-0.09678716294722041,0.0298012453698468,9
Actor |RPE|,high,fixed,-2.9,-0.08903363582631171,0.030675113515369928,9
Actor |RPE|,high,fixed,-2.8,-0.05835266094977573,0.04576227926048288,9
Actor |RPE|,high,fixed,-2.6999999999999997,-0.06420942714501965,0.05023175012543505,9
Actor |RPE|,high,fixed,-2.5999999999999996,-0.05106303261720139,0.061310091006166974,9
Actor |RPE|,high,fixed,-2.4999999999999996,-0.08300053642903975,0.06505843272950967,9
Actor |RPE|,high,fixed,-2.3999999999999995,-0.048409197206517166,0.06422638332447567,9
Actor |RPE|,high,fixed,-2.2999999999999994,-0.054315103830057034,0.07009386761084486,9
Actor |RPE|,high,fixed,-2.1999999999999993,-0.025717592861492878,0.07452350281679156,9
Actor |RPE|,high,fixed,-2.099999999999999,-0.002126318052256008,0.07705990526332922,9
Actor |RPE|,high,fixed,-1.9999999999999991,0.022857498034454977,0.07312881335340025,9
Actor |RPE|,high,fixed,-1.899999999999999,0.017499560572760954,0.07412795823510103,9
Actor |RPE|,high,fixed,-1.799999999999999,0.02928228797614546,0.06935522346762471,9
Actor |RPE|,high,fixed,-1.6999999999999988,0.05999792838858173,0.07606589390363312,9
Actor |RPE|,high,fixed,-1.5999999999999988,0.06298884466815852,0.08130933172956985,9
Actor |RPE|,high,fixed,-1.4999999999999987,0.1029508954898135,0.08674031748608542,9
Actor |RPE|,high,fixed,-1.3999999999999986,0.1336710020533901,0.09159121335102471,9
Actor |RPE|,high,fixed,-1.2999999999999985,0.1642073696033968,0.0964739079429412,9
Actor |RPE|,high,fixed,-1.1999999999999984,0.22349573956013932,0.10530870138387838,9
Actor |RPE|,high,fixed,-1.0999999999999983,0.24637726622804854,0.11027331201232475,9
Actor |RPE|,high,fixed,-0.9999999999999982,0.2703095617900021,0.11062789133828715,9
Actor |RPE|,high,fixed,-0.8999999999999981,0.29001974649649437,0.11974755072894198,9
Actor |RPE|,high,fixed,-0.799999999999998,0.3209274294431716,0.11972402174618864,9
Actor |RPE|,high,fixed,-0.699999999999998,0.409269806231337,0.13492847968729973,9
Actor |RPE|,high,fixed,-0.5999999999999979,0.4305422998391885,0.1319796856745215,9
Actor |RPE|,high,fixed,-0.4999999999999978,0.43593720577405376,0.13530168056947514,9
Actor |RPE|,high,fixed,-0.3999999999999977,0.4092949975208729,0.14498845856319548,9
Actor |RPE|,high,fixed,-0.2999999999999976,0.41517313676433104,0.15681677192746016,9
Actor |RPE|,high,fixed,-0.1999999999999975,0.3708500531492511,0.14855472944603743,9
Actor |RPE|,high,fixed,-0.09999999999999742,0.3999144159121115,0.142791372053167,9
Actor |RPE|,high,fixed,2.6645352591003757e-15,0.446641445291504,0.1349065198651323,9
Actor |RPE|,high,fixed,0.10000000000000275,0.5308087314972424,0.11920382211774128,9
Actor |RPE|,high,fixed,0.20000000000000284,0.5117985935054282,0.10437495268883996,9
Actor |RPE|,high,fixed,0.30000000000000293,0.43685199028277616,0.0922877239053584,9
Actor |RPE|,high,fixed,0.400000000000003,0.37673753865715465,0.0864930890686278,9
Actor |RPE|,high,fixed,0.5000000000000031,0.3278747007375945,0.0755861678143709,9
Actor |RPE|,high,fixed,0.6000000000000032,0.2693974730800333,0.07660291781207547,9
Actor |RPE|,high,fixed,0.7000000000000033,0.24619179551963452,0.06399453585953822,9
Actor |RPE|,high,fixed,0.8000000000000034,0.24181931784218488,0.0671843418040411,9
Actor |RPE|,high,fixed,0.9000000000000035,0.3290821340978979,0.08063071564286196,9
Actor |RPE|,high,fixed,1.0000000000000036,0.3695563296368334,0.08720802028676754,9
Actor |RPE|,high,fixed,1.1000000000000032,0.40329451968048996,0.08631673199304098,9
Actor |RPE|,high,fixed,1.2000000000000037,0.3476133086144265,0.0911289060780478,9
Actor |RPE|,high,fixed,1.3000000000000043,0.30300162172439354,0.08636053615282659,9
Actor |RPE|,high,fixed,1.400000000000004,0.27291809045971405,0.09635688505039482,9
Actor |RPE|,high,fixed,1.5000000000000036,0.2630652331105787,0.10378707284582432,9
Actor |RPE|,high,fixed,1.600000000000004,0.24386025037606107,0.094102871498755,9
Actor |RPE|,high,fixed,1.7000000000000046,0.21629230550072004,0.10044140758136376,9
Actor |RPE|,high,fixed,1.8000000000000043,0.185987824395759,0.09199230074040383,9
Actor |RPE|,high,fixed,1.900000000000004,0.16574974814561913,0.08126627129505608,9
Actor |RPE|,high,fixed,2.0000000000000044,0.1656990081972641,0.07893395612722245,9
Actor |RPE|,high,fixed,2.100000000000005,0.1622884572707678,0.07562325629011714,9
Actor |RPE|,high,fixed,2.2000000000000046,0.15546133373301343,0.06457479402300441,9
Actor |RPE|,high,fixed,2.3000000000000043,0.13592776572639007,0.06898192569614774,9
Actor |RPE|,high,fixed,2.400000000000005,0.14093631585022784,0.06936394194303919,9
Actor |RPE|,high,fixed,2.5000000000000053,0.11974372770506286,0.07273598020806331,9
Actor |RPE|,high,fixed,2.600000000000005,0.13775229023123026,0.07659764417584487,9
Actor |RPE|,high,fixed,2.7000000000000046,0.11082287214379126,0.07680622742477668,9
Actor |RPE|,high,fixed,2.800000000000005,0.09065875880079788,0.07600300754259603,9
Actor |RPE|,high,fixed,2.9000000000000057,0.11255396163105151,0.0828431348710701,9
Actor |RPE|,high,fixed,3.0000000000000053,0.07524419686010278,0.0817523294616795,9
Actor |RPE|,high,fixed,3.100000000000005,0.08729809475347523,0.09381711985146425,9
Actor |RPE|,high,fixed,3.2000000000000055,0.09361408674560096,0.08489438356884288,9
Actor |RPE|,high,fixed,3.300000000000006,0.0856990361787356,0.08812354853484373,9
Actor |RPE|,high,fixed,3.4000000000000057,0.08758849637147671,0.08391237236263771,9
Actor |RPE|,high,fixed,3.5000000000000053,0.08707002292862714,0.07815989522538631,9
Actor |RPE|,high,fixed,3.600000000000006,0.08592625215776735,0.06838048139842198,9
Actor |RPE|,high,fixed,3.7000000000000064,0.0444728365145241,0.05706838107158021,9
Actor |RPE|,high,fixed,3.800000000000006,0.07146181037207763,0.053821015198955054,9
Actor |RPE|,high,fixed,3.9000000000000057,0.06903072285520002,0.05384189148469611,9
Actor |RPE|,high,fixed,4.000000000000006,0.04838653241466218,0.05199843522560945,9
Actor |RPE|,high,fixed,4.100000000000007,0.0669272309083675,0.0561057121045439,9
Actor |RPE|,high,fixed,4.200000000000006,0.048522576286461824,0.0469252979360272,9
Actor |RPE|,high,fixed,4.300000000000006,0.05500106404261364,0.049513915354610465,9
Actor |RPE|,high,fixed,4.400000000000007,0.04644191346301328,0.047867066687653455,9
Actor |RPE|,high,fixed,4.500000000000007,0.04846181971234176,0.04972977276777463,9
Actor |RPE|,high,fixed,4.600000000000007,0.04699555765816529,0.04616328595210891,9
Actor |RPE|,high,fixed,4.700000000000006,0.06720133492030554,0.03964839998111492,9
Actor |RPE|,high,fixed,4.800000000000007,0.06664829017697155,0.04061400618083901,9
Actor |RPE|,high,fixed,4.9000000000000075,0.07081651869957789,0.04619307499887359,9
Actor |RPE|,high,fixed,5.000000000000007,0.08759150780269667,0.04285123659004686,9
Actor |RPE|,high,fixed,5.100000000000007,0.0913201643837771,0.04294253288031904,9
Actor |RPE|,high,fixed,5.200000000000006,0.09041284191265503,0.0368285975735397,9
Actor |RPE|,high,fixed,5.300000000000008,0.0867960053252603,0.038787224145208715,9
Actor |RPE|,high,fixed,5.4000000000000075,0.09666646860797301,0.04270177192861995,9
Actor |RPE|,high,fixed,5.500000000000007,0.08949196803064699,0.03998783483406488,9
Actor |RPE|,high,fixed,5.6000000000000085,0.08128097671459512,0.039612841042703795,9
Actor |RPE|,high,fixed,5.700000000000008,0.059378680151685126,0.04110774767723776,9
Actor |RPE|,high,fixed,5.800000000000008,0.07282010479117712,0.03788702054674563,9
Actor |RPE|,high,fixed,5.9000000000000075,0.06478639655579577,0.04048384031159647,9
Actor |RPE|,low,fixed,-3.0,-0.17883834767909576,0.042296197953992865,9
Actor |RPE|,low,fixed,-2.9,-0.14123285357994134,0.044603262829879635,9
Actor |RPE|,low,fixed,-2.8,-0.11431260078511422,0.05068554639632895,9
Actor |RPE|,low,fixed,-2.6999999999999997,-0.09968799744843254,0.05539510208700795,9
Actor |RPE|,low,fixed,-2.5999999999999996,-0.10620571905575911,0.05575000078537313,9
Actor |RPE|,low,fixed,-2.4999999999999996,-0.10336614900968323,0.05969228511842478,9
Actor |RPE|,low,fixed,-2.3999999999999995,-0.10071247748683916,0.05724715870353026,9
Actor |RPE|,low,fixed,-2.2999999999999994,-0.10321741084417736,0.06303433971301685,9
Actor |RPE|,low,fixed,-2.1999999999999993,-0.09801443883509209,0.05671375996326541,9
Actor |RPE|,low,fixed,-2.099999999999999,-0.09028421897556677,0.05768663274558511,9
Actor |RPE|,low,fixed,-1.9999999999999991,-0.06075458620602747,0.05605758106094441,9
Actor |RPE|,low,fixed,-1.899999999999999,-0.04661469265338974,0.05437175686575135,9
Actor |RPE|,low,fixed,-1.799999999999999,-0.022059011583075824,0.05512293784850388,9
Actor |RPE|,low,fixed,-1.6999999999999988,-0.01784537107596588,0.04608664097550568,9
Actor |RPE|,low,fixed,-1.5999999999999988,0.004524958262434181,0.0509756498031122,9
Actor |RPE|,low,fixed,-1.4999999999999987,0.02433002688760241,0.04156969175435704,9
Actor |RPE|,low,fixed,-1.3999999999999986,0.007938846581628614,0.04304715972268853,9
Actor |RPE|,low,fixed,-1.2999999999999985,0.04536355235059757,0.04109449854378406,9
Actor |RPE|,low,fixed,-1.1999999999999984,0.05821603617812121,0.04362156247596663,9
Actor |RPE|,low,fixed,-1.0999999999999983,0.08587461115610145,0.0641235898074398,9
Actor |RPE|,low,fixed,-0.9999999999999982,0.08233892570015507,0.08122038800305524,9
Actor |RPE|,low,fixed,-0.8999999999999981,0.07283195054600006,0.0749282422640419,9
Actor |RPE|,low,fixed,-0.799999999999998,0.07520447235038784,0.07932463340703273,9
Actor |RPE|,low,fixed,-0.699999999999998,0.06513760182274736,0.07905731423613967,9
Actor |RPE|,low,fixed,-0.5999999999999979,0.09614526905240167,0.09334262718814516,9
Actor |RPE|,low,fixed,-0.4999999999999978,0.07693331475433073,0.10309763835292879,9
Actor |RPE|,low,fixed,-0.3999999999999977,0.04902892817028558,0.12041488526228204,9
Actor |RPE|,low,fixed,-0.2999999999999976,-0.017921900378859705,0.12920268727501036,9
Actor |RPE|,low,fixed,-0.1999999999999975,-0.04634372439388455,0.10932272784657103,9
Actor |RPE|,low,fixed,-0.09999999999999742,-0.04205612932872389,0.09484807023604465,9
Actor |RPE|,low,fixed,2.6645352591003757e-15,-0.0005422210658693841,0.07912415879253747,9
Actor |RPE|,low,fixed,0.10000000000000275,0.05483922267470763,0.060918598094681566,9
Actor |RPE|,low,fixed,0.20000000000000284,0.038720585851590786,0.05292737136507628,9
Actor |RPE|,low,fixed,0.30000000000000293,0.004064892111018772,0.04297706160590722,9
Actor |RPE|,low,fixed,0.400000000000003,-0.030446720801944153,0.046388652287584535,9
Actor |RPE|,low,fixed,0.5000000000000031,-0.04618843115474687,0.05234440430108835,9
Actor |RPE|,low,fixed,0.6000000000000032,-0.09048866453386233,0.059544992373679946,9
Actor |RPE|,low,fixed,0.7000000000000033,-0.15871641494001962,0.05801318866186347,9
Actor |RPE|,low,fixed,0.8000000000000034,-0.20016252422982553,0.06333910133369407,9
Actor |RPE|,low,fixed,0.9000000000000035,-0.23969948182902406,0.06725348122782421,9
Actor |RPE|,low,fixed,1.0000000000000036,-0.24494760853550648,0.0741850358950218,9
Actor |RPE|,low,fixed,1.1000000000000032,-0.2651444812676384,0.07621461824540023,9
Actor |RPE|,low,fixed,1.2000000000000037,-0.26649876609837897,0.08336779091844608,9
Actor |RPE|,low,fixed,1.3000000000000043,-0.2952991557727509,0.08420932131032277,9
Actor |RPE|,low,fixed,1.400000000000004,-0.30947717135464425,0.07970639230380817,9
Actor |RPE|,low,fixed,1.5000000000000036,-0.29094854291511774,0.07944668094092892,9
Actor |RPE|,low,fixed,1.600000000000004,-0.29243612022222476,0.07404865547939007,9
Actor |RPE|,low,fixed,1.7000000000000046,-0.2876837056198411,0.07046560243984963,9
Actor |RPE|,low,fixed,1.8000000000000043,-0.289406484882137,0.06844853794732171,9
Actor |RPE|,low,fixed,1.900000000000004,-0.28828789166549146,0.06942588844566241,9
Actor |RPE|,low,fixed,2.0000000000000044,-0.28519239389954204,0.0646150367281492,9
Actor |RPE|,low,fixed,2.100000000000005,-0.27750375581074405,0.05636717338175556,9
Actor |RPE|,low,fixed,2.2000000000000046,-0.2638127159372266,0.05241336844447151,9
Actor |RPE|,low,fixed,2.3000000000000043,-0.27914009990892774,0.042206845280239845,9
Actor |RPE|,low,fixed,2.400000000000005,-0.2879576829716198,0.04454124686528894,9
Actor |RPE|,low,fixed,2.5000000000000053,-0.2667029329850024,0.04757247036608173,9
Actor |RPE|,low,fixed,2.600000000000005,-0.2903939000964902,0.04273904990468295,9
Actor |RPE|,low,fixed,2.7000000000000046,-0.2952156495691401,0.03867927498335954,9
Actor |RPE|,low,fixed,2.800000000000005,-0.26953447672642716,0.03812047637674589,9
Actor |RPE|,low,fixed,2.9000000000000057,-0.28785943688818083,0.036192850490968397,9
Actor |RPE|,low,fixed,3.0000000000000053,-0.2823341949054548,0.04780533213976493,9
Actor |RPE|,low,fixed,3.100000000000005,-0.24712366038911743,0.041375059266834255,9
Actor |RPE|,low,fixed,3.2000000000000055,-0.25093283711839603,0.04469302215470831,9
Actor |RPE|,low,fixed,3.300000000000006,-0.24254540587381712,0.041050976793353317,9
Actor |RPE|,low,fixed,3.4000000000000057,-0.23653257454657015,0.034558536749365036,9
Actor |RPE|,low,fixed,3.5000000000000053,-0.2334704156517452,0.038411647304305276,9
Actor |RPE|,low,fixed,3.600000000000006,-0.19594822159832018,0.04178090666341441,9
Actor |RPE|,low,fixed,3.7000000000000064,-0.19055002454613834,0.045430751887310876,9
Actor |RPE|,low,fixed,3.800000000000006,-0.2055441961977289,0.032265299670908944,9
Actor |RPE|,low,fixed,3.9000000000000057,-0.1969051667463906,0.033503407310293734,9
Actor |RPE|,low,fixed,4.000000000000006,-0.2046884044312671,0.025388057032187456,9
Actor |RPE|,low,fixed,4.100000000000007,-0.18945560703652542,0.0224320711853393,9
Actor |RPE|,low,fixed,4.200000000000006,-0.16736222479632415,0.030952341153582797,9
Actor |RPE|,low,fixed,4.300000000000006,-0.15322057427591598,0.043911322699997236,9
Actor |RPE|,low,fixed,4.400000000000007,-0.14102013188827675,0.04144218764085678,9
Actor |RPE|,low,fixed,4.500000000000007,-0.14235546004190786,0.03956677494695402,9
Actor |RPE|,low,fixed,4.600000000000007,-0.11849579860442933,0.039084162384901346,9
Actor |RPE|,low,fixed,4.700000000000006,-0.12993092645837093,0.04510584256164768,9
Actor |RPE|,low,fixed,4.800000000000007,-0.1524706755270566,0.05247862682022198,9
Actor |RPE|,low,fixed,4.9000000000000075,-0.13519549036962542,0.04763887501840584,9
Actor |RPE|,low,fixed,5.000000000000007,-0.1486384091454118,0.052184536613911814,9
Actor |RPE|,low,fixed,5.100000000000007,-0.13259470727014938,0.04662493264998183,9
Actor |RPE|,low,fixed,5.200000000000006,-0.13671675134746514,0.045182365638365335,9
Actor |RPE|,low,fixed,5.300000000000008,-0.14354721278265817,0.04476414425022304,9
Actor |RPE|,low,fixed,5.4000000000000075,-0.13483855558804814,0.03843528351555065,9
Actor |RPE|,low,fixed,5.500000000000007,-0.12331572147554258,0.04595993519907123,9
Actor |RPE|,low,fixed,5.6000000000000085,-0.11414782195435083,0.04933900266389097,9
Actor |RPE|,low,fixed,5.700000000000008,-0.10797582023019064,0.05267942342997384,9
Actor |RPE|,low,fixed,5.800000000000008,-0.12340480430629391,0.04553518954622901,9
Actor |RPE|,low,fixed,5.9000000000000075,-0.14316938526297374,0.04830857767611579,9
Actor |RPE|,high,bout_phase,0.0,0.44862239684184474,0.13340379215608308,9
Actor |RPE|,high,bout_phase,1.0,0.3743445276872365,0.08173189285083178,9
Actor |RPE|,high,bout_phase,2.0,0.26998992467816374,0.06817938753864268,9
Actor |RPE|,high,bout_phase,3.0,0.24076741549765923,0.06802414551897647,9
Actor |RPE|,high,bout_phase,4.0,0.22181815564917465,0.06928247092898095,9
Actor |RPE|,high,bout_phase,5.0,0.18367274033283787,0.05672988967122708,9
Actor |RPE|,high,bout_phase,6.0,0.15778794389553644,0.059411417321712214,9
Actor |RPE|,high,bout_phase,7.0,0.19815519669377035,0.0495034118504678,9
Actor |RPE|,high,bout_phase,8.0,0.1807596589481663,0.0593643773738158,9
Actor |RPE|,high,bout_phase,9.0,0.19821259153242693,0.05850091814736221,9
Actor |RPE|,high,bout_phase,10.0,0.17252590404021825,0.06247677012914803,9
Actor |RPE|,high,bout_phase,11.0,0.14017879122850785,0.05705763433933688,9
Actor |RPE|,high,bout_phase,12.0,0.1595864190528297,0.05278825677496198,9
Actor |RPE|,high,bout_phase,13.0,0.16341265452952697,0.05841414578374149,9
Actor |RPE|,high,bout_phase,14.0,0.16104028956877886,0.050608268964093435,9
Actor |RPE|,high,bout_phase,15.0,0.15768044195490838,0.05060622792386879,9
Actor |RPE|,high,bout_phase,16.0,0.1803562689384809,0.04291314862494647,9
Actor |RPE|,high,bout_phase,17.0,0.15948365943498438,0.048310001841440624,9
Actor |RPE|,high,bout_phase,18.0,0.16032525983697132,0.04696940700970751,9
Actor |RPE|,high,bout_phase,19.0,0.15426558915294242,0.03587663022245,9
Actor |RPE|,high,bout_phase,20.0,0.13094842048318103,0.03776612850506552,9
Actor |RPE|,high,bout_phase,21.0,0.11740801989862347,0.04550065141866649,9
Actor |RPE|,high,bout_phase,22.0,0.08824393245311299,0.03989831596517323,9
Actor |RPE|,high,bout_phase,23.0,0.0510197377480969,0.04185637726425274,9
Actor |RPE|,high,bout_phase,24.0,0.06833637688810511,0.04578342959759951,9
Actor |RPE|,high,bout_phase,25.0,0.08171822842059592,0.05177245273341078,9
Actor |RPE|,high,bout_phase,26.0,0.07159729040018786,0.058694445893617476,9
Actor |RPE|,high,bout_phase,27.0,0.07453537860676226,0.05784177916093559,9
Actor |RPE|,high,bout_phase,28.0,0.05336647775789241,0.058956565221988166,9
Actor |RPE|,high,bout_phase,29.0,0.01549819110723014,0.060036525623789555,9
Actor |RPE|,high,bout_phase,30.0,0.002218117345016931,0.059559355856758395,9
Actor |RPE|,high,bout_phase,31.0,0.0031729373871819838,0.05337693153164005,9
Actor |RPE|,high,bout_phase,32.0,-0.0019349998535981234,0.05249759757334436,9
Actor |RPE|,high,bout_phase,33.0,0.010081804310310713,0.040068954634652196,9
Actor |RPE|,high,bout_phase,34.0,-0.008714821161746137,0.03283570330471951,9
Actor |RPE|,high,bout_phase,35.0,-0.05683893051934874,0.03694089976657657,9
Actor |RPE|,high,bout_phase,36.0,-0.030585269146297625,0.030952597806965798,9
Actor |RPE|,high,bout_phase,37.0,-0.00431263697766945,0.03898111393742701,9
Actor |RPE|,high,bout_phase,38.0,-0.020024741474044778,0.05361290533396671,9
Actor |RPE|,high,bout_phase,39.0,-0.011558878275216199,0.024820990407802838,9
Actor |RPE|,high,bout_phase,40.0,-0.02967668853305736,0.040161545890175294,9
Actor |RPE|,high,bout_phase,41.0,-0.03504122725178247,0.04440747398062517,9
Actor |RPE|,high,bout_phase,42.0,-0.029985747621934424,0.045415493835851084,9
Actor |RPE|,high,bout_phase,43.0,-0.07115769041907466,0.03375867204038088,9
Actor |RPE|,high,bout_phase,44.0,-0.06513489221432993,0.04293275004910548,9
Actor |RPE|,high,bout_phase,45.0,-0.0706606499744963,0.04574324162657329,9
Actor |RPE|,high,bout_phase,46.0,-0.05140379354837589,0.03662849836875816,9
Actor |RPE|,high,bout_phase,47.0,-0.05988467811423288,0.030262634326768095,9
Actor |RPE|,high,bout_phase,48.0,-0.035022711877406236,0.04246683057887343,9
Actor |RPE|,high,bout_phase,49.0,-0.03615856782555331,0.03537079094272344,9
Actor |RPE|,high,bout_phase,50.0,-0.024027124208584088,0.03887361685963584,9
Actor |RPE|,high,bout_phase,51.0,-0.017578243550055047,0.041076830850010806,9
Actor |RPE|,high,bout_phase,52.0,-0.05466508507486711,0.04056844659880584,9
Actor |RPE|,high,bout_phase,53.0,-0.011180023787985216,0.038900358111683145,9
Actor |RPE|,high,bout_phase,54.0,-0.026706173700701774,0.04126433594410365,9
Actor |RPE|,high,bout_phase,55.0,-0.039782781724131716,0.04919204240367212,9
Actor |RPE|,high,bout_phase,56.0,-0.03051414245611254,0.037038161661810086,9
Actor |RPE|,high,bout_phase,57.0,-0.0398928906651915,0.03260334093492479,9
Actor |RPE|,high,bout_phase,58.0,-0.05022168936660782,0.04383900788344172,9
Actor |RPE|,high,bout_phase,59.0,-0.054438416695237794,0.045139122024026784,9
Actor |RPE|,high,bout_phase,60.0,-0.044702521017548624,0.02711809182790387,9
Actor |RPE|,high,bout_phase,61.0,-0.07210735844243452,0.045352212806758795,9
Actor |RPE|,high,bout_phase,62.0,-0.064507747551095,0.04621557634421116,9
Actor |RPE|,high,bout_phase,63.0,-0.06030763441201384,0.04506023422922337,9
Actor |RPE|,high,bout_phase,64.0,-0.043620946999750054,0.04457967493739829,9
Actor |RPE|,high,bout_phase,65.0,-0.06119809519376737,0.04234517395296238,9
Actor |RPE|,high,bout_phase,66.0,-0.04187505858642518,0.04176780050120784,9
Actor |RPE|,high,bout_phase,67.0,-0.06495472114100652,0.0478798513987008,9
Actor |RPE|,high,bout_phase,68.0,-0.04495726273980703,0.03715557840827455,9
Actor |RPE|,high,bout_phase,69.0,-0.09574291164701652,0.0485859461401457,9
Actor |RPE|,high,bout_phase,70.0,-0.09801449646113071,0.04356390399061134,9
Actor |RPE|,high,bout_phase,71.0,-0.09490833666106477,0.04208833119477279,9
Actor |RPE|,high,bout_phase,72.0,-0.1078950248640538,0.03258439797870784,9
Actor |RPE|,high,bout_phase,73.0,-0.08712417397636453,0.04244212108576223,9
Actor |RPE|,high,bout_phase,74.0,-0.09132546045959976,0.046043830855504765,9
Actor |RPE|,high,bout_phase,75.0,-0.06302216966837748,0.04052945405745469,9
Actor |RPE|,high,bout_phase,76.0,-0.1127577899733269,0.03693924872148923,9
Actor |RPE|,high,bout_phase,77.0,-0.07959966469141821,0.03447740756196619,9
Actor |RPE|,high,bout_phase,78.0,-0.05116779186886586,0.03477886147795493,9
Actor |RPE|,high,bout_phase,79.0,-0.05420420001368993,0.03773699299759727,9
Actor |RPE|,high,bout_phase,80.0,-0.07928633215691744,0.036883493468675005,9
Actor |RPE|,high,bout_phase,81.0,-0.04046109927650948,0.0296244800038422,9
Actor |RPE|,high,bout_phase,82.0,-0.03695988308365424,0.02845424871432207,9
Actor |RPE|,high,bout_phase,83.0,-0.06925637397019632,0.03294008825151138,9
Actor |RPE|,high,bout_phase,84.0,-0.05478554058474505,0.021748131831437246,9
Actor |RPE|,high,bout_phase,85.0,-0.04658623419221311,0.042278144285078145,9
Actor |RPE|,high,bout_phase,86.0,-0.02016921978925136,0.053442358034754354,9
Actor |RPE|,high,bout_phase,87.0,-0.01976070541724336,0.044546337196090496,9
Actor |RPE|,high,bout_phase,88.0,0.0012178566808443872,0.04257342105888615,9
Actor |RPE|,high,bout_phase,89.0,-0.0035655809937444297,0.04696602567061004,9
Actor |RPE|,high,bout_phase,90.0,0.003825873087993404,0.052786183940625,9
Actor |RPE|,high,bout_phase,91.0,0.04068206140827828,0.040416069526273544,9
Actor |RPE|,high,bout_phase,92.0,0.03591485150183129,0.05502448190582376,9
Actor |RPE|,high,bout_phase,93.0,0.036101931384769914,0.041372081291695256,9
Actor |RPE|,high,bout_phase,94.0,0.12116635561935757,0.032606820342181125,9
Actor |RPE|,high,bout_phase,95.0,0.15253476802703275,0.05513698965613437,9
Actor |RPE|,high,bout_phase,96.0,0.2045403450197818,0.06543624054953098,9
Actor |RPE|,high,bout_phase,97.0,0.242675825882757,0.07360394894798068,9
Actor |RPE|,high,bout_phase,98.0,0.2821941975049658,0.10058191697313962,9
Actor |RPE|,high,bout_phase,99.0,0.3579603651539846,0.1267351445750826,9
Actor |RPE|,high,bout_phase,100.0,0.40436018326724277,0.16171808244061142,9
Actor |RPE|,low,bout_phase,0.0,-0.002016414079852853,0.0791212207526877,9
Actor |RPE|,low,bout_phase,1.0,-0.09110963243843867,0.04767184210612014,9
Actor |RPE|,low,bout_phase,2.0,-0.1791855699336421,0.05386884854941084,9
Actor |RPE|,low,bout_phase,3.0,-0.20888865663711764,0.05851869609313213,9
Actor |RPE|,low,bout_phase,4.0,-0.23890209106069119,0.05599688233322236,9
Actor |RPE|,low,bout_phase,5.0,-0.21057788119120172,0.04446860655872937,9
Actor |RPE|,low,bout_phase,6.0,-0.20000257841490435,0.0452966960919323,9
Actor |RPE|,low,bout_phase,7.0,-0.23400144064683356,0.04619681599966647,9
Actor |RPE|,low,bout_phase,8.0,-0.22000152042654333,0.044559582377729716,9
Actor |RPE|,low,bout_phase,9.0,-0.22254900248907367,0.04406471817723446,9
Actor |RPE|,low,bout_phase,10.0,-0.23505290584121083,0.049448706363200555,9
Actor |RPE|,low,bout_phase,11.0,-0.1816740890811409,0.0536619567186818,9
Actor |RPE|,low,bout_phase,12.0,-0.15492639143367146,0.06060142613599204,9
Actor |RPE|,low,bout_phase,13.0,-0.20954796847072743,0.04870818017216352,9
Actor |RPE|,low,bout_phase,14.0,-0.17481985103541442,0.04190164689627343,9
Actor |RPE|,low,bout_phase,15.0,-0.19847881539112858,0.04326005677629474,9
Actor |RPE|,low,bout_phase,16.0,-0.22190525588571744,0.04376591260792816,9
Actor |RPE|,low,bout_phase,17.0,-0.20466051876597585,0.038341040307233176,9
Actor |RPE|,low,bout_phase,18.0,-0.16740851210013047,0.04582962704246551,9
Actor |RPE|,low,bout_phase,19.0,-0.17503088573760245,0.04840717203419717,9
Actor |RPE|,low,bout_phase,20.0,-0.1753864994810559,0.04491732749200439,9
Actor |RPE|,low,bout_phase,21.0,-0.17432432623658317,0.03598781098276808,9
Actor |RPE|,low,bout_phase,22.0,-0.13717825678085838,0.05065107245330624,9
Actor |RPE|,low,bout_phase,23.0,-0.15187118010625758,0.0324008986220583,9
Actor |RPE|,low,bout_phase,24.0,-0.13619739419142676,0.035245409364992444,9
Actor |RPE|,low,bout_phase,25.0,-0.1708821048825674,0.03341941808531832,9
Actor |RPE|,low,bout_phase,26.0,-0.1894246636357936,0.028829377471686565,9
Actor |RPE|,low,bout_phase,27.0,-0.1500997130808777,0.025527654901520983,9
Actor |RPE|,low,bout_phase,28.0,-0.12161289370293045,0.03663402285053044,9
Actor |RPE|,low,bout_phase,29.0,-0.15519905082779137,0.047235009067598116,9
Actor |RPE|,low,bout_phase,30.0,-0.13918297428509246,0.03700458356503073,9
Actor |RPE|,low,bout_phase,31.0,-0.11437275300533162,0.035218225062346516,9
Actor |RPE|,low,bout_phase,32.0,-0.11551368199291784,0.033026491107662155,9
Actor |RPE|,low,bout_phase,33.0,-0.10064380813118749,0.042863369892246685,9
Actor |RPE|,low,bout_phase,34.0,-0.12887001676454923,0.038764051570808915,9
Actor |RPE|,low,bout_phase,35.0,-0.15491561097173967,0.0368904450611886,9
Actor |RPE|,low,bout_phase,36.0,-0.13182684772732306,0.04142710966605323,9
Actor |RPE|,low,bout_phase,37.0,-0.12316373953495297,0.03547623435790726,9
Actor |RPE|,low,bout_phase,38.0,-0.08780606107385787,0.03500298329017175,9
Actor |RPE|,low,bout_phase,39.0,-0.14142739393218165,0.04602036553833544,9
Actor |RPE|,low,bout_phase,40.0,-0.11805269124010367,0.04862606967580649,9
Actor |RPE|,low,bout_phase,41.0,-0.10936260606838842,0.04298194409950724,9
Actor |RPE|,low,bout_phase,42.0,-0.11072022626130781,0.045696747841696854,9
Actor |RPE|,low,bout_phase,43.0,-0.17034607856625977,0.04514285125157689,9
Actor |RPE|,low,bout_phase,44.0,-0.15952454984032158,0.05116634797068898,9
Actor |RPE|,low,bout_phase,45.0,-0.146923973316302,0.0470379913429406,9
Actor |RPE|,low,bout_phase,46.0,-0.1368730813831354,0.035321493362140265,9
Actor |RPE|,low,bout_phase,47.0,-0.16990825392637376,0.04067242976538485,9
Actor |RPE|,low,bout_phase,48.0,-0.12234014787595703,0.03085267943568298,9
Actor |RPE|,low,bout_phase,49.0,-0.1149970703678095,0.05746282088591023,9
Actor |RPE|,low,bout_phase,50.0,-0.12119165443003355,0.044027400298427555,9
Actor |RPE|,low,bout_phase,51.0,-0.13716620505192723,0.04674605707366586,9
Actor |RPE|,low,bout_phase,52.0,-0.14765547393163664,0.05245444738604483,9
Actor |RPE|,low,bout_phase,53.0,-0.17146745355086335,0.05176980490894339,9
Actor |RPE|,low,bout_phase,54.0,-0.12123444283757588,0.059548999330813396,9
Actor |RPE|,low,bout_phase,55.0,-0.07229962220779762,0.06681358832538693,9
Actor |RPE|,low,bout_phase,56.0,-0.14334975326298624,0.060819937143344584,9
Actor |RPE|,low,bout_phase,57.0,-0.13664215478527877,0.05861772526291865,9
Actor |RPE|,low,bout_phase,58.0,-0.12131407741137047,0.04912760065077234,9
Actor |RPE|,low,bout_phase,59.0,-0.12092412916649886,0.052925630505823,9
Actor |RPE|,low,bout_phase,60.0,-0.1327780143839873,0.05652366225936589,9
Actor |RPE|,low,bout_phase,61.0,-0.1925187525528525,0.05845093339795523,9
Actor |RPE|,low,bout_phase,62.0,-0.16451171169958634,0.06273891567801335,9
Actor |RPE|,low,bout_phase,63.0,-0.15232302838065193,0.06126386052411286,9
Actor |RPE|,low,bout_phase,64.0,-0.17046511989894922,0.07246899786030152,9
Actor |RPE|,low,bout_phase,65.0,-0.15715369717465932,0.06311760190704187,9
Actor |RPE|,low,bout_phase,66.0,-0.1685008323277473,0.06276824096949181,9
Actor |RPE|,low,bout_phase,67.0,-0.18981726080364447,0.07011932307266919,9
Actor |RPE|,low,bout_phase,68.0,-0.15041403342797163,0.06274775710067747,9
Actor |RPE|,low,bout_phase,69.0,-0.1620517151318858,0.06280828258361473,9
Actor |RPE|,low,bout_phase,70.0,-0.16765221778426168,0.05865937423347509,9
Actor |RPE|,low,bout_phase,71.0,-0.16556110634650506,0.054484118505340316,9
Actor |RPE|,low,bout_phase,72.0,-0.1576657849571828,0.059559617114006154,9
Actor |RPE|,low,bout_phase,73.0,-0.1355448903522596,0.061359358569570754,9
Actor |RPE|,low,bout_phase,74.0,-0.12357275351352663,0.05389647994480575,9
Actor |RPE|,low,bout_phase,75.0,-0.16079770015387457,0.05290435218117703,9
Actor |RPE|,low,bout_phase,76.0,-0.15607111857790038,0.0566583118268403,9
Actor |RPE|,low,bout_phase,77.0,-0.13882447703065534,0.06475551499134141,9
Actor |RPE|,low,bout_phase,78.0,-0.1688615938952151,0.04724155983012204,9
Actor |RPE|,low,bout_phase,79.0,-0.1471408927896095,0.05507858257488304,9
Actor |RPE|,low,bout_phase,80.0,-0.16043138473163598,0.05497048302699365,9
Actor |RPE|,low,bout_phase,81.0,-0.17652878724503673,0.05452353733223666,9
Actor |RPE|,low,bout_phase,82.0,-0.14932820501012223,0.06254137113412901,9
Actor |RPE|,low,bout_phase,83.0,-0.15949688981310903,0.06253247499485283,9
Actor |RPE|,low,bout_phase,84.0,-0.17114816260043003,0.05919469538706452,9
Actor |RPE|,low,bout_phase,85.0,-0.16611197544594233,0.06439697146111294,9
Actor |RPE|,low,bout_phase,86.0,-0.14602589006579464,0.06117672545567401,9
Actor |RPE|,low,bout_phase,87.0,-0.0981277732088836,0.06479452496623937,9
Actor |RPE|,low,bout_phase,88.0,-0.1089139222296449,0.08147473640427834,9
Actor |RPE|,low,bout_phase,89.0,-0.07967338601113949,0.08562638611406569,9
Actor |RPE|,low,bout_phase,90.0,-0.038755738717601795,0.10120526675816859,9
Actor |RPE|,low,bout_phase,91.0,-0.025713058331177527,0.12112876511374092,9
Actor |RPE|,low,bout_phase,92.0,-0.02968718448008165,0.1251264254418434,9
Actor |RPE|,low,bout_phase,93.0,0.04880680592249673,0.12773351205844488,9
Actor |RPE|,low,bout_phase,94.0,0.1024696997778163,0.1401595587865808,9
Actor |RPE|,low,bout_phase,95.0,0.10839702706779063,0.14171939757462196,9
Actor |RPE|,low,bout_phase,96.0,0.14418037073822695,0.14570653213367987,9
Actor |RPE|,low,bout_phase,97.0,0.22955345336774993,0.15675097873309585,9
Actor |RPE|,low,bout_phase,98.0,0.22861356480042114,0.17567516335065525,9
Actor |RPE|,low,bout_phase,99.0,0.2856807569664259,0.19181286501881845,9
Actor |RPE|,low,bout_phase,100.0,0.3099033025324411,0.19890907459084473,9
Actor update,high,fixed,-3.0,-0.09427639852603659,0.030550415403530443,9
Actor update,high,fixed,-2.9,-0.08524273041927935,0.030599296454919572,9
Actor update,high,fixed,-2.8,-0.05429731373391303,0.0457572748312596,9
Actor update,high,fixed,-2.6999999999999997,-0.060228365432001794,0.05017621622013272,9
Actor update,high,fixed,-2.5999999999999996,-0.04547790661354899,0.0602464290350968,9
Actor update,high,fixed,-2.4999999999999996,-0.07863680388950828,0.06465571066961265,9
Actor update,high,fixed,-2.3999999999999995,-0.04542298719095737,0.06335809526572121,9
Actor update,high,fixed,-2.2999999999999994,-0.052358947539101704,0.0698504844109553,9
Actor update,high,fixed,-2.1999999999999993,-0.02412893702080564,0.07362590387427691,9
Actor update,high,fixed,-2.099999999999999,-0.0004800987758118328,0.07492010827500939,9
Actor update,high,fixed,-1.9999999999999991,0.024216430853959477,0.07132528778127568,9
Actor update,high,fixed,-1.899999999999999,0.018941095608220774,0.07166244305862578,9
Actor update,high,fixed,-1.799999999999999,0.03014500754638742,0.06702227018383157,9
Actor update,high,fixed,-1.6999999999999988,0.057421356499539375,0.0727613111810196,9
Actor update,high,fixed,-1.5999999999999988,0.060184216229314816,0.0770650352147379,9
Actor update,high,fixed,-1.4999999999999987,0.10100676312526286,0.08213169350002673,9
Actor update,high,fixed,-1.3999999999999986,0.13067734331808817,0.08827415626598877,9
Actor update,high,fixed,-1.2999999999999985,0.1621513460403545,0.09353111025585774,9
Actor update,high,fixed,-1.1999999999999984,0.2214517046041815,0.10228510209550962,9
Actor update,high,fixed,-1.0999999999999983,0.2437133998574903,0.10750313450066219,9
Actor update,high,fixed,-0.9999999999999982,0.2652777556092459,0.10829860713621718,9
Actor update,high,fixed,-0.8999999999999981,0.2850084133343175,0.11850486990602464,9
Actor update,high,fixed,-0.799999999999998,0.31450145137620666,0.11937717304127293,9
Actor update,high,fixed,-0.699999999999998,0.4041032296039706,0.13517614710351483,9
Actor update,high,fixed,-0.5999999999999979,0.42662217772512745,0.13244680895939998,9
Actor update,high,fixed,-0.4999999999999978,0.4331900725366697,0.13603815635045294,9
Actor update,high,fixed,-0.3999999999999977,0.40697140477857235,0.14588299371931251,9
Actor update,high,fixed,-0.2999999999999976,0.4128365355469676,0.1578600535203354,9
Actor update,high,fixed,-0.1999999999999975,0.36835548545260566,0.1496655678451704,9
Actor update,high,fixed,-0.09999999999999742,0.4001213219606462,0.1442406540844463,9
Actor update,high,fixed,2.6645352591003757e-15,0.4464480006974547,0.1359875068932344,9
Actor update,high,fixed,0.10000000000000275,0.5298902140142983,0.11966922381467142,9
Actor update,high,fixed,0.20000000000000284,0.5105211086793803,0.10447356710289823,9
Actor update,high,fixed,0.30000000000000293,0.4369824461256675,0.0925552373131499,9
Actor update,high,fixed,0.400000000000003,0.37695434964390767,0.0866193558668895,9
Actor update,high,fixed,0.5000000000000031,0.3286083110826288,0.07566281528807366,9
Actor update,high,fixed,0.6000000000000032,0.26700991603047153,0.07678262238900986,9
Actor update,high,fixed,0.7000000000000033,0.24274811843763622,0.06430475356233227,9
Actor update,high,fixed,0.8000000000000034,0.23832044357175328,0.06701217433577603,9
Actor update,high,fixed,0.9000000000000035,0.32597273827566176,0.08025558938018038,9
Actor update,high,fixed,1.0000000000000036,0.36762056418078104,0.08724765879957681,9
Actor update,high,fixed,1.1000000000000032,0.4019821336873799,0.08647510301796406,9
Actor update,high,fixed,1.2000000000000037,0.34450041985636914,0.09129923859286766,9
Actor update,high,fixed,1.3000000000000043,0.3009981384112464,0.08635554856689202,9
Actor update,high,fixed,1.400000000000004,0.27151401980133844,0.09634289535566344,9
Actor update,high,fixed,1.5000000000000036,0.2618911581683784,0.10377494992898083,9
Actor update,high,fixed,1.600000000000004,0.2422966404686378,0.09409651963777482,9
Actor update,high,fixed,1.7000000000000046,0.2145473521548061,0.10044877449612487,9
Actor update,high,fixed,1.8000000000000043,0.18346417666956555,0.09214787874669833,9
Actor update,high,fixed,1.900000000000004,0.16417966951004603,0.08113354814490441,9
Actor update,high,fixed,2.0000000000000044,0.1645296879825177,0.07859566905545083,9
Actor update,high,fixed,2.100000000000005,0.16031891649908273,0.0760213998749505,9
Actor update,high,fixed,2.2000000000000046,0.15542872876862984,0.06425768461152122,9
Actor update,high,fixed,2.3000000000000043,0.13668045244305327,0.06838459468370314,9
Actor update,high,fixed,2.400000000000005,0.14135940118508714,0.06921568817202163,9
Actor update,high,fixed,2.5000000000000053,0.11974313790099005,0.07281782670802406,9
Actor update,high,fixed,2.600000000000005,0.13790144765197832,0.07657597045101588,9
Actor update,high,fixed,2.7000000000000046,0.11030277312297623,0.07726515101499241,9
Actor update,high,fixed,2.800000000000005,0.08946241206511779,0.07642705180974733,9
Actor update,high,fixed,2.9000000000000057,0.11208055546253365,0.08309594670022562,9
Actor update,high,fixed,3.0000000000000053,0.07473470253707082,0.08209634057799159,9
Actor update,high,fixed,3.100000000000005,0.08727910300397244,0.0939540960839454,9
Actor update,high,fixed,3.2000000000000055,0.0935283775626584,0.08521153407993833,9
Actor update,high,fixed,3.300000000000006,0.08527238000270582,0.08852104747962027,9
Actor update,high,fixed,3.4000000000000057,0.08700646809660256,0.08424275075325284,9
Actor update,high,fixed,3.5000000000000053,0.08577185325021651,0.07828173562665833,9
Actor update,high,fixed,3.600000000000006,0.08475839449739664,0.06860538826135419,9
Actor update,high,fixed,3.7000000000000064,0.042647129414875064,0.05729332788320743,9
Actor update,high,fixed,3.800000000000006,0.06963360692259565,0.05391332717396329,9
Actor update,high,fixed,3.9000000000000057,0.06706602082109411,0.05375739696564567,9
Actor update,high,fixed,4.000000000000006,0.04589777049535638,0.052158002385400935,9
Actor update,high,fixed,4.100000000000007,0.06528724210986238,0.05607971862212627,9
Actor update,high,fixed,4.200000000000006,0.04750454602196968,0.0467749134156627,9
Actor update,high,fixed,4.300000000000006,0.05492737017883234,0.04895693329986373,9
Actor update,high,fixed,4.400000000000007,0.04877885059371431,0.04707681994768285,9
Actor update,high,fixed,4.500000000000007,0.04865848658914783,0.04950018440600415,9
Actor update,high,fixed,4.600000000000007,0.047431259469162,0.046159780104470464,9
Actor update,high,fixed,4.700000000000006,0.06724047286515807,0.039729905521487245,9
Actor update,high,fixed,4.800000000000007,0.06435285413399978,0.04131665255924042,9
Actor update,high,fixed,4.9000000000000075,0.06822629153376258,0.04689738709359428,9
Actor update,high,fixed,5.000000000000007,0.08377072932756181,0.043629177692896974,9
Actor update,high,fixed,5.100000000000007,0.08754938276815048,0.043210392846078464,9
Actor update,high,fixed,5.200000000000006,0.08694533639385459,0.03668715685338571,9
Actor update,high,fixed,5.300000000000008,0.08327543969025172,0.039056119469624596,9
Actor update,high,fixed,5.4000000000000075,0.09385298677922675,0.04263909703434222,9
Actor update,high,fixed,5.500000000000007,0.08880000730302655,0.03986136442118371,9
Actor update,high,fixed,5.6000000000000085,0.08483031942369156,0.039379743797422324,9
Actor update,high,fixed,5.700000000000008,0.06419994983915808,0.041143592478999194,9
Actor update,high,fixed,5.800000000000008,0.07691001247840663,0.03846637332699552,9
Actor update,high,fixed,5.9000000000000075,0.06743410890380493,0.04122556713121901,9
Actor update,low,fixed,-3.0,-0.18137800998312686,0.04232531347842174,9
Actor update,low,fixed,-2.9,-0.1450568204331609,0.04510810609369678,9
Actor update,low,fixed,-2.8,-0.11840161844871933,0.05145581181126749,9
Actor update,low,fixed,-2.6999999999999997,-0.10370236232945916,0.056084132816325044,9
Actor update,low,fixed,-2.5999999999999996,-0.11183498659340911,0.05653935937916973,9
Actor update,low,fixed,-2.4999999999999996,-0.10776425485869066,0.06059838898826888,9
Actor update,low,fixed,-2.3999999999999995,-0.1037265320376935,0.05819742392767004,9
Actor update,low,fixed,-2.2999999999999994,-0.10520192604140251,0.06377346853680575,9
Actor update,low,fixed,-2.1999999999999993,-0.09962831750413913,0.05776598347024254,9
Actor update,low,fixed,-2.099999999999999,-0.09196298038534753,0.059481067916336026,9
Actor update,low,fixed,-1.9999999999999991,-0.06214001539599466,0.05718714820870364,9
Actor update,low,fixed,-1.899999999999999,-0.04808378931733356,0.05575479837849556,9
Actor update,low,fixed,-1.799999999999999,-0.022940476874007396,0.056267981307509596,9
Actor update,low,fixed,-1.6999999999999988,-0.015273273468157674,0.047228475621306054,9
Actor update,low,fixed,-1.5999999999999988,0.0073241429436251065,0.05231578394060443,9
Actor update,low,fixed,-1.4999999999999987,0.02625212115818771,0.043661103968001096,9
Actor update,low,fixed,-1.3999999999999986,0.010917316643410648,0.04456076928017044,9
Actor update,low,fixed,-1.2999999999999985,0.047406680887530084,0.04238741072047935,9
Actor update,low,fixed,-1.1999999999999984,0.06023825467446521,0.04474463376254758,9
Actor update,low,fixed,-1.0999999999999983,0.08851590963944693,0.06416870959717401,9
Actor update,low,fixed,-0.9999999999999982,0.08735700665287822,0.080453420740667,9
Actor update,low,fixed,-0.8999999999999981,0.0778370421188931,0.07293837240091804,9
Actor update,low,fixed,-0.799999999999998,0.08162940150101258,0.07703051905358256,9
Actor update,low,fixed,-0.699999999999998,0.07029656619013643,0.07665490560719038,9
Actor update,low,fixed,-0.5999999999999979,0.10005094088475788,0.09099982588633715,9
Actor update,low,fixed,-0.4999999999999978,0.07965546397875972,0.10042922465915333,9
Actor update,low,fixed,-0.3999999999999977,0.051328636767988475,0.11794163605798934,9
Actor update,low,fixed,-0.2999999999999976,-0.015609412817564708,0.12696421615165873,9
Actor update,low,fixed,-0.1999999999999975,-0.04386074051229586,0.10723801099450271,9
Actor update,low,fixed,-0.09999999999999742,-0.0422825712266473,0.09277027746768778,9
Actor update,low,fixed,2.6645352591003757e-15,-0.0003578556995751905,0.07724902962659304,9
Actor update,low,fixed,0.10000000000000275,0.055754886436528914,0.06009144537927157,9
Actor update,low,fixed,0.20000000000000284,0.03999893866923712,0.052970381110327376,9
Actor update,low,fixed,0.30000000000000293,0.003916779893915929,0.042018100802015464,9
Actor update,low,fixed,0.400000000000003,-0.030686615284828342,0.0449737289389165,9
Actor update,low,fixed,0.5000000000000031,-0.0469447637795229,0.05109482056449031,9
Actor update,low,fixed,0.6000000000000032,-0.08810935758320834,0.05812136257730985,9
Actor update,low,fixed,0.7000000000000033,-0.1552657060358181,0.056954064760899405,9
Actor update,low,fixed,0.8000000000000034,-0.19664903395560318,0.06231961707168266,9
Actor update,low,fixed,0.9000000000000035,-0.2365799310952536,0.06611024097512207,9
Actor update,low,fixed,1.0000000000000036,-0.24301885083874175,0.07262094300653178,9
Actor update,low,fixed,1.1000000000000032,-0.26383659027810896,0.07552836188398135,9
Actor update,low,fixed,1.2000000000000037,-0.2633654740688143,0.08260696297480452,9
Actor update,low,fixed,1.3000000000000043,-0.2932845858274881,0.08375556461087252,9
Actor update,low,fixed,1.400000000000004,-0.30806937381799826,0.07920857826394191,9
Actor update,low,fixed,1.5000000000000036,-0.28976889539985645,0.07928263283953521,9
Actor update,low,fixed,1.600000000000004,-0.2908673088569713,0.07358091003021074,9
Actor update,low,fixed,1.7000000000000046,-0.2859224893902712,0.07010111150339556,9
Actor update,low,fixed,1.8000000000000043,-0.2868643719429615,0.06793520076146868,9
Actor update,low,fixed,1.900000000000004,-0.2866997891637696,0.0693319539116655,9
Actor update,low,fixed,2.0000000000000044,-0.28400931103233973,0.0644669662723168,9
Actor update,low,fixed,2.100000000000005,-0.27552880806052,0.05631591853796112,9
Actor update,low,fixed,2.2000000000000046,-0.2637787578201046,0.05283916139762904,9
Actor update,low,fixed,2.3000000000000043,-0.27989723103709707,0.04299593159201238,9
Actor update,low,fixed,2.400000000000005,-0.28839107727747015,0.045166727296267827,9
Actor update,low,fixed,2.5000000000000053,-0.2667127077319089,0.047831727546658986,9
Actor update,low,fixed,2.600000000000005,-0.29054135303399126,0.042319537588401505,9
Actor update,low,fixed,2.7000000000000046,-0.29468741348187716,0.03787208230943256,9
Actor update,low,fixed,2.800000000000005,-0.268329676595761,0.03729699078946016,9
Actor update,low,fixed,2.9000000000000057,-0.2873783375141737,0.03541553971601197,9
Actor update,low,fixed,3.0000000000000053,-0.2818168533339337,0.04709489840731942,9
Actor update,low,fixed,3.100000000000005,-0.24710274574570157,0.04082185430681484,9
Actor update,low,fixed,3.2000000000000055,-0.2508473073896193,0.04428421207940789,9
Actor update,low,fixed,3.300000000000006,-0.24211301312202757,0.040271445385190986,9
Actor update,low,fixed,3.4000000000000057,-0.23593769688492433,0.033805545622379925,9
Actor update,low,fixed,3.5000000000000053,-0.2321464766384935,0.038315628011992516,9
Actor update,low,fixed,3.600000000000006,-0.19476468091708538,0.04150432797993153,9
Actor update,low,fixed,3.7000000000000064,-0.18871699071895895,0.04523400884644474,9
Actor update,low,fixed,3.800000000000006,-0.20370943282186482,0.03217516873118715,9
Actor update,low,fixed,3.9000000000000057,-0.1949288769382613,0.03395438694418477,9
Actor update,low,fixed,4.000000000000006,-0.20218950415104578,0.02591983060687054,9
Actor update,low,fixed,4.100000000000007,-0.18782005573672722,0.02224285497320345,9
Actor update,low,fixed,4.200000000000006,-0.16635558564277833,0.030561712197704524,9
Actor update,low,fixed,4.300000000000006,-0.15317279539382989,0.04370656679905918,9
Actor update,low,fixed,4.400000000000007,-0.1433797343545615,0.04169834722519291,9
Actor update,low,fixed,4.500000000000007,-0.14256218037372057,0.039411612826736546,9
Actor update,low,fixed,4.600000000000007,-0.11893785494691955,0.0388759258679074,9
Actor update,low,fixed,4.700000000000006,-0.12997150234363478,0.04516472823313564,9
Actor update,low,fixed,4.800000000000007,-0.15015465982478593,0.05351129107773414,9
Actor update,low,fixed,4.9000000000000075,-0.13258531985326097,0.048873040922651136,9
Actor update,low,fixed,5.000000000000007,-0.14479587416380568,0.05285664380106365,9
Actor update,low,fixed,5.100000000000007,-0.1288045447777797,0.04689529021039913,9
Actor update,low,fixed,5.200000000000006,-0.13323013850302884,0.0453215086662527,9
Actor update,low,fixed,5.300000000000008,-0.14000257950365155,0.044580456715016974,9
Actor update,low,fixed,5.4000000000000075,-0.13200320654654507,0.03811764223615672,9
Actor update,low,fixed,5.500000000000007,-0.12260763511854662,0.046058198619344466,9
Actor update,low,fixed,5.6000000000000085,-0.1177209013499078,0.0493183880600336,9
Actor update,low,fixed,5.700000000000008,-0.11282506648589768,0.052294952948720164,9
Actor update,low,fixed,5.800000000000008,-0.12752928916747186,0.04518436594525791,9
Actor update,low,fixed,5.9000000000000075,-0.14586389511101056,0.04819776812882334,9
Actor update,high,bout_phase,0.0,0.44842895224779533,0.1345009696992666,9
Actor update,high,bout_phase,1.0,0.3739507325494981,0.08230078248607833,9
Actor update,high,bout_phase,2.0,0.26713486449142265,0.06779714821337955,9
Actor update,high,bout_phase,3.0,0.23569325235486152,0.06766614993122767,9
Actor update,high,bout_phase,4.0,0.22130479359384977,0.06929050756900719,9
Actor update,high,bout_phase,5.0,0.18245647059157552,0.056503998849902086,9
Actor update,high,bout_phase,6.0,0.15708338680665138,0.05968492789241126,9
Actor update,high,bout_phase,7.0,0.19789518280122667,0.05026720823399303,9
Actor update,high,bout_phase,8.0,0.1804598470854922,0.06031081557778786,9
Actor update,high,bout_phase,9.0,0.19744217604999262,0.05892540351718744,9
Actor update,high,bout_phase,10.0,0.17108022878677892,0.06211534826124119,9
Actor update,high,bout_phase,11.0,0.13736208163537764,0.05632002464476312,9
Actor update,high,bout_phase,12.0,0.1584581612950743,0.05240854884349517,9
Actor update,high,bout_phase,13.0,0.16127824832577067,0.058097299082688104,9
Actor update,high,bout_phase,14.0,0.16161296714206297,0.05037210118385402,9
Actor update,high,bout_phase,15.0,0.15605893711531924,0.05251651560396448,9
Actor update,high,bout_phase,16.0,0.1795313662124388,0.04277008121954928,9
Actor update,high,bout_phase,17.0,0.15892197350215778,0.04761543798438873,9
Actor update,high,bout_phase,18.0,0.16021831652431803,0.046546286997080404,9
Actor update,high,bout_phase,19.0,0.15049838829442608,0.03413732482335654,9
Actor update,high,bout_phase,20.0,0.12991058573275424,0.03736612830902021,9
Actor update,high,bout_phase,21.0,0.11459982652725624,0.04485213915305206,9
Actor update,high,bout_phase,22.0,0.08621352068316435,0.039646857917859844,9
Actor update,high,bout_phase,23.0,0.050726338786787596,0.04127285253651191,9
Actor update,high,bout_phase,24.0,0.06872755558138172,0.0452093640039713,9
Actor update,high,bout_phase,25.0,0.08372535612813833,0.051461898041290616,9
Actor update,high,bout_phase,26.0,0.07127306075845835,0.05892309963463612,9
Actor update,high,bout_phase,27.0,0.07403102443619125,0.0579885424523237,9
Actor update,high,bout_phase,28.0,0.052854115606841404,0.05921869031143052,9
Actor update,high,bout_phase,29.0,0.016929089547944455,0.06034659584573288,9
Actor update,high,bout_phase,30.0,0.002216352137535781,0.059813489684990194,9
Actor update,high,bout_phase,31.0,0.0028911314614689675,0.05351858999083181,9
Actor update,high,bout_phase,32.0,-0.004153418571014981,0.05233881188596362,9
Actor update,high,bout_phase,33.0,0.007917396265514286,0.03997014348293609,9
Actor update,high,bout_phase,34.0,-0.010364534753502285,0.03292309221671295,9
Actor update,high,bout_phase,35.0,-0.057510331350722615,0.03718001863066388,9
Actor update,high,bout_phase,36.0,-0.03040736219311178,0.0316551093836678,9
Actor update,high,bout_phase,37.0,-0.007145194285640828,0.03913673883541906,9
Actor update,high,bout_phase,38.0,-0.02141658645042977,0.053935924766873096,9
Actor update,high,bout_phase,39.0,-0.01153309378834311,0.02544010910149945,9
Actor update,high,bout_phase,40.0,-0.0293200808200583,0.0396665247631157,9
Actor update,high,bout_phase,41.0,-0.03758900121267044,0.0443424322724871,9
Actor update,high,bout_phase,42.0,-0.03336645446208902,0.045272044190383824,9
Actor update,high,bout_phase,43.0,-0.07451126511427081,0.034292993003343195,9
Actor update,high,bout_phase,44.0,-0.0672328623073336,0.04352014312676533,9
Actor update,high,bout_phase,45.0,-0.07251302152916526,0.04610048322350368,9
Actor update,high,bout_phase,46.0,-0.053124728845031534,0.03718266130401051,9
Actor update,high,bout_phase,47.0,-0.06100375243486958,0.03094743654547484,9
Actor update,high,bout_phase,48.0,-0.03276710402887175,0.04227108010369566,9
Actor update,high,bout_phase,49.0,-0.034718046341499074,0.035881371534268396,9
Actor update,high,bout_phase,50.0,-0.023888451184522944,0.038335462402139586,9
Actor update,high,bout_phase,51.0,-0.017257500779508283,0.040880184511208194,9
Actor update,high,bout_phase,52.0,-0.05190793932991257,0.04067629523033728,9
Actor update,high,bout_phase,53.0,-0.008599800141935387,0.03886562869530293,9
Actor update,high,bout_phase,54.0,-0.02792067615301818,0.04204815561260844,9
Actor update,high,bout_phase,55.0,-0.04095798774086483,0.05068133786808459,9
Actor update,high,bout_phase,56.0,-0.02983248596367538,0.03868059579362672,9
Actor update,high,bout_phase,57.0,-0.037680411728237426,0.03436935788746496,9
Actor update,high,bout_phase,58.0,-0.047653577913217865,0.04485314604117396,9
Actor update,high,bout_phase,59.0,-0.054053614306441525,0.04580791358696542,9
Actor update,high,bout_phase,60.0,-0.04422123293547247,0.02756790235632955,9
Actor update,high,bout_phase,61.0,-0.07166622200293742,0.045629238163002274,9
Actor update,high,bout_phase,62.0,-0.06248905071789385,0.04628992016561582,9
Actor update,high,bout_phase,63.0,-0.05785714842325919,0.04488364217171997,9
Actor update,high,bout_phase,64.0,-0.04137481273170952,0.045409680935291886,9
Actor update,high,bout_phase,65.0,-0.06002277455411879,0.0425407541366311,9
Actor update,high,bout_phase,66.0,-0.041007353338226075,0.042104562881510314,9
Actor update,high,bout_phase,67.0,-0.06320192055472353,0.04853995398282713,9
Actor update,high,bout_phase,68.0,-0.045575862276422914,0.037918386478719916,9
Actor update,high,bout_phase,69.0,-0.09438766238583937,0.0495200067294227,9
Actor update,high,bout_phase,70.0,-0.10205142847348575,0.04300972026374219,9
Actor update,high,bout_phase,71.0,-0.09411556323802826,0.04179865128078413,9
Actor update,high,bout_phase,72.0,-0.10561758400845055,0.032272896094521004,9
Actor update,high,bout_phase,73.0,-0.08391882716125225,0.041451091189102555,9
Actor update,high,bout_phase,74.0,-0.0860585100549913,0.045443371905043085,9
Actor update,high,bout_phase,75.0,-0.05796452206562947,0.03892917710734324,9
Actor update,high,bout_phase,76.0,-0.10558781614107181,0.03686041627162775,9
Actor update,high,bout_phase,77.0,-0.07371232049099924,0.03266437249740849,9
Actor update,high,bout_phase,78.0,-0.047485306577744975,0.033414040601853254,9
Actor update,high,bout_phase,79.0,-0.05128854090669005,0.03560231876877354,9
Actor update,high,bout_phase,80.0,-0.07452660126468011,0.03518351450652762,9
Actor update,high,bout_phase,81.0,-0.03894494827787694,0.029641360723117918,9
Actor update,high,bout_phase,82.0,-0.03863953055568376,0.02807244606516171,9
Actor update,high,bout_phase,83.0,-0.07129103470824173,0.03310465264722831,9
Actor update,high,bout_phase,84.0,-0.05736226047167234,0.02240510841499822,9
Actor update,high,bout_phase,85.0,-0.04785794687271042,0.042048384286097924,9
Actor update,high,bout_phase,86.0,-0.021278465815522476,0.05305128305174341,9
Actor update,high,bout_phase,87.0,-0.022873710955823703,0.045987170378756013,9
Actor update,high,bout_phase,88.0,0.002355158692031937,0.042298332012720506,9
Actor update,high,bout_phase,89.0,-0.0020531601104451947,0.04558929161838953,9
Actor update,high,bout_phase,90.0,0.0063015143832451425,0.05166366336845296,9
Actor update,high,bout_phase,91.0,0.044199898925906464,0.040273655163550234,9
Actor update,high,bout_phase,92.0,0.03867119543810718,0.05487449147754966,9
Actor update,high,bout_phase,93.0,0.03627152814190212,0.04138779489781614,9
Actor update,high,bout_phase,94.0,0.1182169849001863,0.03325087091687413,9
Actor update,high,bout_phase,95.0,0.1520338816250032,0.05467174147091064,9
Actor update,high,bout_phase,96.0,0.20478942532212152,0.06566469206596358,9
Actor update,high,bout_phase,97.0,0.24004698184983622,0.07440410409566807,9
Actor update,high,bout_phase,98.0,0.28165859981875874,0.09985629983184023,9
Actor update,high,bout_phase,99.0,0.3572818980983304,0.12553286725216564,9
Actor update,high,bout_phase,100.0,0.4050974431220475,0.1609534991641682,9
Actor update,low,bout_phase,0.0,-0.0018320487135586594,0.07724646007781105,9
Actor update,low,bout_phase,1.0,-0.09073072561166891,0.04704350074098485,9
Actor update,low,bout_phase,2.0,-0.17632377823436476,0.052894234597007816,9
Actor update,low,bout_phase,3.0,-0.20377751267410776,0.0566519693141099,9
Actor update,low,bout_phase,4.0,-0.23839998593732897,0.05586001150245168,9
Actor update,low,bout_phase,5.0,-0.20937913105300446,0.043807509251311806,9
Actor update,low,bout_phase,6.0,-0.19932289236585202,0.04499794489739687,9
Actor update,low,bout_phase,7.0,-0.2337597119032179,0.046487373347933854,9
Actor update,low,bout_phase,8.0,-0.21971519276719842,0.0448602524398471,9
Actor update,low,bout_phase,9.0,-0.22178851130076668,0.0436598180915422,9
Actor update,low,bout_phase,10.0,-0.2336080504251642,0.0489470566821452,9
Actor update,low,bout_phase,11.0,-0.17884593606319032,0.05276692504317706,9
Actor update,low,bout_phase,12.0,-0.15379102492825827,0.0605318707598509,9
Actor update,low,bout_phase,13.0,-0.20740232686898188,0.04831557508609954,9
Actor update,low,bout_phase,14.0,-0.17539889111096635,0.0418591572375823,9
Actor update,low,bout_phase,15.0,-0.19682730726651756,0.04299025337629492,9
Actor update,low,bout_phase,16.0,-0.22105967022434742,0.04320771030379008,9
Actor update,low,bout_phase,17.0,-0.2040863227127286,0.037929496559073385,9
Actor update,low,bout_phase,18.0,-0.16728766497396325,0.045861737757983495,9
Actor update,low,bout_phase,19.0,-0.17122136032064722,0.048202769896025593,9
Actor update,low,bout_phase,20.0,-0.17433170782095214,0.04510170388409518,9
Actor update,low,bout_phase,21.0,-0.17147751966587899,0.036546374041314056,9
Actor update,low,bout_phase,22.0,-0.13512353802812999,0.05053945212134015,9
Actor update,low,bout_phase,23.0,-0.1515655681789715,0.03259442074843823,9
Actor update,low,bout_phase,24.0,-0.13659364533274443,0.035078778188782654,9
Actor update,low,bout_phase,25.0,-0.17291853395941556,0.03351822879582989,9
Actor update,low,bout_phase,26.0,-0.18910554422012735,0.028725247100417947,9
Actor update,low,bout_phase,27.0,-0.1495870655767282,0.02533243476097218,9
Actor update,low,bout_phase,28.0,-0.12108001707867011,0.03745316186655354,9
Actor update,low,bout_phase,29.0,-0.15662683546247022,0.047705457695681484,9
Actor update,low,bout_phase,30.0,-0.13916006472090314,0.03841457862860809,9
Actor update,low,bout_phase,31.0,-0.11406869275758733,0.03624066098030824,9
Actor update,low,bout_phase,32.0,-0.11326981643685922,0.03310807464935918,9
Actor update,low,bout_phase,33.0,-0.09846333861847004,0.04293032695432325,9
Actor update,low,bout_phase,34.0,-0.1272112557796109,0.0388796991639715,9
Actor update,low,bout_phase,35.0,-0.15425451489371492,0.03595049445277733,9
Actor update,low,bout_phase,36.0,-0.13203495716095404,0.040153481115824105,9
Actor update,low,bout_phase,37.0,-0.12032613838820108,0.03450500686607799,9
Actor update,low,bout_phase,38.0,-0.08642203305318223,0.03355915433732722,9
Actor update,low,bout_phase,39.0,-0.1414673230363211,0.04516172858674363,9
Actor update,low,bout_phase,40.0,-0.11841647137362582,0.04812000891683114,9
Actor update,low,bout_phase,41.0,-0.1068016182624487,0.042805859589195965,9
Actor update,low,bout_phase,42.0,-0.10731167016012758,0.04614775429258603,9
Actor update,low,bout_phase,43.0,-0.16697250117212425,0.04531918987160441,9
Actor update,low,bout_phase,44.0,-0.15741886001555255,0.05083242971274902,9
Actor update,low,bout_phase,45.0,-0.14506143768881388,0.04693853499132161,9
Actor update,low,bout_phase,46.0,-0.135154690725378,0.035137743881004935,9
Actor update,low,bout_phase,47.0,-0.16880420257494086,0.04005847403612509,9
Actor update,low,bout_phase,48.0,-0.12463522039731162,0.03038351970263695,9
Actor update,low,bout_phase,49.0,-0.11645971983676026,0.0582813773367557,9
Actor update,low,bout_phase,50.0,-0.12132900346620208,0.045494566559065475,9
Actor update,low,bout_phase,51.0,-0.13748457744152653,0.04709823189905576,9
Actor update,low,bout_phase,52.0,-0.1504359296066559,0.051912062982309666,9
Actor update,low,bout_phase,53.0,-0.17406505214486107,0.05177350023165935,9
Actor update,low,bout_phase,54.0,-0.12000281467649103,0.06017694668529989,9
Actor update,low,bout_phase,55.0,-0.0711251173618958,0.06684354186154935,9
Actor update,low,bout_phase,56.0,-0.14404148932933325,0.06072562017261016,9
Actor update,low,bout_phase,57.0,-0.1388862076209184,0.057721642916079556,9
Actor update,low,bout_phase,58.0,-0.12392452794587595,0.04833108297770324,9
Actor update,low,bout_phase,59.0,-0.12131693292299411,0.05283159620414083,9
Actor update,low,bout_phase,60.0,-0.13326234693043404,0.05640977437911889,9
Actor update,low,bout_phase,61.0,-0.19296572623575067,0.05827386658079961,9
Actor update,low,bout_phase,62.0,-0.16654628520702972,0.06269184234823809,9
Actor update,low,bout_phase,63.0,-0.15478745318097797,0.06173223714147189,9
Actor update,low,bout_phase,64.0,-0.1727048463016876,0.07333463204224198,9
Actor update,low,bout_phase,65.0,-0.15830600223000274,0.06423834583142661,9
Actor update,low,bout_phase,66.0,-0.1693512437660628,0.06380386377936023,9
Actor update,low,bout_phase,67.0,-0.1915639285060169,0.07072946234068961,9
Actor update,low,bout_phase,68.0,-0.1497747115689555,0.0635036654972247,9
Actor update,low,bout_phase,69.0,-0.16340220547708356,0.06338497688073384,9
Actor update,low,bout_phase,70.0,-0.16356457913214847,0.0595452815931306,9
Actor update,low,bout_phase,71.0,-0.16634672127403494,0.055067716405059225,9
Actor update,low,bout_phase,72.0,-0.15994529457209974,0.05910365879081389,9
Actor update,low,bout_phase,73.0,-0.13874517135603828,0.061142921491372404,9
Actor update,low,bout_phase,74.0,-0.12884077356703857,0.05286573558056642,9
Actor update,low,bout_phase,75.0,-0.16585031111374057,0.05214970997491249,9
Actor update,low,bout_phase,76.0,-0.16326258121793055,0.05609961493023229,9
Actor update,low,bout_phase,77.0,-0.14472821584866222,0.06422699983557974,9
Actor update,low,bout_phase,78.0,-0.17255264114914148,0.04621370162164117,9
Actor update,low,bout_phase,79.0,-0.15007705222534798,0.05326042961572888,9
Actor update,low,bout_phase,80.0,-0.16524469622012977,0.055014042668139806,9
Actor update,low,bout_phase,81.0,-0.1780775503102033,0.05622779354504919,9
Actor update,low,bout_phase,82.0,-0.1476613203413807,0.06540389600239173,9
Actor update,low,bout_phase,83.0,-0.15745874960862247,0.0644759885430239,9
Actor update,low,bout_phase,84.0,-0.16856683068610742,0.061039451358757206,9
Actor update,low,bout_phase,85.0,-0.1648451233676628,0.06539691328684234,9
Actor update,low,bout_phase,86.0,-0.1449234858480143,0.062031935244589116,9
Actor update,low,bout_phase,87.0,-0.09497953357510562,0.06615187177408025,9
Actor update,low,bout_phase,88.0,-0.11008022492636944,0.0824460684695977,9
Actor update,low,bout_phase,89.0,-0.08121888672109946,0.08632413551336143,9
Actor update,low,bout_phase,90.0,-0.04127883654749709,0.10152647161150043,9
Actor update,low,bout_phase,91.0,-0.029282418925142575,0.1212365107741864,9
Actor update,low,bout_phase,92.0,-0.03247692868333916,0.12501060924768875,9
Actor update,low,bout_phase,93.0,0.048643339439793404,0.12694402420569367,9
Actor update,low,bout_phase,94.0,0.10545247205773736,0.1390564903150396,9
Actor update,low,bout_phase,95.0,0.10889940399072001,0.14166272857786233,9
Actor update,low,bout_phase,96.0,0.14393404336191512,0.14572518232666884,9
Actor update,low,bout_phase,97.0,0.2322208492929437,0.15658253685415438,9
Actor update,low,bout_phase,98.0,0.2291571750084518,0.17579257007820961,9
Actor update,low,bout_phase,99.0,0.28636798571726135,0.192565464247102,9
Actor update,low,bout_phase,100.0,0.3091769334098734,0.19959051324290142,9
Sampling policy,high,fixed,-3.0,-0.13437648158690668,0.026901712568281128,9
Sampling policy,high,fixed,-2.9,-0.12166328810477328,0.03318647674230883,9
Sampling policy,high,fixed,-2.8,-0.09575994318035516,0.04320730419353497,9
Sampling policy,high,fixed,-2.6999999999999997,-0.09955574412013264,0.041620827645252455,9
Sampling policy,high,fixed,-2.5999999999999996,-0.08540518903303891,0.04443361730938741,9
Sampling policy,high,fixed,-2.4999999999999996,-0.10208336416116558,0.049806919963038106,9
Sampling policy,high,fixed,-2.3999999999999995,-0.07690940410522079,0.05333758222545091,9
Sampling policy,high,fixed,-2.2999999999999994,-0.08140615413404315,0.06076349349877569,9
Sampling policy,high,fixed,-2.1999999999999993,-0.07142161353396415,0.06019412069187294,9
Sampling policy,high,fixed,-2.099999999999999,-0.04459804308603891,0.06251887573421369,9
Sampling policy,high,fixed,-1.9999999999999991,-0.008769733004493435,0.05843190619969101,9
Sampling policy,high,fixed,-1.899999999999999,-0.0032021455317038047,0.05386741683512498,9
Sampling policy,high,fixed,-1.799999999999999,-0.0021936968441605992,0.04475037730275841,9
Sampling policy,high,fixed,-1.6999999999999988,0.030763287875223342,0.051733277746586044,9
Sampling policy,high,fixed,-1.5999999999999988,0.0673305091976289,0.05362042802831945,9
Sampling policy,high,fixed,-1.4999999999999987,0.08460995682981881,0.0504470552209658,9
Sampling policy,high,fixed,-1.3999999999999986,0.08960731457477011,0.055733243128852944,9
Sampling policy,high,fixed,-1.2999999999999985,0.12534364069929818,0.061534561264630784,9
Sampling policy,high,fixed,-1.1999999999999984,0.1613598663613769,0.0724791999472806,9
Sampling policy,high,fixed,-1.0999999999999983,0.16991959929479333,0.08551288844480696,9
Sampling policy,high,fixed,-0.9999999999999982,0.18298665448408918,0.09010128931754463,9
Sampling policy,high,fixed,-0.8999999999999981,0.18899389098151728,0.09512261880070244,9
Sampling policy,high,fixed,-0.799999999999998,0.19983258115121874,0.09637399591030064,9
Sampling policy,high,fixed,-0.699999999999998,0.23380844895591896,0.10859812450655472,9
Sampling policy,high,fixed,-0.5999999999999979,0.24642409287385242,0.107913091048507,9
Sampling policy,high,fixed,-0.4999999999999978,0.2530604130134552,0.11975541083331857,9
Sampling policy,high,fixed,-0.3999999999999977,0.2297283034613905,0.1352544559599492,9
Sampling policy,high,fixed,-0.2999999999999976,0.20344521515734992,0.14584299473427345,9
Sampling policy,high,fixed,-0.1999999999999975,0.12927130029796335,0.1352966040623607,9
Sampling policy,high,fixed,-0.09999999999999742,0.16157570408597477,0.1327291483740802,9
Sampling policy,high,fixed,2.6645352591003757e-15,0.20163627888646424,0.11799671586203704,9
Sampling policy,high,fixed,0.10000000000000275,0.27817947422770667,0.10618981886511718,9
Sampling policy,high,fixed,0.20000000000000284,0.31204603512260465,0.09734497718812753,9
Sampling policy,high,fixed,0.30000000000000293,0.27506262881316,0.08354957038801504,9
Sampling policy,high,fixed,0.400000000000003,0.21730288501409106,0.08521030671263091,9
Sampling policy,high,fixed,0.5000000000000031,0.17738586501599998,0.07284191222094939,9
Sampling policy,high,fixed,0.6000000000000032,0.11760684550028937,0.08077446447135699,9
Sampling policy,high,fixed,0.7000000000000033,0.05852842696865043,0.069435232903631,9
Sampling policy,high,fixed,0.8000000000000034,0.023939930144420883,0.06573508280540254,9
Sampling policy,high,fixed,0.9000000000000035,0.04464463208612282,0.06969814437762216,9
Sampling policy,high,fixed,1.0000000000000036,0.06992951678641537,0.06869685522659032,9
Sampling policy,high,fixed,1.1000000000000032,0.0811774587327429,0.0679340098214709,9
Sampling policy,high,fixed,1.2000000000000037,0.044368405292257794,0.07848244957186905,9
Sampling policy,high,fixed,1.3000000000000043,0.020437825495703145,0.0760199668922761,9
Sampling policy,high,fixed,1.400000000000004,0.0187504989304886,0.08538970807650485,9
Sampling policy,high,fixed,1.5000000000000036,0.028652195877235505,0.08994394491845431,9
Sampling policy,high,fixed,1.600000000000004,0.03276641018778053,0.08265283737518485,9
Sampling policy,high,fixed,1.7000000000000046,0.019748403726428256,0.07857980793586798,9
Sampling policy,high,fixed,1.8000000000000043,-0.011350202714101483,0.07896869660063958,9
Sampling policy,high,fixed,1.900000000000004,-0.037106496919361395,0.07755993290823983,9
Sampling policy,high,fixed,2.0000000000000044,-0.03485031097218919,0.08022435614712269,9
Sampling policy,high,fixed,2.100000000000005,-0.0525372893255685,0.08565768980102055,9
Sampling policy,high,fixed,2.2000000000000046,-0.02869660373790513,0.07159530630705584,9
Sampling policy,high,fixed,2.3000000000000043,-0.028638564954965157,0.06959874907999612,9
Sampling policy,high,fixed,2.400000000000005,-0.02826851295843798,0.07038390098205961,9
Sampling policy,high,fixed,2.5000000000000053,-0.032024804580551264,0.06841923675229632,9
Sampling policy,high,fixed,2.600000000000005,-0.042831160243338745,0.07183413495507733,9
Sampling policy,high,fixed,2.7000000000000046,-0.07203094136554357,0.0717920234643986,9
Sampling policy,high,fixed,2.800000000000005,-0.059462025404414226,0.073872847362011,9
Sampling policy,high,fixed,2.9000000000000057,-0.04970157299940413,0.07766753986619643,9
Sampling policy,high,fixed,3.0000000000000053,-0.0595401429135749,0.0813685558424611,9
Sampling policy,high,fixed,3.100000000000005,-0.04497676105671757,0.08294496436156974,9
Sampling policy,high,fixed,3.2000000000000055,-0.03142408638672489,0.07597630378687174,9
Sampling policy,high,fixed,3.300000000000006,-0.03028465874059956,0.07601597242253542,9
Sampling policy,high,fixed,3.4000000000000057,-0.026849590247406643,0.07452122858957187,9
Sampling policy,high,fixed,3.5000000000000053,-0.016597879023571894,0.06911613312091434,9
Sampling policy,high,fixed,3.600000000000006,-0.009369404526199585,0.059010652710442486,9
Sampling policy,high,fixed,3.7000000000000064,-0.025394757664844097,0.05086968759615146,9
Sampling policy,high,fixed,3.800000000000006,-0.018195314131906264,0.04257501716612661,9
Sampling policy,high,fixed,3.9000000000000057,-0.02585169833852866,0.04401568553857338,9
Sampling policy,high,fixed,4.000000000000006,-0.03420667621631963,0.04722052290541837,9
Sampling policy,high,fixed,4.100000000000007,-0.02599945423088148,0.036107728476953496,9
Sampling policy,high,fixed,4.200000000000006,-0.03069274471085789,0.03625908371617677,9
Sampling policy,high,fixed,4.300000000000006,-0.019716534539678365,0.03644946218851745,9
Sampling policy,high,fixed,4.400000000000007,-0.030696047111449465,0.04232071317683752,9
Sampling policy,high,fixed,4.500000000000007,-0.027185506906687893,0.04046491072044869,9
Sampling policy,high,fixed,4.600000000000007,-0.019604715795617154,0.03677949289305742,9
Sampling policy,high,fixed,4.700000000000006,0.01665492583500871,0.041196861609001593,9
Sampling policy,high,fixed,4.800000000000007,-0.012283044179259163,0.044764608410828,9
Sampling policy,high,fixed,4.9000000000000075,-0.007229176331539914,0.03158011979167636,9
Sampling policy,high,fixed,5.000000000000007,-0.004149111950183252,0.029036579794527864,9
Sampling policy,high,fixed,5.100000000000007,0.014473583117085702,0.03184109966534969,9
Sampling policy,high,fixed,5.200000000000006,0.014725078047590419,0.04057016236258174,9
Sampling policy,high,fixed,5.300000000000008,-0.004773340773117578,0.03451043213171829,9
Sampling policy,high,fixed,5.4000000000000075,0.0095847764522191,0.033897561668647214,9
Sampling policy,high,fixed,5.500000000000007,-0.0036368954722066447,0.0320214116326387,9
Sampling policy,high,fixed,5.6000000000000085,-0.0026780559603145943,0.029554891673982328,9
Sampling policy,high,fixed,5.700000000000008,0.001137568615227372,0.03207399056648329,9
Sampling policy,high,fixed,5.800000000000008,0.013609121836282044,0.026438833404199728,9
Sampling policy,high,fixed,5.9000000000000075,0.00032493668195496646,0.025110821018602587,9
Sampling policy,low,fixed,-3.0,-0.1412925114669934,0.03440141492566649,9
Sampling policy,low,fixed,-2.9,-0.10864358453281896,0.033700350341823816,9
Sampling policy,low,fixed,-2.8,-0.07705953338728604,0.04709831547628745,9
Sampling policy,low,fixed,-2.6999999999999997,-0.06445625779800257,0.05568809239564578,9
Sampling policy,low,fixed,-2.5999999999999996,-0.0719690757642955,0.06053636926706638,9
Sampling policy,low,fixed,-2.4999999999999996,-0.08441843863735733,0.060850061158366275,9
Sampling policy,low,fixed,-2.3999999999999995,-0.0723799847261157,0.05597383032022257,9
Sampling policy,low,fixed,-2.2999999999999994,-0.07615277234740214,0.05441069949729945,9
Sampling policy,low,fixed,-2.1999999999999993,-0.052037308808073786,0.04959151308392585,9
Sampling policy,low,fixed,-2.099999999999999,-0.04751757455779921,0.05496143653475725,9
Sampling policy,low,fixed,-1.9999999999999991,-0.029016437156999936,0.0518392756017057,9
Sampling policy,low,fixed,-1.899999999999999,-0.025837487722179413,0.05672915919189147,9
Sampling policy,low,fixed,-1.799999999999999,0.009388334322906451,0.06410273928893812,9
Sampling policy,low,fixed,-1.6999999999999988,0.011481361943506865,0.06039056022975791,9
Sampling policy,low,fixed,-1.5999999999999988,0.0002493184400537264,0.06558105729197282,9
Sampling policy,low,fixed,-1.4999999999999987,0.04255245753746492,0.06600100616742403,9
Sampling policy,low,fixed,-1.3999999999999986,0.052042100252813736,0.0680034902164874,9
Sampling policy,low,fixed,-1.2999999999999985,0.08430333967494263,0.06868729806629963,9
Sampling policy,low,fixed,-1.1999999999999984,0.12045706935152614,0.07498521373692639,9
Sampling policy,low,fixed,-1.0999999999999983,0.16271827824323953,0.0865737437606272,9
Sampling policy,low,fixed,-0.9999999999999982,0.17015609675767707,0.1010570685596389,9
Sampling policy,low,fixed,-0.8999999999999981,0.17449597912662218,0.09962775012027068,9
Sampling policy,low,fixed,-0.799999999999998,0.19674393840667023,0.09726114826227862,9
Sampling policy,low,fixed,-0.699999999999998,0.24103776220463546,0.09817474418164657,9
Sampling policy,low,fixed,-0.5999999999999979,0.2807201647839502,0.10713280108415596,9
Sampling policy,low,fixed,-0.4999999999999978,0.26019768951429256,0.10948954624750341,9
Sampling policy,low,fixed,-0.3999999999999977,0.22884934331791243,0.12095512896949952,9
Sampling policy,low,fixed,-0.2999999999999976,0.19438213698809884,0.12626064407530402,9
Sampling policy,low,fixed,-0.1999999999999975,0.19629854768048063,0.10948926727227333,9
Sampling policy,low,fixed,-0.09999999999999742,0.19741525101484128,0.09210298797440991,9
Sampling policy,low,fixed,2.6645352591003757e-15,0.2458517473067269,0.08722369948993779,9
Sampling policy,low,fixed,0.10000000000000275,0.30890579999747564,0.06569717657728684,9
Sampling policy,low,fixed,0.20000000000000284,0.23951377654851427,0.05160425164484319,9
Sampling policy,low,fixed,0.30000000000000293,0.16663625518264816,0.040422044234993744,9
Sampling policy,low,fixed,0.400000000000003,0.129624915728218,0.03775835962593873,9
Sampling policy,low,fixed,0.5000000000000031,0.10498464799338664,0.04206101756835667,9
Sampling policy,low,fixed,0.6000000000000032,0.06193455362326188,0.04907866699949445,9
Sampling policy,low,fixed,0.7000000000000033,0.029749143442176433,0.04058425909589987,9
Sampling policy,low,fixed,0.8000000000000034,0.01887004874415126,0.04066061825202441,9
Sampling policy,low,fixed,0.9000000000000035,0.046163293876957834,0.050243115700172786,9
Sampling policy,low,fixed,1.0000000000000036,0.05620128617040007,0.04288376986512498,9
Sampling policy,low,fixed,1.1000000000000032,0.05856717907398726,0.043373506966669945,9
Sampling policy,low,fixed,1.2000000000000037,0.038063254297781,0.0546877744130346,9
Sampling policy,low,fixed,1.3000000000000043,-0.011525792200021074,0.05172777329568847,9
Sampling policy,low,fixed,1.400000000000004,-0.054365336069178816,0.06007393794778084,9
Sampling policy,low,fixed,1.5000000000000036,-0.05572932073238231,0.05705417774079773,9
Sampling policy,low,fixed,1.600000000000004,-0.08086798360055421,0.05398005152361753,9
Sampling policy,low,fixed,1.7000000000000046,-0.09077855419909604,0.06407830215465894,9
Sampling policy,low,fixed,1.8000000000000043,-0.09162436263628795,0.05428474412615464,9
Sampling policy,low,fixed,1.900000000000004,-0.08490168648688272,0.05103583049503713,9
Sampling policy,low,fixed,2.0000000000000044,-0.08402563721546445,0.0481802135300938,9
Sampling policy,low,fixed,2.100000000000005,-0.06206000207988908,0.05149057927046827,9
Sampling policy,low,fixed,2.2000000000000046,-0.07914403070547092,0.046297605682022014,9
Sampling policy,low,fixed,2.3000000000000043,-0.11409402455284733,0.049602485480381125,9
Sampling policy,low,fixed,2.400000000000005,-0.11835021019677135,0.05050747129917712,9
Sampling policy,low,fixed,2.5000000000000053,-0.11458552260371951,0.054300883496605584,9
Sampling policy,low,fixed,2.600000000000005,-0.10948467166953271,0.06378882128468989,9
Sampling policy,low,fixed,2.7000000000000046,-0.1119739244351098,0.05412702087029703,9
Sampling policy,low,fixed,2.800000000000005,-0.11897533038120517,0.04475901345686221,9
Sampling policy,low,fixed,2.9000000000000057,-0.1252284035835801,0.05132710612929573,9
Sampling policy,low,fixed,3.0000000000000053,-0.1471143306914957,0.04903944965595392,9
Sampling policy,low,fixed,3.100000000000005,-0.11464187720322586,0.061585784975218355,9
Sampling policy,low,fixed,3.2000000000000055,-0.12570446643251826,0.05806066364469017,9
Sampling policy,low,fixed,3.300000000000006,-0.12641702055369533,0.05011526445732215,9
Sampling policy,low,fixed,3.4000000000000057,-0.12188661630976709,0.04455494994880469,9
Sampling policy,low,fixed,3.5000000000000053,-0.12965559284769498,0.0365902729172977,9
Sampling policy,low,fixed,3.600000000000006,-0.10057811506591872,0.03925439249152973,9
Sampling policy,low,fixed,3.7000000000000064,-0.1206392936055035,0.04287937557650768,9
Sampling policy,low,fixed,3.800000000000006,-0.11578712524353023,0.03213628017522901,9
Sampling policy,low,fixed,3.9000000000000057,-0.10180974583687653,0.045206802570221055,9
Sampling policy,low,fixed,4.000000000000006,-0.12189595507049428,0.02892387431963749,9
Sampling policy,low,fixed,4.100000000000007,-0.09641341574347483,0.04320268065348603,9
Sampling policy,low,fixed,4.200000000000006,-0.08794798185232455,0.038297396819824255,9
Sampling policy,low,fixed,4.300000000000006,-0.0784325120328941,0.045503483429694486,9
Sampling policy,low,fixed,4.400000000000007,-0.06376798345687677,0.03525813507602072,9
Sampling policy,low,fixed,4.500000000000007,-0.06663848256573678,0.03911270263475304,9
Sampling policy,low,fixed,4.600000000000007,-0.052044101477491535,0.03172959777417479,9
Sampling policy,low,fixed,4.700000000000006,-0.07969588608019093,0.03705295135757534,9
Sampling policy,low,fixed,4.800000000000007,-0.07389183349814515,0.041031741135405864,9
Sampling policy,low,fixed,4.9000000000000075,-0.05743852786342312,0.04315430782411573,9
Sampling policy,low,fixed,5.000000000000007,-0.05705515795522863,0.042774425689542706,9
Sampling policy,low,fixed,5.100000000000007,-0.0559551764439148,0.030223723908695765,9
Sampling policy,low,fixed,5.200000000000006,-0.061140894704846724,0.04003932152046298,9
Sampling policy,low,fixed,5.300000000000008,-0.05200984271441448,0.03354762838992486,9
Sampling policy,low,fixed,5.4000000000000075,-0.04765773392893398,0.03185633418608726,9
Sampling policy,low,fixed,5.500000000000007,-0.03016781264562043,0.035524395864547774,9
Sampling policy,low,fixed,5.6000000000000085,-0.030281974053636886,0.030979488459162836,9
Sampling policy,low,fixed,5.700000000000008,-0.049869401066891354,0.033396770900322316,9
Sampling policy,low,fixed,5.800000000000008,-0.06430270557341894,0.03883580807829917,9
Sampling policy,low,fixed,5.9000000000000075,-0.07870908829950053,0.04996055066519294,9
Sampling policy,high,bout_phase,0.0,0.20620751098011428,0.11645885640060245,9
Sampling policy,high,bout_phase,1.0,0.12781293409071193,0.07985580034855298,9
Sampling policy,high,bout_phase,2.0,0.0403353842367055,0.06199184722381415,9
Sampling policy,high,bout_phase,3.0,0.012618502235243998,0.06277115395561,9
Sampling policy,high,bout_phase,4.0,0.013939744482053238,0.06008278803108676,9
Sampling policy,high,bout_phase,5.0,-0.0013696783779938051,0.04470744610061541,9
Sampling policy,high,bout_phase,6.0,-0.00362215373338594,0.05311925060703221,9
Sampling policy,high,bout_phase,7.0,-0.009309189557837182,0.04200876704692927,9
Sampling policy,high,bout_phase,8.0,-0.0318662649300904,0.05388671476316232,9
Sampling policy,high,bout_phase,9.0,-0.024721846517795566,0.0439752550764285,9
Sampling policy,high,bout_phase,10.0,-0.034738124353516336,0.031823408542775634,9
Sampling policy,high,bout_phase,11.0,-0.01422157481848809,0.026332609956966558,9
Sampling policy,high,bout_phase,12.0,0.004053793386274814,0.031020862703443095,9
Sampling policy,high,bout_phase,13.0,-0.029161935077078552,0.031280008086798684,9
Sampling policy,high,bout_phase,14.0,0.004883943534251425,0.02312467720122771,9
Sampling policy,high,bout_phase,15.0,0.019203878011589445,0.028436290425751104,9
Sampling policy,high,bout_phase,16.0,0.03168464353154348,0.017942558591908537,9
Sampling policy,high,bout_phase,17.0,0.013931479686166778,0.02788018073658459,9
Sampling policy,high,bout_phase,18.0,0.016189127632253414,0.03344644323851831,9
Sampling policy,high,bout_phase,19.0,0.013366398893032998,0.02842155491309419,9
Sampling policy,high,bout_phase,20.0,-0.014047416922699334,0.030292828968703566,9
Sampling policy,high,bout_phase,21.0,-0.030648599905071523,0.028834183057829945,9
Sampling policy,high,bout_phase,22.0,-0.017699901695105495,0.021540214862043827,9
Sampling policy,high,bout_phase,23.0,-0.05861164928119665,0.021845803914803813,9
Sampling policy,high,bout_phase,24.0,-0.010823635331677168,0.02918095289501664,9
Sampling policy,high,bout_phase,25.0,-0.04960371901647051,0.03663959980610563,9
Sampling policy,high,bout_phase,26.0,-0.02064583358663004,0.0425413174924883,9
Sampling policy,high,bout_phase,27.0,-0.003017997949379944,0.04113655162463391,9
Sampling policy,high,bout_phase,28.0,-0.05661876760405119,0.03368562674932619,9
Sampling policy,high,bout_phase,29.0,-0.12382329267019469,0.03477254114434209,9
Sampling policy,high,bout_phase,30.0,-0.1163742051270661,0.028732194865986493,9
Sampling policy,high,bout_phase,31.0,-0.09377541940137775,0.0245139713421501,9
Sampling policy,high,bout_phase,32.0,-0.08437178865322892,0.03689144992733313,9
Sampling policy,high,bout_phase,33.0,-0.04243316177154547,0.039006673703930794,9
Sampling policy,high,bout_phase,34.0,-0.08079308031036243,0.0452273407505654,9
Sampling policy,high,bout_phase,35.0,-0.1270001650866784,0.042439870657644756,9
Sampling policy,high,bout_phase,36.0,-0.10276845039325375,0.034914044194531625,9
Sampling policy,high,bout_phase,37.0,-0.07794477889661328,0.0392673395134011,9
Sampling policy,high,bout_phase,38.0,-0.07491924800608894,0.05003695928941132,9
Sampling policy,high,bout_phase,39.0,-0.11175870159207738,0.04209327953019278,9
Sampling policy,high,bout_phase,40.0,-0.08837238288293,0.05024435269265066,9
Sampling policy,high,bout_phase,41.0,-0.0819404508247325,0.04252744320383404,9
Sampling policy,high,bout_phase,42.0,-0.09656446534096992,0.03859866641108429,9
Sampling policy,high,bout_phase,43.0,-0.1574462900749456,0.05223392747452978,9
Sampling policy,high,bout_phase,44.0,-0.11714300336626565,0.04570532985554384,9
Sampling policy,high,bout_phase,45.0,-0.11727635531472513,0.038961690634216666,9
Sampling policy,high,bout_phase,46.0,-0.11044777210258533,0.030449607255427735,9
Sampling policy,high,bout_phase,47.0,-0.1276073689135505,0.027081435290634507,9
Sampling policy,high,bout_phase,48.0,-0.09302470447074299,0.0306287758928034,9
Sampling policy,high,bout_phase,49.0,-0.10683654542347007,0.04163640758619196,9
Sampling policy,high,bout_phase,50.0,-0.10971640643608331,0.03246327363866972,9
Sampling policy,high,bout_phase,51.0,-0.09844452748662552,0.04510924463546739,9
Sampling policy,high,bout_phase,52.0,-0.12858528177323034,0.03735786048718585,9
Sampling policy,high,bout_phase,53.0,-0.09147887431600571,0.036008422252881034,9
Sampling policy,high,bout_phase,54.0,-0.09345371783424002,0.036340685106444864,9
Sampling policy,high,bout_phase,55.0,-0.08023144797885695,0.03819629306926793,9
Sampling policy,high,bout_phase,56.0,-0.11723633126188905,0.039088403921174644,9
Sampling policy,high,bout_phase,57.0,-0.08864461876272371,0.039186937454685274,9
Sampling policy,high,bout_phase,58.0,-0.0945022227510393,0.03557873679855184,9
Sampling policy,high,bout_phase,59.0,-0.08883378669322203,0.02431908376653484,9
Sampling policy,high,bout_phase,60.0,-0.09005535020613081,0.026568559448624452,9
Sampling policy,high,bout_phase,61.0,-0.1111955371803907,0.033268209852220114,9
Sampling policy,high,bout_phase,62.0,-0.0962552385069204,0.04185752508044188,9
Sampling policy,high,bout_phase,63.0,-0.09441168508250602,0.037571241309591746,9
Sampling policy,high,bout_phase,64.0,-0.08631877525145727,0.0345922014802727,9
Sampling policy,high,bout_phase,65.0,-0.09647671515102606,0.04622210953036287,9
Sampling policy,high,bout_phase,66.0,-0.08610694113924351,0.03565867531187524,9
Sampling policy,high,bout_phase,67.0,-0.11525138334133096,0.055416604463516345,9
Sampling policy,high,bout_phase,68.0,-0.089064541732381,0.05256235157727391,9
Sampling policy,high,bout_phase,69.0,-0.12112338271352134,0.051403451488290515,9
Sampling policy,high,bout_phase,70.0,-0.12118155885465463,0.04298119428975916,9
Sampling policy,high,bout_phase,71.0,-0.10420498625782254,0.058111516762446476,9
Sampling policy,high,bout_phase,72.0,-0.11014964964478599,0.04231938376297689,9
Sampling policy,high,bout_phase,73.0,-0.07670124496310171,0.04451082045205368,9
Sampling policy,high,bout_phase,74.0,-0.06979581045353916,0.056658400888628675,9
Sampling policy,high,bout_phase,75.0,-0.08620119093880446,0.05128526686883495,9
Sampling policy,high,bout_phase,76.0,-0.07916490239293321,0.056385364481419696,9
Sampling policy,high,bout_phase,77.0,-0.08187231976128592,0.03374505402459404,9
Sampling policy,high,bout_phase,78.0,-0.06357007899516512,0.03963988253379389,9
Sampling policy,high,bout_phase,79.0,-0.054908116424363405,0.04096338020339368,9
Sampling policy,high,bout_phase,80.0,-0.08214006441936311,0.04531767042517031,9
Sampling policy,high,bout_phase,81.0,-0.06622907892002099,0.05190345284889844,9
Sampling policy,high,bout_phase,82.0,-0.030341042641146558,0.05069143842115558,9
Sampling policy,high,bout_phase,83.0,-0.08076362618526448,0.05335857296066004,9
Sampling policy,high,bout_phase,84.0,-0.08505504577898632,0.038080195824101014,9
Sampling policy,high,bout_phase,85.0,-0.06297324876918495,0.04647962252258883,9
Sampling policy,high,bout_phase,86.0,-0.05648827158249893,0.0428480644800119,9
Sampling policy,high,bout_phase,87.0,-0.04315462832335494,0.04381391779805682,9
Sampling policy,high,bout_phase,88.0,-0.02908325001594977,0.052038605829753316,9
Sampling policy,high,bout_phase,89.0,-0.03306333911793517,0.03915286609654004,9
Sampling policy,high,bout_phase,90.0,0.00409368955535321,0.0669414651040237,9
Sampling policy,high,bout_phase,91.0,0.04736417642320608,0.0673947299940018,9
Sampling policy,high,bout_phase,92.0,0.0217134957365385,0.09198153341643132,9
Sampling policy,high,bout_phase,93.0,0.08191762604959517,0.09038293717411748,9
Sampling policy,high,bout_phase,94.0,0.13154236167470038,0.0800013194433765,9
Sampling policy,high,bout_phase,95.0,0.14300429284011448,0.10028175474585345,9
Sampling policy,high,bout_phase,96.0,0.19931104067630206,0.08906957423298432,9
Sampling policy,high,bout_phase,97.0,0.2687446169661203,0.09444283318862613,9
Sampling policy,high,bout_phase,98.0,0.3128155320890353,0.13450081080486567,9
Sampling policy,high,bout_phase,99.0,0.34819290424765964,0.15234012686609408,9
Sampling policy,high,bout_phase,100.0,0.3762939948080125,0.16837990594046034,9
Sampling policy,low,bout_phase,0.0,0.24178727374943407,0.08767451734978694,9
Sampling policy,low,bout_phase,1.0,0.15680455260973714,0.047537126764364425,9
Sampling policy,low,bout_phase,2.0,0.051637543583586604,0.04393332815923139,9
Sampling policy,low,bout_phase,3.0,0.020268340581725466,0.03621642058764924,9
Sampling policy,low,bout_phase,4.0,-0.030140216473210562,0.032137493775928,9
Sampling policy,low,bout_phase,5.0,-0.024777259019237607,0.03470453047125243,9
Sampling policy,low,bout_phase,6.0,-0.03792275110274073,0.04128660683549674,9
Sampling policy,low,bout_phase,7.0,-0.02583873589136682,0.0433794783075269,9
Sampling policy,low,bout_phase,8.0,-0.006627012073295895,0.04320702130793639,9
Sampling policy,low,bout_phase,9.0,0.0012920736018503366,0.046722302330520826,9
Sampling policy,low,bout_phase,10.0,-0.02682154497969233,0.04542560213678914,9
Sampling policy,low,bout_phase,11.0,-0.026411261626207574,0.035949114186992925,9
Sampling policy,low,bout_phase,12.0,0.0013726578402664268,0.04624092249901735,9
Sampling policy,low,bout_phase,13.0,-0.016076662686645468,0.03705142815319532,9
Sampling policy,low,bout_phase,14.0,-0.018078713275496025,0.04634268213765393,9
Sampling policy,low,bout_phase,15.0,-0.05941343167104921,0.04244482444985237,9
Sampling policy,low,bout_phase,16.0,-0.07257251046139965,0.04278724580889758,9
Sampling policy,low,bout_phase,17.0,-0.058503640845893407,0.03369114457364899,9
Sampling policy,low,bout_phase,18.0,-0.0227046460979739,0.03217355541795134,9
Sampling policy,low,bout_phase,19.0,-0.03366389389619138,0.03768557375906675,9
Sampling policy,low,bout_phase,20.0,-0.030020101643604975,0.029721464215421656,9
Sampling policy,low,bout_phase,21.0,-0.025679554439605647,0.024212749699902697,9
Sampling policy,low,bout_phase,22.0,-0.031022950349298004,0.03132780987238137,9
Sampling policy,low,bout_phase,23.0,-0.04195960127551242,0.026572347735654447,9
Sampling policy,low,bout_phase,24.0,-0.0569769336232593,0.025362934603764473,9
Sampling policy,low,bout_phase,25.0,-0.03912036692785817,0.03227342479126873,9
Sampling policy,low,bout_phase,26.0,-0.09685261061328726,0.03263410893720974,9
Sampling policy,low,bout_phase,27.0,-0.0723595615464015,0.026120317887954065,9
Sampling policy,low,bout_phase,28.0,-0.011735586527670436,0.03330004589554717,9
Sampling policy,low,bout_phase,29.0,-0.015777810035639297,0.04332530181604218,9
Sampling policy,low,bout_phase,30.0,-0.020468004724583908,0.027957313841513412,9
Sampling policy,low,bout_phase,31.0,-0.017408583637772503,0.02674774276741776,9
Sampling policy,low,bout_phase,32.0,-0.03316755493992063,0.025252629487937325,9
Sampling policy,low,bout_phase,33.0,-0.048588221552650794,0.03193612710183912,9
Sampling policy,low,bout_phase,34.0,-0.057074798445777106,0.033639616173012234,9
Sampling policy,low,bout_phase,35.0,-0.08478878963053268,0.02362400316992844,9
Sampling policy,low,bout_phase,36.0,-0.05966437001027342,0.033079036065796624,9
Sampling policy,low,bout_phase,37.0,-0.04950062896317417,0.03204994619797163,9
Sampling policy,low,bout_phase,38.0,-0.032959286631103014,0.03564727919970579,9
Sampling policy,low,bout_phase,39.0,-0.04086436336780266,0.04628474159022269,9
Sampling policy,low,bout_phase,40.0,-0.059447970710073066,0.04174423657815232,9
Sampling policy,low,bout_phase,41.0,-0.06290562556882555,0.033029348432973164,9
Sampling policy,low,bout_phase,42.0,-0.04447999106267789,0.02548758095013807,9
Sampling policy,low,bout_phase,43.0,-0.08422687487412822,0.02934439176089652,9
Sampling policy,low,bout_phase,44.0,-0.10780909947729213,0.03201740216892154,9
Sampling policy,low,bout_phase,45.0,-0.10038123808495364,0.0309306603676264,9
Sampling policy,low,bout_phase,46.0,-0.0778494444920992,0.022127357142427532,9
Sampling policy,low,bout_phase,47.0,-0.1020549594357522,0.03169030634085153,9
Sampling policy,low,bout_phase,48.0,-0.0642012032905091,0.035936706912185874,9
Sampling policy,low,bout_phase,49.0,-0.044310650866216356,0.05045476438714214,9
Sampling policy,low,bout_phase,50.0,-0.035164485494014464,0.04243610672928377,9
Sampling policy,low,bout_phase,51.0,-0.0563351663919497,0.02825515582422904,9
Sampling policy,low,bout_phase,52.0,-0.0738659543036445,0.03295672964325847,9
Sampling policy,low,bout_phase,53.0,-0.09141575161527701,0.03691182944645851,9
Sampling policy,low,bout_phase,54.0,-0.05459794308444656,0.04676965130601383,9
Sampling policy,low,bout_phase,55.0,-0.03227182443280388,0.03847764432707508,9
Sampling policy,low,bout_phase,56.0,-0.05681475842362903,0.04923612987819504,9
Sampling policy,low,bout_phase,57.0,-0.08825400930890302,0.037585917329962866,9
Sampling policy,low,bout_phase,58.0,-0.0773754459631919,0.034441984869951335,9
Sampling policy,low,bout_phase,59.0,-0.08687789141189374,0.0396614688842769,9
Sampling policy,low,bout_phase,60.0,-0.0877459363575868,0.0330534302502972,9
Sampling policy,low,bout_phase,61.0,-0.15383390273544298,0.044852447359514803,9
Sampling policy,low,bout_phase,62.0,-0.13324055627188924,0.04001365599487634,9
Sampling policy,low,bout_phase,63.0,-0.11879791522456633,0.029645321047024147,9
Sampling policy,low,bout_phase,64.0,-0.12840483125234736,0.03755259521101232,9
Sampling policy,low,bout_phase,65.0,-0.12247501637552571,0.03951928149655069,9
Sampling policy,low,bout_phase,66.0,-0.12477255464028304,0.03341696150347686,9
Sampling policy,low,bout_phase,67.0,-0.14000799739627123,0.03971270068959353,9
Sampling policy,low,bout_phase,68.0,-0.10693780165581801,0.04092452431748868,9
Sampling policy,low,bout_phase,69.0,-0.13731091441755394,0.03348462486501016,9
Sampling policy,low,bout_phase,70.0,-0.14493482930648796,0.032909272751947605,9
Sampling policy,low,bout_phase,71.0,-0.1566860618013672,0.03401845577497791,9
Sampling policy,low,bout_phase,72.0,-0.15569936805225748,0.036917899563392594,9
Sampling policy,low,bout_phase,73.0,-0.14648170444901187,0.03769026401078062,9
Sampling policy,low,bout_phase,74.0,-0.1453342207441746,0.04766967698249924,9
Sampling policy,low,bout_phase,75.0,-0.13770719537831175,0.034284199619604265,9
Sampling policy,low,bout_phase,76.0,-0.1900397520727392,0.03112866409393454,9
Sampling policy,low,bout_phase,77.0,-0.1369202444857257,0.03579534803073313,9
Sampling policy,low,bout_phase,78.0,-0.15662106261337247,0.02399453440418622,9
Sampling policy,low,bout_phase,79.0,-0.146634993019615,0.04141940633516419,9
Sampling policy,low,bout_phase,80.0,-0.15760661178681376,0.033869338405604285,9
Sampling policy,low,bout_phase,81.0,-0.15054040755936474,0.039928551778020516,9
Sampling policy,low,bout_phase,82.0,-0.1557740908955413,0.05008009996177298,9
Sampling policy,low,bout_phase,83.0,-0.14789922820506912,0.044772076688244046,9
Sampling policy,low,bout_phase,84.0,-0.14082836431508267,0.043718456830785964,9
Sampling policy,low,bout_phase,85.0,-0.14979899724896156,0.049093652024342814,9
Sampling policy,low,bout_phase,86.0,-0.10984892536324471,0.051257986599228554,9
Sampling policy,low,bout_phase,87.0,-0.07483318253286916,0.04811981605570508,9
Sampling policy,low,bout_phase,88.0,-0.07899322261672483,0.05878745993557238,9
Sampling policy,low,bout_phase,89.0,-0.05061324528717789,0.07003320582631066,9
Sampling policy,low,bout_phase,90.0,-0.03942499517103031,0.07743295348749493,9
Sampling policy,low,bout_phase,91.0,-0.03273628387687023,0.09078415526936134,9
Sampling policy,low,bout_phase,92.0,-0.015816966639288405,0.08082021268535773,9
Sampling policy,low,bout_phase,93.0,0.0026544866392017915,0.07589331500908703,9
Sampling policy,low,bout_phase,94.0,0.0917575331671771,0.08583572092364682,9
Sampling policy,low,bout_phase,95.0,0.1177026121336852,0.09103331142293308,9
Sampling policy,low,bout_phase,96.0,0.14931672369396082,0.11515158786025419,9
Sampling policy,low,bout_phase,97.0,0.20310145928721257,0.12519138949078587,9
Sampling policy,low,bout_phase,98.0,0.19733578545201277,0.13138192508272226,9
Sampling policy,low,bout_phase,99.0,0.29497667823987384,0.1674759781561785,9
Sampling policy,low,bout_phase,100.0,0.33761906163696764,0.19571502845961394,9
Actor |RPE|,high,fixed,-3.0,-0.09678716294722041,0.0298012453698468,9
Actor |RPE|,high,fixed,-2.9,-0.08903363582631171,0.030675113515369928,9
Actor |RPE|,high,fixed,-2.8,-0.05835266094977573,0.04576227926048288,9
Actor |RPE|,high,fixed,-2.6999999999999997,-0.06420942714501965,0.05023175012543505,9
Actor |RPE|,high,fixed,-2.5999999999999996,-0.05106303261720139,0.061310091006166974,9
Actor |RPE|,high,fixed,-2.4999999999999996,-0.08300053642903975,0.06505843272950967,9
Actor |RPE|,high,fixed,-2.3999999999999995,-0.048409197206517166,0.06422638332447567,9
Actor |RPE|,high,fixed,-2.2999999999999994,-0.054315103830057034,0.07009386761084486,9
Actor |RPE|,high,fixed,-2.1999999999999993,-0.025717592861492878,0.07452350281679156,9
Actor |RPE|,high,fixed,-2.099999999999999,-0.002126318052256008,0.07705990526332922,9
Actor |RPE|,high,fixed,-1.9999999999999991,0.022857498034454977,0.07312881335340025,9
Actor |RPE|,high,fixed,-1.899999999999999,0.017499560572760954,0.07412795823510103,9
Actor |RPE|,high,fixed,-1.799999999999999,0.02928228797614546,0.06935522346762471,9
Actor |RPE|,high,fixed,-1.6999999999999988,0.05999792838858173,0.07606589390363312,9
Actor |RPE|,high,fixed,-1.5999999999999988,0.06298884466815852,0.08130933172956985,9
Actor |RPE|,high,fixed,-1.4999999999999987,0.1029508954898135,0.08674031748608542,9
Actor |RPE|,high,fixed,-1.3999999999999986,0.1336710020533901,0.09159121335102471,9
Actor |RPE|,high,fixed,-1.2999999999999985,0.1642073696033968,0.0964739079429412,9
Actor |RPE|,high,fixed,-1.1999999999999984,0.22349573956013932,0.10530870138387838,9
Actor |RPE|,high,fixed,-1.0999999999999983,0.24637726622804854,0.11027331201232475,9
Actor |RPE|,high,fixed,-0.9999999999999982,0.2703095617900021,0.11062789133828715,9
Actor |RPE|,high,fixed,-0.8999999999999981,0.29001974649649437,0.11974755072894198,9
Actor |RPE|,high,fixed,-0.799999999999998,0.3209274294431716,0.11972402174618864,9
Actor |RPE|,high,fixed,-0.699999999999998,0.409269806231337,0.13492847968729973,9
Actor |RPE|,high,fixed,-0.5999999999999979,0.4305422998391885,0.1319796856745215,9
Actor |RPE|,high,fixed,-0.4999999999999978,0.43593720577405376,0.13530168056947514,9
Actor |RPE|,high,fixed,-0.3999999999999977,0.4092949975208729,0.14498845856319548,9
Actor |RPE|,high,fixed,-0.2999999999999976,0.41517313676433104,0.15681677192746016,9
Actor |RPE|,high,fixed,-0.1999999999999975,0.3708500531492511,0.14855472944603743,9
Actor |RPE|,high,fixed,-0.09999999999999742,0.3999144159121115,0.142791372053167,9
Actor |RPE|,high,fixed,2.6645352591003757e-15,0.446641445291504,0.1349065198651323,9
Actor |RPE|,high,fixed,0.10000000000000275,0.5308087314972424,0.11920382211774128,9
Actor |RPE|,high,fixed,0.20000000000000284,0.5117985935054282,0.10437495268883996,9
Actor |RPE|,high,fixed,0.30000000000000293,0.43685199028277616,0.0922877239053584,9
Actor |RPE|,high,fixed,0.400000000000003,0.37673753865715465,0.0864930890686278,9
Actor |RPE|,high,fixed,0.5000000000000031,0.3278747007375945,0.0755861678143709,9
Actor |RPE|,high,fixed,0.6000000000000032,0.2693974730800333,0.07660291781207547,9
Actor |RPE|,high,fixed,0.7000000000000033,0.24619179551963452,0.06399453585953822,9
Actor |RPE|,high,fixed,0.8000000000000034,0.24181931784218488,0.0671843418040411,9
Actor |RPE|,high,fixed,0.9000000000000035,0.3290821340978979,0.08063071564286196,9
Actor |RPE|,high,fixed,1.0000000000000036,0.3695563296368334,0.08720802028676754,9
Actor |RPE|,high,fixed,1.1000000000000032,0.40329451968048996,0.08631673199304098,9
Actor |RPE|,high,fixed,1.2000000000000037,0.3476133086144265,0.0911289060780478,9
Actor |RPE|,high,fixed,1.3000000000000043,0.30300162172439354,0.08636053615282659,9
Actor |RPE|,high,fixed,1.400000000000004,0.27291809045971405,0.09635688505039482,9
Actor |RPE|,high,fixed,1.5000000000000036,0.2630652331105787,0.10378707284582432,9
Actor |RPE|,high,fixed,1.600000000000004,0.24386025037606107,0.094102871498755,9
Actor |RPE|,high,fixed,1.7000000000000046,0.21629230550072004,0.10044140758136376,9
Actor |RPE|,high,fixed,1.8000000000000043,0.185987824395759,0.09199230074040383,9
Actor |RPE|,high,fixed,1.900000000000004,0.16574974814561913,0.08126627129505608,9
Actor |RPE|,high,fixed,2.0000000000000044,0.1656990081972641,0.07893395612722245,9
Actor |RPE|,high,fixed,2.100000000000005,0.1622884572707678,0.07562325629011714,9
Actor |RPE|,high,fixed,2.2000000000000046,0.15546133373301343,0.06457479402300441,9
Actor |RPE|,high,fixed,2.3000000000000043,0.13592776572639007,0.06898192569614774,9
Actor |RPE|,high,fixed,2.400000000000005,0.14093631585022784,0.06936394194303919,9
Actor |RPE|,high,fixed,2.5000000000000053,0.11974372770506286,0.07273598020806331,9
Actor |RPE|,high,fixed,2.600000000000005,0.13775229023123026,0.07659764417584487,9
Actor |RPE|,high,fixed,2.7000000000000046,0.11082287214379126,0.07680622742477668,9
Actor |RPE|,high,fixed,2.800000000000005,0.09065875880079788,0.07600300754259603,9
Actor |RPE|,high,fixed,2.9000000000000057,0.11255396163105151,0.0828431348710701,9
Actor |RPE|,high,fixed,3.0000000000000053,0.07524419686010278,0.0817523294616795,9
Actor |RPE|,high,fixed,3.100000000000005,0.08729809475347523,0.09381711985146425,9
Actor |RPE|,high,fixed,3.2000000000000055,0.09361408674560096,0.08489438356884288,9
Actor |RPE|,high,fixed,3.300000000000006,0.0856990361787356,0.08812354853484373,9
Actor |RPE|,high,fixed,3.4000000000000057,0.08758849637147671,0.08391237236263771,9
Actor |RPE|,high,fixed,3.5000000000000053,0.08707002292862714,0.07815989522538631,9
Actor |RPE|,high,fixed,3.600000000000006,0.08592625215776735,0.06838048139842198,9
Actor |RPE|,high,fixed,3.7000000000000064,0.0444728365145241,0.05706838107158021,9
Actor |RPE|,high,fixed,3.800000000000006,0.07146181037207763,0.053821015198955054,9
Actor |RPE|,high,fixed,3.9000000000000057,0.06903072285520002,0.05384189148469611,9
Actor |RPE|,high,fixed,4.000000000000006,0.04838653241466218,0.05199843522560945,9
Actor |RPE|,high,fixed,4.100000000000007,0.0669272309083675,0.0561057121045439,9
Actor |RPE|,high,fixed,4.200000000000006,0.048522576286461824,0.0469252979360272,9
Actor |RPE|,high,fixed,4.300000000000006,0.05500106404261364,0.049513915354610465,9
Actor |RPE|,high,fixed,4.400000000000007,0.04644191346301328,0.047867066687653455,9
Actor |RPE|,high,fixed,4.500000000000007,0.04846181971234176,0.04972977276777463,9
Actor |RPE|,high,fixed,4.600000000000007,0.04699555765816529,0.04616328595210891,9
Actor |RPE|,high,fixed,4.700000000000006,0.06720133492030554,0.03964839998111492,9
Actor |RPE|,high,fixed,4.800000000000007,0.06664829017697155,0.04061400618083901,9
Actor |RPE|,high,fixed,4.9000000000000075,0.07081651869957789,0.04619307499887359,9
Actor |RPE|,high,fixed,5.000000000000007,0.08759150780269667,0.04285123659004686,9
Actor |RPE|,high,fixed,5.100000000000007,0.0913201643837771,0.04294253288031904,9
Actor |RPE|,high,fixed,5.200000000000006,0.09041284191265503,0.0368285975735397,9
Actor |RPE|,high,fixed,5.300000000000008,0.0867960053252603,0.038787224145208715,9
Actor |RPE|,high,fixed,5.4000000000000075,0.09666646860797301,0.04270177192861995,9
Actor |RPE|,high,fixed,5.500000000000007,0.08949196803064699,0.03998783483406488,9
Actor |RPE|,high,fixed,5.6000000000000085,0.08128097671459512,0.039612841042703795,9
Actor |RPE|,high,fixed,5.700000000000008,0.059378680151685126,0.04110774767723776,9
Actor |RPE|,high,fixed,5.800000000000008,0.07282010479117712,0.03788702054674563,9
Actor |RPE|,high,fixed,5.9000000000000075,0.06478639655579577,0.04048384031159647,9
Actor |RPE|,low,fixed,-3.0,-0.17883834767909576,0.042296197953992865,9
Actor |RPE|,low,fixed,-2.9,-0.14123285357994134,0.044603262829879635,9
Actor |RPE|,low,fixed,-2.8,-0.11431260078511422,0.05068554639632895,9
Actor |RPE|,low,fixed,-2.6999999999999997,-0.09968799744843254,0.05539510208700795,9
Actor |RPE|,low,fixed,-2.5999999999999996,-0.10620571905575911,0.05575000078537313,9
Actor |RPE|,low,fixed,-2.4999999999999996,-0.10336614900968323,0.05969228511842478,9
Actor |RPE|,low,fixed,-2.3999999999999995,-0.10071247748683916,0.05724715870353026,9
Actor |RPE|,low,fixed,-2.2999999999999994,-0.10321741084417736,0.06303433971301685,9
Actor |RPE|,low,fixed,-2.1999999999999993,-0.09801443883509209,0.05671375996326541,9
Actor |RPE|,low,fixed,-2.099999999999999,-0.09028421897556677,0.05768663274558511,9
Actor |RPE|,low,fixed,-1.9999999999999991,-0.06075458620602747,0.05605758106094441,9
Actor |RPE|,low,fixed,-1.899999999999999,-0.04661469265338974,0.05437175686575135,9
Actor |RPE|,low,fixed,-1.799999999999999,-0.022059011583075824,0.05512293784850388,9
Actor |RPE|,low,fixed,-1.6999999999999988,-0.01784537107596588,0.04608664097550568,9
Actor |RPE|,low,fixed,-1.5999999999999988,0.004524958262434181,0.0509756498031122,9
Actor |RPE|,low,fixed,-1.4999999999999987,0.02433002688760241,0.04156969175435704,9
Actor |RPE|,low,fixed,-1.3999999999999986,0.007938846581628614,0.04304715972268853,9
Actor |RPE|,low,fixed,-1.2999999999999985,0.04536355235059757,0.04109449854378406,9
Actor |RPE|,low,fixed,-1.1999999999999984,0.05821603617812121,0.04362156247596663,9
Actor |RPE|,low,fixed,-1.0999999999999983,0.08587461115610145,0.0641235898074398,9
Actor |RPE|,low,fixed,-0.9999999999999982,0.08233892570015507,0.08122038800305524,9
Actor |RPE|,low,fixed,-0.8999999999999981,0.07283195054600006,0.0749282422640419,9
Actor |RPE|,low,fixed,-0.799999999999998,0.07520447235038784,0.07932463340703273,9
Actor |RPE|,low,fixed,-0.699999999999998,0.06513760182274736,0.07905731423613967,9
Actor |RPE|,low,fixed,-0.5999999999999979,0.09614526905240167,0.09334262718814516,9
Actor |RPE|,low,fixed,-0.4999999999999978,0.07693331475433073,0.10309763835292879,9
Actor |RPE|,low,fixed,-0.3999999999999977,0.04902892817028558,0.12041488526228204,9
Actor |RPE|,low,fixed,-0.2999999999999976,-0.017921900378859705,0.12920268727501036,9
Actor |RPE|,low,fixed,-0.1999999999999975,-0.04634372439388455,0.10932272784657103,9
Actor |RPE|,low,fixed,-0.09999999999999742,-0.04205612932872389,0.09484807023604465,9
Actor |RPE|,low,fixed,2.6645352591003757e-15,-0.0005422210658693841,0.07912415879253747,9
Actor |RPE|,low,fixed,0.10000000000000275,0.05483922267470763,0.060918598094681566,9
Actor |RPE|,low,fixed,0.20000000000000284,0.038720585851590786,0.05292737136507628,9
Actor |RPE|,low,fixed,0.30000000000000293,0.004064892111018772,0.04297706160590722,9
Actor |RPE|,low,fixed,0.400000000000003,-0.030446720801944153,0.046388652287584535,9
Actor |RPE|,low,fixed,0.5000000000000031,-0.04618843115474687,0.05234440430108835,9
Actor |RPE|,low,fixed,0.6000000000000032,-0.09048866453386233,0.059544992373679946,9
Actor |RPE|,low,fixed,0.7000000000000033,-0.15871641494001962,0.05801318866186347,9
Actor |RPE|,low,fixed,0.8000000000000034,-0.20016252422982553,0.06333910133369407,9
Actor |RPE|,low,fixed,0.9000000000000035,-0.23969948182902406,0.06725348122782421,9
Actor |RPE|,low,fixed,1.0000000000000036,-0.24494760853550648,0.0741850358950218,9
Actor |RPE|,low,fixed,1.1000000000000032,-0.2651444812676384,0.07621461824540023,9
Actor |RPE|,low,fixed,1.2000000000000037,-0.26649876609837897,0.08336779091844608,9
Actor |RPE|,low,fixed,1.3000000000000043,-0.2952991557727509,0.08420932131032277,9
Actor |RPE|,low,fixed,1.400000000000004,-0.30947717135464425,0.07970639230380817,9
Actor |RPE|,low,fixed,1.5000000000000036,-0.29094854291511774,0.07944668094092892,9
Actor |RPE|,low,fixed,1.600000000000004,-0.29243612022222476,0.07404865547939007,9
Actor |RPE|,low,fixed,1.7000000000000046,-0.2876837056198411,0.07046560243984963,9
Actor |RPE|,low,fixed,1.8000000000000043,-0.289406484882137,0.06844853794732171,9
Actor |RPE|,low,fixed,1.900000000000004,-0.28828789166549146,0.06942588844566241,9
Actor |RPE|,low,fixed,2.0000000000000044,-0.28519239389954204,0.0646150367281492,9
Actor |RPE|,low,fixed,2.100000000000005,-0.27750375581074405,0.05636717338175556,9
Actor |RPE|,low,fixed,2.2000000000000046,-0.2638127159372266,0.05241336844447151,9
Actor |RPE|,low,fixed,2.3000000000000043,-0.27914009990892774,0.042206845280239845,9
Actor |RPE|,low,fixed,2.400000000000005,-0.2879576829716198,0.04454124686528894,9
Actor |RPE|,low,fixed,2.5000000000000053,-0.2667029329850024,0.04757247036608173,9
Actor |RPE|,low,fixed,2.600000000000005,-0.2903939000964902,0.04273904990468295,9
Actor |RPE|,low,fixed,2.7000000000000046,-0.2952156495691401,0.03867927498335954,9
Actor |RPE|,low,fixed,2.800000000000005,-0.26953447672642716,0.03812047637674589,9
Actor |RPE|,low,fixed,2.9000000000000057,-0.28785943688818083,0.036192850490968397,9
Actor |RPE|,low,fixed,3.0000000000000053,-0.2823341949054548,0.04780533213976493,9
Actor |RPE|,low,fixed,3.100000000000005,-0.24712366038911743,0.041375059266834255,9
Actor |RPE|,low,fixed,3.2000000000000055,-0.25093283711839603,0.04469302215470831,9
Actor |RPE|,low,fixed,3.300000000000006,-0.24254540587381712,0.041050976793353317,9
Actor |RPE|,low,fixed,3.4000000000000057,-0.23653257454657015,0.034558536749365036,9
Actor |RPE|,low,fixed,3.5000000000000053,-0.2334704156517452,0.038411647304305276,9
Actor |RPE|,low,fixed,3.600000000000006,-0.19594822159832018,0.04178090666341441,9
Actor |RPE|,low,fixed,3.7000000000000064,-0.19055002454613834,0.045430751887310876,9
Actor |RPE|,low,fixed,3.800000000000006,-0.2055441961977289,0.032265299670908944,9
Actor |RPE|,low,fixed,3.9000000000000057,-0.1969051667463906,0.033503407310293734,9
Actor |RPE|,low,fixed,4.000000000000006,-0.2046884044312671,0.025388057032187456,9
Actor |RPE|,low,fixed,4.100000000000007,-0.18945560703652542,0.0224320711853393,9
Actor |RPE|,low,fixed,4.200000000000006,-0.16736222479632415,0.030952341153582797,9
Actor |RPE|,low,fixed,4.300000000000006,-0.15322057427591598,0.043911322699997236,9
Actor |RPE|,low,fixed,4.400000000000007,-0.14102013188827675,0.04144218764085678,9
Actor |RPE|,low,fixed,4.500000000000007,-0.14235546004190786,0.03956677494695402,9
Actor |RPE|,low,fixed,4.600000000000007,-0.11849579860442933,0.039084162384901346,9
Actor |RPE|,low,fixed,4.700000000000006,-0.12993092645837093,0.04510584256164768,9
Actor |RPE|,low,fixed,4.800000000000007,-0.1524706755270566,0.05247862682022198,9
Actor |RPE|,low,fixed,4.9000000000000075,-0.13519549036962542,0.04763887501840584,9
Actor |RPE|,low,fixed,5.000000000000007,-0.1486384091454118,0.052184536613911814,9
Actor |RPE|,low,fixed,5.100000000000007,-0.13259470727014938,0.04662493264998183,9
Actor |RPE|,low,fixed,5.200000000000006,-0.13671675134746514,0.045182365638365335,9
Actor |RPE|,low,fixed,5.300000000000008,-0.14354721278265817,0.04476414425022304,9
Actor |RPE|,low,fixed,5.4000000000000075,-0.13483855558804814,0.03843528351555065,9
Actor |RPE|,low,fixed,5.500000000000007,-0.12331572147554258,0.04595993519907123,9
Actor |RPE|,low,fixed,5.6000000000000085,-0.11414782195435083,0.04933900266389097,9
Actor |RPE|,low,fixed,5.700000000000008,-0.10797582023019064,0.05267942342997384,9
Actor |RPE|,low,fixed,5.800000000000008,-0.12340480430629391,0.04553518954622901,9
Actor |RPE|,low,fixed,5.9000000000000075,-0.14316938526297374,0.04830857767611579,9
Actor |RPE|,high,bout_phase,0.0,0.44862239684184474,0.13340379215608308,9
Actor |RPE|,high,bout_phase,1.0,0.3743445276872365,0.08173189285083178,9
Actor |RPE|,high,bout_phase,2.0,0.26998992467816374,0.06817938753864268,9
Actor |RPE|,high,bout_phase,3.0,0.24076741549765923,0.06802414551897647,9
Actor |RPE|,high,bout_phase,4.0,0.22181815564917465,0.06928247092898095,9
Actor |RPE|,high,bout_phase,5.0,0.18367274033283787,0.05672988967122708,9
Actor |RPE|,high,bout_phase,6.0,0.15778794389553644,0.059411417321712214,9
Actor |RPE|,high,bout_phase,7.0,0.19815519669377035,0.0495034118504678,9
Actor |RPE|,high,bout_phase,8.0,0.1807596589481663,0.0593643773738158,9
Actor |RPE|,high,bout_phase,9.0,0.19821259153242693,0.05850091814736221,9
Actor |RPE|,high,bout_phase,10.0,0.17252590404021825,0.06247677012914803,9
Actor |RPE|,high,bout_phase,11.0,0.14017879122850785,0.05705763433933688,9
Actor |RPE|,high,bout_phase,12.0,0.1595864190528297,0.05278825677496198,9
Actor |RPE|,high,bout_phase,13.0,0.16341265452952697,0.05841414578374149,9
Actor |RPE|,high,bout_phase,14.0,0.16104028956877886,0.050608268964093435,9
Actor |RPE|,high,bout_phase,15.0,0.15768044195490838,0.05060622792386879,9
Actor |RPE|,high,bout_phase,16.0,0.1803562689384809,0.04291314862494647,9
Actor |RPE|,high,bout_phase,17.0,0.15948365943498438,0.048310001841440624,9
Actor |RPE|,high,bout_phase,18.0,0.16032525983697132,0.04696940700970751,9
Actor |RPE|,high,bout_phase,19.0,0.15426558915294242,0.03587663022245,9
Actor |RPE|,high,bout_phase,20.0,0.13094842048318103,0.03776612850506552,9
Actor |RPE|,high,bout_phase,21.0,0.11740801989862347,0.04550065141866649,9
Actor |RPE|,high,bout_phase,22.0,0.08824393245311299,0.03989831596517323,9
Actor |RPE|,high,bout_phase,23.0,0.0510197377480969,0.04185637726425274,9
Actor |RPE|,high,bout_phase,24.0,0.06833637688810511,0.04578342959759951,9
Actor |RPE|,high,bout_phase,25.0,0.08171822842059592,0.05177245273341078,9
Actor |RPE|,high,bout_phase,26.0,0.07159729040018786,0.058694445893617476,9
Actor |RPE|,high,bout_phase,27.0,0.07453537860676226,0.05784177916093559,9
Actor |RPE|,high,bout_phase,28.0,0.05336647775789241,0.058956565221988166,9
Actor |RPE|,high,bout_phase,29.0,0.01549819110723014,0.060036525623789555,9
Actor |RPE|,high,bout_phase,30.0,0.002218117345016931,0.059559355856758395,9
Actor |RPE|,high,bout_phase,31.0,0.0031729373871819838,0.05337693153164005,9
Actor |RPE|,high,bout_phase,32.0,-0.0019349998535981234,0.05249759757334436,9
Actor |RPE|,high,bout_phase,33.0,0.010081804310310713,0.040068954634652196,9
Actor |RPE|,high,bout_phase,34.0,-0.008714821161746137,0.03283570330471951,9
Actor |RPE|,high,bout_phase,35.0,-0.05683893051934874,0.03694089976657657,9
Actor |RPE|,high,bout_phase,36.0,-0.030585269146297625,0.030952597806965798,9
Actor |RPE|,high,bout_phase,37.0,-0.00431263697766945,0.03898111393742701,9
Actor |RPE|,high,bout_phase,38.0,-0.020024741474044778,0.05361290533396671,9
Actor |RPE|,high,bout_phase,39.0,-0.011558878275216199,0.024820990407802838,9
Actor |RPE|,high,bout_phase,40.0,-0.02967668853305736,0.040161545890175294,9
Actor |RPE|,high,bout_phase,41.0,-0.03504122725178247,0.04440747398062517,9
Actor |RPE|,high,bout_phase,42.0,-0.029985747621934424,0.045415493835851084,9
Actor |RPE|,high,bout_phase,43.0,-0.07115769041907466,0.03375867204038088,9
Actor |RPE|,high,bout_phase,44.0,-0.06513489221432993,0.04293275004910548,9
Actor |RPE|,high,bout_phase,45.0,-0.0706606499744963,0.04574324162657329,9
Actor |RPE|,high,bout_phase,46.0,-0.05140379354837589,0.03662849836875816,9
Actor |RPE|,high,bout_phase,47.0,-0.05988467811423288,0.030262634326768095,9
Actor |RPE|,high,bout_phase,48.0,-0.035022711877406236,0.04246683057887343,9
Actor |RPE|,high,bout_phase,49.0,-0.03615856782555331,0.03537079094272344,9
Actor |RPE|,high,bout_phase,50.0,-0.024027124208584088,0.03887361685963584,9
Actor |RPE|,high,bout_phase,51.0,-0.017578243550055047,0.041076830850010806,9
Actor |RPE|,high,bout_phase,52.0,-0.05466508507486711,0.04056844659880584,9
Actor |RPE|,high,bout_phase,53.0,-0.011180023787985216,0.038900358111683145,9
Actor |RPE|,high,bout_phase,54.0,-0.026706173700701774,0.04126433594410365,9
Actor |RPE|,high,bout_phase,55.0,-0.039782781724131716,0.04919204240367212,9
Actor |RPE|,high,bout_phase,56.0,-0.03051414245611254,0.037038161661810086,9
Actor |RPE|,high,bout_phase,57.0,-0.0398928906651915,0.03260334093492479,9
Actor |RPE|,high,bout_phase,58.0,-0.05022168936660782,0.04383900788344172,9
Actor |RPE|,high,bout_phase,59.0,-0.054438416695237794,0.045139122024026784,9
Actor |RPE|,high,bout_phase,60.0,-0.044702521017548624,0.02711809182790387,9
Actor |RPE|,high,bout_phase,61.0,-0.07210735844243452,0.045352212806758795,9
Actor |RPE|,high,bout_phase,62.0,-0.064507747551095,0.04621557634421116,9
Actor |RPE|,high,bout_phase,63.0,-0.06030763441201384,0.04506023422922337,9
Actor |RPE|,high,bout_phase,64.0,-0.043620946999750054,0.04457967493739829,9
Actor |RPE|,high,bout_phase,65.0,-0.06119809519376737,0.04234517395296238,9
Actor |RPE|,high,bout_phase,66.0,-0.04187505858642518,0.04176780050120784,9
Actor |RPE|,high,bout_phase,67.0,-0.06495472114100652,0.0478798513987008,9
Actor |RPE|,high,bout_phase,68.0,-0.04495726273980703,0.03715557840827455,9
Actor |RPE|,high,bout_phase,69.0,-0.09574291164701652,0.0485859461401457,9
Actor |RPE|,high,bout_phase,70.0,-0.09801449646113071,0.04356390399061134,9
Actor |RPE|,high,bout_phase,71.0,-0.09490833666106477,0.04208833119477279,9
Actor |RPE|,high,bout_phase,72.0,-0.1078950248640538,0.03258439797870784,9
Actor |RPE|,high,bout_phase,73.0,-0.08712417397636453,0.04244212108576223,9
Actor |RPE|,high,bout_phase,74.0,-0.09132546045959976,0.046043830855504765,9
Actor |RPE|,high,bout_phase,75.0,-0.06302216966837748,0.04052945405745469,9
Actor |RPE|,high,bout_phase,76.0,-0.1127577899733269,0.03693924872148923,9
Actor |RPE|,high,bout_phase,77.0,-0.07959966469141821,0.03447740756196619,9
Actor |RPE|,high,bout_phase,78.0,-0.05116779186886586,0.03477886147795493,9
Actor |RPE|,high,bout_phase,79.0,-0.05420420001368993,0.03773699299759727,9
Actor |RPE|,high,bout_phase,80.0,-0.07928633215691744,0.036883493468675005,9
Actor |RPE|,high,bout_phase,81.0,-0.04046109927650948,0.0296244800038422,9
Actor |RPE|,high,bout_phase,82.0,-0.03695988308365424,0.02845424871432207,9
Actor |RPE|,high,bout_phase,83.0,-0.06925637397019632,0.03294008825151138,9
Actor |RPE|,high,bout_phase,84.0,-0.05478554058474505,0.021748131831437246,9
Actor |RPE|,high,bout_phase,85.0,-0.04658623419221311,0.042278144285078145,9
Actor |RPE|,high,bout_phase,86.0,-0.02016921978925136,0.053442358034754354,9
Actor |RPE|,high,bout_phase,87.0,-0.01976070541724336,0.044546337196090496,9
Actor |RPE|,high,bout_phase,88.0,0.0012178566808443872,0.04257342105888615,9
Actor |RPE|,high,bout_phase,89.0,-0.0035655809937444297,0.04696602567061004,9
Actor |RPE|,high,bout_phase,90.0,0.003825873087993404,0.052786183940625,9
Actor |RPE|,high,bout_phase,91.0,0.04068206140827828,0.040416069526273544,9
Actor |RPE|,high,bout_phase,92.0,0.03591485150183129,0.05502448190582376,9
Actor |RPE|,high,bout_phase,93.0,0.036101931384769914,0.041372081291695256,9
Actor |RPE|,high,bout_phase,94.0,0.12116635561935757,0.032606820342181125,9
Actor |RPE|,high,bout_phase,95.0,0.15253476802703275,0.05513698965613437,9
Actor |RPE|,high,bout_phase,96.0,0.2045403450197818,0.06543624054953098,9
Actor |RPE|,high,bout_phase,97.0,0.242675825882757,0.07360394894798068,9
Actor |RPE|,high,bout_phase,98.0,0.2821941975049658,0.10058191697313962,9
Actor |RPE|,high,bout_phase,99.0,0.3579603651539846,0.1267351445750826,9
Actor |RPE|,high,bout_phase,100.0,0.40436018326724277,0.16171808244061142,9
Actor |RPE|,low,bout_phase,0.0,-0.002016414079852853,0.0791212207526877,9
Actor |RPE|,low,bout_phase,1.0,-0.09110963243843867,0.04767184210612014,9
Actor |RPE|,low,bout_phase,2.0,-0.1791855699336421,0.05386884854941084,9
Actor |RPE|,low,bout_phase,3.0,-0.20888865663711764,0.05851869609313213,9
Actor |RPE|,low,bout_phase,4.0,-0.23890209106069119,0.05599688233322236,9
Actor |RPE|,low,bout_phase,5.0,-0.21057788119120172,0.04446860655872937,9
Actor |RPE|,low,bout_phase,6.0,-0.20000257841490435,0.0452966960919323,9
Actor |RPE|,low,bout_phase,7.0,-0.23400144064683356,0.04619681599966647,9
Actor |RPE|,low,bout_phase,8.0,-0.22000152042654333,0.044559582377729716,9
Actor |RPE|,low,bout_phase,9.0,-0.22254900248907367,0.04406471817723446,9
Actor |RPE|,low,bout_phase,10.0,-0.23505290584121083,0.049448706363200555,9
Actor |RPE|,low,bout_phase,11.0,-0.1816740890811409,0.0536619567186818,9
Actor |RPE|,low,bout_phase,12.0,-0.15492639143367146,0.06060142613599204,9
Actor |RPE|,low,bout_phase,13.0,-0.20954796847072743,0.04870818017216352,9
Actor |RPE|,low,bout_phase,14.0,-0.17481985103541442,0.04190164689627343,9
Actor |RPE|,low,bout_phase,15.0,-0.19847881539112858,0.04326005677629474,9
Actor |RPE|,low,bout_phase,16.0,-0.22190525588571744,0.04376591260792816,9
Actor |RPE|,low,bout_phase,17.0,-0.20466051876597585,0.038341040307233176,9
Actor |RPE|,low,bout_phase,18.0,-0.16740851210013047,0.04582962704246551,9
Actor |RPE|,low,bout_phase,19.0,-0.17503088573760245,0.04840717203419717,9
Actor |RPE|,low,bout_phase,20.0,-0.1753864994810559,0.04491732749200439,9
Actor |RPE|,low,bout_phase,21.0,-0.17432432623658317,0.03598781098276808,9
Actor |RPE|,low,bout_phase,22.0,-0.13717825678085838,0.05065107245330624,9
Actor |RPE|,low,bout_phase,23.0,-0.15187118010625758,0.0324008986220583,9
Actor |RPE|,low,bout_phase,24.0,-0.13619739419142676,0.035245409364992444,9
Actor |RPE|,low,bout_phase,25.0,-0.1708821048825674,0.03341941808531832,9
Actor |RPE|,low,bout_phase,26.0,-0.1894246636357936,0.028829377471686565,9
Actor |RPE|,low,bout_phase,27.0,-0.1500997130808777,0.025527654901520983,9
Actor |RPE|,low,bout_phase,28.0,-0.12161289370293045,0.03663402285053044,9
Actor |RPE|,low,bout_phase,29.0,-0.15519905082779137,0.047235009067598116,9
Actor |RPE|,low,bout_phase,30.0,-0.13918297428509246,0.03700458356503073,9
Actor |RPE|,low,bout_phase,31.0,-0.11437275300533162,0.035218225062346516,9
Actor |RPE|,low,bout_phase,32.0,-0.11551368199291784,0.033026491107662155,9
Actor |RPE|,low,bout_phase,33.0,-0.10064380813118749,0.042863369892246685,9
Actor |RPE|,low,bout_phase,34.0,-0.12887001676454923,0.038764051570808915,9
Actor |RPE|,low,bout_phase,35.0,-0.15491561097173967,0.0368904450611886,9
Actor |RPE|,low,bout_phase,36.0,-0.13182684772732306,0.04142710966605323,9
Actor |RPE|,low,bout_phase,37.0,-0.12316373953495297,0.03547623435790726,9
Actor |RPE|,low,bout_phase,38.0,-0.08780606107385787,0.03500298329017175,9
Actor |RPE|,low,bout_phase,39.0,-0.14142739393218165,0.04602036553833544,9
Actor |RPE|,low,bout_phase,40.0,-0.11805269124010367,0.04862606967580649,9
Actor |RPE|,low,bout_phase,41.0,-0.10936260606838842,0.04298194409950724,9
Actor |RPE|,low,bout_phase,42.0,-0.11072022626130781,0.045696747841696854,9
Actor |RPE|,low,bout_phase,43.0,-0.17034607856625977,0.04514285125157689,9
Actor |RPE|,low,bout_phase,44.0,-0.15952454984032158,0.05116634797068898,9
Actor |RPE|,low,bout_phase,45.0,-0.146923973316302,0.0470379913429406,9
Actor |RPE|,low,bout_phase,46.0,-0.1368730813831354,0.035321493362140265,9
Actor |RPE|,low,bout_phase,47.0,-0.16990825392637376,0.04067242976538485,9
Actor |RPE|,low,bout_phase,48.0,-0.12234014787595703,0.03085267943568298,9
Actor |RPE|,low,bout_phase,49.0,-0.1149970703678095,0.05746282088591023,9
Actor |RPE|,low,bout_phase,50.0,-0.12119165443003355,0.044027400298427555,9
Actor |RPE|,low,bout_phase,51.0,-0.13716620505192723,0.04674605707366586,9
Actor |RPE|,low,bout_phase,52.0,-0.14765547393163664,0.05245444738604483,9
Actor |RPE|,low,bout_phase,53.0,-0.17146745355086335,0.05176980490894339,9
Actor |RPE|,low,bout_phase,54.0,-0.12123444283757588,0.059548999330813396,9
Actor |RPE|,low,bout_phase,55.0,-0.07229962220779762,0.06681358832538693,9
Actor |RPE|,low,bout_phase,56.0,-0.14334975326298624,0.060819937143344584,9
Actor |RPE|,low,bout_phase,57.0,-0.13664215478527877,0.05861772526291865,9
Actor |RPE|,low,bout_phase,58.0,-0.12131407741137047,0.04912760065077234,9
Actor |RPE|,low,bout_phase,59.0,-0.12092412916649886,0.052925630505823,9
Actor |RPE|,low,bout_phase,60.0,-0.1327780143839873,0.05652366225936589,9
Actor |RPE|,low,bout_phase,61.0,-0.1925187525528525,0.05845093339795523,9
Actor |RPE|,low,bout_phase,62.0,-0.16451171169958634,0.06273891567801335,9
Actor |RPE|,low,bout_phase,63.0,-0.15232302838065193,0.06126386052411286,9
Actor |RPE|,low,bout_phase,64.0,-0.17046511989894922,0.07246899786030152,9
Actor |RPE|,low,bout_phase,65.0,-0.15715369717465932,0.06311760190704187,9
Actor |RPE|,low,bout_phase,66.0,-0.1685008323277473,0.06276824096949181,9
Actor |RPE|,low,bout_phase,67.0,-0.18981726080364447,0.07011932307266919,9
Actor |RPE|,low,bout_phase,68.0,-0.15041403342797163,0.06274775710067747,9
Actor |RPE|,low,bout_phase,69.0,-0.1620517151318858,0.06280828258361473,9
Actor |RPE|,low,bout_phase,70.0,-0.16765221778426168,0.05865937423347509,9
Actor |RPE|,low,bout_phase,71.0,-0.16556110634650506,0.054484118505340316,9
Actor |RPE|,low,bout_phase,72.0,-0.1576657849571828,0.059559617114006154,9
Actor |RPE|,low,bout_phase,73.0,-0.1355448903522596,0.061359358569570754,9
Actor |RPE|,low,bout_phase,74.0,-0.12357275351352663,0.05389647994480575,9
Actor |RPE|,low,bout_phase,75.0,-0.16079770015387457,0.05290435218117703,9
Actor |RPE|,low,bout_phase,76.0,-0.15607111857790038,0.0566583118268403,9
Actor |RPE|,low,bout_phase,77.0,-0.13882447703065534,0.06475551499134141,9
Actor |RPE|,low,bout_phase,78.0,-0.1688615938952151,0.04724155983012204,9
Actor |RPE|,low,bout_phase,79.0,-0.1471408927896095,0.05507858257488304,9
Actor |RPE|,low,bout_phase,80.0,-0.16043138473163598,0.05497048302699365,9
Actor |RPE|,low,bout_phase,81.0,-0.17652878724503673,0.05452353733223666,9
Actor |RPE|,low,bout_phase,82.0,-0.14932820501012223,0.06254137113412901,9
Actor |RPE|,low,bout_phase,83.0,-0.15949688981310903,0.06253247499485283,9
Actor |RPE|,low,bout_phase,84.0,-0.17114816260043003,0.05919469538706452,9
Actor |RPE|,low,bout_phase,85.0,-0.16611197544594233,0.06439697146111294,9
Actor |RPE|,low,bout_phase,86.0,-0.14602589006579464,0.06117672545567401,9
Actor |RPE|,low,bout_phase,87.0,-0.0981277732088836,0.06479452496623937,9
Actor |RPE|,low,bout_phase,88.0,-0.1089139222296449,0.08147473640427834,9
Actor |RPE|,low,bout_phase,89.0,-0.07967338601113949,0.08562638611406569,9
Actor |RPE|,low,bout_phase,90.0,-0.038755738717601795,0.10120526675816859,9
Actor |RPE|,low,bout_phase,91.0,-0.025713058331177527,0.12112876511374092,9
Actor |RPE|,low,bout_phase,92.0,-0.02968718448008165,0.1251264254418434,9
Actor |RPE|,low,bout_phase,93.0,0.04880680592249673,0.12773351205844488,9
Actor |RPE|,low,bout_phase,94.0,0.1024696997778163,0.1401595587865808,9
Actor |RPE|,low,bout_phase,95.0,0.10839702706779063,0.14171939757462196,9
Actor |RPE|,low,bout_phase,96.0,0.14418037073822695,0.14570653213367987,9
Actor |RPE|,low,bout_phase,97.0,0.22955345336774993,0.15675097873309585,9
Actor |RPE|,low,bout_phase,98.0,0.22861356480042114,0.17567516335065525,9
Actor |RPE|,low,bout_phase,99.0,0.2856807569664259,0.19181286501881845,9
Actor |RPE|,low,bout_phase,100.0,0.3099033025324411,0.19890907459084473,9
Actor update,high,fixed,-3.0,-0.09427639852603659,0.030550415403530443,9
Actor update,high,fixed,-2.9,-0.08524273041927935,0.030599296454919572,9
Actor update,high,fixed,-2.8,-0.05429731373391303,0.0457572748312596,9
Actor update,high,fixed,-2.6999999999999997,-0.060228365432001794,0.05017621622013272,9
Actor update,high,fixed,-2.5999999999999996,-0.04547790661354899,0.0602464290350968,9
Actor update,high,fixed,-2.4999999999999996,-0.07863680388950828,0.06465571066961265,9
Actor update,high,fixed,-2.3999999999999995,-0.04542298719095737,0.06335809526572121,9
Actor update,high,fixed,-2.2999999999999994,-0.052358947539101704,0.0698504844109553,9
Actor update,high,fixed,-2.1999999999999993,-0.02412893702080564,0.07362590387427691,9
Actor update,high,fixed,-2.099999999999999,-0.0004800987758118328,0.07492010827500939,9
Actor update,high,fixed,-1.9999999999999991,0.024216430853959477,0.07132528778127568,9
Actor update,high,fixed,-1.899999999999999,0.018941095608220774,0.07166244305862578,9
Actor update,high,fixed,-1.799999999999999,0.03014500754638742,0.06702227018383157,9
Actor update,high,fixed,-1.6999999999999988,0.057421356499539375,0.0727613111810196,9
Actor update,high,fixed,-1.5999999999999988,0.060184216229314816,0.0770650352147379,9
Actor update,high,fixed,-1.4999999999999987,0.10100676312526286,0.08213169350002673,9
Actor update,high,fixed,-1.3999999999999986,0.13067734331808817,0.08827415626598877,9
Actor update,high,fixed,-1.2999999999999985,0.1621513460403545,0.09353111025585774,9
Actor update,high,fixed,-1.1999999999999984,0.2214517046041815,0.10228510209550962,9
Actor update,high,fixed,-1.0999999999999983,0.2437133998574903,0.10750313450066219,9
Actor update,high,fixed,-0.9999999999999982,0.2652777556092459,0.10829860713621718,9
Actor update,high,fixed,-0.8999999999999981,0.2850084133343175,0.11850486990602464,9
Actor update,high,fixed,-0.799999999999998,0.31450145137620666,0.11937717304127293,9
Actor update,high,fixed,-0.699999999999998,0.4041032296039706,0.13517614710351483,9
Actor update,high,fixed,-0.5999999999999979,0.42662217772512745,0.13244680895939998,9
Actor update,high,fixed,-0.4999999999999978,0.4331900725366697,0.13603815635045294,9
Actor update,high,fixed,-0.3999999999999977,0.40697140477857235,0.14588299371931251,9
Actor update,high,fixed,-0.2999999999999976,0.4128365355469676,0.1578600535203354,9
Actor update,high,fixed,-0.1999999999999975,0.36835548545260566,0.1496655678451704,9
Actor update,high,fixed,-0.09999999999999742,0.4001213219606462,0.1442406540844463,9
Actor update,high,fixed,2.6645352591003757e-15,0.4464480006974547,0.1359875068932344,9
Actor update,high,fixed,0.10000000000000275,0.5298902140142983,0.11966922381467142,9
Actor update,high,fixed,0.20000000000000284,0.5105211086793803,0.10447356710289823,9
Actor update,high,fixed,0.30000000000000293,0.4369824461256675,0.0925552373131499,9
Actor update,high,fixed,0.400000000000003,0.37695434964390767,0.0866193558668895,9
Actor update,high,fixed,0.5000000000000031,0.3286083110826288,0.07566281528807366,9
Actor update,high,fixed,0.6000000000000032,0.26700991603047153,0.07678262238900986,9
Actor update,high,fixed,0.7000000000000033,0.24274811843763622,0.06430475356233227,9
Actor update,high,fixed,0.8000000000000034,0.23832044357175328,0.06701217433577603,9
Actor update,high,fixed,0.9000000000000035,0.32597273827566176,0.08025558938018038,9
Actor update,high,fixed,1.0000000000000036,0.36762056418078104,0.08724765879957681,9
Actor update,high,fixed,1.1000000000000032,0.4019821336873799,0.08647510301796406,9
Actor update,high,fixed,1.2000000000000037,0.34450041985636914,0.09129923859286766,9
Actor update,high,fixed,1.3000000000000043,0.3009981384112464,0.08635554856689202,9
Actor update,high,fixed,1.400000000000004,0.27151401980133844,0.09634289535566344,9
Actor update,high,fixed,1.5000000000000036,0.2618911581683784,0.10377494992898083,9
Actor update,high,fixed,1.600000000000004,0.2422966404686378,0.09409651963777482,9
Actor update,high,fixed,1.7000000000000046,0.2145473521548061,0.10044877449612487,9
Actor update,high,fixed,1.8000000000000043,0.18346417666956555,0.09214787874669833,9
Actor update,high,fixed,1.900000000000004,0.16417966951004603,0.08113354814490441,9
Actor update,high,fixed,2.0000000000000044,0.1645296879825177,0.07859566905545083,9
Actor update,high,fixed,2.100000000000005,0.16031891649908273,0.0760213998749505,9
Actor update,high,fixed,2.2000000000000046,0.15542872876862984,0.06425768461152122,9
Actor update,high,fixed,2.3000000000000043,0.13668045244305327,0.06838459468370314,9
Actor update,high,fixed,2.400000000000005,0.14135940118508714,0.06921568817202163,9
Actor update,high,fixed,2.5000000000000053,0.11974313790099005,0.07281782670802406,9
Actor update,high,fixed,2.600000000000005,0.13790144765197832,0.07657597045101588,9
Actor update,high,fixed,2.7000000000000046,0.11030277312297623,0.07726515101499241,9
Actor update,high,fixed,2.800000000000005,0.08946241206511779,0.07642705180974733,9
Actor update,high,fixed,2.9000000000000057,0.11208055546253365,0.08309594670022562,9
Actor update,high,fixed,3.0000000000000053,0.07473470253707082,0.08209634057799159,9
Actor update,high,fixed,3.100000000000005,0.08727910300397244,0.0939540960839454,9
Actor update,high,fixed,3.2000000000000055,0.0935283775626584,0.08521153407993833,9
Actor update,high,fixed,3.300000000000006,0.08527238000270582,0.08852104747962027,9
Actor update,high,fixed,3.4000000000000057,0.08700646809660256,0.08424275075325284,9
Actor update,high,fixed,3.5000000000000053,0.08577185325021651,0.07828173562665833,9
Actor update,high,fixed,3.600000000000006,0.08475839449739664,0.06860538826135419,9
Actor update,high,fixed,3.7000000000000064,0.042647129414875064,0.05729332788320743,9
Actor update,high,fixed,3.800000000000006,0.06963360692259565,0.05391332717396329,9
Actor update,high,fixed,3.9000000000000057,0.06706602082109411,0.05375739696564567,9
Actor update,high,fixed,4.000000000000006,0.04589777049535638,0.052158002385400935,9
Actor update,high,fixed,4.100000000000007,0.06528724210986238,0.05607971862212627,9
Actor update,high,fixed,4.200000000000006,0.04750454602196968,0.0467749134156627,9
Actor update,high,fixed,4.300000000000006,0.05492737017883234,0.04895693329986373,9
Actor update,high,fixed,4.400000000000007,0.04877885059371431,0.04707681994768285,9
Actor update,high,fixed,4.500000000000007,0.04865848658914783,0.04950018440600415,9
Actor update,high,fixed,4.600000000000007,0.047431259469162,0.046159780104470464,9
Actor update,high,fixed,4.700000000000006,0.06724047286515807,0.039729905521487245,9
Actor update,high,fixed,4.800000000000007,0.06435285413399978,0.04131665255924042,9
Actor update,high,fixed,4.9000000000000075,0.06822629153376258,0.04689738709359428,9
Actor update,high,fixed,5.000000000000007,0.08377072932756181,0.043629177692896974,9
Actor update,high,fixed,5.100000000000007,0.08754938276815048,0.043210392846078464,9
Actor update,high,fixed,5.200000000000006,0.08694533639385459,0.03668715685338571,9
Actor update,high,fixed,5.300000000000008,0.08327543969025172,0.039056119469624596,9
Actor update,high,fixed,5.4000000000000075,0.09385298677922675,0.04263909703434222,9
Actor update,high,fixed,5.500000000000007,0.08880000730302655,0.03986136442118371,9
Actor update,high,fixed,5.6000000000000085,0.08483031942369156,0.039379743797422324,9
Actor update,high,fixed,5.700000000000008,0.06419994983915808,0.041143592478999194,9
Actor update,high,fixed,5.800000000000008,0.07691001247840663,0.03846637332699552,9
Actor update,high,fixed,5.9000000000000075,0.06743410890380493,0.04122556713121901,9
Actor update,low,fixed,-3.0,-0.18137800998312686,0.04232531347842174,9
Actor update,low,fixed,-2.9,-0.1450568204331609,0.04510810609369678,9
Actor update,low,fixed,-2.8,-0.11840161844871933,0.05145581181126749,9
Actor update,low,fixed,-2.6999999999999997,-0.10370236232945916,0.056084132816325044,9
Actor update,low,fixed,-2.5999999999999996,-0.11183498659340911,0.05653935937916973,9
Actor update,low,fixed,-2.4999999999999996,-0.10776425485869066,0.06059838898826888,9
Actor update,low,fixed,-2.3999999999999995,-0.1037265320376935,0.05819742392767004,9
Actor update,low,fixed,-2.2999999999999994,-0.10520192604140251,0.06377346853680575,9
Actor update,low,fixed,-2.1999999999999993,-0.09962831750413913,0.05776598347024254,9
Actor update,low,fixed,-2.099999999999999,-0.09196298038534753,0.059481067916336026,9
Actor update,low,fixed,-1.9999999999999991,-0.06214001539599466,0.05718714820870364,9
Actor update,low,fixed,-1.899999999999999,-0.04808378931733356,0.05575479837849556,9
Actor update,low,fixed,-1.799999999999999,-0.022940476874007396,0.056267981307509596,9
Actor update,low,fixed,-1.6999999999999988,-0.015273273468157674,0.047228475621306054,9
Actor update,low,fixed,-1.5999999999999988,0.0073241429436251065,0.05231578394060443,9
Actor update,low,fixed,-1.4999999999999987,0.02625212115818771,0.043661103968001096,9
Actor update,low,fixed,-1.3999999999999986,0.010917316643410648,0.04456076928017044,9
Actor update,low,fixed,-1.2999999999999985,0.047406680887530084,0.04238741072047935,9
Actor update,low,fixed,-1.1999999999999984,0.06023825467446521,0.04474463376254758,9
Actor update,low,fixed,-1.0999999999999983,0.08851590963944693,0.06416870959717401,9
Actor update,low,fixed,-0.9999999999999982,0.08735700665287822,0.080453420740667,9
Actor update,low,fixed,-0.8999999999999981,0.0778370421188931,0.07293837240091804,9
Actor update,low,fixed,-0.799999999999998,0.08162940150101258,0.07703051905358256,9
Actor update,low,fixed,-0.699999999999998,0.07029656619013643,0.07665490560719038,9
Actor update,low,fixed,-0.5999999999999979,0.10005094088475788,0.09099982588633715,9
Actor update,low,fixed,-0.4999999999999978,0.07965546397875972,0.10042922465915333,9
Actor update,low,fixed,-0.3999999999999977,0.051328636767988475,0.11794163605798934,9
Actor update,low,fixed,-0.2999999999999976,-0.015609412817564708,0.12696421615165873,9
Actor update,low,fixed,-0.1999999999999975,-0.04386074051229586,0.10723801099450271,9
Actor update,low,fixed,-0.09999999999999742,-0.0422825712266473,0.09277027746768778,9
Actor update,low,fixed,2.6645352591003757e-15,-0.0003578556995751905,0.07724902962659304,9
Actor update,low,fixed,0.10000000000000275,0.055754886436528914,0.06009144537927157,9
Actor update,low,fixed,0.20000000000000284,0.03999893866923712,0.052970381110327376,9
Actor update,low,fixed,0.30000000000000293,0.003916779893915929,0.042018100802015464,9
Actor update,low,fixed,0.400000000000003,-0.030686615284828342,0.0449737289389165,9
Actor update,low,fixed,0.5000000000000031,-0.0469447637795229,0.05109482056449031,9
Actor update,low,fixed,0.6000000000000032,-0.08810935758320834,0.05812136257730985,9
Actor update,low,fixed,0.7000000000000033,-0.1552657060358181,0.056954064760899405,9
Actor update,low,fixed,0.8000000000000034,-0.19664903395560318,0.06231961707168266,9
Actor update,low,fixed,0.9000000000000035,-0.2365799310952536,0.06611024097512207,9
Actor update,low,fixed,1.0000000000000036,-0.24301885083874175,0.07262094300653178,9
Actor update,low,fixed,1.1000000000000032,-0.26383659027810896,0.07552836188398135,9
Actor update,low,fixed,1.2000000000000037,-0.2633654740688143,0.08260696297480452,9
Actor update,low,fixed,1.3000000000000043,-0.2932845858274881,0.08375556461087252,9
Actor update,low,fixed,1.400000000000004,-0.30806937381799826,0.07920857826394191,9
Actor update,low,fixed,1.5000000000000036,-0.28976889539985645,0.07928263283953521,9
Actor update,low,fixed,1.600000000000004,-0.2908673088569713,0.07358091003021074,9
Actor update,low,fixed,1.7000000000000046,-0.2859224893902712,0.07010111150339556,9
Actor update,low,fixed,1.8000000000000043,-0.2868643719429615,0.06793520076146868,9
Actor update,low,fixed,1.900000000000004,-0.2866997891637696,0.0693319539116655,9
Actor update,low,fixed,2.0000000000000044,-0.28400931103233973,0.0644669662723168,9
Actor update,low,fixed,2.100000000000005,-0.27552880806052,0.05631591853796112,9
Actor update,low,fixed,2.2000000000000046,-0.2637787578201046,0.05283916139762904,9
Actor update,low,fixed,2.3000000000000043,-0.27989723103709707,0.04299593159201238,9
Actor update,low,fixed,2.400000000000005,-0.28839107727747015,0.045166727296267827,9
Actor update,low,fixed,2.5000000000000053,-0.2667127077319089,0.047831727546658986,9
Actor update,low,fixed,2.600000000000005,-0.29054135303399126,0.042319537588401505,9
Actor update,low,fixed,2.7000000000000046,-0.29468741348187716,0.03787208230943256,9
Actor update,low,fixed,2.800000000000005,-0.268329676595761,0.03729699078946016,9
Actor update,low,fixed,2.9000000000000057,-0.2873783375141737,0.03541553971601197,9
Actor update,low,fixed,3.0000000000000053,-0.2818168533339337,0.04709489840731942,9
Actor update,low,fixed,3.100000000000005,-0.24710274574570157,0.04082185430681484,9
Actor update,low,fixed,3.2000000000000055,-0.2508473073896193,0.04428421207940789,9
Actor update,low,fixed,3.300000000000006,-0.24211301312202757,0.040271445385190986,9
Actor update,low,fixed,3.4000000000000057,-0.23593769688492433,0.033805545622379925,9
Actor update,low,fixed,3.5000000000000053,-0.2321464766384935,0.038315628011992516,9
Actor update,low,fixed,3.600000000000006,-0.19476468091708538,0.04150432797993153,9
Actor update,low,fixed,3.7000000000000064,-0.18871699071895895,0.04523400884644474,9
Actor update,low,fixed,3.800000000000006,-0.20370943282186482,0.03217516873118715,9
Actor update,low,fixed,3.9000000000000057,-0.1949288769382613,0.03395438694418477,9
Actor update,low,fixed,4.000000000000006,-0.20218950415104578,0.02591983060687054,9
Actor update,low,fixed,4.100000000000007,-0.18782005573672722,0.02224285497320345,9
Actor update,low,fixed,4.200000000000006,-0.16635558564277833,0.030561712197704524,9
Actor update,low,fixed,4.300000000000006,-0.15317279539382989,0.04370656679905918,9
Actor update,low,fixed,4.400000000000007,-0.1433797343545615,0.04169834722519291,9
Actor update,low,fixed,4.500000000000007,-0.14256218037372057,0.039411612826736546,9
Actor update,low,fixed,4.600000000000007,-0.11893785494691955,0.0388759258679074,9
Actor update,low,fixed,4.700000000000006,-0.12997150234363478,0.04516472823313564,9
Actor update,low,fixed,4.800000000000007,-0.15015465982478593,0.05351129107773414,9
Actor update,low,fixed,4.9000000000000075,-0.13258531985326097,0.048873040922651136,9
Actor update,low,fixed,5.000000000000007,-0.14479587416380568,0.05285664380106365,9
Actor update,low,fixed,5.100000000000007,-0.1288045447777797,0.04689529021039913,9
Actor update,low,fixed,5.200000000000006,-0.13323013850302884,0.0453215086662527,9
Actor update,low,fixed,5.300000000000008,-0.14000257950365155,0.044580456715016974,9
Actor update,low,fixed,5.4000000000000075,-0.13200320654654507,0.03811764223615672,9
Actor update,low,fixed,5.500000000000007,-0.12260763511854662,0.046058198619344466,9
Actor update,low,fixed,5.6000000000000085,-0.1177209013499078,0.0493183880600336,9
Actor update,low,fixed,5.700000000000008,-0.11282506648589768,0.052294952948720164,9
Actor update,low,fixed,5.800000000000008,-0.12752928916747186,0.04518436594525791,9
Actor update,low,fixed,5.9000000000000075,-0.14586389511101056,0.04819776812882334,9
Actor update,high,bout_phase,0.0,0.44842895224779533,0.1345009696992666,9
Actor update,high,bout_phase,1.0,0.3739507325494981,0.08230078248607833,9
Actor update,high,bout_phase,2.0,0.26713486449142265,0.06779714821337955,9
Actor update,high,bout_phase,3.0,0.23569325235486152,0.06766614993122767,9
Actor update,high,bout_phase,4.0,0.22130479359384977,0.06929050756900719,9
Actor update,high,bout_phase,5.0,0.18245647059157552,0.056503998849902086,9
Actor update,high,bout_phase,6.0,0.15708338680665138,0.05968492789241126,9
Actor update,high,bout_phase,7.0,0.19789518280122667,0.05026720823399303,9
Actor update,high,bout_phase,8.0,0.1804598470854922,0.06031081557778786,9
Actor update,high,bout_phase,9.0,0.19744217604999262,0.05892540351718744,9
Actor update,high,bout_phase,10.0,0.17108022878677892,0.06211534826124119,9
Actor update,high,bout_phase,11.0,0.13736208163537764,0.05632002464476312,9
Actor update,high,bout_phase,12.0,0.1584581612950743,0.05240854884349517,9
Actor update,high,bout_phase,13.0,0.16127824832577067,0.058097299082688104,9
Actor update,high,bout_phase,14.0,0.16161296714206297,0.05037210118385402,9
Actor update,high,bout_phase,15.0,0.15605893711531924,0.05251651560396448,9
Actor update,high,bout_phase,16.0,0.1795313662124388,0.04277008121954928,9
Actor update,high,bout_phase,17.0,0.15892197350215778,0.04761543798438873,9
Actor update,high,bout_phase,18.0,0.16021831652431803,0.046546286997080404,9
Actor update,high,bout_phase,19.0,0.15049838829442608,0.03413732482335654,9
Actor update,high,bout_phase,20.0,0.12991058573275424,0.03736612830902021,9
Actor update,high,bout_phase,21.0,0.11459982652725624,0.04485213915305206,9
Actor update,high,bout_phase,22.0,0.08621352068316435,0.039646857917859844,9
Actor update,high,bout_phase,23.0,0.050726338786787596,0.04127285253651191,9
Actor update,high,bout_phase,24.0,0.06872755558138172,0.0452093640039713,9
Actor update,high,bout_phase,25.0,0.08372535612813833,0.051461898041290616,9
Actor update,high,bout_phase,26.0,0.07127306075845835,0.05892309963463612,9
Actor update,high,bout_phase,27.0,0.07403102443619125,0.0579885424523237,9
Actor update,high,bout_phase,28.0,0.052854115606841404,0.05921869031143052,9
Actor update,high,bout_phase,29.0,0.016929089547944455,0.06034659584573288,9
Actor update,high,bout_phase,30.0,0.002216352137535781,0.059813489684990194,9
Actor update,high,bout_phase,31.0,0.0028911314614689675,0.05351858999083181,9
Actor update,high,bout_phase,32.0,-0.004153418571014981,0.05233881188596362,9
Actor update,high,bout_phase,33.0,0.007917396265514286,0.03997014348293609,9
Actor update,high,bout_phase,34.0,-0.010364534753502285,0.03292309221671295,9
Actor update,high,bout_phase,35.0,-0.057510331350722615,0.03718001863066388,9
Actor update,high,bout_phase,36.0,-0.03040736219311178,0.0316551093836678,9
Actor update,high,bout_phase,37.0,-0.007145194285640828,0.03913673883541906,9
Actor update,high,bout_phase,38.0,-0.02141658645042977,0.053935924766873096,9
Actor update,high,bout_phase,39.0,-0.01153309378834311,0.02544010910149945,9
Actor update,high,bout_phase,40.0,-0.0293200808200583,0.0396665247631157,9
Actor update,high,bout_phase,41.0,-0.03758900121267044,0.0443424322724871,9
Actor update,high,bout_phase,42.0,-0.03336645446208902,0.045272044190383824,9
Actor update,high,bout_phase,43.0,-0.07451126511427081,0.034292993003343195,9
Actor update,high,bout_phase,44.0,-0.0672328623073336,0.04352014312676533,9
Actor update,high,bout_phase,45.0,-0.07251302152916526,0.04610048322350368,9
Actor update,high,bout_phase,46.0,-0.053124728845031534,0.03718266130401051,9
Actor update,high,bout_phase,47.0,-0.06100375243486958,0.03094743654547484,9
Actor update,high,bout_phase,48.0,-0.03276710402887175,0.04227108010369566,9
Actor update,high,bout_phase,49.0,-0.034718046341499074,0.035881371534268396,9
Actor update,high,bout_phase,50.0,-0.023888451184522944,0.038335462402139586,9
Actor update,high,bout_phase,51.0,-0.017257500779508283,0.040880184511208194,9
Actor update,high,bout_phase,52.0,-0.05190793932991257,0.04067629523033728,9
Actor update,high,bout_phase,53.0,-0.008599800141935387,0.03886562869530293,9
Actor update,high,bout_phase,54.0,-0.02792067615301818,0.04204815561260844,9
Actor update,high,bout_phase,55.0,-0.04095798774086483,0.05068133786808459,9
Actor update,high,bout_phase,56.0,-0.02983248596367538,0.03868059579362672,9
Actor update,high,bout_phase,57.0,-0.037680411728237426,0.03436935788746496,9
Actor update,high,bout_phase,58.0,-0.047653577913217865,0.04485314604117396,9
Actor update,high,bout_phase,59.0,-0.054053614306441525,0.04580791358696542,9
Actor update,high,bout_phase,60.0,-0.04422123293547247,0.02756790235632955,9
Actor update,high,bout_phase,61.0,-0.07166622200293742,0.045629238163002274,9
Actor update,high,bout_phase,62.0,-0.06248905071789385,0.04628992016561582,9
Actor update,high,bout_phase,63.0,-0.05785714842325919,0.04488364217171997,9
Actor update,high,bout_phase,64.0,-0.04137481273170952,0.045409680935291886,9
Actor update,high,bout_phase,65.0,-0.06002277455411879,0.0425407541366311,9
Actor update,high,bout_phase,66.0,-0.041007353338226075,0.042104562881510314,9
Actor update,high,bout_phase,67.0,-0.06320192055472353,0.04853995398282713,9
Actor update,high,bout_phase,68.0,-0.045575862276422914,0.037918386478719916,9
Actor update,high,bout_phase,69.0,-0.09438766238583937,0.0495200067294227,9
Actor update,high,bout_phase,70.0,-0.10205142847348575,0.04300972026374219,9
Actor update,high,bout_phase,71.0,-0.09411556323802826,0.04179865128078413,9
Actor update,high,bout_phase,72.0,-0.10561758400845055,0.032272896094521004,9
Actor update,high,bout_phase,73.0,-0.08391882716125225,0.041451091189102555,9
Actor update,high,bout_phase,74.0,-0.0860585100549913,0.045443371905043085,9
Actor update,high,bout_phase,75.0,-0.05796452206562947,0.03892917710734324,9
Actor update,high,bout_phase,76.0,-0.10558781614107181,0.03686041627162775,9
Actor update,high,bout_phase,77.0,-0.07371232049099924,0.03266437249740849,9
Actor update,high,bout_phase,78.0,-0.047485306577744975,0.033414040601853254,9
Actor update,high,bout_phase,79.0,-0.05128854090669005,0.03560231876877354,9
Actor update,high,bout_phase,80.0,-0.07452660126468011,0.03518351450652762,9
Actor update,high,bout_phase,81.0,-0.03894494827787694,0.029641360723117918,9
Actor update,high,bout_phase,82.0,-0.03863953055568376,0.02807244606516171,9
Actor update,high,bout_phase,83.0,-0.07129103470824173,0.03310465264722831,9
Actor update,high,bout_phase,84.0,-0.05736226047167234,0.02240510841499822,9
Actor update,high,bout_phase,85.0,-0.04785794687271042,0.042048384286097924,9
Actor update,high,bout_phase,86.0,-0.021278465815522476,0.05305128305174341,9
Actor update,high,bout_phase,87.0,-0.022873710955823703,0.045987170378756013,9
Actor update,high,bout_phase,88.0,0.002355158692031937,0.042298332012720506,9
Actor update,high,bout_phase,89.0,-0.0020531601104451947,0.04558929161838953,9
Actor update,high,bout_phase,90.0,0.0063015143832451425,0.05166366336845296,9
Actor update,high,bout_phase,91.0,0.044199898925906464,0.040273655163550234,9
Actor update,high,bout_phase,92.0,0.03867119543810718,0.05487449147754966,9
Actor update,high,bout_phase,93.0,0.03627152814190212,0.04138779489781614,9
Actor update,high,bout_phase,94.0,0.1182169849001863,0.03325087091687413,9
Actor update,high,bout_phase,95.0,0.1520338816250032,0.05467174147091064,9
Actor update,high,bout_phase,96.0,0.20478942532212152,0.06566469206596358,9
Actor update,high,bout_phase,97.0,0.24004698184983622,0.07440410409566807,9
Actor update,high,bout_phase,98.0,0.28165859981875874,0.09985629983184023,9
Actor update,high,bout_phase,99.0,0.3572818980983304,0.12553286725216564,9
Actor update,high,bout_phase,100.0,0.4050974431220475,0.1609534991641682,9
Actor update,low,bout_phase,0.0,-0.0018320487135586594,0.07724646007781105,9
Actor update,low,bout_phase,1.0,-0.09073072561166891,0.04704350074098485,9
Actor update,low,bout_phase,2.0,-0.17632377823436476,0.052894234597007816,9
Actor update,low,bout_phase,3.0,-0.20377751267410776,0.0566519693141099,9
Actor update,low,bout_phase,4.0,-0.23839998593732897,0.05586001150245168,9
Actor update,low,bout_phase,5.0,-0.20937913105300446,0.043807509251311806,9
Actor update,low,bout_phase,6.0,-0.19932289236585202,0.04499794489739687,9
Actor update,low,bout_phase,7.0,-0.2337597119032179,0.046487373347933854,9
Actor update,low,bout_phase,8.0,-0.21971519276719842,0.0448602524398471,9
Actor update,low,bout_phase,9.0,-0.22178851130076668,0.0436598180915422,9
Actor update,low,bout_phase,10.0,-0.2336080504251642,0.0489470566821452,9
Actor update,low,bout_phase,11.0,-0.17884593606319032,0.05276692504317706,9
Actor update,low,bout_phase,12.0,-0.15379102492825827,0.0605318707598509,9
Actor update,low,bout_phase,13.0,-0.20740232686898188,0.04831557508609954,9
Actor update,low,bout_phase,14.0,-0.17539889111096635,0.0418591572375823,9
Actor update,low,bout_phase,15.0,-0.19682730726651756,0.04299025337629492,9
Actor update,low,bout_phase,16.0,-0.22105967022434742,0.04320771030379008,9
Actor update,low,bout_phase,17.0,-0.2040863227127286,0.037929496559073385,9
Actor update,low,bout_phase,18.0,-0.16728766497396325,0.045861737757983495,9
Actor update,low,bout_phase,19.0,-0.17122136032064722,0.048202769896025593,9
Actor update,low,bout_phase,20.0,-0.17433170782095214,0.04510170388409518,9
Actor update,low,bout_phase,21.0,-0.17147751966587899,0.036546374041314056,9
Actor update,low,bout_phase,22.0,-0.13512353802812999,0.05053945212134015,9
Actor update,low,bout_phase,23.0,-0.1515655681789715,0.03259442074843823,9
Actor update,low,bout_phase,24.0,-0.13659364533274443,0.035078778188782654,9
Actor update,low,bout_phase,25.0,-0.17291853395941556,0.03351822879582989,9
Actor update,low,bout_phase,26.0,-0.18910554422012735,0.028725247100417947,9
Actor update,low,bout_phase,27.0,-0.1495870655767282,0.02533243476097218,9
Actor update,low,bout_phase,28.0,-0.12108001707867011,0.03745316186655354,9
Actor update,low,bout_phase,29.0,-0.15662683546247022,0.047705457695681484,9
Actor update,low,bout_phase,30.0,-0.13916006472090314,0.03841457862860809,9
Actor update,low,bout_phase,31.0,-0.11406869275758733,0.03624066098030824,9
Actor update,low,bout_phase,32.0,-0.11326981643685922,0.03310807464935918,9
Actor update,low,bout_phase,33.0,-0.09846333861847004,0.04293032695432325,9
Actor update,low,bout_phase,34.0,-0.1272112557796109,0.0388796991639715,9
Actor update,low,bout_phase,35.0,-0.15425451489371492,0.03595049445277733,9
Actor update,low,bout_phase,36.0,-0.13203495716095404,0.040153481115824105,9
Actor update,low,bout_phase,37.0,-0.12032613838820108,0.03450500686607799,9
Actor update,low,bout_phase,38.0,-0.08642203305318223,0.03355915433732722,9
Actor update,low,bout_phase,39.0,-0.1414673230363211,0.04516172858674363,9
Actor update,low,bout_phase,40.0,-0.11841647137362582,0.04812000891683114,9
Actor update,low,bout_phase,41.0,-0.1068016182624487,0.042805859589195965,9
Actor update,low,bout_phase,42.0,-0.10731167016012758,0.04614775429258603,9
Actor update,low,bout_phase,43.0,-0.16697250117212425,0.04531918987160441,9
Actor update,low,bout_phase,44.0,-0.15741886001555255,0.05083242971274902,9
Actor update,low,bout_phase,45.0,-0.14506143768881388,0.04693853499132161,9
Actor update,low,bout_phase,46.0,-0.135154690725378,0.035137743881004935,9
Actor update,low,bout_phase,47.0,-0.16880420257494086,0.04005847403612509,9
Actor update,low,bout_phase,48.0,-0.12463522039731162,0.03038351970263695,9
Actor update,low,bout_phase,49.0,-0.11645971983676026,0.0582813773367557,9
Actor update,low,bout_phase,50.0,-0.12132900346620208,0.045494566559065475,9
Actor update,low,bout_phase,51.0,-0.13748457744152653,0.04709823189905576,9
Actor update,low,bout_phase,52.0,-0.1504359296066559,0.051912062982309666,9
Actor update,low,bout_phase,53.0,-0.17406505214486107,0.05177350023165935,9
Actor update,low,bout_phase,54.0,-0.12000281467649103,0.06017694668529989,9
Actor update,low,bout_phase,55.0,-0.0711251173618958,0.06684354186154935,9
Actor update,low,bout_phase,56.0,-0.14404148932933325,0.06072562017261016,9
Actor update,low,bout_phase,57.0,-0.1388862076209184,0.057721642916079556,9
Actor update,low,bout_phase,58.0,-0.12392452794587595,0.04833108297770324,9
Actor update,low,bout_phase,59.0,-0.12131693292299411,0.05283159620414083,9
Actor update,low,bout_phase,60.0,-0.13326234693043404,0.05640977437911889,9
Actor update,low,bout_phase,61.0,-0.19296572623575067,0.05827386658079961,9
Actor update,low,bout_phase,62.0,-0.16654628520702972,0.06269184234823809,9
Actor update,low,bout_phase,63.0,-0.15478745318097797,0.06173223714147189,9
Actor update,low,bout_phase,64.0,-0.1727048463016876,0.07333463204224198,9
Actor update,low,bout_phase,65.0,-0.15830600223000274,0.06423834583142661,9
Actor update,low,bout_phase,66.0,-0.1693512437660628,0.06380386377936023,9
Actor update,low,bout_phase,67.0,-0.1915639285060169,0.07072946234068961,9
Actor update,low,bout_phase,68.0,-0.1497747115689555,0.0635036654972247,9
Actor update,low,bout_phase,69.0,-0.16340220547708356,0.06338497688073384,9
Actor update,low,bout_phase,70.0,-0.16356457913214847,0.0595452815931306,9
Actor update,low,bout_phase,71.0,-0.16634672127403494,0.055067716405059225,9
Actor update,low,bout_phase,72.0,-0.15994529457209974,0.05910365879081389,9
Actor update,low,bout_phase,73.0,-0.13874517135603828,0.061142921491372404,9
Actor update,low,bout_phase,74.0,-0.12884077356703857,0.05286573558056642,9
Actor update,low,bout_phase,75.0,-0.16585031111374057,0.05214970997491249,9
Actor update,low,bout_phase,76.0,-0.16326258121793055,0.05609961493023229,9
Actor update,low,bout_phase,77.0,-0.14472821584866222,0.06422699983557974,9
Actor update,low,bout_phase,78.0,-0.17255264114914148,0.04621370162164117,9
Actor update,low,bout_phase,79.0,-0.15007705222534798,0.05326042961572888,9
Actor update,low,bout_phase,80.0,-0.16524469622012977,0.055014042668139806,9
Actor update,low,bout_phase,81.0,-0.1780775503102033,0.05622779354504919,9
Actor update,low,bout_phase,82.0,-0.1476613203413807,0.06540389600239173,9
Actor update,low,bout_phase,83.0,-0.15745874960862247,0.0644759885430239,9
Actor update,low,bout_phase,84.0,-0.16856683068610742,0.061039451358757206,9
Actor update,low,bout_phase,85.0,-0.1648451233676628,0.06539691328684234,9
Actor update,low,bout_phase,86.0,-0.1449234858480143,0.062031935244589116,9
Actor update,low,bout_phase,87.0,-0.09497953357510562,0.06615187177408025,9
Actor update,low,bout_phase,88.0,-0.11008022492636944,0.0824460684695977,9
Actor update,low,bout_phase,89.0,-0.08121888672109946,0.08632413551336143,9
Actor update,low,bout_phase,90.0,-0.04127883654749709,0.10152647161150043,9
Actor update,low,bout_phase,91.0,-0.029282418925142575,0.1212365107741864,9
Actor update,low,bout_phase,92.0,-0.03247692868333916,0.12501060924768875,9
Actor update,low,bout_phase,93.0,0.048643339439793404,0.12694402420569367,9
Actor update,low,bout_phase,94.0,0.10545247205773736,0.1390564903150396,9
Actor update,low,bout_phase,95.0,0.10889940399072001,0.14166272857786233,9
Actor update,low,bout_phase,96.0,0.14393404336191512,0.14572518232666884,9
Actor update,low,bout_phase,97.0,0.2322208492929437,0.15658253685415438,9
Actor update,low,bout_phase,98.0,0.2291571750084518,0.17579257007820961,9
Actor update,low,bout_phase,99.0,0.28636798571726135,0.192565464247102,9
Actor update,low,bout_phase,100.0,0.3091769334098734,0.19959051324290142,9
