view,event_type,AnmID,x,mean_da
fixed,dem_triggered,1,-3.0,-0.3821621504609443
fixed,dem_triggered,1,-2.9,-0.203606355631227
fixed,dem_triggered,1,-2.8,-0.2975717902790378
fixed,dem_triggered,1,-2.6999999999999997,-0.2701585502199423
fixed,dem_triggered,1,-2.5999999999999996,-0.3326613575791311
fixed,dem_triggered,1,-2.4999999999999996,-0.33836875704355407
fixed,dem_triggered,1,-2.3999999999999995,-0.2676760076760365
fixed,dem_triggered,1,-2.2999999999999994,-0.19798571074524296
fixed,dem_triggered,1,-2.1999999999999993,-0.14892377748642266
fixed,dem_triggered,1,-2.099999999999999,-0.146056006420079
fixed,dem_triggered,1,-1.9999999999999991,-0.09587874971459959
fixed,dem_triggered,1,-1.899999999999999,-0.06346646792483394
fixed,dem_triggered,1,-1.799999999999999,-0.08659137764855278
fixed,dem_triggered,1,-1.6999999999999988,-0.06261443677434546
fixed,dem_triggered,1,-1.5999999999999988,-0.14152947017835624
fixed,dem_triggered,1,-1.4999999999999987,-0.1549727818677778
fixed,dem_triggered,1,-1.3999999999999986,-0.14224649142213355
fixed,dem_triggered,1,-1.2999999999999985,-0.061786006963534125
fixed,dem_triggered,1,-1.1999999999999984,0.004325799351863687
fixed,dem_triggered,1,-1.0999999999999983,0.021301069216706287
fixed,dem_triggered,1,-0.9999999999999982,0.03075869361869049
fixed,dem_triggered,1,-0.8999999999999981,0.1443148071019702
fixed,dem_triggered,1,-0.799999999999998,0.12162559649177275
fixed,dem_triggered,1,-0.699999999999998,0.08200384907522841
fixed,dem_triggered,1,-0.5999999999999979,0.1021409184872374
fixed,dem_triggered,1,-0.4999999999999978,0.12168232140791659
fixed,dem_triggered,1,-0.3999999999999977,0.055322882229783044
fixed,dem_triggered,1,-0.2999999999999976,0.051565725551005824
fixed,dem_triggered,1,-0.1999999999999975,0.05987281090271171
fixed,dem_triggered,1,-0.09999999999999742,0.05377351774112168
fixed,dem_triggered,1,2.6645352591003757e-15,-0.07567574716919237
fixed,dem_triggered,1,0.10000000000000275,0.06371346935237802
fixed,dem_triggered,1,0.20000000000000284,-0.07311712165133556
fixed,dem_triggered,1,0.30000000000000293,-0.12453132710252555
fixed,dem_triggered,1,0.400000000000003,-0.17142664930102788
fixed,dem_triggered,1,0.5000000000000031,-0.13513030728353873
fixed,dem_triggered,1,0.6000000000000032,-0.10502621046994855
fixed,dem_triggered,1,0.7000000000000033,-0.13385540769039891
fixed,dem_triggered,1,0.8000000000000034,-0.09792921850018688
fixed,dem_triggered,1,0.9000000000000035,-0.09240798236842689
fixed,dem_triggered,1,1.0000000000000036,-0.039387004926463166
fixed,dem_triggered,1,1.1000000000000032,-0.09272768354088771
fixed,dem_triggered,1,1.2000000000000037,0.006766817957267209
fixed,dem_triggered,1,1.3000000000000043,0.08706843459280557
fixed,dem_triggered,1,1.400000000000004,0.08185212614728703
fixed,dem_triggered,1,1.5000000000000036,0.06561071347421704
fixed,dem_triggered,1,1.600000000000004,0.13748197176265953
fixed,dem_triggered,1,1.7000000000000046,0.11190132090322309
fixed,dem_triggered,1,1.8000000000000043,0.11739069100373678
fixed,dem_triggered,1,1.900000000000004,0.157889692971199
fixed,dem_triggered,1,2.0000000000000044,0.12463563053342246
fixed,dem_triggered,1,2.100000000000005,0.18132178743361235
fixed,dem_triggered,1,2.2000000000000046,0.20484960298332947
fixed,dem_triggered,1,2.3000000000000043,0.23840182551988268
fixed,dem_triggered,1,2.400000000000005,0.1927612597488858
fixed,dem_triggered,1,2.5000000000000053,0.1183927753230895
fixed,dem_triggered,1,2.600000000000005,0.1147611699376332
fixed,dem_triggered,1,2.7000000000000046,0.1292104560947842
fixed,dem_triggered,1,2.800000000000005,0.07755294591500694
fixed,dem_triggered,1,2.9000000000000057,0.10675755522561466
fixed,dem_triggered,1,3.0000000000000053,0.16924678086534095
fixed,dem_triggered,1,3.100000000000005,0.15657894038568468
fixed,dem_triggered,1,3.2000000000000055,0.18123352538202417
fixed,dem_triggered,1,3.300000000000006,0.12139835953337268
fixed,dem_triggered,1,3.4000000000000057,0.12832372941198114
fixed,dem_triggered,1,3.5000000000000053,0.07267002236826549
fixed,dem_triggered,1,3.600000000000006,0.03571398439901434
fixed,dem_triggered,1,3.7000000000000064,0.02933162156779064
fixed,dem_triggered,1,3.800000000000006,0.01817992310809302
fixed,dem_triggered,1,3.9000000000000057,0.11739377223903454
fixed,dem_triggered,1,4.000000000000006,0.11707111210993654
fixed,dem_triggered,1,4.100000000000007,0.1316200539971508
fixed,dem_triggered,1,4.200000000000006,0.09308542593251597
fixed,dem_triggered,1,4.300000000000006,0.10393962164023281
fixed,dem_triggered,1,4.400000000000007,0.11829143745962882
fixed,dem_triggered,1,4.500000000000007,0.1064897259989054
fixed,dem_triggered,1,4.600000000000007,0.04842609861784574
fixed,dem_triggered,1,4.700000000000006,0.10008938282696861
fixed,dem_triggered,1,4.800000000000007,0.13128681090863972
fixed,dem_triggered,1,4.9000000000000075,0.15371573062797902
fixed,dem_triggered,1,5.000000000000007,0.1681066831927679
fixed,dem_triggered,1,5.100000000000007,0.11949661734513368
fixed,dem_triggered,1,5.200000000000006,0.11912577559070235
fixed,dem_triggered,1,5.300000000000008,0.1304229499889308
fixed,dem_triggered,1,5.4000000000000075,0.09866485266992586
fixed,dem_triggered,1,5.500000000000007,0.10936573718477084
fixed,dem_triggered,1,5.6000000000000085,0.1299831655811076
fixed,dem_triggered,1,5.700000000000008,0.037993065973639016
fixed,dem_triggered,1,5.800000000000008,0.11626163502614306
fixed,dem_triggered,1,5.9000000000000075,0.08248637459607035
fixed,dem_triggered,3,-3.0,0.577625624849772
fixed,dem_triggered,3,-2.9,0.6768602160261773
fixed,dem_triggered,3,-2.8,0.5885674823712579
fixed,dem_triggered,3,-2.6999999999999997,0.5890541378905884
fixed,dem_triggered,3,-2.5999999999999996,0.6085723230429906
fixed,dem_triggered,3,-2.4999999999999996,0.4445666244589468
fixed,dem_triggered,3,-2.3999999999999995,0.517266054034379
fixed,dem_triggered,3,-2.2999999999999994,0.6015833340962119
fixed,dem_triggered,3,-2.1999999999999993,0.6252622097158461
fixed,dem_triggered,3,-2.099999999999999,0.6285410642169649
fixed,dem_triggered,3,-1.9999999999999991,0.7231444155892744
fixed,dem_triggered,3,-1.899999999999999,0.5830574348391778
fixed,dem_triggered,3,-1.799999999999999,0.6157734114676056
fixed,dem_triggered,3,-1.6999999999999988,0.5962408437285913
fixed,dem_triggered,3,-1.5999999999999988,0.6004693764892536
fixed,dem_triggered,3,-1.4999999999999987,0.6684389490976198
fixed,dem_triggered,3,-1.3999999999999986,0.5521358868329781
fixed,dem_triggered,3,-1.2999999999999985,0.5142124742397958
fixed,dem_triggered,3,-1.1999999999999984,0.34199812604467494
fixed,dem_triggered,3,-1.0999999999999983,0.325026941130391
fixed,dem_triggered,3,-0.9999999999999982,0.37651362107111225
fixed,dem_triggered,3,-0.8999999999999981,0.43649794949013526
fixed,dem_triggered,3,-0.799999999999998,0.38760389884918267
fixed,dem_triggered,3,-0.699999999999998,0.34639022631190597
fixed,dem_triggered,3,-0.5999999999999979,0.39750992741290825
fixed,dem_triggered,3,-0.4999999999999978,0.30423379347172397
fixed,dem_triggered,3,-0.3999999999999977,0.38236933120586747
fixed,dem_triggered,3,-0.2999999999999976,0.48284141617792536
fixed,dem_triggered,3,-0.1999999999999975,0.621155203820664
fixed,dem_triggered,3,-0.09999999999999742,0.8088926747348666
fixed,dem_triggered,3,2.6645352591003757e-15,0.8156399485501593
fixed,dem_triggered,3,0.10000000000000275,0.8110278775121011
fixed,dem_triggered,3,0.20000000000000284,0.8064039404575992
fixed,dem_triggered,3,0.30000000000000293,0.7485991243807824
fixed,dem_triggered,3,0.400000000000003,0.6482135380124369
fixed,dem_triggered,3,0.5000000000000031,0.5821506195030042
fixed,dem_triggered,3,0.6000000000000032,0.6056573619667425
fixed,dem_triggered,3,0.7000000000000033,0.6402134196859605
fixed,dem_triggered,3,0.8000000000000034,0.7135302750131841
fixed,dem_triggered,3,0.9000000000000035,0.6889968966216001
fixed,dem_triggered,3,1.0000000000000036,0.822636170986275
fixed,dem_triggered,3,1.1000000000000032,0.8306210211334729
fixed,dem_triggered,3,1.2000000000000037,0.9119839811814484
fixed,dem_triggered,3,1.3000000000000043,0.8737499249726308
fixed,dem_triggered,3,1.400000000000004,0.8131153625236771
fixed,dem_triggered,3,1.5000000000000036,0.8467579556315633
fixed,dem_triggered,3,1.600000000000004,0.8539829697371155
fixed,dem_triggered,3,1.7000000000000046,0.8375609759011983
fixed,dem_triggered,3,1.8000000000000043,0.8641505186135576
fixed,dem_triggered,3,1.900000000000004,1.0597431870532632
fixed,dem_triggered,3,2.0000000000000044,1.0723787397442228
fixed,dem_triggered,3,2.100000000000005,1.0795942723273835
fixed,dem_triggered,3,2.2000000000000046,0.9913378257995107
fixed,dem_triggered,3,2.3000000000000043,0.8882933633144539
fixed,dem_triggered,3,2.400000000000005,0.8799542986946779
fixed,dem_triggered,3,2.5000000000000053,0.7590658750498953
fixed,dem_triggered,3,2.600000000000005,0.8147584431350542
fixed,dem_triggered,3,2.7000000000000046,0.6648534693703454
fixed,dem_triggered,3,2.800000000000005,0.6354115316131401
fixed,dem_triggered,3,2.9000000000000057,0.6454517696995227
fixed,dem_triggered,3,3.0000000000000053,0.6532340975838463
fixed,dem_triggered,3,3.100000000000005,0.6479636498236652
fixed,dem_triggered,3,3.2000000000000055,0.6356393870591645
fixed,dem_triggered,3,3.300000000000006,0.6686413747525036
fixed,dem_triggered,3,3.4000000000000057,0.664962178864743
fixed,dem_triggered,3,3.5000000000000053,0.6347043539996116
fixed,dem_triggered,3,3.600000000000006,0.6703409294704201
fixed,dem_triggered,3,3.7000000000000064,0.6652869589006581
fixed,dem_triggered,3,3.800000000000006,0.5664858284069212
fixed,dem_triggered,3,3.9000000000000057,0.6573023361894458
fixed,dem_triggered,3,4.000000000000006,0.5744755664446654
fixed,dem_triggered,3,4.100000000000007,0.4447648318020992
fixed,dem_triggered,3,4.200000000000006,0.4197568882755393
fixed,dem_triggered,3,4.300000000000006,0.3321223626749681
fixed,dem_triggered,3,4.400000000000007,0.34733073568359624
fixed,dem_triggered,3,4.500000000000007,0.3228679069263696
fixed,dem_triggered,3,4.600000000000007,0.43727062983196774
fixed,dem_triggered,3,4.700000000000006,0.38626775699580085
fixed,dem_triggered,3,4.800000000000007,0.3896397029153951
fixed,dem_triggered,3,4.9000000000000075,0.42450919752826005
fixed,dem_triggered,3,5.000000000000007,0.5694208595264381
fixed,dem_triggered,3,5.100000000000007,0.7036365962150785
fixed,dem_triggered,3,5.200000000000006,0.6542303818842973
fixed,dem_triggered,3,5.300000000000008,0.6127100472115063
fixed,dem_triggered,3,5.4000000000000075,0.6651488193866213
fixed,dem_triggered,3,5.500000000000007,0.7626646728830625
fixed,dem_triggered,3,5.6000000000000085,0.7371026141702225
fixed,dem_triggered,3,5.700000000000008,0.6526221779261165
fixed,dem_triggered,3,5.800000000000008,0.7340369817114174
fixed,dem_triggered,3,5.9000000000000075,0.697449692367354
fixed,dem_triggered,4,-3.0,-0.012565012291502248
fixed,dem_triggered,4,-2.9,-0.03543773492257869
fixed,dem_triggered,4,-2.8,-0.0671196277000035
fixed,dem_triggered,4,-2.6999999999999997,-0.06811547798347288
fixed,dem_triggered,4,-2.5999999999999996,-0.17949968120730428
fixed,dem_triggered,4,-2.4999999999999996,-0.24720472559902293
fixed,dem_triggered,4,-2.3999999999999995,-0.19293862218059643
fixed,dem_triggered,4,-2.2999999999999994,-0.1720596689832503
fixed,dem_triggered,4,-2.1999999999999993,-0.11650727804252455
fixed,dem_triggered,4,-2.099999999999999,-0.004913782797649526
fixed,dem_triggered,4,-1.9999999999999991,0.05917616560066547
fixed,dem_triggered,4,-1.899999999999999,0.03483790787698043
fixed,dem_triggered,4,-1.799999999999999,-0.08160131601703706
fixed,dem_triggered,4,-1.6999999999999988,-0.08200490997159439
fixed,dem_triggered,4,-1.5999999999999988,-0.005620567459337586
fixed,dem_triggered,4,-1.4999999999999987,-0.04894151926915608
fixed,dem_triggered,4,-1.3999999999999986,-0.04483171178458486
fixed,dem_triggered,4,-1.2999999999999985,0.11703135483191562
fixed,dem_triggered,4,-1.1999999999999984,0.27984715353150164
fixed,dem_triggered,4,-1.0999999999999983,0.31488080854562395
fixed,dem_triggered,4,-0.9999999999999982,0.4101742202265981
fixed,dem_triggered,4,-0.8999999999999981,0.18715341685323938
fixed,dem_triggered,4,-0.799999999999998,0.27057276118796114
fixed,dem_triggered,4,-0.699999999999998,0.19888021961020566
fixed,dem_triggered,4,-0.5999999999999979,0.09656635339444108
fixed,dem_triggered,4,-0.4999999999999978,0.03205407100787743
fixed,dem_triggered,4,-0.3999999999999977,0.1377472554361616
fixed,dem_triggered,4,-0.2999999999999976,0.23753178426280008
fixed,dem_triggered,4,-0.1999999999999975,0.3015016803901727
fixed,dem_triggered,4,-0.09999999999999742,0.39271927580742755
fixed,dem_triggered,4,2.6645352591003757e-15,0.3565323235719536
fixed,dem_triggered,4,0.10000000000000275,0.4435842885849471
fixed,dem_triggered,4,0.20000000000000284,0.4117937961131677
fixed,dem_triggered,4,0.30000000000000293,0.31887606205686236
fixed,dem_triggered,4,0.400000000000003,0.243696466231225
fixed,dem_triggered,4,0.5000000000000031,0.2688256896603429
fixed,dem_triggered,4,0.6000000000000032,0.2548610213015563
fixed,dem_triggered,4,0.7000000000000033,0.2988022573697066
fixed,dem_triggered,4,0.8000000000000034,0.2713152081302835
fixed,dem_triggered,4,0.9000000000000035,0.2841115091077226
fixed,dem_triggered,4,1.0000000000000036,0.26471086717027487
fixed,dem_triggered,4,1.1000000000000032,0.2081603999449367
fixed,dem_triggered,4,1.2000000000000037,0.13657136420801055
fixed,dem_triggered,4,1.3000000000000043,0.05642311041089889
fixed,dem_triggered,4,1.400000000000004,0.056569346256385135
fixed,dem_triggered,4,1.5000000000000036,0.1012417239291911
fixed,dem_triggered,4,1.600000000000004,0.19355718486962284
fixed,dem_triggered,4,1.7000000000000046,0.23004315209354168
fixed,dem_triggered,4,1.8000000000000043,0.16840278182361446
fixed,dem_triggered,4,1.900000000000004,0.18623843561928685
fixed,dem_triggered,4,2.0000000000000044,0.09965069195099459
fixed,dem_triggered,4,2.100000000000005,0.1424210835052567
fixed,dem_triggered,4,2.2000000000000046,0.2056157775619547
fixed,dem_triggered,4,2.3000000000000043,0.2810902014480638
fixed,dem_triggered,4,2.400000000000005,0.3246847930485465
fixed,dem_triggered,4,2.5000000000000053,0.3494976742350786
fixed,dem_triggered,4,2.600000000000005,0.32282108504172147
fixed,dem_triggered,4,2.7000000000000046,0.32732333443035005
fixed,dem_triggered,4,2.800000000000005,0.31375408424383905
fixed,dem_triggered,4,2.9000000000000057,0.3337341302702746
fixed,dem_triggered,4,3.0000000000000053,0.25407920947061174
fixed,dem_triggered,4,3.100000000000005,0.3159671627128577
fixed,dem_triggered,4,3.2000000000000055,0.38970781014856354
fixed,dem_triggered,4,3.300000000000006,0.29475861745135024
fixed,dem_triggered,4,3.4000000000000057,0.4207328153166334
fixed,dem_triggered,4,3.5000000000000053,0.46764010643819515
fixed,dem_triggered,4,3.600000000000006,0.3008268493174077
fixed,dem_triggered,4,3.7000000000000064,0.37612808567850914
fixed,dem_triggered,4,3.800000000000006,0.3883714170470689
fixed,dem_triggered,4,3.9000000000000057,0.3481164122762688
fixed,dem_triggered,4,4.000000000000006,0.3847483404003283
fixed,dem_triggered,4,4.100000000000007,0.3612323036082568
fixed,dem_triggered,4,4.200000000000006,0.28196010354736717
fixed,dem_triggered,4,4.300000000000006,0.24903434563746327
fixed,dem_triggered,4,4.400000000000007,0.2676324298085129
fixed,dem_triggered,4,4.500000000000007,0.25407092288990213
fixed,dem_triggered,4,4.600000000000007,0.32754774848583484
fixed,dem_triggered,4,4.700000000000006,0.4184896235042313
fixed,dem_triggered,4,4.800000000000007,0.4331118323301801
fixed,dem_triggered,4,4.9000000000000075,0.43705106561051515
fixed,dem_triggered,4,5.000000000000007,0.45523671245945163
fixed,dem_triggered,4,5.100000000000007,0.42971674447247793
fixed,dem_triggered,4,5.200000000000006,0.29323142634505245
fixed,dem_triggered,4,5.300000000000008,0.2557396351837354
fixed,dem_triggered,4,5.4000000000000075,0.27446581717842744
fixed,dem_triggered,4,5.500000000000007,0.24388419968172045
fixed,dem_triggered,4,5.6000000000000085,0.25227443557691737
fixed,dem_triggered,4,5.700000000000008,0.10571474384808184
fixed,dem_triggered,4,5.800000000000008,0.02820514974319607
fixed,dem_triggered,4,5.9000000000000075,-0.0044903750928265386
fixed,dem_triggered,5,-3.0,0.15055814974462692
fixed,dem_triggered,5,-2.9,0.18005912078292102
fixed,dem_triggered,5,-2.8,0.23803556819990235
fixed,dem_triggered,5,-2.6999999999999997,0.19660632890399746
fixed,dem_triggered,5,-2.5999999999999996,0.22602976258445465
fixed,dem_triggered,5,-2.4999999999999996,0.2254191501823357
fixed,dem_triggered,5,-2.3999999999999995,0.21728941363417273
fixed,dem_triggered,5,-2.2999999999999994,0.23837213756554723
fixed,dem_triggered,5,-2.1999999999999993,0.20339912657518958
fixed,dem_triggered,5,-2.099999999999999,0.259849729292252
fixed,dem_triggered,5,-1.9999999999999991,0.29750875790151576
fixed,dem_triggered,5,-1.899999999999999,0.32120523690070246
fixed,dem_triggered,5,-1.799999999999999,0.33554044649211234
fixed,dem_triggered,5,-1.6999999999999988,0.3122056622445467
fixed,dem_triggered,5,-1.5999999999999988,0.337894234963558
fixed,dem_triggered,5,-1.4999999999999987,0.2093025174115379
fixed,dem_triggered,5,-1.3999999999999986,0.10756752959876333
fixed,dem_triggered,5,-1.2999999999999985,0.08848159759567022
fixed,dem_triggered,5,-1.1999999999999984,0.14505208504082306
fixed,dem_triggered,5,-1.0999999999999983,0.15081944181763543
fixed,dem_triggered,5,-0.9999999999999982,0.1136985441668753
fixed,dem_triggered,5,-0.8999999999999981,0.1327439021746508
fixed,dem_triggered,5,-0.799999999999998,0.15327060167801934
fixed,dem_triggered,5,-0.699999999999998,0.1793069683918357
fixed,dem_triggered,5,-0.5999999999999979,0.24906123100438185
fixed,dem_triggered,5,-0.4999999999999978,0.29595823953485273
fixed,dem_triggered,5,-0.3999999999999977,0.23219063129904063
fixed,dem_triggered,5,-0.2999999999999976,0.19286453317744354
fixed,dem_triggered,5,-0.1999999999999975,0.11268081141018427
fixed,dem_triggered,5,-0.09999999999999742,0.06820089359228751
fixed,dem_triggered,5,2.6645352591003757e-15,0.06035926025296284
fixed,dem_triggered,5,0.10000000000000275,0.10582583002622267
fixed,dem_triggered,5,0.20000000000000284,0.17464693044974797
fixed,dem_triggered,5,0.30000000000000293,0.28003646559111905
fixed,dem_triggered,5,0.400000000000003,0.4637685360255507
fixed,dem_triggered,5,0.5000000000000031,0.45418308730308815
fixed,dem_triggered,5,0.6000000000000032,0.3395283236846005
fixed,dem_triggered,5,0.7000000000000033,0.2813421699658156
fixed,dem_triggered,5,0.8000000000000034,0.23765367047976504
fixed,dem_triggered,5,0.9000000000000035,0.22656589083329381
fixed,dem_triggered,5,1.0000000000000036,0.32568347711297996
fixed,dem_triggered,5,1.1000000000000032,0.4044634376465265
fixed,dem_triggered,5,1.2000000000000037,0.41731898095435116
fixed,dem_triggered,5,1.3000000000000043,0.3857095919087975
fixed,dem_triggered,5,1.400000000000004,0.32964371982709917
fixed,dem_triggered,5,1.5000000000000036,0.36756424346900984
fixed,dem_triggered,5,1.600000000000004,0.373687412876724
fixed,dem_triggered,5,1.7000000000000046,0.3198696629713106
fixed,dem_triggered,5,1.8000000000000043,0.4041871464670699
fixed,dem_triggered,5,1.900000000000004,0.32889986702573054
fixed,dem_triggered,5,2.0000000000000044,0.23078995006734593
fixed,dem_triggered,5,2.100000000000005,0.22832679865790434
fixed,dem_triggered,5,2.2000000000000046,0.2411818875813051
fixed,dem_triggered,5,2.3000000000000043,0.15590104501468613
fixed,dem_triggered,5,2.400000000000005,0.1467103545428703
fixed,dem_triggered,5,2.5000000000000053,0.15905868917273944
fixed,dem_triggered,5,2.600000000000005,0.1997639029252267
fixed,dem_triggered,5,2.7000000000000046,0.2712214770090807
fixed,dem_triggered,5,2.800000000000005,0.3585335200896937
fixed,dem_triggered,5,2.9000000000000057,0.4422687241834909
fixed,dem_triggered,5,3.0000000000000053,0.40539731531091716
fixed,dem_triggered,5,3.100000000000005,0.35116447766425424
fixed,dem_triggered,5,3.2000000000000055,0.3722690957610898
fixed,dem_triggered,5,3.300000000000006,0.4403045578177105
fixed,dem_triggered,5,3.4000000000000057,0.399633276806591
fixed,dem_triggered,5,3.5000000000000053,0.3865715451606756
fixed,dem_triggered,5,3.600000000000006,0.35384784362848337
fixed,dem_triggered,5,3.7000000000000064,0.3444800204592132
fixed,dem_triggered,5,3.800000000000006,0.3898698997546142
fixed,dem_triggered,5,3.9000000000000057,0.3720650377117029
fixed,dem_triggered,5,4.000000000000006,0.3303374465051007
fixed,dem_triggered,5,4.100000000000007,0.27843325209829484
fixed,dem_triggered,5,4.200000000000006,0.2445128807754697
fixed,dem_triggered,5,4.300000000000006,0.24974184912131586
fixed,dem_triggered,5,4.400000000000007,0.29059203392645727
fixed,dem_triggered,5,4.500000000000007,0.31583506883696744
fixed,dem_triggered,5,4.600000000000007,0.3615461901712526
fixed,dem_triggered,5,4.700000000000006,0.22194426993653377
fixed,dem_triggered,5,4.800000000000007,0.09738262093161038
fixed,dem_triggered,5,4.9000000000000075,0.01842345172178531
fixed,dem_triggered,5,5.000000000000007,0.025833774385288524
fixed,dem_triggered,5,5.100000000000007,0.0860029529852775
fixed,dem_triggered,5,5.200000000000006,0.0672300421836069
fixed,dem_triggered,5,5.300000000000008,0.0035488385795161073
fixed,dem_triggered,5,5.4000000000000075,0.009507183688599248
fixed,dem_triggered,5,5.500000000000007,0.044655024859276284
fixed,dem_triggered,5,5.6000000000000085,0.08205172669281978
fixed,dem_triggered,5,5.700000000000008,0.09684839448922199
fixed,dem_triggered,5,5.800000000000008,0.060225847471649586
fixed,dem_triggered,5,5.9000000000000075,0.06385267976779958
fixed,dem_triggered,6,-3.0,0.06344704793309028
fixed,dem_triggered,6,-2.9,0.11675982346263486
fixed,dem_triggered,6,-2.8,-0.02342138294728147
fixed,dem_triggered,6,-2.6999999999999997,0.08807501897991728
fixed,dem_triggered,6,-2.5999999999999996,0.12170370568555815
fixed,dem_triggered,6,-2.4999999999999996,0.10796963137371202
fixed,dem_triggered,6,-2.3999999999999995,0.025088929018104274
fixed,dem_triggered,6,-2.2999999999999994,0.04346127210285848
fixed,dem_triggered,6,-2.1999999999999993,0.052599345844462464
fixed,dem_triggered,6,-2.099999999999999,0.09600136589714504
fixed,dem_triggered,6,-1.9999999999999991,0.08227112522548363
fixed,dem_triggered,6,-1.899999999999999,0.05151383782126911
fixed,dem_triggered,6,-1.799999999999999,0.11486586191334845
fixed,dem_triggered,6,-1.6999999999999988,0.16209130429669652
fixed,dem_triggered,6,-1.5999999999999988,0.17305428207304865
fixed,dem_triggered,6,-1.4999999999999987,0.06832752106060345
fixed,dem_triggered,6,-1.3999999999999986,0.1437709335543803
fixed,dem_triggered,6,-1.2999999999999985,0.12230111047276614
fixed,dem_triggered,6,-1.1999999999999984,0.12848943143905106
fixed,dem_triggered,6,-1.0999999999999983,0.07291487309095375
fixed,dem_triggered,6,-0.9999999999999982,0.04396390913910206
fixed,dem_triggered,6,-0.8999999999999981,-0.05459719821167653
fixed,dem_triggered,6,-0.799999999999998,-0.003826344654356631
fixed,dem_triggered,6,-0.699999999999998,-0.06819251780628237
fixed,dem_triggered,6,-0.5999999999999979,-0.10846576189396978
fixed,dem_triggered,6,-0.4999999999999978,-0.05384257201605067
fixed,dem_triggered,6,-0.3999999999999977,-0.04903394335867586
fixed,dem_triggered,6,-0.2999999999999976,0.024382857733911193
fixed,dem_triggered,6,-0.1999999999999975,-0.00337988605602485
fixed,dem_triggered,6,-0.09999999999999742,-0.02404856871533535
fixed,dem_triggered,6,2.6645352591003757e-15,0.05198631372381949
fixed,dem_triggered,6,0.10000000000000275,0.02740512313440635
fixed,dem_triggered,6,0.20000000000000284,0.12301347051787652
fixed,dem_triggered,6,0.30000000000000293,0.11052581628803125
fixed,dem_triggered,6,0.400000000000003,0.08130547903847923
fixed,dem_triggered,6,0.5000000000000031,0.104624303534045
fixed,dem_triggered,6,0.6000000000000032,0.07964568750693357
fixed,dem_triggered,6,0.7000000000000033,0.05476894650756326
fixed,dem_triggered,6,0.8000000000000034,0.1314139610486421
fixed,dem_triggered,6,0.9000000000000035,0.1390413297231318
fixed,dem_triggered,6,1.0000000000000036,0.06643190917954646
fixed,dem_triggered,6,1.1000000000000032,0.040081899183878424
fixed,dem_triggered,6,1.2000000000000037,0.0018390624455064358
fixed,dem_triggered,6,1.3000000000000043,-0.02725855686952162
fixed,dem_triggered,6,1.400000000000004,-0.017863064835198544
fixed,dem_triggered,6,1.5000000000000036,0.012473518461120377
fixed,dem_triggered,6,1.600000000000004,0.04990081227524436
fixed,dem_triggered,6,1.7000000000000046,0.09644499955587457
fixed,dem_triggered,6,1.8000000000000043,0.15289195257678584
fixed,dem_triggered,6,1.900000000000004,0.146257626566267
fixed,dem_triggered,6,2.0000000000000044,0.15244984700659567
fixed,dem_triggered,6,2.100000000000005,0.17184103476868567
fixed,dem_triggered,6,2.2000000000000046,0.17965728130044534
fixed,dem_triggered,6,2.3000000000000043,0.21499191026384845
fixed,dem_triggered,6,2.400000000000005,0.15775224016342038
fixed,dem_triggered,6,2.5000000000000053,0.12016694603204403
fixed,dem_triggered,6,2.600000000000005,0.11842721921381812
fixed,dem_triggered,6,2.7000000000000046,0.18656364665718111
fixed,dem_triggered,6,2.800000000000005,0.27765821239718164
fixed,dem_triggered,6,2.9000000000000057,0.2421954011139082
fixed,dem_triggered,6,3.0000000000000053,0.24161442422052665
fixed,dem_triggered,6,3.100000000000005,0.13879310695356553
fixed,dem_triggered,6,3.2000000000000055,0.13577126677994875
fixed,dem_triggered,6,3.300000000000006,0.15369724315824118
fixed,dem_triggered,6,3.4000000000000057,0.15375688745976152
fixed,dem_triggered,6,3.5000000000000053,0.14407877449865272
fixed,dem_triggered,6,3.600000000000006,0.0833595707205289
fixed,dem_triggered,6,3.7000000000000064,0.08440972851637858
fixed,dem_triggered,6,3.800000000000006,0.18775208246447148
fixed,dem_triggered,6,3.9000000000000057,0.1574106332660002
fixed,dem_triggered,6,4.000000000000006,0.15564983007815658
fixed,dem_triggered,6,4.100000000000007,0.09905920733836754
fixed,dem_triggered,6,4.200000000000006,0.029654366424626995
fixed,dem_triggered,6,4.300000000000006,-0.007514951405668942
fixed,dem_triggered,6,4.400000000000007,-0.03333702769184542
fixed,dem_triggered,6,4.500000000000007,-0.0043977471185968646
fixed,dem_triggered,6,4.600000000000007,0.062542186575966
fixed,dem_triggered,6,4.700000000000006,0.014608605085242263
fixed,dem_triggered,6,4.800000000000007,0.10297669017883614
fixed,dem_triggered,6,4.9000000000000075,0.08963456031681039
fixed,dem_triggered,6,5.000000000000007,0.0869920917887379
fixed,dem_triggered,6,5.100000000000007,0.05799826350059406
fixed,dem_triggered,6,5.200000000000006,0.04682708217483575
fixed,dem_triggered,6,5.300000000000008,0.03287901166581331
fixed,dem_triggered,6,5.4000000000000075,0.03533599976499749
fixed,dem_triggered,6,5.500000000000007,0.10746910591099142
fixed,dem_triggered,6,5.6000000000000085,0.03110594054816321
fixed,dem_triggered,6,5.700000000000008,0.07609447173834989
fixed,dem_triggered,6,5.800000000000008,0.10346277395729574
fixed,dem_triggered,6,5.9000000000000075,0.08558758791353197
fixed,dem_triggered,18,-3.0,0.034011036170142714
fixed,dem_triggered,18,-2.9,0.017814533127403658
fixed,dem_triggered,18,-2.8,0.009424152363571572
fixed,dem_triggered,18,-2.6999999999999997,-0.061524795277652894
fixed,dem_triggered,18,-2.5999999999999996,-0.07833354497506077
fixed,dem_triggered,18,-2.4999999999999996,-0.07537127375037753
fixed,dem_triggered,18,-2.3999999999999995,-0.07569561239617362
fixed,dem_triggered,18,-2.2999999999999994,-0.050782444217129595
fixed,dem_triggered,18,-2.1999999999999993,-0.031521166544000515
fixed,dem_triggered,18,-2.099999999999999,-0.027214857197368072
fixed,dem_triggered,18,-1.9999999999999991,0.04612469025223538
fixed,dem_triggered,18,-1.899999999999999,0.04868889262842427
fixed,dem_triggered,18,-1.799999999999999,0.042312782353537255
fixed,dem_triggered,18,-1.6999999999999988,0.057611561107284805
fixed,dem_triggered,18,-1.5999999999999988,0.05115937800594114
fixed,dem_triggered,18,-1.4999999999999987,0.028119503968518055
fixed,dem_triggered,18,-1.3999999999999986,0.018527581890615822
fixed,dem_triggered,18,-1.2999999999999985,0.042745594860151316
fixed,dem_triggered,18,-1.1999999999999984,0.008580334787891825
fixed,dem_triggered,18,-1.0999999999999983,0.0011635128541817388
fixed,dem_triggered,18,-0.9999999999999982,0.02940754936467745
fixed,dem_triggered,18,-0.8999999999999981,0.023758003711908348
fixed,dem_triggered,18,-0.799999999999998,0.14419390518456685
fixed,dem_triggered,18,-0.699999999999998,0.22022418146646222
fixed,dem_triggered,18,-0.5999999999999979,0.2331787431494506
fixed,dem_triggered,18,-0.4999999999999978,0.31308648161200164
fixed,dem_triggered,18,-0.3999999999999977,0.3502787487869653
fixed,dem_triggered,18,-0.2999999999999976,0.43547351308207727
fixed,dem_triggered,18,-0.1999999999999975,0.5220154934786341
fixed,dem_triggered,18,-0.09999999999999742,0.6185847209941469
fixed,dem_triggered,18,2.6645352591003757e-15,0.7496961000009853
fixed,dem_triggered,18,0.10000000000000275,0.7956463348105511
fixed,dem_triggered,18,0.20000000000000284,0.9212248686635405
fixed,dem_triggered,18,0.30000000000000293,0.9345390881353999
fixed,dem_triggered,18,0.400000000000003,0.959083394504845
fixed,dem_triggered,18,0.5000000000000031,0.8691655113764389
fixed,dem_triggered,18,0.6000000000000032,0.9019000544142969
fixed,dem_triggered,18,0.7000000000000033,0.8674867934935326
fixed,dem_triggered,18,0.8000000000000034,0.8277765551875166
fixed,dem_triggered,18,0.9000000000000035,0.7927283193573782
fixed,dem_triggered,18,1.0000000000000036,0.7956908689978756
fixed,dem_triggered,18,1.1000000000000032,0.8384725837151416
fixed,dem_triggered,18,1.2000000000000037,0.820821066387234
fixed,dem_triggered,18,1.3000000000000043,0.8388514398887817
fixed,dem_triggered,18,1.400000000000004,0.8628283005471145
fixed,dem_triggered,18,1.5000000000000036,0.8060479280721181
fixed,dem_triggered,18,1.600000000000004,0.8031829469468093
fixed,dem_triggered,18,1.7000000000000046,0.8436518019478009
fixed,dem_triggered,18,1.8000000000000043,0.8436180779725813
fixed,dem_triggered,18,1.900000000000004,0.925997996897247
fixed,dem_triggered,18,2.0000000000000044,0.8744118893958289
fixed,dem_triggered,18,2.100000000000005,0.875850945396752
fixed,dem_triggered,18,2.2000000000000046,0.84446614271754
fixed,dem_triggered,18,2.3000000000000043,0.8614543846371912
fixed,dem_triggered,18,2.400000000000005,0.8343532098065888
fixed,dem_triggered,18,2.5000000000000053,0.8561202198109901
fixed,dem_triggered,18,2.600000000000005,0.8554169287552907
fixed,dem_triggered,18,2.7000000000000046,0.8489547580443567
fixed,dem_triggered,18,2.800000000000005,0.8131209914833373
fixed,dem_triggered,18,2.9000000000000057,0.7281171056007926
fixed,dem_triggered,18,3.0000000000000053,0.6803936092669408
fixed,dem_triggered,18,3.100000000000005,0.6769555596907774
fixed,dem_triggered,18,3.2000000000000055,0.7663785044274236
fixed,dem_triggered,18,3.300000000000006,0.7847500018980254
fixed,dem_triggered,18,3.4000000000000057,0.7882791624774798
fixed,dem_triggered,18,3.5000000000000053,0.8285924184041247
fixed,dem_triggered,18,3.600000000000006,0.7824153992371325
fixed,dem_triggered,18,3.7000000000000064,0.7261778813528066
fixed,dem_triggered,18,3.800000000000006,0.7395381999432667
fixed,dem_triggered,18,3.9000000000000057,0.796285736401861
fixed,dem_triggered,18,4.000000000000006,0.7524860679365588
fixed,dem_triggered,18,4.100000000000007,0.7552659590589871
fixed,dem_triggered,18,4.200000000000006,0.7551976471130812
fixed,dem_triggered,18,4.300000000000006,0.7201987476498974
fixed,dem_triggered,18,4.400000000000007,0.700919895002459
fixed,dem_triggered,18,4.500000000000007,0.6939452060365231
fixed,dem_triggered,18,4.600000000000007,0.6152197953870474
fixed,dem_triggered,18,4.700000000000006,0.6252547893316491
fixed,dem_triggered,18,4.800000000000007,0.6124956050136553
fixed,dem_triggered,18,4.9000000000000075,0.5651594791893928
fixed,dem_triggered,18,5.000000000000007,0.559865238946778
fixed,dem_triggered,18,5.100000000000007,0.574894411842658
fixed,dem_triggered,18,5.200000000000006,0.5496247506396307
fixed,dem_triggered,18,5.300000000000008,0.5959854170278347
fixed,dem_triggered,18,5.4000000000000075,0.6147147226278
fixed,dem_triggered,18,5.500000000000007,0.5871569267670428
fixed,dem_triggered,18,5.6000000000000085,0.5026084727872442
fixed,dem_triggered,18,5.700000000000008,0.5044780752407466
fixed,dem_triggered,18,5.800000000000008,0.5290811274341252
fixed,dem_triggered,18,5.9000000000000075,0.49068689494679685
fixed,dem_triggered,19,-3.0,0.43912617750491256
fixed,dem_triggered,19,-2.9,0.4129644780323122
fixed,dem_triggered,19,-2.8,0.4195041640752688
fixed,dem_triggered,19,-2.6999999999999997,0.6351180789626449
fixed,dem_triggered,19,-2.5999999999999996,0.6831534279243382
fixed,dem_triggered,19,-2.4999999999999996,0.41497894550948317
fixed,dem_triggered,19,-2.3999999999999995,0.4827961518346118
fixed,dem_triggered,19,-2.2999999999999994,0.5010472615863071
fixed,dem_triggered,19,-2.1999999999999993,0.3812417244622396
fixed,dem_triggered,19,-2.099999999999999,0.46908758529095224
fixed,dem_triggered,19,-1.9999999999999991,0.4473651898653604
fixed,dem_triggered,19,-1.899999999999999,0.567923337375176
fixed,dem_triggered,19,-1.799999999999999,0.5090109016030322
fixed,dem_triggered,19,-1.6999999999999988,0.4529965999834976
fixed,dem_triggered,19,-1.5999999999999988,0.4254765741095371
fixed,dem_triggered,19,-1.4999999999999987,0.5391234860504812
fixed,dem_triggered,19,-1.3999999999999986,0.6631190277740961
fixed,dem_triggered,19,-1.2999999999999985,0.7291260152797356
fixed,dem_triggered,19,-1.1999999999999984,0.68351919254797
fixed,dem_triggered,19,-1.0999999999999983,0.5592811143051168
fixed,dem_triggered,19,-0.9999999999999982,0.5474965163232226
fixed,dem_triggered,19,-0.8999999999999981,0.5468414634386807
fixed,dem_triggered,19,-0.799999999999998,0.4734995021889615
fixed,dem_triggered,19,-0.699999999999998,0.4467439038544734
fixed,dem_triggered,19,-0.5999999999999979,0.3678796133096005
fixed,dem_triggered,19,-0.4999999999999978,0.4174858281215257
fixed,dem_triggered,19,-0.3999999999999977,0.4543301807213752
fixed,dem_triggered,19,-0.2999999999999976,0.5197918998876914
fixed,dem_triggered,19,-0.1999999999999975,0.34380763779645485
fixed,dem_triggered,19,-0.09999999999999742,0.3209747742968545
fixed,dem_triggered,19,2.6645352591003757e-15,0.2798909149545153
fixed,dem_triggered,19,0.10000000000000275,0.3393068928867417
fixed,dem_triggered,19,0.20000000000000284,0.2647191464332488
fixed,dem_triggered,19,0.30000000000000293,0.29691660420523586
fixed,dem_triggered,19,0.400000000000003,0.1784524653802708
fixed,dem_triggered,19,0.5000000000000031,0.3007464662869205
fixed,dem_triggered,19,0.6000000000000032,0.3429091803461605
fixed,dem_triggered,19,0.7000000000000033,0.14996411478775298
fixed,dem_triggered,19,0.8000000000000034,0.18342283529051062
fixed,dem_triggered,19,0.9000000000000035,0.28128740455627677
fixed,dem_triggered,19,1.0000000000000036,0.17302681804661318
fixed,dem_triggered,19,1.1000000000000032,0.19923463923039167
fixed,dem_triggered,19,1.2000000000000037,0.16759823221876013
fixed,dem_triggered,19,1.3000000000000043,0.4739758645726009
fixed,dem_triggered,19,1.400000000000004,0.5774003477978202
fixed,dem_triggered,19,1.5000000000000036,0.7219689462710462
fixed,dem_triggered,19,1.600000000000004,0.6582421263517181
fixed,dem_triggered,19,1.7000000000000046,0.6566862192128644
fixed,dem_triggered,19,1.8000000000000043,0.6687704073264505
fixed,dem_triggered,19,1.900000000000004,0.7235527256779113
fixed,dem_triggered,19,2.0000000000000044,0.5761800393090537
fixed,dem_triggered,19,2.100000000000005,0.5667348010207358
fixed,dem_triggered,19,2.2000000000000046,0.5323731588727307
fixed,dem_triggered,19,2.3000000000000043,0.5401951107665739
fixed,dem_triggered,19,2.400000000000005,0.4194257314896941
fixed,dem_triggered,19,2.5000000000000053,0.36705730802311815
fixed,dem_triggered,19,2.600000000000005,0.38163256524265526
fixed,dem_triggered,19,2.7000000000000046,0.31905562791379427
fixed,dem_triggered,19,2.800000000000005,0.3478890982753136
fixed,dem_triggered,19,2.9000000000000057,0.3062613490043957
fixed,dem_triggered,19,3.0000000000000053,0.33920971613408646
fixed,dem_triggered,19,3.100000000000005,0.4018979662750408
fixed,dem_triggered,19,3.2000000000000055,0.5236111918203799
fixed,dem_triggered,19,3.300000000000006,0.38947881450918875
fixed,dem_triggered,19,3.4000000000000057,0.4204360249240308
fixed,dem_triggered,19,3.5000000000000053,0.26073990212023584
fixed,dem_triggered,19,3.600000000000006,0.2576241697484214
fixed,dem_triggered,19,3.7000000000000064,0.013528119246647825
fixed,dem_triggered,19,3.800000000000006,0.025335369224395755
fixed,dem_triggered,19,3.9000000000000057,0.2118479657778351
fixed,dem_triggered,19,4.000000000000006,0.18810042899984353
fixed,dem_triggered,19,4.100000000000007,-0.03504209278026446
fixed,dem_triggered,19,4.200000000000006,-0.14157467484011804
fixed,dem_triggered,19,4.300000000000006,0.02865676675868605
fixed,dem_triggered,19,4.400000000000007,0.02974947141691401
fixed,dem_triggered,19,4.500000000000007,-0.043065485661041625
fixed,dem_triggered,19,4.600000000000007,-0.017006709083018507
fixed,dem_triggered,19,4.700000000000006,4.1850272856407134e-05
fixed,dem_triggered,19,4.800000000000007,-0.04253927218463388
fixed,dem_triggered,19,4.9000000000000075,0.004850876683550949
fixed,dem_triggered,19,5.000000000000007,-0.043728941683622104
fixed,dem_triggered,19,5.100000000000007,-0.011682225574443018
fixed,dem_triggered,19,5.200000000000006,0.06392175883046569
fixed,dem_triggered,19,5.300000000000008,-0.028540048460521383
fixed,dem_triggered,19,5.4000000000000075,-0.024208106182854947
fixed,dem_triggered,19,5.500000000000007,0.03632282019856336
fixed,dem_triggered,19,5.6000000000000085,0.03074873542261458
fixed,dem_triggered,19,5.700000000000008,0.10220112828226655
fixed,dem_triggered,19,5.800000000000008,0.09991800534218717
fixed,dem_triggered,19,5.9000000000000075,0.1938394856346809
fixed,dem_triggered,27,-3.0,0.18889302659321516
fixed,dem_triggered,27,-2.9,0.25260855914558233
fixed,dem_triggered,27,-2.8,0.218067439901623
fixed,dem_triggered,27,-2.6999999999999997,0.21994422889539952
fixed,dem_triggered,27,-2.5999999999999996,0.21015995690669875
fixed,dem_triggered,27,-2.4999999999999996,0.21373789236913326
fixed,dem_triggered,27,-2.3999999999999995,0.22358580289308602
fixed,dem_triggered,27,-2.2999999999999994,0.15832912977650668
fixed,dem_triggered,27,-2.1999999999999993,0.08296875941926905
fixed,dem_triggered,27,-2.099999999999999,0.07968360148066865
fixed,dem_triggered,27,-1.9999999999999991,0.05386486066583329
fixed,dem_triggered,27,-1.899999999999999,0.023442640712911664
fixed,dem_triggered,27,-1.799999999999999,0.05732059946310993
fixed,dem_triggered,27,-1.6999999999999988,0.06691210103893777
fixed,dem_triggered,27,-1.5999999999999988,0.09020938139485996
fixed,dem_triggered,27,-1.4999999999999987,0.13091001753302017
fixed,dem_triggered,27,-1.3999999999999986,0.1721378686886941
fixed,dem_triggered,27,-1.2999999999999985,0.17276620986684105
fixed,dem_triggered,27,-1.1999999999999984,0.1348125769081145
fixed,dem_triggered,27,-1.0999999999999983,0.07482924125938337
fixed,dem_triggered,27,-0.9999999999999982,-0.0020850936644141783
fixed,dem_triggered,27,-0.8999999999999981,0.0006962218439685586
fixed,dem_triggered,27,-0.799999999999998,0.009188589101548322
fixed,dem_triggered,27,-0.699999999999998,0.01150771075629976
fixed,dem_triggered,27,-0.5999999999999979,0.14510710243338573
fixed,dem_triggered,27,-0.4999999999999978,0.11318063376830283
fixed,dem_triggered,27,-0.3999999999999977,0.05624813007996967
fixed,dem_triggered,27,-0.2999999999999976,0.07851304666954598
fixed,dem_triggered,27,-0.1999999999999975,0.10425865950522525
fixed,dem_triggered,27,-0.09999999999999742,0.11822597169654296
fixed,dem_triggered,27,2.6645352591003757e-15,0.1738952284388457
fixed,dem_triggered,27,0.10000000000000275,0.15923225107949152
fixed,dem_triggered,27,0.20000000000000284,0.1657374737690011
fixed,dem_triggered,27,0.30000000000000293,0.15927302922233172
fixed,dem_triggered,27,0.400000000000003,0.07160476357724196
fixed,dem_triggered,27,0.5000000000000031,-0.036931909906783286
fixed,dem_triggered,27,0.6000000000000032,0.0012656475763950016
fixed,dem_triggered,27,0.7000000000000033,0.13063824498943202
fixed,dem_triggered,27,0.8000000000000034,0.15536421377329995
fixed,dem_triggered,27,0.9000000000000035,0.2888318363420043
fixed,dem_triggered,27,1.0000000000000036,0.4357806438660786
fixed,dem_triggered,27,1.1000000000000032,0.43894380026213903
fixed,dem_triggered,27,1.2000000000000037,0.3751772318305514
fixed,dem_triggered,27,1.3000000000000043,0.32051128428494524
fixed,dem_triggered,27,1.400000000000004,0.32330215465789547
fixed,dem_triggered,27,1.5000000000000036,0.32217851443610473
fixed,dem_triggered,27,1.600000000000004,0.3961455107960846
fixed,dem_triggered,27,1.7000000000000046,0.38328686604308865
fixed,dem_triggered,27,1.8000000000000043,0.4742234935853757
fixed,dem_triggered,27,1.900000000000004,0.6396235346661132
fixed,dem_triggered,27,2.0000000000000044,0.6546683116565257
fixed,dem_triggered,27,2.100000000000005,0.5637258908332647
fixed,dem_triggered,27,2.2000000000000046,0.6492119449181479
fixed,dem_triggered,27,2.3000000000000043,0.8077765463460007
fixed,dem_triggered,27,2.400000000000005,0.7702498336096382
fixed,dem_triggered,27,2.5000000000000053,0.7446751462187298
fixed,dem_triggered,27,2.600000000000005,0.6221020237281766
fixed,dem_triggered,27,2.7000000000000046,0.5511904676052104
fixed,dem_triggered,27,2.800000000000005,0.49463510080568607
fixed,dem_triggered,27,2.9000000000000057,0.4720476412099036
fixed,dem_triggered,27,3.0000000000000053,0.563720007145746
fixed,dem_triggered,27,3.100000000000005,0.5752393293395712
fixed,dem_triggered,27,3.2000000000000055,0.526661317528182
fixed,dem_triggered,27,3.300000000000006,0.5397841202769182
fixed,dem_triggered,27,3.4000000000000057,0.5011589265789389
fixed,dem_triggered,27,3.5000000000000053,0.5456266844239948
fixed,dem_triggered,27,3.600000000000006,0.5202775268422041
fixed,dem_triggered,27,3.7000000000000064,0.4413430043355623
fixed,dem_triggered,27,3.800000000000006,0.3849035371611985
fixed,dem_triggered,27,3.9000000000000057,0.3683173419598539
fixed,dem_triggered,27,4.000000000000006,0.35138140678040697
fixed,dem_triggered,27,4.100000000000007,0.25311951406028
fixed,dem_triggered,27,4.200000000000006,0.23676026975831768
fixed,dem_triggered,27,4.300000000000006,0.22866040818763853
fixed,dem_triggered,27,4.400000000000007,0.2982782410672462
fixed,dem_triggered,27,4.500000000000007,0.3254761789547417
fixed,dem_triggered,27,4.600000000000007,0.3240070345943872
fixed,dem_triggered,27,4.700000000000006,0.2818827851053566
fixed,dem_triggered,27,4.800000000000007,0.22412804863501717
fixed,dem_triggered,27,4.9000000000000075,0.21002311536309332
fixed,dem_triggered,27,5.000000000000007,0.13077763500627246
fixed,dem_triggered,27,5.100000000000007,0.06663359114435348
fixed,dem_triggered,27,5.200000000000006,0.14856412868054808
fixed,dem_triggered,27,5.300000000000008,0.15086727854059595
fixed,dem_triggered,27,5.4000000000000075,0.12529824167557826
fixed,dem_triggered,27,5.500000000000007,0.06764508820571918
fixed,dem_triggered,27,5.6000000000000085,0.0418086040073437
fixed,dem_triggered,27,5.700000000000008,0.0941601352548388
fixed,dem_triggered,27,5.800000000000008,0.19112076853464238
fixed,dem_triggered,27,5.9000000000000075,0.1531396578550108
fixed,dem_triggered,35,-3.0,0.45535201461657565
fixed,dem_triggered,35,-2.9,0.3027974197363521
fixed,dem_triggered,35,-2.8,0.3254518428863272
fixed,dem_triggered,35,-2.6999999999999997,0.4212785891055827
fixed,dem_triggered,35,-2.5999999999999996,0.4562930325818946
fixed,dem_triggered,35,-2.4999999999999996,0.3189783772984395
fixed,dem_triggered,35,-2.3999999999999995,0.3145424711971042
fixed,dem_triggered,35,-2.2999999999999994,0.2873392391188799
fixed,dem_triggered,35,-2.1999999999999993,0.2816059110145826
fixed,dem_triggered,35,-2.099999999999999,0.35032576014822214
fixed,dem_triggered,35,-1.9999999999999991,0.47301272567322306
fixed,dem_triggered,35,-1.899999999999999,0.2060204968124255
fixed,dem_triggered,35,-1.799999999999999,0.39305524690786214
fixed,dem_triggered,35,-1.6999999999999988,0.11672613371178843
fixed,dem_triggered,35,-1.5999999999999988,0.0540746733332716
fixed,dem_triggered,35,-1.4999999999999987,0.14300662461421562
fixed,dem_triggered,35,-1.3999999999999986,0.36432819597942867
fixed,dem_triggered,35,-1.2999999999999985,0.44032474184905335
fixed,dem_triggered,35,-1.1999999999999984,0.1439651236306064
fixed,dem_triggered,35,-1.0999999999999983,0.5082275539106474
fixed,dem_triggered,35,-0.9999999999999982,0.4822485234314436
fixed,dem_triggered,35,-0.8999999999999981,0.20323766162427923
fixed,dem_triggered,35,-0.799999999999998,0.5622566156994191
fixed,dem_triggered,35,-0.699999999999998,0.39693203239570785
fixed,dem_triggered,35,-0.5999999999999979,0.5892983751813585
fixed,dem_triggered,35,-0.4999999999999978,0.6018742948396065
fixed,dem_triggered,35,-0.3999999999999977,0.44545178387256745
fixed,dem_triggered,35,-0.2999999999999976,0.5590453750833017
fixed,dem_triggered,35,-0.1999999999999975,0.7126130879709525
fixed,dem_triggered,35,-0.09999999999999742,0.8312552313252142
fixed,dem_triggered,35,2.6645352591003757e-15,0.6814493324543791
fixed,dem_triggered,35,0.10000000000000275,0.7629938912126956
fixed,dem_triggered,35,0.20000000000000284,0.49755302126050344
fixed,dem_triggered,35,0.30000000000000293,0.8073127049287269
fixed,dem_triggered,35,0.400000000000003,0.5260587750569717
fixed,dem_triggered,35,0.5000000000000031,0.24836077956016347
fixed,dem_triggered,35,0.6000000000000032,0.4612462559128967
fixed,dem_triggered,35,0.7000000000000033,0.4113242497198204
fixed,dem_triggered,35,0.8000000000000034,0.4639540721682306
fixed,dem_triggered,35,0.9000000000000035,0.46187387929162654
fixed,dem_triggered,35,1.0000000000000036,0.4747330228393245
fixed,dem_triggered,35,1.1000000000000032,0.5831540287448171
fixed,dem_triggered,35,1.2000000000000037,0.516566024030886
fixed,dem_triggered,35,1.3000000000000043,0.7361806459939599
fixed,dem_triggered,35,1.400000000000004,0.6329163384131795
fixed,dem_triggered,35,1.5000000000000036,0.6229011732118499
fixed,dem_triggered,35,1.600000000000004,0.3280756686739413
fixed,dem_triggered,35,1.7000000000000046,0.3103414621525502
fixed,dem_triggered,35,1.8000000000000043,0.5715977587793055
fixed,dem_triggered,35,1.900000000000004,0.3839588053664834
fixed,dem_triggered,35,2.0000000000000044,0.7098737014831895
fixed,dem_triggered,35,2.100000000000005,0.4419704937247432
fixed,dem_triggered,35,2.2000000000000046,0.6135267146763124
fixed,dem_triggered,35,2.3000000000000043,0.48024227131389763
fixed,dem_triggered,35,2.400000000000005,0.5763515590624768
fixed,dem_triggered,35,2.5000000000000053,0.6955574030999241
fixed,dem_triggered,35,2.600000000000005,0.18838111222364137
fixed,dem_triggered,35,2.7000000000000046,0.5283692818259947
fixed,dem_triggered,35,2.800000000000005,0.4298534757192117
fixed,dem_triggered,35,2.9000000000000057,0.5200645238420707
fixed,dem_triggered,35,3.0000000000000053,0.48943232426986194
fixed,dem_triggered,35,3.100000000000005,0.3779366449220869
fixed,dem_triggered,35,3.2000000000000055,0.45374295510902696
fixed,dem_triggered,35,3.300000000000006,0.5437999180962756
fixed,dem_triggered,35,3.4000000000000057,0.611705140096055
fixed,dem_triggered,35,3.5000000000000053,0.7921460186319322
fixed,dem_triggered,35,3.600000000000006,0.6062906694560505
fixed,dem_triggered,35,3.7000000000000064,0.4366044365532048
fixed,dem_triggered,35,3.800000000000006,0.28731047690517214
fixed,dem_triggered,35,3.9000000000000057,0.39597266845241935
fixed,dem_triggered,35,4.000000000000006,0.5306344599726475
fixed,dem_triggered,35,4.100000000000007,0.525872275640735
fixed,dem_triggered,35,4.200000000000006,0.5120952139015724
fixed,dem_triggered,35,4.300000000000006,0.5931636142480263
fixed,dem_triggered,35,4.400000000000007,0.6371393304153076
fixed,dem_triggered,35,4.500000000000007,0.6981116964663734
fixed,dem_triggered,35,4.600000000000007,0.5779889071426252
fixed,dem_triggered,35,4.700000000000006,0.35797729332676853
fixed,dem_triggered,35,4.800000000000007,0.40297530572333634
fixed,dem_triggered,35,4.9000000000000075,0.6510725118963137
fixed,dem_triggered,35,5.000000000000007,0.2644481711090254
fixed,dem_triggered,35,5.100000000000007,0.5604588673134953
fixed,dem_triggered,35,5.200000000000006,0.6392981340357518
fixed,dem_triggered,35,5.300000000000008,0.4623801347599812
fixed,dem_triggered,35,5.4000000000000075,0.43748185369177023
fixed,dem_triggered,35,5.500000000000007,0.33386592375238017
fixed,dem_triggered,35,5.6000000000000085,0.5006514673372673
fixed,dem_triggered,35,5.700000000000008,0.4234212888587732
fixed,dem_triggered,35,5.800000000000008,0.48732953711679816
fixed,dem_triggered,35,5.9000000000000075,0.35141428454997614
fixed,dem_untriggered,1,-3.0,0.22480698955201833
fixed,dem_untriggered,1,-2.9,0.24356039305204255
fixed,dem_untriggered,1,-2.8,0.2297189472188283
fixed,dem_untriggered,1,-2.6999999999999997,0.2746324227372205
fixed,dem_untriggered,1,-2.5999999999999996,0.27925231269576045
fixed,dem_untriggered,1,-2.4999999999999996,0.28240552635426175
fixed,dem_untriggered,1,-2.3999999999999995,0.26772566631806943
fixed,dem_untriggered,1,-2.2999999999999994,0.24857967177081744
fixed,dem_untriggered,1,-2.1999999999999993,0.2514969884091437
fixed,dem_untriggered,1,-2.099999999999999,0.2233620350415714
fixed,dem_untriggered,1,-1.9999999999999991,0.22926018271743534
fixed,dem_untriggered,1,-1.899999999999999,0.2386651092094601
fixed,dem_untriggered,1,-1.799999999999999,0.19316350928888562
fixed,dem_untriggered,1,-1.6999999999999988,0.19044069100471317
fixed,dem_untriggered,1,-1.5999999999999988,0.18399966888969055
fixed,dem_untriggered,1,-1.4999999999999987,0.21927301128430754
fixed,dem_untriggered,1,-1.3999999999999986,0.2115472083355912
fixed,dem_untriggered,1,-1.2999999999999985,0.24385151420817727
fixed,dem_untriggered,1,-1.1999999999999984,0.2406015481155385
fixed,dem_untriggered,1,-1.0999999999999983,0.263378571128108
fixed,dem_untriggered,1,-0.9999999999999982,0.2530633324736647
fixed,dem_untriggered,1,-0.8999999999999981,0.2517909248080395
fixed,dem_untriggered,1,-0.799999999999998,0.22254259027476406
fixed,dem_untriggered,1,-0.699999999999998,0.2136030768521831
fixed,dem_untriggered,1,-0.5999999999999979,0.2200336736571457
fixed,dem_untriggered,1,-0.4999999999999978,0.20932543269904413
fixed,dem_untriggered,1,-0.3999999999999977,0.19963628385612764
fixed,dem_untriggered,1,-0.2999999999999976,0.1797102338019758
fixed,dem_untriggered,1,-0.1999999999999975,0.19633613464003202
fixed,dem_untriggered,1,-0.09999999999999742,0.17436602169057128
fixed,dem_untriggered,1,2.6645352591003757e-15,0.22471531574325332
fixed,dem_untriggered,1,0.10000000000000275,0.2449924513344309
fixed,dem_untriggered,1,0.20000000000000284,0.2498327597270163
fixed,dem_untriggered,1,0.30000000000000293,0.25091350521516015
fixed,dem_untriggered,1,0.400000000000003,0.22973651143512805
fixed,dem_untriggered,1,0.5000000000000031,0.23365748930163227
fixed,dem_untriggered,1,0.6000000000000032,0.2312755280260829
fixed,dem_untriggered,1,0.7000000000000033,0.27440264473236403
fixed,dem_untriggered,1,0.8000000000000034,0.27486112867704254
fixed,dem_untriggered,1,0.9000000000000035,0.2614865458602321
fixed,dem_untriggered,1,1.0000000000000036,0.3004296895245403
fixed,dem_untriggered,1,1.1000000000000032,0.22720391868221598
fixed,dem_untriggered,1,1.2000000000000037,0.2515591439748122
fixed,dem_untriggered,1,1.3000000000000043,0.2532747758705306
fixed,dem_untriggered,1,1.400000000000004,0.21610794257794094
fixed,dem_untriggered,1,1.5000000000000036,0.285539738538059
fixed,dem_untriggered,1,1.600000000000004,0.3183239800535628
fixed,dem_untriggered,1,1.7000000000000046,0.31883338792625937
fixed,dem_untriggered,1,1.8000000000000043,0.3083740607171953
fixed,dem_untriggered,1,1.900000000000004,0.27940001738934483
fixed,dem_untriggered,1,2.0000000000000044,0.33326891846703516
fixed,dem_untriggered,1,2.100000000000005,0.3032810218629959
fixed,dem_untriggered,1,2.2000000000000046,0.31203911705365484
fixed,dem_untriggered,1,2.3000000000000043,0.3296162823732707
fixed,dem_untriggered,1,2.400000000000005,0.31714886365005374
fixed,dem_untriggered,1,2.5000000000000053,0.28075948192680195
fixed,dem_untriggered,1,2.600000000000005,0.2841024275160546
fixed,dem_untriggered,1,2.7000000000000046,0.35111964193976747
fixed,dem_untriggered,1,2.800000000000005,0.3082140897134705
fixed,dem_untriggered,1,2.9000000000000057,0.30448347622599414
fixed,dem_untriggered,1,3.0000000000000053,0.30758433800873064
fixed,dem_untriggered,1,3.100000000000005,0.3101292150795973
fixed,dem_untriggered,1,3.2000000000000055,0.2887955872009675
fixed,dem_untriggered,1,3.300000000000006,0.2910081809836925
fixed,dem_untriggered,1,3.4000000000000057,0.2691390601374605
fixed,dem_untriggered,1,3.5000000000000053,0.2812441901149899
fixed,dem_untriggered,1,3.600000000000006,0.2818392174288683
fixed,dem_untriggered,1,3.7000000000000064,0.279787692195482
fixed,dem_untriggered,1,3.800000000000006,0.268559539767334
fixed,dem_untriggered,1,3.9000000000000057,0.25627299400253084
fixed,dem_untriggered,1,4.000000000000006,0.2310211592967803
fixed,dem_untriggered,1,4.100000000000007,0.2681511861929752
fixed,dem_untriggered,1,4.200000000000006,0.2332225402659497
fixed,dem_untriggered,1,4.300000000000006,0.273984826514228
fixed,dem_untriggered,1,4.400000000000007,0.29957157738734963
fixed,dem_untriggered,1,4.500000000000007,0.31077026136998
fixed,dem_untriggered,1,4.600000000000007,0.28789014588803213
fixed,dem_untriggered,1,4.700000000000006,0.23396050813571206
fixed,dem_untriggered,1,4.800000000000007,0.20113470510683534
fixed,dem_untriggered,1,4.9000000000000075,0.2399214868903194
fixed,dem_untriggered,1,5.000000000000007,0.225423641179135
fixed,dem_untriggered,1,5.100000000000007,0.28716543889770707
fixed,dem_untriggered,1,5.200000000000006,0.27014589358783947
fixed,dem_untriggered,1,5.300000000000008,0.2398497375007576
fixed,dem_untriggered,1,5.4000000000000075,0.24898257807446536
fixed,dem_untriggered,1,5.500000000000007,0.23122060521509366
fixed,dem_untriggered,1,5.6000000000000085,0.21919072773259676
fixed,dem_untriggered,1,5.700000000000008,0.26074329751528574
fixed,dem_untriggered,1,5.800000000000008,0.2668067659220065
fixed,dem_untriggered,1,5.9000000000000075,0.2659288438984086
fixed,dem_untriggered,3,-3.0,-0.36434122311391637
fixed,dem_untriggered,3,-2.9,-0.3689226649605899
fixed,dem_untriggered,3,-2.8,-0.40506723737886735
fixed,dem_untriggered,3,-2.6999999999999997,-0.29288052281581006
fixed,dem_untriggered,3,-2.5999999999999996,-0.33952355204575374
fixed,dem_untriggered,3,-2.4999999999999996,-0.33870108874046895
fixed,dem_untriggered,3,-2.3999999999999995,-0.34672954735702655
fixed,dem_untriggered,3,-2.2999999999999994,-0.36723913374951983
fixed,dem_untriggered,3,-2.1999999999999993,-0.2586150051084614
fixed,dem_untriggered,3,-2.099999999999999,-0.2364992114842459
fixed,dem_untriggered,3,-1.9999999999999991,-0.20941841232173045
fixed,dem_untriggered,3,-1.899999999999999,-0.2232118359387234
fixed,dem_untriggered,3,-1.799999999999999,-0.22999623462503158
fixed,dem_untriggered,3,-1.6999999999999988,-0.19981764998719057
fixed,dem_untriggered,3,-1.5999999999999988,-0.2076597599340709
fixed,dem_untriggered,3,-1.4999999999999987,-0.19950534068704162
fixed,dem_untriggered,3,-1.3999999999999986,-0.25272495472386547
fixed,dem_untriggered,3,-1.2999999999999985,-0.19283846879345257
fixed,dem_untriggered,3,-1.1999999999999984,-0.15586219619815772
fixed,dem_untriggered,3,-1.0999999999999983,-0.14986118490444478
fixed,dem_untriggered,3,-0.9999999999999982,-0.19459825997202684
fixed,dem_untriggered,3,-0.8999999999999981,-0.20461524035984058
fixed,dem_untriggered,3,-0.799999999999998,-0.1626312491208845
fixed,dem_untriggered,3,-0.699999999999998,-0.2087619188437149
fixed,dem_untriggered,3,-0.5999999999999979,-0.19519039812485867
fixed,dem_untriggered,3,-0.4999999999999978,-0.24575696351406284
fixed,dem_untriggered,3,-0.3999999999999977,-0.2640919186734561
fixed,dem_untriggered,3,-0.2999999999999976,-0.16754464526624216
fixed,dem_untriggered,3,-0.1999999999999975,-0.15425368251120564
fixed,dem_untriggered,3,-0.09999999999999742,-0.10650144961556222
fixed,dem_untriggered,3,2.6645352591003757e-15,-0.04591390593529567
fixed,dem_untriggered,3,0.10000000000000275,-0.10986836283147097
fixed,dem_untriggered,3,0.20000000000000284,-0.05653755469453248
fixed,dem_untriggered,3,0.30000000000000293,-0.005603255475756513
fixed,dem_untriggered,3,0.400000000000003,0.08317919698290477
fixed,dem_untriggered,3,0.5000000000000031,0.23074269621246493
fixed,dem_untriggered,3,0.6000000000000032,0.18550607480640555
fixed,dem_untriggered,3,0.7000000000000033,0.26988214170255315
fixed,dem_untriggered,3,0.8000000000000034,0.3797207762420993
fixed,dem_untriggered,3,0.9000000000000035,0.3310897854267686
fixed,dem_untriggered,3,1.0000000000000036,0.3271396777742623
fixed,dem_untriggered,3,1.1000000000000032,0.41143124322010094
fixed,dem_untriggered,3,1.2000000000000037,0.49156825629380496
fixed,dem_untriggered,3,1.3000000000000043,0.44504792414063327
fixed,dem_untriggered,3,1.400000000000004,0.3916293700980077
fixed,dem_untriggered,3,1.5000000000000036,0.3893824187100555
fixed,dem_untriggered,3,1.600000000000004,0.4071471291752485
fixed,dem_untriggered,3,1.7000000000000046,0.36453157772784806
fixed,dem_untriggered,3,1.8000000000000043,0.3383571303276304
fixed,dem_untriggered,3,1.900000000000004,0.42400396570289084
fixed,dem_untriggered,3,2.0000000000000044,0.5226197306616353
fixed,dem_untriggered,3,2.100000000000005,0.46031484812688583
fixed,dem_untriggered,3,2.2000000000000046,0.4775148366643419
fixed,dem_untriggered,3,2.3000000000000043,0.5798332729841651
fixed,dem_untriggered,3,2.400000000000005,0.5476515228366987
fixed,dem_untriggered,3,2.5000000000000053,0.6914907013621981
fixed,dem_untriggered,3,2.600000000000005,0.6765481952934158
fixed,dem_untriggered,3,2.7000000000000046,0.6311790540249405
fixed,dem_untriggered,3,2.800000000000005,0.5772295737513526
fixed,dem_untriggered,3,2.9000000000000057,0.5396094243019136
fixed,dem_untriggered,3,3.0000000000000053,0.5529729010974304
fixed,dem_untriggered,3,3.100000000000005,0.47426361777708154
fixed,dem_untriggered,3,3.2000000000000055,0.43091471481547705
fixed,dem_untriggered,3,3.300000000000006,0.37327686534137183
fixed,dem_untriggered,3,3.4000000000000057,0.4032901935566775
fixed,dem_untriggered,3,3.5000000000000053,0.42353542872195155
fixed,dem_untriggered,3,3.600000000000006,0.41952034255551607
fixed,dem_untriggered,3,3.7000000000000064,0.44497987452551585
fixed,dem_untriggered,3,3.800000000000006,0.47738694768517426
fixed,dem_untriggered,3,3.9000000000000057,0.4730859119095985
fixed,dem_untriggered,3,4.000000000000006,0.5215541521134112
fixed,dem_untriggered,3,4.100000000000007,0.4950286447400519
fixed,dem_untriggered,3,4.200000000000006,0.507222116356613
fixed,dem_untriggered,3,4.300000000000006,0.5023643982407613
fixed,dem_untriggered,3,4.400000000000007,0.5317213523662864
fixed,dem_untriggered,3,4.500000000000007,0.48464202489404046
fixed,dem_untriggered,3,4.600000000000007,0.45069087808578984
fixed,dem_untriggered,3,4.700000000000006,0.4086528481870741
fixed,dem_untriggered,3,4.800000000000007,0.3287732023578691
fixed,dem_untriggered,3,4.9000000000000075,0.3744179209042045
fixed,dem_untriggered,3,5.000000000000007,0.35859485929936763
fixed,dem_untriggered,3,5.100000000000007,0.28169347641349823
fixed,dem_untriggered,3,5.200000000000006,0.26071047577051853
fixed,dem_untriggered,3,5.300000000000008,0.23597476383894275
fixed,dem_untriggered,3,5.4000000000000075,0.3011422182378027
fixed,dem_untriggered,3,5.500000000000007,0.32189255597296906
fixed,dem_untriggered,3,5.6000000000000085,0.3095027400647729
fixed,dem_untriggered,3,5.700000000000008,0.34669507981803704
fixed,dem_untriggered,3,5.800000000000008,0.3729115635820383
fixed,dem_untriggered,3,5.9000000000000075,0.3392770362311058
fixed,dem_untriggered,4,-3.0,0.026487473549270654
fixed,dem_untriggered,4,-2.9,0.08404433627183945
fixed,dem_untriggered,4,-2.8,0.06461003453464458
fixed,dem_untriggered,4,-2.6999999999999997,0.09431360804330088
fixed,dem_untriggered,4,-2.5999999999999996,0.08299975692080548
fixed,dem_untriggered,4,-2.4999999999999996,0.07450164142407688
fixed,dem_untriggered,4,-2.3999999999999995,0.07371568426327962
fixed,dem_untriggered,4,-2.2999999999999994,-0.011248562107068087
fixed,dem_untriggered,4,-2.1999999999999993,0.0333611264324133
fixed,dem_untriggered,4,-2.099999999999999,0.1279431882578549
fixed,dem_untriggered,4,-1.9999999999999991,0.06233589620881886
fixed,dem_untriggered,4,-1.899999999999999,0.036451240337997126
fixed,dem_untriggered,4,-1.799999999999999,0.0447509129507521
fixed,dem_untriggered,4,-1.6999999999999988,0.08215559813717427
fixed,dem_untriggered,4,-1.5999999999999988,0.14970036379738402
fixed,dem_untriggered,4,-1.4999999999999987,0.12142740652089896
fixed,dem_untriggered,4,-1.3999999999999986,0.07457027646472576
fixed,dem_untriggered,4,-1.2999999999999985,0.07908192057720777
fixed,dem_untriggered,4,-1.1999999999999984,0.10988380467680607
fixed,dem_untriggered,4,-1.0999999999999983,-0.040214946436598904
fixed,dem_untriggered,4,-0.9999999999999982,0.06597762915112572
fixed,dem_untriggered,4,-0.8999999999999981,0.18827907041188718
fixed,dem_untriggered,4,-0.799999999999998,0.10188464567476543
fixed,dem_untriggered,4,-0.699999999999998,0.12020632204025818
fixed,dem_untriggered,4,-0.5999999999999979,0.13257261582695848
fixed,dem_untriggered,4,-0.4999999999999978,0.13711187078472603
fixed,dem_untriggered,4,-0.3999999999999977,0.16190247623673718
fixed,dem_untriggered,4,-0.2999999999999976,0.17071026637872252
fixed,dem_untriggered,4,-0.1999999999999975,0.19018915314232906
fixed,dem_untriggered,4,-0.09999999999999742,0.19404538833739757
fixed,dem_untriggered,4,2.6645352591003757e-15,0.16539953476386715
fixed,dem_untriggered,4,0.10000000000000275,0.22457675934222024
fixed,dem_untriggered,4,0.20000000000000284,0.2863077906310345
fixed,dem_untriggered,4,0.30000000000000293,0.40267513476722483
fixed,dem_untriggered,4,0.400000000000003,0.3104661016424814
fixed,dem_untriggered,4,0.5000000000000031,0.2588530157010333
fixed,dem_untriggered,4,0.6000000000000032,0.2820954733071142
fixed,dem_untriggered,4,0.7000000000000033,0.18613898168813278
fixed,dem_untriggered,4,0.8000000000000034,0.315167440774524
fixed,dem_untriggered,4,0.9000000000000035,0.27887478840062996
fixed,dem_untriggered,4,1.0000000000000036,0.3287443221418558
fixed,dem_untriggered,4,1.1000000000000032,0.3876062885697946
fixed,dem_untriggered,4,1.2000000000000037,0.42939363567826455
fixed,dem_untriggered,4,1.3000000000000043,0.48098618212025934
fixed,dem_untriggered,4,1.400000000000004,0.5521262633481668
fixed,dem_untriggered,4,1.5000000000000036,0.6028071269833613
fixed,dem_untriggered,4,1.600000000000004,0.6460019446464174
fixed,dem_untriggered,4,1.7000000000000046,0.5311145021383691
fixed,dem_untriggered,4,1.8000000000000043,0.5148148361807738
fixed,dem_untriggered,4,1.900000000000004,0.6627765130363604
fixed,dem_untriggered,4,2.0000000000000044,0.6062902132087228
fixed,dem_untriggered,4,2.100000000000005,0.6050590300547503
fixed,dem_untriggered,4,2.2000000000000046,0.6105578523233822
fixed,dem_untriggered,4,2.3000000000000043,0.5905328765914362
fixed,dem_untriggered,4,2.400000000000005,0.5737840161517147
fixed,dem_untriggered,4,2.5000000000000053,0.5189957342860463
fixed,dem_untriggered,4,2.600000000000005,0.3883730760334508
fixed,dem_untriggered,4,2.7000000000000046,0.3660743899800159
fixed,dem_untriggered,4,2.800000000000005,0.24732028510961154
fixed,dem_untriggered,4,2.9000000000000057,0.18161120423761798
fixed,dem_untriggered,4,3.0000000000000053,0.18847294997287814
fixed,dem_untriggered,4,3.100000000000005,0.2218584326426296
fixed,dem_untriggered,4,3.2000000000000055,0.38724519185264666
fixed,dem_untriggered,4,3.300000000000006,0.26297503247930953
fixed,dem_untriggered,4,3.4000000000000057,0.3188644617961665
fixed,dem_untriggered,4,3.5000000000000053,0.4438120306866675
fixed,dem_untriggered,4,3.600000000000006,0.443475986767752
fixed,dem_untriggered,4,3.7000000000000064,0.3887911249341161
fixed,dem_untriggered,4,3.800000000000006,0.31775548040754564
fixed,dem_untriggered,4,3.9000000000000057,0.21826374717792452
fixed,dem_untriggered,4,4.000000000000006,0.20834630400635193
fixed,dem_untriggered,4,4.100000000000007,0.16978059919013627
fixed,dem_untriggered,4,4.200000000000006,0.0590453643012304
fixed,dem_untriggered,4,4.300000000000006,0.17537063030119987
fixed,dem_untriggered,4,4.400000000000007,0.08232300820530251
fixed,dem_untriggered,4,4.500000000000007,0.12242758640985267
fixed,dem_untriggered,4,4.600000000000007,0.20118124340445426
fixed,dem_untriggered,4,4.700000000000006,0.25752768425468736
fixed,dem_untriggered,4,4.800000000000007,0.24120724784403513
fixed,dem_untriggered,4,4.9000000000000075,0.25272657401622095
fixed,dem_untriggered,4,5.000000000000007,0.24604703171326778
fixed,dem_untriggered,4,5.100000000000007,0.24384090050108284
fixed,dem_untriggered,4,5.200000000000006,0.18191133081657648
fixed,dem_untriggered,4,5.300000000000008,0.266890384763762
fixed,dem_untriggered,4,5.4000000000000075,0.23608834857926406
fixed,dem_untriggered,4,5.500000000000007,0.1777083629916509
fixed,dem_untriggered,4,5.6000000000000085,0.11798161488510127
fixed,dem_untriggered,4,5.700000000000008,0.034717205695254195
fixed,dem_untriggered,4,5.800000000000008,0.042157103783734405
fixed,dem_untriggered,4,5.9000000000000075,0.0838141818734945
fixed,dem_untriggered,5,-3.0,-0.060785729483977306
fixed,dem_untriggered,5,-2.9,-0.021751022384284287
fixed,dem_untriggered,5,-2.8,-0.01776433310100462
fixed,dem_untriggered,5,-2.6999999999999997,0.01831357622083686
fixed,dem_untriggered,5,-2.5999999999999996,-0.04037392120655497
fixed,dem_untriggered,5,-2.4999999999999996,-0.05755914967260073
fixed,dem_untriggered,5,-2.3999999999999995,-0.050588977376786914
fixed,dem_untriggered,5,-2.2999999999999994,-0.0674397076558639
fixed,dem_untriggered,5,-2.1999999999999993,-0.06759208681723022
fixed,dem_untriggered,5,-2.099999999999999,-0.10577104108928101
fixed,dem_untriggered,5,-1.9999999999999991,-0.10857873040183855
fixed,dem_untriggered,5,-1.899999999999999,-0.13208187470522578
fixed,dem_untriggered,5,-1.799999999999999,-0.1631753396934516
fixed,dem_untriggered,5,-1.6999999999999988,-0.14695449711612496
fixed,dem_untriggered,5,-1.5999999999999988,-0.16200011773725037
fixed,dem_untriggered,5,-1.4999999999999987,-0.145351982226589
fixed,dem_untriggered,5,-1.3999999999999986,-0.1353350441667766
fixed,dem_untriggered,5,-1.2999999999999985,-0.11909488918586765
fixed,dem_untriggered,5,-1.1999999999999984,-0.034750929931217665
fixed,dem_untriggered,5,-1.0999999999999983,-0.02652349337625283
fixed,dem_untriggered,5,-0.9999999999999982,-0.005619193059927218
fixed,dem_untriggered,5,-0.8999999999999981,-0.02549033425973893
fixed,dem_untriggered,5,-0.799999999999998,-0.04776363756808948
fixed,dem_untriggered,5,-0.699999999999998,-0.06242907965934684
fixed,dem_untriggered,5,-0.5999999999999979,-0.04891443535438516
fixed,dem_untriggered,5,-0.4999999999999978,-0.0518130913594844
fixed,dem_untriggered,5,-0.3999999999999977,-0.04779538556643552
fixed,dem_untriggered,5,-0.2999999999999976,-0.015078597263713543
fixed,dem_untriggered,5,-0.1999999999999975,0.0024201771399943663
fixed,dem_untriggered,5,-0.09999999999999742,0.008395399409406768
fixed,dem_untriggered,5,2.6645352591003757e-15,-0.026801536751060707
fixed,dem_untriggered,5,0.10000000000000275,-0.0634479785635506
fixed,dem_untriggered,5,0.20000000000000284,-0.06748307339416411
fixed,dem_untriggered,5,0.30000000000000293,-0.05483878448505374
fixed,dem_untriggered,5,0.400000000000003,-0.054266882083457514
fixed,dem_untriggered,5,0.5000000000000031,-0.06633788160282411
fixed,dem_untriggered,5,0.6000000000000032,-0.06266973642452048
fixed,dem_untriggered,5,0.7000000000000033,-0.04183962324093636
fixed,dem_untriggered,5,0.8000000000000034,-0.01312356238293497
fixed,dem_untriggered,5,0.9000000000000035,0.05317897727419782
fixed,dem_untriggered,5,1.0000000000000036,0.07673671161182827
fixed,dem_untriggered,5,1.1000000000000032,0.12290426752172935
fixed,dem_untriggered,5,1.2000000000000037,0.19667835275454293
fixed,dem_untriggered,5,1.3000000000000043,0.2595973380475324
fixed,dem_untriggered,5,1.400000000000004,0.2815942044511231
fixed,dem_untriggered,5,1.5000000000000036,0.2737573382319716
fixed,dem_untriggered,5,1.600000000000004,0.2759379412946565
fixed,dem_untriggered,5,1.7000000000000046,0.33692231148567575
fixed,dem_untriggered,5,1.8000000000000043,0.36858389097971606
fixed,dem_untriggered,5,1.900000000000004,0.38079614898222713
fixed,dem_untriggered,5,2.0000000000000044,0.4585457652525905
fixed,dem_untriggered,5,2.100000000000005,0.49730126483012116
fixed,dem_untriggered,5,2.2000000000000046,0.5059336112256788
fixed,dem_untriggered,5,2.3000000000000043,0.44422255331503385
fixed,dem_untriggered,5,2.400000000000005,0.4069650440573026
fixed,dem_untriggered,5,2.5000000000000053,0.393762438798537
fixed,dem_untriggered,5,2.600000000000005,0.39155647242865144
fixed,dem_untriggered,5,2.7000000000000046,0.37459991085337857
fixed,dem_untriggered,5,2.800000000000005,0.3585740187272705
fixed,dem_untriggered,5,2.9000000000000057,0.30513726460435164
fixed,dem_untriggered,5,3.0000000000000053,0.24191308444875742
fixed,dem_untriggered,5,3.100000000000005,0.24424379223089543
fixed,dem_untriggered,5,3.2000000000000055,0.23131991812794372
fixed,dem_untriggered,5,3.300000000000006,0.19474947565837755
fixed,dem_untriggered,5,3.4000000000000057,0.20001101153488235
fixed,dem_untriggered,5,3.5000000000000053,0.18760875424366946
fixed,dem_untriggered,5,3.600000000000006,0.1826796348339873
fixed,dem_untriggered,5,3.7000000000000064,0.16363744355887094
fixed,dem_untriggered,5,3.800000000000006,0.14480120930751475
fixed,dem_untriggered,5,3.9000000000000057,0.09721741892979595
fixed,dem_untriggered,5,4.000000000000006,0.09698339438757766
fixed,dem_untriggered,5,4.100000000000007,0.10576304588061379
fixed,dem_untriggered,5,4.200000000000006,0.11370933692158078
fixed,dem_untriggered,5,4.300000000000006,0.14819930036676943
fixed,dem_untriggered,5,4.400000000000007,0.1561761286358394
fixed,dem_untriggered,5,4.500000000000007,0.1725071718932453
fixed,dem_untriggered,5,4.600000000000007,0.13895593049835758
fixed,dem_untriggered,5,4.700000000000006,0.13460326185746002
fixed,dem_untriggered,5,4.800000000000007,0.154797491713314
fixed,dem_untriggered,5,4.9000000000000075,0.14246315460112585
fixed,dem_untriggered,5,5.000000000000007,0.1236654489715219
fixed,dem_untriggered,5,5.100000000000007,0.13512172750278048
fixed,dem_untriggered,5,5.200000000000006,0.17611994217536972
fixed,dem_untriggered,5,5.300000000000008,0.16743802563804103
fixed,dem_untriggered,5,5.4000000000000075,0.17804528565319827
fixed,dem_untriggered,5,5.500000000000007,0.19016074855899293
fixed,dem_untriggered,5,5.6000000000000085,0.21423755687666993
fixed,dem_untriggered,5,5.700000000000008,0.2358035988468878
fixed,dem_untriggered,5,5.800000000000008,0.2113686968844046
fixed,dem_untriggered,5,5.9000000000000075,0.21039148816842926
fixed,dem_untriggered,6,-3.0,-0.0864784771782272
fixed,dem_untriggered,6,-2.9,-0.11985820005730319
fixed,dem_untriggered,6,-2.8,-0.11457924616766857
fixed,dem_untriggered,6,-2.6999999999999997,-0.10377598727933882
fixed,dem_untriggered,6,-2.5999999999999996,-0.11714864734780714
fixed,dem_untriggered,6,-2.4999999999999996,-0.10414887167062115
fixed,dem_untriggered,6,-2.3999999999999995,-0.10178387280742146
fixed,dem_untriggered,6,-2.2999999999999994,-0.04417265756654
fixed,dem_untriggered,6,-2.1999999999999993,-0.06446326358218772
fixed,dem_untriggered,6,-2.099999999999999,-0.11068954450036081
fixed,dem_untriggered,6,-1.9999999999999991,-0.04074382467275023
fixed,dem_untriggered,6,-1.899999999999999,-0.04093864482032826
fixed,dem_untriggered,6,-1.799999999999999,-0.0177126596098651
fixed,dem_untriggered,6,-1.6999999999999988,-0.008997817615849123
fixed,dem_untriggered,6,-1.5999999999999988,0.020567997716789403
fixed,dem_untriggered,6,-1.4999999999999987,-0.09119900662961526
fixed,dem_untriggered,6,-1.3999999999999986,-0.07125185825110926
fixed,dem_untriggered,6,-1.2999999999999985,-0.08931776357055814
fixed,dem_untriggered,6,-1.1999999999999984,-0.08657200977522621
fixed,dem_untriggered,6,-1.0999999999999983,-0.07576215570730048
fixed,dem_untriggered,6,-0.9999999999999982,-0.13904300658288957
fixed,dem_untriggered,6,-0.8999999999999981,-0.07807514249687661
fixed,dem_untriggered,6,-0.799999999999998,-0.10862193761826199
fixed,dem_untriggered,6,-0.699999999999998,-0.06658451168675587
fixed,dem_untriggered,6,-0.5999999999999979,-0.07933771634482795
fixed,dem_untriggered,6,-0.4999999999999978,-0.1843405668124649
fixed,dem_untriggered,6,-0.3999999999999977,-0.14112736743557783
fixed,dem_untriggered,6,-0.2999999999999976,-0.1623796896648993
fixed,dem_untriggered,6,-0.1999999999999975,-0.09649363106672301
fixed,dem_untriggered,6,-0.09999999999999742,-0.07000181742507847
fixed,dem_untriggered,6,2.6645352591003757e-15,-0.0955809562211154
fixed,dem_untriggered,6,0.10000000000000275,0.004018661004149717
fixed,dem_untriggered,6,0.20000000000000284,-0.036025006054041804
fixed,dem_untriggered,6,0.30000000000000293,-0.06997250336296446
fixed,dem_untriggered,6,0.400000000000003,-0.09789917538171465
fixed,dem_untriggered,6,0.5000000000000031,-0.04214427027002337
fixed,dem_untriggered,6,0.6000000000000032,-0.0826113030589422
fixed,dem_untriggered,6,0.7000000000000033,-0.030756226434046484
fixed,dem_untriggered,6,0.8000000000000034,-0.06317544482196594
fixed,dem_untriggered,6,0.9000000000000035,-0.007150556882812422
fixed,dem_untriggered,6,1.0000000000000036,-0.0821245656904692
fixed,dem_untriggered,6,1.1000000000000032,-0.0786585008266149
fixed,dem_untriggered,6,1.2000000000000037,-0.08553894706046557
fixed,dem_untriggered,6,1.3000000000000043,-0.028193165445564737
fixed,dem_untriggered,6,1.400000000000004,-0.03978066158823134
fixed,dem_untriggered,6,1.5000000000000036,-0.0564622880777841
fixed,dem_untriggered,6,1.600000000000004,0.04938784680810419
fixed,dem_untriggered,6,1.7000000000000046,0.009864894529619589
fixed,dem_untriggered,6,1.8000000000000043,-0.006610594481774821
fixed,dem_untriggered,6,1.900000000000004,0.06060240621452691
fixed,dem_untriggered,6,2.0000000000000044,0.01672380725335346
fixed,dem_untriggered,6,2.100000000000005,0.05949874675567237
fixed,dem_untriggered,6,2.2000000000000046,0.044053023945950856
fixed,dem_untriggered,6,2.3000000000000043,-0.05606175545835159
fixed,dem_untriggered,6,2.400000000000005,-0.019565987659196128
fixed,dem_untriggered,6,2.5000000000000053,-0.014648584968940366
fixed,dem_untriggered,6,2.600000000000005,0.015126338713119627
fixed,dem_untriggered,6,2.7000000000000046,-0.03147220836694708
fixed,dem_untriggered,6,2.800000000000005,0.004944763089441904
fixed,dem_untriggered,6,2.9000000000000057,-0.0005679265535023926
fixed,dem_untriggered,6,3.0000000000000053,0.03741349202460182
fixed,dem_untriggered,6,3.100000000000005,0.0017362711408357354
fixed,dem_untriggered,6,3.2000000000000055,0.0037689053038384612
fixed,dem_untriggered,6,3.300000000000006,-0.055919085535042365
fixed,dem_untriggered,6,3.4000000000000057,-0.062034813762579494
fixed,dem_untriggered,6,3.5000000000000053,-0.06553407813804109
fixed,dem_untriggered,6,3.600000000000006,-0.005991145077201133
fixed,dem_untriggered,6,3.7000000000000064,0.02682192447122039
fixed,dem_untriggered,6,3.800000000000006,0.04048180265714242
fixed,dem_untriggered,6,3.9000000000000057,0.043142140603043604
fixed,dem_untriggered,6,4.000000000000006,0.039159114355052704
fixed,dem_untriggered,6,4.100000000000007,0.04811475825389504
fixed,dem_untriggered,6,4.200000000000006,0.045848684360367195
fixed,dem_untriggered,6,4.300000000000006,0.08574130569592282
fixed,dem_untriggered,6,4.400000000000007,0.015799859718292605
fixed,dem_untriggered,6,4.500000000000007,0.021557500490066425
fixed,dem_untriggered,6,4.600000000000007,0.031032237928020394
fixed,dem_untriggered,6,4.700000000000006,0.012573543349064275
fixed,dem_untriggered,6,4.800000000000007,0.056423730537664474
fixed,dem_untriggered,6,4.9000000000000075,0.07185733330706341
fixed,dem_untriggered,6,5.000000000000007,0.07578899260361475
fixed,dem_untriggered,6,5.100000000000007,0.0697297524763475
fixed,dem_untriggered,6,5.200000000000006,0.006159218595785733
fixed,dem_untriggered,6,5.300000000000008,0.0294602267729849
fixed,dem_untriggered,6,5.4000000000000075,0.005750786137449676
fixed,dem_untriggered,6,5.500000000000007,-0.00516510328530976
fixed,dem_untriggered,6,5.6000000000000085,0.02420375723909141
fixed,dem_untriggered,6,5.700000000000008,0.04156820145551855
fixed,dem_untriggered,6,5.800000000000008,-0.016760211199470552
fixed,dem_untriggered,6,5.9000000000000075,-0.02864371766133207
fixed,dem_untriggered,18,-3.0,0.03310932611746341
fixed,dem_untriggered,18,-2.9,0.023280004625670647
fixed,dem_untriggered,18,-2.8,-0.0008367209477352898
fixed,dem_untriggered,18,-2.6999999999999997,-0.04772604327829907
fixed,dem_untriggered,18,-2.5999999999999996,-0.01982276322657852
fixed,dem_untriggered,18,-2.4999999999999996,-0.009415059672619427
fixed,dem_untriggered,18,-2.3999999999999995,0.01117049474209994
fixed,dem_untriggered,18,-2.2999999999999994,0.027577080815636885
fixed,dem_untriggered,18,-2.1999999999999993,0.007389455321510492
fixed,dem_untriggered,18,-2.099999999999999,-0.008690883546586717
fixed,dem_untriggered,18,-1.9999999999999991,-0.022706607562654267
fixed,dem_untriggered,18,-1.899999999999999,-0.01824988425519222
fixed,dem_untriggered,18,-1.799999999999999,0.023320610522486095
fixed,dem_untriggered,18,-1.6999999999999988,0.058386116774886046
fixed,dem_untriggered,18,-1.5999999999999988,0.041027173368680156
fixed,dem_untriggered,18,-1.4999999999999987,0.07018805588463345
fixed,dem_untriggered,18,-1.3999999999999986,0.02753722153851021
fixed,dem_untriggered,18,-1.2999999999999985,-0.009653339747163085
fixed,dem_untriggered,18,-1.1999999999999984,-0.038943694243415775
fixed,dem_untriggered,18,-1.0999999999999983,-0.04523553642609537
fixed,dem_untriggered,18,-0.9999999999999982,-0.02043480322440244
fixed,dem_untriggered,18,-0.8999999999999981,-0.009726569673017061
fixed,dem_untriggered,18,-0.799999999999998,0.02667585310281003
fixed,dem_untriggered,18,-0.699999999999998,0.07036805892683111
fixed,dem_untriggered,18,-0.5999999999999979,0.1179614473666491
fixed,dem_untriggered,18,-0.4999999999999978,0.12980823599312338
fixed,dem_untriggered,18,-0.3999999999999977,0.10029039193833365
fixed,dem_untriggered,18,-0.2999999999999976,0.10474371287221239
fixed,dem_untriggered,18,-0.1999999999999975,0.195808363289039
fixed,dem_untriggered,18,-0.09999999999999742,0.2784749833951019
fixed,dem_untriggered,18,2.6645352591003757e-15,0.3186672387918904
fixed,dem_untriggered,18,0.10000000000000275,0.27337287266239624
fixed,dem_untriggered,18,0.20000000000000284,0.264394066231464
fixed,dem_untriggered,18,0.30000000000000293,0.2770487006500901
fixed,dem_untriggered,18,0.400000000000003,0.30510899407235414
fixed,dem_untriggered,18,0.5000000000000031,0.3329413005710059
fixed,dem_untriggered,18,0.6000000000000032,0.3744743538673511
fixed,dem_untriggered,18,0.7000000000000033,0.3952981758105696
fixed,dem_untriggered,18,0.8000000000000034,0.3783338934041418
fixed,dem_untriggered,18,0.9000000000000035,0.3335051907943867
fixed,dem_untriggered,18,1.0000000000000036,0.3075241459300304
fixed,dem_untriggered,18,1.1000000000000032,0.2977414569288587
fixed,dem_untriggered,18,1.2000000000000037,0.25681840899999375
fixed,dem_untriggered,18,1.3000000000000043,0.2970524699650889
fixed,dem_untriggered,18,1.400000000000004,0.32683587051510743
fixed,dem_untriggered,18,1.5000000000000036,0.3233680535169019
fixed,dem_untriggered,18,1.600000000000004,0.30322468108668577
fixed,dem_untriggered,18,1.7000000000000046,0.28016966227707374
fixed,dem_untriggered,18,1.8000000000000043,0.2783991416302405
fixed,dem_untriggered,18,1.900000000000004,0.26908505845606906
fixed,dem_untriggered,18,2.0000000000000044,0.3023299797406418
fixed,dem_untriggered,18,2.100000000000005,0.3643137985620048
fixed,dem_untriggered,18,2.2000000000000046,0.4517835856235726
fixed,dem_untriggered,18,2.3000000000000043,0.46914649477518516
fixed,dem_untriggered,18,2.400000000000005,0.4459043937608697
fixed,dem_untriggered,18,2.5000000000000053,0.4400380778296569
fixed,dem_untriggered,18,2.600000000000005,0.39900671543086275
fixed,dem_untriggered,18,2.7000000000000046,0.4085638866185449
fixed,dem_untriggered,18,2.800000000000005,0.4223401447019275
fixed,dem_untriggered,18,2.9000000000000057,0.43299522947259544
fixed,dem_untriggered,18,3.0000000000000053,0.41516842890246175
fixed,dem_untriggered,18,3.100000000000005,0.38949692490342974
fixed,dem_untriggered,18,3.2000000000000055,0.3732544747897204
fixed,dem_untriggered,18,3.300000000000006,0.37793590257633397
fixed,dem_untriggered,18,3.4000000000000057,0.38025261593335474
fixed,dem_untriggered,18,3.5000000000000053,0.43319178662498736
fixed,dem_untriggered,18,3.600000000000006,0.4445529440622809
fixed,dem_untriggered,18,3.7000000000000064,0.4759809343669782
fixed,dem_untriggered,18,3.800000000000006,0.43532641866771216
fixed,dem_untriggered,18,3.9000000000000057,0.4284226563869632
fixed,dem_untriggered,18,4.000000000000006,0.47228394248500594
fixed,dem_untriggered,18,4.100000000000007,0.4605623126405638
fixed,dem_untriggered,18,4.200000000000006,0.390454728002698
fixed,dem_untriggered,18,4.300000000000006,0.36159736519867414
fixed,dem_untriggered,18,4.400000000000007,0.3480933484677465
fixed,dem_untriggered,18,4.500000000000007,0.3489021637258577
fixed,dem_untriggered,18,4.600000000000007,0.31106179893216584
fixed,dem_untriggered,18,4.700000000000006,0.27079193340735375
fixed,dem_untriggered,18,4.800000000000007,0.22946454814108425
fixed,dem_untriggered,18,4.9000000000000075,0.20591638194952447
fixed,dem_untriggered,18,5.000000000000007,0.2502302994627007
fixed,dem_untriggered,18,5.100000000000007,0.21412722912323398
fixed,dem_untriggered,18,5.200000000000006,0.20451948923901409
fixed,dem_untriggered,18,5.300000000000008,0.13410557432309592
fixed,dem_untriggered,18,5.4000000000000075,0.1184592521375428
fixed,dem_untriggered,18,5.500000000000007,0.10881758912135915
fixed,dem_untriggered,18,5.6000000000000085,0.05047444516772903
fixed,dem_untriggered,18,5.700000000000008,-0.0014082410038315694
fixed,dem_untriggered,18,5.800000000000008,0.03681436831058651
fixed,dem_untriggered,18,5.9000000000000075,0.09602070799410087
fixed,dem_untriggered,19,-3.0,0.07943904753377969
fixed,dem_untriggered,19,-2.9,0.043513487939136924
fixed,dem_untriggered,19,-2.8,0.10859869365872445
fixed,dem_untriggered,19,-2.6999999999999997,0.04509441429810342
fixed,dem_untriggered,19,-2.5999999999999996,0.06428786925667467
fixed,dem_untriggered,19,-2.4999999999999996,-0.060760449793860215
fixed,dem_untriggered,19,-2.3999999999999995,0.0132973254709674
fixed,dem_untriggered,19,-2.2999999999999994,-0.03589728675149522
fixed,dem_untriggered,19,-2.1999999999999993,-0.042332002597389916
fixed,dem_untriggered,19,-2.099999999999999,-0.039333160735724626
fixed,dem_untriggered,19,-1.9999999999999991,0.02003423577729978
fixed,dem_untriggered,19,-1.899999999999999,-0.054394600194522275
fixed,dem_untriggered,19,-1.799999999999999,0.02237738378937244
fixed,dem_untriggered,19,-1.6999999999999988,-0.07177747440585582
fixed,dem_untriggered,19,-1.5999999999999988,0.06649635178695996
fixed,dem_untriggered,19,-1.4999999999999987,0.07843159356115667
fixed,dem_untriggered,19,-1.3999999999999986,0.05107411706592041
fixed,dem_untriggered,19,-1.2999999999999985,0.030510810393809304
fixed,dem_untriggered,19,-1.1999999999999984,0.11586891894062075
fixed,dem_untriggered,19,-1.0999999999999983,0.035406688848606205
fixed,dem_untriggered,19,-0.9999999999999982,0.09656475876573166
fixed,dem_untriggered,19,-0.8999999999999981,0.0706762803100871
fixed,dem_untriggered,19,-0.799999999999998,0.03729268608206513
fixed,dem_untriggered,19,-0.699999999999998,0.014747797149795747
fixed,dem_untriggered,19,-0.5999999999999979,-0.04374014055665823
fixed,dem_untriggered,19,-0.4999999999999978,-0.07989513396443203
fixed,dem_untriggered,19,-0.3999999999999977,-0.0401037139268948
fixed,dem_untriggered,19,-0.2999999999999976,0.010043419874275225
fixed,dem_untriggered,19,-0.1999999999999975,0.027922392458759042
fixed,dem_untriggered,19,-0.09999999999999742,0.035280663794899546
fixed,dem_untriggered,19,2.6645352591003757e-15,-0.02926549326543448
fixed,dem_untriggered,19,0.10000000000000275,-0.007376649973538623
fixed,dem_untriggered,19,0.20000000000000284,-0.12181625845746674
fixed,dem_untriggered,19,0.30000000000000293,-0.03450021785746672
fixed,dem_untriggered,19,0.400000000000003,0.02111583266608082
fixed,dem_untriggered,19,0.5000000000000031,0.0677641849218288
fixed,dem_untriggered,19,0.6000000000000032,0.1276243196510218
fixed,dem_untriggered,19,0.7000000000000033,0.12000091382017415
fixed,dem_untriggered,19,0.8000000000000034,0.0763185160549298
fixed,dem_untriggered,19,0.9000000000000035,0.14782563849083
fixed,dem_untriggered,19,1.0000000000000036,0.15197258030875455
fixed,dem_untriggered,19,1.1000000000000032,0.22494640058375004
fixed,dem_untriggered,19,1.2000000000000037,0.3346316621636735
fixed,dem_untriggered,19,1.3000000000000043,0.4932453269018194
fixed,dem_untriggered,19,1.400000000000004,0.4596472408011779
fixed,dem_untriggered,19,1.5000000000000036,0.5681135874386495
fixed,dem_untriggered,19,1.600000000000004,0.6066949981050851
fixed,dem_untriggered,19,1.7000000000000046,0.5777951367396735
fixed,dem_untriggered,19,1.8000000000000043,0.5868993507087248
fixed,dem_untriggered,19,1.900000000000004,0.6127754543028796
fixed,dem_untriggered,19,2.0000000000000044,0.6669267405859638
fixed,dem_untriggered,19,2.100000000000005,0.6799796534842989
fixed,dem_untriggered,19,2.2000000000000046,0.7203285455160807
fixed,dem_untriggered,19,2.3000000000000043,0.5781549784024608
fixed,dem_untriggered,19,2.400000000000005,0.6806156079462155
fixed,dem_untriggered,19,2.5000000000000053,0.7375175650006455
fixed,dem_untriggered,19,2.600000000000005,0.6299526355548891
fixed,dem_untriggered,19,2.7000000000000046,0.5840729480317868
fixed,dem_untriggered,19,2.800000000000005,0.5830543091075834
fixed,dem_untriggered,19,2.9000000000000057,0.49855208295701814
fixed,dem_untriggered,19,3.0000000000000053,0.4752360785947883
fixed,dem_untriggered,19,3.100000000000005,0.42410906155295797
fixed,dem_untriggered,19,3.2000000000000055,0.4707657803737994
fixed,dem_untriggered,19,3.300000000000006,0.6173680865582657
fixed,dem_untriggered,19,3.4000000000000057,0.5932186454442253
fixed,dem_untriggered,19,3.5000000000000053,0.5692710368096661
fixed,dem_untriggered,19,3.600000000000006,0.5333698383245294
fixed,dem_untriggered,19,3.7000000000000064,0.512482668646185
fixed,dem_untriggered,19,3.800000000000006,0.5439150167145937
fixed,dem_untriggered,19,3.9000000000000057,0.6338182988088514
fixed,dem_untriggered,19,4.000000000000006,0.6944839220370584
fixed,dem_untriggered,19,4.100000000000007,0.5785911248083316
fixed,dem_untriggered,19,4.200000000000006,0.6246923262596534
fixed,dem_untriggered,19,4.300000000000006,0.5517035429546363
fixed,dem_untriggered,19,4.400000000000007,0.5301674748421727
fixed,dem_untriggered,19,4.500000000000007,0.5348297399572888
fixed,dem_untriggered,19,4.600000000000007,0.5406075976199969
fixed,dem_untriggered,19,4.700000000000006,0.5866550380657112
fixed,dem_untriggered,19,4.800000000000007,0.5130867914493968
fixed,dem_untriggered,19,4.9000000000000075,0.4703230039447696
fixed,dem_untriggered,19,5.000000000000007,0.5380994845316981
fixed,dem_untriggered,19,5.100000000000007,0.46253169471026107
fixed,dem_untriggered,19,5.200000000000006,0.4934111150144064
fixed,dem_untriggered,19,5.300000000000008,0.34180461235747894
fixed,dem_untriggered,19,5.4000000000000075,0.41698979605191
fixed,dem_untriggered,19,5.500000000000007,0.32512237398499877
fixed,dem_untriggered,19,5.6000000000000085,0.36264652824173077
fixed,dem_untriggered,19,5.700000000000008,0.3429677885008824
fixed,dem_untriggered,19,5.800000000000008,0.2698358460301646
fixed,dem_untriggered,19,5.9000000000000075,0.3641915297990771
fixed,dem_untriggered,27,-3.0,0.019506047494671507
fixed,dem_untriggered,27,-2.9,-0.04168616644818427
fixed,dem_untriggered,27,-2.8,-0.10420127622882408
fixed,dem_untriggered,27,-2.6999999999999997,-0.11308134118115747
fixed,dem_untriggered,27,-2.5999999999999996,-0.11999494792385151
fixed,dem_untriggered,27,-2.4999999999999996,-0.07518337612328195
fixed,dem_untriggered,27,-2.3999999999999995,-0.045683415087291346
fixed,dem_untriggered,27,-2.2999999999999994,-0.003925219538298495
fixed,dem_untriggered,27,-2.1999999999999993,0.06531070398689824
fixed,dem_untriggered,27,-2.099999999999999,0.05234041131461816
fixed,dem_untriggered,27,-1.9999999999999991,-0.0016681507219914013
fixed,dem_untriggered,27,-1.899999999999999,-0.015183936013306346
fixed,dem_untriggered,27,-1.799999999999999,0.07315488503512542
fixed,dem_untriggered,27,-1.6999999999999988,0.06419227788964718
fixed,dem_untriggered,27,-1.5999999999999988,0.047673043570886454
fixed,dem_untriggered,27,-1.4999999999999987,0.0290419236823213
fixed,dem_untriggered,27,-1.3999999999999986,0.011097850893970383
fixed,dem_untriggered,27,-1.2999999999999985,-0.03413880118259975
fixed,dem_untriggered,27,-1.1999999999999984,-0.1442457508993891
fixed,dem_untriggered,27,-1.0999999999999983,-0.2278373619946696
fixed,dem_untriggered,27,-0.9999999999999982,-0.2379124907905946
fixed,dem_untriggered,27,-0.8999999999999981,-0.22094207138194175
fixed,dem_untriggered,27,-0.799999999999998,-0.22852134869012278
fixed,dem_untriggered,27,-0.699999999999998,-0.26525379120372383
fixed,dem_untriggered,27,-0.5999999999999979,-0.29691782784077386
fixed,dem_untriggered,27,-0.4999999999999978,-0.2688325190836061
fixed,dem_untriggered,27,-0.3999999999999977,-0.2509053880840219
fixed,dem_untriggered,27,-0.2999999999999976,-0.2145784501067472
fixed,dem_untriggered,27,-0.1999999999999975,-0.21545713738518793
fixed,dem_untriggered,27,-0.09999999999999742,-0.17026731623576077
fixed,dem_untriggered,27,2.6645352591003757e-15,-0.1733396937757175
fixed,dem_untriggered,27,0.10000000000000275,-0.18458887288459438
fixed,dem_untriggered,27,0.20000000000000284,-0.1947006657149465
fixed,dem_untriggered,27,0.30000000000000293,-0.17875548274300487
fixed,dem_untriggered,27,0.400000000000003,-0.11376543682041217
fixed,dem_untriggered,27,0.5000000000000031,-0.09682843166497478
fixed,dem_untriggered,27,0.6000000000000032,-0.06759217600240224
fixed,dem_untriggered,27,0.7000000000000033,-0.04505076282338448
fixed,dem_untriggered,27,0.8000000000000034,0.005752320719994014
fixed,dem_untriggered,27,0.9000000000000035,0.045957829059180284
fixed,dem_untriggered,27,1.0000000000000036,0.09306301301566575
fixed,dem_untriggered,27,1.1000000000000032,0.1353622853939022
fixed,dem_untriggered,27,1.2000000000000037,0.13976797082587963
fixed,dem_untriggered,27,1.3000000000000043,0.1411968212232404
fixed,dem_untriggered,27,1.400000000000004,0.1931420753797929
fixed,dem_untriggered,27,1.5000000000000036,0.24147057569219144
fixed,dem_untriggered,27,1.600000000000004,0.2474881885912268
fixed,dem_untriggered,27,1.7000000000000046,0.22388726837805176
fixed,dem_untriggered,27,1.8000000000000043,0.18736463233938355
fixed,dem_untriggered,27,1.900000000000004,0.15679749429188922
fixed,dem_untriggered,27,2.0000000000000044,0.13229673097102243
fixed,dem_untriggered,27,2.100000000000005,0.14472904212069684
fixed,dem_untriggered,27,2.2000000000000046,0.17037166327798864
fixed,dem_untriggered,27,2.3000000000000043,0.14536791292167023
fixed,dem_untriggered,27,2.400000000000005,0.2565424463543368
fixed,dem_untriggered,27,2.5000000000000053,0.3551966745616202
fixed,dem_untriggered,27,2.600000000000005,0.37319954249474063
fixed,dem_untriggered,27,2.7000000000000046,0.31019665688857395
fixed,dem_untriggered,27,2.800000000000005,0.29886802984045574
fixed,dem_untriggered,27,2.9000000000000057,0.23934672761265308
fixed,dem_untriggered,27,3.0000000000000053,0.24774218628551514
fixed,dem_untriggered,27,3.100000000000005,0.1938150951913679
fixed,dem_untriggered,27,3.2000000000000055,0.1713614325976901
fixed,dem_untriggered,27,3.300000000000006,0.17500513661110084
fixed,dem_untriggered,27,3.4000000000000057,0.2673581370568782
fixed,dem_untriggered,27,3.5000000000000053,0.34842705725263157
fixed,dem_untriggered,27,3.600000000000006,0.29170630522715935
fixed,dem_untriggered,27,3.7000000000000064,0.21912564815831662
fixed,dem_untriggered,27,3.800000000000006,0.16993125461560668
fixed,dem_untriggered,27,3.9000000000000057,0.1513237922071087
fixed,dem_untriggered,27,4.000000000000006,0.13097715726851145
fixed,dem_untriggered,27,4.100000000000007,0.17715067155517245
fixed,dem_untriggered,27,4.200000000000006,0.1335400437750423
fixed,dem_untriggered,27,4.300000000000006,0.13583914828013027
fixed,dem_untriggered,27,4.400000000000007,0.17235746919258588
fixed,dem_untriggered,27,4.500000000000007,0.21492906193399194
fixed,dem_untriggered,27,4.600000000000007,0.28281886843595455
fixed,dem_untriggered,27,4.700000000000006,0.3377708130156491
fixed,dem_untriggered,27,4.800000000000007,0.313030423545673
fixed,dem_untriggered,27,4.9000000000000075,0.2766831551683135
fixed,dem_untriggered,27,5.000000000000007,0.2219381736752355
fixed,dem_untriggered,27,5.100000000000007,0.22899279875466447
fixed,dem_untriggered,27,5.200000000000006,0.1794521132391849
fixed,dem_untriggered,27,5.300000000000008,0.15477863911119938
fixed,dem_untriggered,27,5.4000000000000075,0.1545315914443323
fixed,dem_untriggered,27,5.500000000000007,0.12418837887875539
fixed,dem_untriggered,27,5.6000000000000085,0.09715865093649119
fixed,dem_untriggered,27,5.700000000000008,0.03064255485681105
fixed,dem_untriggered,27,5.800000000000008,-0.06016726799961953
fixed,dem_untriggered,27,5.9000000000000075,-0.08659944141869177
fixed,dem_untriggered,35,-3.0,0.0015698394461590452
fixed,dem_untriggered,35,-2.9,0.023295319961496225
fixed,dem_untriggered,35,-2.8,-0.18495595318723582
fixed,dem_untriggered,35,-2.6999999999999997,-0.14905095417691955
fixed,dem_untriggered,35,-2.5999999999999996,-0.14043182341745075
fixed,dem_untriggered,35,-2.4999999999999996,-0.19456883817086992
fixed,dem_untriggered,35,-2.3999999999999995,-0.12742080923222598
fixed,dem_untriggered,35,-2.2999999999999994,-0.08243381608154411
fixed,dem_untriggered,35,-2.1999999999999993,-0.08849110395244018
fixed,dem_untriggered,35,-2.099999999999999,-0.16428443362657935
fixed,dem_untriggered,35,-1.9999999999999991,-0.11543270473279106
fixed,dem_untriggered,35,-1.899999999999999,-0.18739982955371898
fixed,dem_untriggered,35,-1.799999999999999,-0.07805477538239546
fixed,dem_untriggered,35,-1.6999999999999988,-0.05134531741774393
fixed,dem_untriggered,35,-1.5999999999999988,-0.2132075074963324
fixed,dem_untriggered,35,-1.4999999999999987,-0.15523442390683656
fixed,dem_untriggered,35,-1.3999999999999986,-0.17822450134322343
fixed,dem_untriggered,35,-1.2999999999999985,-0.1502153012934445
fixed,dem_untriggered,35,-1.1999999999999984,0.0019618720184573094
fixed,dem_untriggered,35,-1.0999999999999983,-0.12945491095463782
fixed,dem_untriggered,35,-0.9999999999999982,-0.030630873750404623
fixed,dem_untriggered,35,-0.8999999999999981,0.0915954253951431
fixed,dem_untriggered,35,-0.799999999999998,-0.03147624916249325
fixed,dem_untriggered,35,-0.699999999999998,-0.0015508148372459527
fixed,dem_untriggered,35,-0.5999999999999979,-0.19433591679642506
fixed,dem_untriggered,35,-0.4999999999999978,-0.08323130503330015
fixed,dem_untriggered,35,-0.3999999999999977,0.11532073997875485
fixed,dem_untriggered,35,-0.2999999999999976,0.08170031698093491
fixed,dem_untriggered,35,-0.1999999999999975,0.1625974146869608
fixed,dem_untriggered,35,-0.09999999999999742,0.026437772324532403
fixed,dem_untriggered,35,2.6645352591003757e-15,0.11566020758353023
fixed,dem_untriggered,35,0.10000000000000275,0.19159705338849337
fixed,dem_untriggered,35,0.20000000000000284,0.21203041442400905
fixed,dem_untriggered,35,0.30000000000000293,0.2172574608079284
fixed,dem_untriggered,35,0.400000000000003,0.09066650501348103
fixed,dem_untriggered,35,0.5000000000000031,0.06472260632586152
fixed,dem_untriggered,35,0.6000000000000032,0.10484261343854344
fixed,dem_untriggered,35,0.7000000000000033,0.18517003893323158
fixed,dem_untriggered,35,0.8000000000000034,0.1390466714498738
fixed,dem_untriggered,35,0.9000000000000035,0.15075364999266735
fixed,dem_untriggered,35,1.0000000000000036,0.06289649909954294
fixed,dem_untriggered,35,1.1000000000000032,0.08282009516752044
fixed,dem_untriggered,35,1.2000000000000037,0.05632151218075736
fixed,dem_untriggered,35,1.3000000000000043,0.2030665182160138
fixed,dem_untriggered,35,1.400000000000004,0.19587351982813436
fixed,dem_untriggered,35,1.5000000000000036,0.16803774209406255
fixed,dem_untriggered,35,1.600000000000004,0.2762981122256446
fixed,dem_untriggered,35,1.7000000000000046,0.3330425802616045
fixed,dem_untriggered,35,1.8000000000000043,0.3144365361254995
fixed,dem_untriggered,35,1.900000000000004,0.28533777142690225
fixed,dem_untriggered,35,2.0000000000000044,0.3589258924808564
fixed,dem_untriggered,35,2.100000000000005,0.5211142963981648
fixed,dem_untriggered,35,2.2000000000000046,0.48337213241032606
fixed,dem_untriggered,35,2.3000000000000043,0.478827028227821
fixed,dem_untriggered,35,2.400000000000005,0.5233100513934167
fixed,dem_untriggered,35,2.5000000000000053,0.45592642663331767
fixed,dem_untriggered,35,2.600000000000005,0.46204469979335877
fixed,dem_untriggered,35,2.7000000000000046,0.5045920662020804
fixed,dem_untriggered,35,2.800000000000005,0.5409881754411262
fixed,dem_untriggered,35,2.9000000000000057,0.5203491364895069
fixed,dem_untriggered,35,3.0000000000000053,0.3764497303426337
fixed,dem_untriggered,35,3.100000000000005,0.4262271245105831
fixed,dem_untriggered,35,3.2000000000000055,0.35439450360488517
fixed,dem_untriggered,35,3.300000000000006,0.4526603746189596
fixed,dem_untriggered,35,3.4000000000000057,0.2983955982389798
fixed,dem_untriggered,35,3.5000000000000053,0.4263207152076318
fixed,dem_untriggered,35,3.600000000000006,0.4881640538134427
fixed,dem_untriggered,35,3.7000000000000064,0.44966957558246223
fixed,dem_untriggered,35,3.800000000000006,0.45837290260763547
fixed,dem_untriggered,35,3.9000000000000057,0.22813627019286392
fixed,dem_untriggered,35,4.000000000000006,0.3276039335129068
fixed,dem_untriggered,35,4.100000000000007,0.38114887268062003
fixed,dem_untriggered,35,4.200000000000006,0.17667361088584815
fixed,dem_untriggered,35,4.300000000000006,0.2391850023948956
fixed,dem_untriggered,35,4.400000000000007,0.31629662459375685
fixed,dem_untriggered,35,4.500000000000007,0.3077627803374404
fixed,dem_untriggered,35,4.600000000000007,0.36474293827146326
fixed,dem_untriggered,35,4.700000000000006,0.3921643110428349
fixed,dem_untriggered,35,4.800000000000007,0.547818365280415
fixed,dem_untriggered,35,4.9000000000000075,0.4383596235466273
fixed,dem_untriggered,35,5.000000000000007,0.3151303065024927
fixed,dem_untriggered,35,5.100000000000007,0.18521224955996637
fixed,dem_untriggered,35,5.200000000000006,0.3416687803302377
fixed,dem_untriggered,35,5.300000000000008,0.29229160526408254
fixed,dem_untriggered,35,5.4000000000000075,0.1677858434712917
fixed,dem_untriggered,35,5.500000000000007,0.06572150929137643
fixed,dem_untriggered,35,5.6000000000000085,0.03235788060975724
fixed,dem_untriggered,35,5.700000000000008,0.14382790182400548
fixed,dem_untriggered,35,5.800000000000008,0.21320530576936747
fixed,dem_untriggered,35,5.9000000000000075,0.2885767576274623
fixed,observer_feeding,1,-3.0,-0.11107130067911462
fixed,observer_feeding,1,-2.9,-0.08676454930713035
fixed,observer_feeding,1,-2.8,0.030037384302327618
fixed,observer_feeding,1,-2.6999999999999997,0.013055854462171371
fixed,observer_feeding,1,-2.5999999999999996,-0.07413570585472579
fixed,observer_feeding,1,-2.4999999999999996,-0.07348501147273609
fixed,observer_feeding,1,-2.3999999999999995,-0.030120697392249863
fixed,observer_feeding,1,-2.2999999999999994,-0.1360832985354803
fixed,observer_feeding,1,-2.1999999999999993,-0.11332181327100344
fixed,observer_feeding,1,-2.099999999999999,-0.13230232876175615
fixed,observer_feeding,1,-1.9999999999999991,-0.1524043574163618
fixed,observer_feeding,1,-1.899999999999999,-0.18033126152929982
fixed,observer_feeding,1,-1.799999999999999,-0.21411332797072452
fixed,observer_feeding,1,-1.6999999999999988,-0.15043196785161436
fixed,observer_feeding,1,-1.5999999999999988,-0.0824342206256319
fixed,observer_feeding,1,-1.4999999999999987,-0.0860967125890599
fixed,observer_feeding,1,-1.3999999999999986,-0.11409724007735009
fixed,observer_feeding,1,-1.2999999999999985,-0.11391535104723842
fixed,observer_feeding,1,-1.1999999999999984,-0.09312580872915202
fixed,observer_feeding,1,-1.0999999999999983,-0.1128811929485563
fixed,observer_feeding,1,-0.9999999999999982,-0.08590323690991145
fixed,observer_feeding,1,-0.8999999999999981,-0.032426453037732485
fixed,observer_feeding,1,-0.799999999999998,-0.016112153249959824
fixed,observer_feeding,1,-0.699999999999998,-0.08832503828566723
fixed,observer_feeding,1,-0.5999999999999979,0.027293063498270684
fixed,observer_feeding,1,-0.4999999999999978,-0.01397127770505893
fixed,observer_feeding,1,-0.3999999999999977,-0.07872538653776598
fixed,observer_feeding,1,-0.2999999999999976,-0.039399255720218886
fixed,observer_feeding,1,-0.1999999999999975,-0.036448800376681786
fixed,observer_feeding,1,-0.09999999999999742,-0.1040902428528202
fixed,observer_feeding,1,2.6645352591003757e-15,-0.03804888178358423
fixed,observer_feeding,1,0.10000000000000275,-0.021475571704423588
fixed,observer_feeding,1,0.20000000000000284,0.007829425213560283
fixed,observer_feeding,1,0.30000000000000293,0.023350105141196717
fixed,observer_feeding,1,0.400000000000003,-0.0031178817251449656
fixed,observer_feeding,1,0.5000000000000031,0.0009727167169100657
fixed,observer_feeding,1,0.6000000000000032,0.019422991299160523
fixed,observer_feeding,1,0.7000000000000033,-0.00852036405215573
fixed,observer_feeding,1,0.8000000000000034,-0.03216079972593034
fixed,observer_feeding,1,0.9000000000000035,-0.008158255154932754
fixed,observer_feeding,1,1.0000000000000036,0.03590298979027517
fixed,observer_feeding,1,1.1000000000000032,0.06479649729038602
fixed,observer_feeding,1,1.2000000000000037,0.029371342885832406
fixed,observer_feeding,1,1.3000000000000043,0.05647468686238104
fixed,observer_feeding,1,1.400000000000004,0.13074203402322396
fixed,observer_feeding,1,1.5000000000000036,0.1861001502451996
fixed,observer_feeding,1,1.600000000000004,0.3253379600413117
fixed,observer_feeding,1,1.7000000000000046,0.26787546845280746
fixed,observer_feeding,1,1.8000000000000043,0.26091587740786354
fixed,observer_feeding,1,1.900000000000004,0.24894143714077036
fixed,observer_feeding,1,2.0000000000000044,0.33119311124844303
fixed,observer_feeding,1,2.100000000000005,0.33758829358990794
fixed,observer_feeding,1,2.2000000000000046,0.32758094916772723
fixed,observer_feeding,1,2.3000000000000043,0.39657585370070286
fixed,observer_feeding,1,2.400000000000005,0.450293500489988
fixed,observer_feeding,1,2.5000000000000053,0.4166050838889669
fixed,observer_feeding,1,2.600000000000005,0.4673747508725505
fixed,observer_feeding,1,2.7000000000000046,0.39853044581544134
fixed,observer_feeding,1,2.800000000000005,0.346184514536155
fixed,observer_feeding,1,2.9000000000000057,0.3656443152109628
fixed,observer_feeding,1,3.0000000000000053,0.3128293177928116
fixed,observer_feeding,1,3.100000000000005,0.2617487765941922
fixed,observer_feeding,1,3.2000000000000055,0.2836688007050285
fixed,observer_feeding,1,3.300000000000006,0.21019352782229483
fixed,observer_feeding,1,3.4000000000000057,0.20768748639391524
fixed,observer_feeding,1,3.5000000000000053,0.16130957287155798
fixed,observer_feeding,1,3.600000000000006,0.16553140165409652
fixed,observer_feeding,1,3.7000000000000064,0.11864369446756876
fixed,observer_feeding,1,3.800000000000006,0.09717255421984416
fixed,observer_feeding,1,3.9000000000000057,0.06602147498815523
fixed,observer_feeding,1,4.000000000000006,0.15541751391618153
fixed,observer_feeding,1,4.100000000000007,0.08735636761047298
fixed,observer_feeding,1,4.200000000000006,0.16159931578565762
fixed,observer_feeding,1,4.300000000000006,0.16379671671676116
fixed,observer_feeding,1,4.400000000000007,0.15473812805883463
fixed,observer_feeding,1,4.500000000000007,0.16137310656441636
fixed,observer_feeding,1,4.600000000000007,0.15173982987828413
fixed,observer_feeding,1,4.700000000000006,0.09842738527064449
fixed,observer_feeding,1,4.800000000000007,0.12318339214980564
fixed,observer_feeding,1,4.9000000000000075,0.13359899248443682
fixed,observer_feeding,1,5.000000000000007,0.08305983468014572
fixed,observer_feeding,1,5.100000000000007,0.06793841059900943
fixed,observer_feeding,1,5.200000000000006,0.11110899702187454
fixed,observer_feeding,1,5.300000000000008,0.08864154113058234
fixed,observer_feeding,1,5.4000000000000075,0.07470329141413057
fixed,observer_feeding,1,5.500000000000007,0.09395355388859078
fixed,observer_feeding,1,5.6000000000000085,0.08145890759533204
fixed,observer_feeding,1,5.700000000000008,0.08749202144652848
fixed,observer_feeding,1,5.800000000000008,0.02572809549410022
fixed,observer_feeding,1,5.9000000000000075,0.10040179739265928
fixed,observer_feeding,3,-3.0,-0.18913177866698447
fixed,observer_feeding,3,-2.9,-0.16066153210577036
fixed,observer_feeding,3,-2.8,-0.21255375113136848
fixed,observer_feeding,3,-2.6999999999999997,-0.09642295261272184
fixed,observer_feeding,3,-2.5999999999999996,0.08163876430990322
fixed,observer_feeding,3,-2.4999999999999996,0.044057099907969896
fixed,observer_feeding,3,-2.3999999999999995,0.18083640632046466
fixed,observer_feeding,3,-2.2999999999999994,0.0913535050910775
fixed,observer_feeding,3,-2.1999999999999993,0.1442270455634832
fixed,observer_feeding,3,-2.099999999999999,0.38248248757024983
fixed,observer_feeding,3,-1.9999999999999991,0.424171495402511
fixed,observer_feeding,3,-1.899999999999999,0.42810303298180585
fixed,observer_feeding,3,-1.799999999999999,0.5661051875141444
fixed,observer_feeding,3,-1.6999999999999988,0.6362542907398482
fixed,observer_feeding,3,-1.5999999999999988,0.5755272146763525
fixed,observer_feeding,3,-1.4999999999999987,0.7088849120605334
fixed,observer_feeding,3,-1.3999999999999986,0.7784911075002884
fixed,observer_feeding,3,-1.2999999999999985,0.9021829614751907
fixed,observer_feeding,3,-1.1999999999999984,0.9396120682584183
fixed,observer_feeding,3,-1.0999999999999983,0.962836734078434
fixed,observer_feeding,3,-0.9999999999999982,0.9083823090636879
fixed,observer_feeding,3,-0.8999999999999981,0.8751517283318253
fixed,observer_feeding,3,-0.799999999999998,0.9499544364253092
fixed,observer_feeding,3,-0.699999999999998,0.8108973652494051
fixed,observer_feeding,3,-0.5999999999999979,0.9312720308690758
fixed,observer_feeding,3,-0.4999999999999978,1.073600962327887
fixed,observer_feeding,3,-0.3999999999999977,1.265511626373053
fixed,observer_feeding,3,-0.2999999999999976,1.2815192610132338
fixed,observer_feeding,3,-0.1999999999999975,1.2337459109034106
fixed,observer_feeding,3,-0.09999999999999742,1.2423874952901937
fixed,observer_feeding,3,2.6645352591003757e-15,1.1952402345837205
fixed,observer_feeding,3,0.10000000000000275,1.1220232527156548
fixed,observer_feeding,3,0.20000000000000284,1.0841324834111803
fixed,observer_feeding,3,0.30000000000000293,1.0926130697382581
fixed,observer_feeding,3,0.400000000000003,1.0522057367805167
fixed,observer_feeding,3,0.5000000000000031,1.0580186020656261
fixed,observer_feeding,3,0.6000000000000032,1.0669878480651882
fixed,observer_feeding,3,0.7000000000000033,1.045862867645363
fixed,observer_feeding,3,0.8000000000000034,1.0615488093151912
fixed,observer_feeding,3,0.9000000000000035,1.0920307475831421
fixed,observer_feeding,3,1.0000000000000036,1.208200627384443
fixed,observer_feeding,3,1.1000000000000032,1.389799882500234
fixed,observer_feeding,3,1.2000000000000037,1.5600490779897667
fixed,observer_feeding,3,1.3000000000000043,1.74328046864709
fixed,observer_feeding,3,1.400000000000004,1.7993642170928128
fixed,observer_feeding,3,1.5000000000000036,1.864170267297734
fixed,observer_feeding,3,1.600000000000004,1.7030481801947437
fixed,observer_feeding,3,1.7000000000000046,1.7726894452895805
fixed,observer_feeding,3,1.8000000000000043,1.686870955406117
fixed,observer_feeding,3,1.900000000000004,1.5367177390954432
fixed,observer_feeding,3,2.0000000000000044,1.5550699415498912
fixed,observer_feeding,3,2.100000000000005,1.5618206221216717
fixed,observer_feeding,3,2.2000000000000046,1.6257758721011484
fixed,observer_feeding,3,2.3000000000000043,1.6102924544580164
fixed,observer_feeding,3,2.400000000000005,1.6294185756860993
fixed,observer_feeding,3,2.5000000000000053,1.5665346742843942
fixed,observer_feeding,3,2.600000000000005,1.512569866476985
fixed,observer_feeding,3,2.7000000000000046,1.385179760442425
fixed,observer_feeding,3,2.800000000000005,1.2987932388986168
fixed,observer_feeding,3,2.9000000000000057,1.2949564493944876
fixed,observer_feeding,3,3.0000000000000053,1.244333959114575
fixed,observer_feeding,3,3.100000000000005,1.172076952547791
fixed,observer_feeding,3,3.2000000000000055,1.1146021693687636
fixed,observer_feeding,3,3.300000000000006,1.1062322663673239
fixed,observer_feeding,3,3.4000000000000057,1.1320976530757223
fixed,observer_feeding,3,3.5000000000000053,1.0385666960896935
fixed,observer_feeding,3,3.600000000000006,1.1411034048796997
fixed,observer_feeding,3,3.7000000000000064,1.1158462598306644
fixed,observer_feeding,3,3.800000000000006,1.1908717265886521
fixed,observer_feeding,3,3.9000000000000057,1.2135023819223385
fixed,observer_feeding,3,4.000000000000006,1.2214153606824667
fixed,observer_feeding,3,4.100000000000007,1.2764597935095143
fixed,observer_feeding,3,4.200000000000006,1.2746646996924402
fixed,observer_feeding,3,4.300000000000006,1.216505502720244
fixed,observer_feeding,3,4.400000000000007,1.1348175078917209
fixed,observer_feeding,3,4.500000000000007,1.1957083094290186
fixed,observer_feeding,3,4.600000000000007,1.118403548195291
fixed,observer_feeding,3,4.700000000000006,1.1167200861415334
fixed,observer_feeding,3,4.800000000000007,1.0333879639739627
fixed,observer_feeding,3,4.9000000000000075,1.0714840921657796
fixed,observer_feeding,3,5.000000000000007,1.0666705816347652
fixed,observer_feeding,3,5.100000000000007,0.9891771084099097
fixed,observer_feeding,3,5.200000000000006,0.9395816211309684
fixed,observer_feeding,3,5.300000000000008,0.9207100637812299
fixed,observer_feeding,3,5.4000000000000075,0.9843011492158273
fixed,observer_feeding,3,5.500000000000007,0.9444257071359885
fixed,observer_feeding,3,5.6000000000000085,1.0338304548912336
fixed,observer_feeding,3,5.700000000000008,0.9803704624497501
fixed,observer_feeding,3,5.800000000000008,0.9715793411468693
fixed,observer_feeding,3,5.9000000000000075,0.9439237017203186
fixed,observer_feeding,4,-3.0,-0.07921251285295904
fixed,observer_feeding,4,-2.9,-0.03572711955212472
fixed,observer_feeding,4,-2.8,0.0475813265164125
fixed,observer_feeding,4,-2.6999999999999997,0.028384641879328938
fixed,observer_feeding,4,-2.5999999999999996,0.06483849321755933
fixed,observer_feeding,4,-2.4999999999999996,0.1062767770393486
fixed,observer_feeding,4,-2.3999999999999995,0.15380648261328655
fixed,observer_feeding,4,-2.2999999999999994,0.11174020124916717
fixed,observer_feeding,4,-2.1999999999999993,0.08480357015784828
fixed,observer_feeding,4,-2.099999999999999,0.11178306652035404
fixed,observer_feeding,4,-1.9999999999999991,0.13905097879438635
fixed,observer_feeding,4,-1.899999999999999,0.062314306632375395
fixed,observer_feeding,4,-1.799999999999999,0.10140113120386951
fixed,observer_feeding,4,-1.6999999999999988,0.1776159002719039
fixed,observer_feeding,4,-1.5999999999999988,0.22604969061709812
fixed,observer_feeding,4,-1.4999999999999987,0.44673072552952725
fixed,observer_feeding,4,-1.3999999999999986,0.5630446118975444
fixed,observer_feeding,4,-1.2999999999999985,0.6225067795177532
fixed,observer_feeding,4,-1.1999999999999984,0.6934243835070895
fixed,observer_feeding,4,-1.0999999999999983,0.7726083354270443
fixed,observer_feeding,4,-0.9999999999999982,0.8026245103799903
fixed,observer_feeding,4,-0.8999999999999981,0.7658065071384808
fixed,observer_feeding,4,-0.799999999999998,0.9139640658680974
fixed,observer_feeding,4,-0.699999999999998,0.956084554658295
fixed,observer_feeding,4,-0.5999999999999979,0.8924506677536814
fixed,observer_feeding,4,-0.4999999999999978,0.8408298537305776
fixed,observer_feeding,4,-0.3999999999999977,0.801544434071278
fixed,observer_feeding,4,-0.2999999999999976,0.7395238232695416
fixed,observer_feeding,4,-0.1999999999999975,0.6945034229250967
fixed,observer_feeding,4,-0.09999999999999742,0.608603947022834
fixed,observer_feeding,4,2.6645352591003757e-15,0.6490329996215469
fixed,observer_feeding,4,0.10000000000000275,0.5764868388879839
fixed,observer_feeding,4,0.20000000000000284,0.5065909305799359
fixed,observer_feeding,4,0.30000000000000293,0.4148408895895513
fixed,observer_feeding,4,0.400000000000003,0.27511620340031523
fixed,observer_feeding,4,0.5000000000000031,0.20766976041112434
fixed,observer_feeding,4,0.6000000000000032,0.38278478563563517
fixed,observer_feeding,4,0.7000000000000033,0.7115958509346707
fixed,observer_feeding,4,0.8000000000000034,1.0152482534992362
fixed,observer_feeding,4,0.9000000000000035,1.2227918367872836
fixed,observer_feeding,4,1.0000000000000036,1.2632136563695575
fixed,observer_feeding,4,1.1000000000000032,1.1683938090450792
fixed,observer_feeding,4,1.2000000000000037,0.9494930924154609
fixed,observer_feeding,4,1.3000000000000043,0.7481382285579286
fixed,observer_feeding,4,1.400000000000004,0.6749641084446574
fixed,observer_feeding,4,1.5000000000000036,0.6554254778869715
fixed,observer_feeding,4,1.600000000000004,0.5710951180890176
fixed,observer_feeding,4,1.7000000000000046,0.5205402599221922
fixed,observer_feeding,4,1.8000000000000043,0.4387606118336837
fixed,observer_feeding,4,1.900000000000004,0.2678795177239608
fixed,observer_feeding,4,2.0000000000000044,0.2053581868960519
fixed,observer_feeding,4,2.100000000000005,0.13158902244556664
fixed,observer_feeding,4,2.2000000000000046,0.1264527555998241
fixed,observer_feeding,4,2.3000000000000043,0.17936811636438757
fixed,observer_feeding,4,2.400000000000005,0.1320763714590824
fixed,observer_feeding,4,2.5000000000000053,0.10199307795757002
fixed,observer_feeding,4,2.600000000000005,0.11133864319503346
fixed,observer_feeding,4,2.7000000000000046,0.14771403634428634
fixed,observer_feeding,4,2.800000000000005,0.043185642723498605
fixed,observer_feeding,4,2.9000000000000057,0.10615821956940444
fixed,observer_feeding,4,3.0000000000000053,0.056737593565060265
fixed,observer_feeding,4,3.100000000000005,0.016405637490911028
fixed,observer_feeding,4,3.2000000000000055,-0.04313301522563183
fixed,observer_feeding,4,3.300000000000006,-0.005727442366638759
fixed,observer_feeding,4,3.4000000000000057,-0.04930053998945862
fixed,observer_feeding,4,3.5000000000000053,-0.11362920499648911
fixed,observer_feeding,4,3.600000000000006,-0.09167639884193601
fixed,observer_feeding,4,3.7000000000000064,-0.061278258623141436
fixed,observer_feeding,4,3.800000000000006,0.008866782584484204
fixed,observer_feeding,4,3.9000000000000057,0.02439152568685237
fixed,observer_feeding,4,4.000000000000006,-0.05035148665199263
fixed,observer_feeding,4,4.100000000000007,-0.025954604076374833
fixed,observer_feeding,4,4.200000000000006,0.04330172265230022
fixed,observer_feeding,4,4.300000000000006,0.010862117801174118
fixed,observer_feeding,4,4.400000000000007,0.05704443577943079
fixed,observer_feeding,4,4.500000000000007,0.08285175065368348
fixed,observer_feeding,4,4.600000000000007,0.09685695329478047
fixed,observer_feeding,4,4.700000000000006,0.061082982446081055
fixed,observer_feeding,4,4.800000000000007,0.09297511785131574
fixed,observer_feeding,4,4.9000000000000075,0.07275043835389629
fixed,observer_feeding,4,5.000000000000007,0.026960518401867656
fixed,observer_feeding,4,5.100000000000007,-0.04762754297786809
fixed,observer_feeding,4,5.200000000000006,-0.02416592759093356
fixed,observer_feeding,4,5.300000000000008,-0.11287573113038293
fixed,observer_feeding,4,5.4000000000000075,-0.08670096223811992
fixed,observer_feeding,4,5.500000000000007,-0.08491302147724211
fixed,observer_feeding,4,5.6000000000000085,-0.10745225476207079
fixed,observer_feeding,4,5.700000000000008,-0.16489804335087485
fixed,observer_feeding,4,5.800000000000008,-0.12442372973015345
fixed,observer_feeding,4,5.9000000000000075,-0.12478625203516676
fixed,observer_feeding,5,-3.0,-0.03444587697346158
fixed,observer_feeding,5,-2.9,-0.0494084746429232
fixed,observer_feeding,5,-2.8,-0.025180397442839744
fixed,observer_feeding,5,-2.6999999999999997,-0.050177150873141986
fixed,observer_feeding,5,-2.5999999999999996,-0.10287603323759241
fixed,observer_feeding,5,-2.4999999999999996,-0.16646207813776853
fixed,observer_feeding,5,-2.3999999999999995,-0.17337464243032447
fixed,observer_feeding,5,-2.2999999999999994,-0.16137723331642229
fixed,observer_feeding,5,-2.1999999999999993,-0.10795497772033627
fixed,observer_feeding,5,-2.099999999999999,-0.0648405571152308
fixed,observer_feeding,5,-1.9999999999999991,-0.09244712457860209
fixed,observer_feeding,5,-1.899999999999999,-0.1105226523631249
fixed,observer_feeding,5,-1.799999999999999,-0.137065761172622
fixed,observer_feeding,5,-1.6999999999999988,-0.1616006464287719
fixed,observer_feeding,5,-1.5999999999999988,-0.1565411718021244
fixed,observer_feeding,5,-1.4999999999999987,-0.12141998021109081
fixed,observer_feeding,5,-1.3999999999999986,-0.08724908059008918
fixed,observer_feeding,5,-1.2999999999999985,-0.0629405901651151
fixed,observer_feeding,5,-1.1999999999999984,-0.06507923946192931
fixed,observer_feeding,5,-1.0999999999999983,-0.005970317977481656
fixed,observer_feeding,5,-0.9999999999999982,-0.009082205732437204
fixed,observer_feeding,5,-0.8999999999999981,0.07537953956566987
fixed,observer_feeding,5,-0.799999999999998,0.1442157158807749
fixed,observer_feeding,5,-0.699999999999998,0.13838380105336126
fixed,observer_feeding,5,-0.5999999999999979,0.19040363548462247
fixed,observer_feeding,5,-0.4999999999999978,0.2725016883015369
fixed,observer_feeding,5,-0.3999999999999977,0.29636954500809676
fixed,observer_feeding,5,-0.2999999999999976,0.23663125083433098
fixed,observer_feeding,5,-0.1999999999999975,0.22158394700445802
fixed,observer_feeding,5,-0.09999999999999742,0.22738863095489503
fixed,observer_feeding,5,2.6645352591003757e-15,0.2283103074060278
fixed,observer_feeding,5,0.10000000000000275,0.16791693184749615
fixed,observer_feeding,5,0.20000000000000284,0.11898208287066621
fixed,observer_feeding,5,0.30000000000000293,0.025323449140541333
fixed,observer_feeding,5,0.400000000000003,-0.010693231989973953
fixed,observer_feeding,5,0.5000000000000031,0.07844761521230506
fixed,observer_feeding,5,0.6000000000000032,0.294371419225802
fixed,observer_feeding,5,0.7000000000000033,0.7506603289159892
fixed,observer_feeding,5,0.8000000000000034,1.3381987855736701
fixed,observer_feeding,5,0.9000000000000035,1.6297920914542268
fixed,observer_feeding,5,1.0000000000000036,1.684081201301039
fixed,observer_feeding,5,1.1000000000000032,1.5302334952957177
fixed,observer_feeding,5,1.2000000000000037,1.4148433873039172
fixed,observer_feeding,5,1.3000000000000043,1.3384204888875095
fixed,observer_feeding,5,1.400000000000004,1.2573966469413427
fixed,observer_feeding,5,1.5000000000000036,1.1676475434923481
fixed,observer_feeding,5,1.600000000000004,1.0532118355224869
fixed,observer_feeding,5,1.7000000000000046,1.0015983379787758
fixed,observer_feeding,5,1.8000000000000043,0.8899509236682807
fixed,observer_feeding,5,1.900000000000004,0.8000934462384656
fixed,observer_feeding,5,2.0000000000000044,0.7767200117948204
fixed,observer_feeding,5,2.100000000000005,0.7369749240289091
fixed,observer_feeding,5,2.2000000000000046,0.7142737622634903
fixed,observer_feeding,5,2.3000000000000043,0.6988434712421744
fixed,observer_feeding,5,2.400000000000005,0.6660699379603287
fixed,observer_feeding,5,2.5000000000000053,0.5856477858170178
fixed,observer_feeding,5,2.600000000000005,0.4835421316283249
fixed,observer_feeding,5,2.7000000000000046,0.45353549037658586
fixed,observer_feeding,5,2.800000000000005,0.39133056721830295
fixed,observer_feeding,5,2.9000000000000057,0.42207773574697893
fixed,observer_feeding,5,3.0000000000000053,0.34328109509701804
fixed,observer_feeding,5,3.100000000000005,0.35236692885473986
fixed,observer_feeding,5,3.2000000000000055,0.3458001545698231
fixed,observer_feeding,5,3.300000000000006,0.2952808200448191
fixed,observer_feeding,5,3.4000000000000057,0.21202375251396613
fixed,observer_feeding,5,3.5000000000000053,0.19708204005179877
fixed,observer_feeding,5,3.600000000000006,0.23780961658869507
fixed,observer_feeding,5,3.7000000000000064,0.22006346748267974
fixed,observer_feeding,5,3.800000000000006,0.22409251382957193
fixed,observer_feeding,5,3.9000000000000057,0.21218599576572925
fixed,observer_feeding,5,4.000000000000006,0.1923120847918987
fixed,observer_feeding,5,4.100000000000007,0.1781152518108619
fixed,observer_feeding,5,4.200000000000006,0.14538341375059233
fixed,observer_feeding,5,4.300000000000006,0.14003898151311853
fixed,observer_feeding,5,4.400000000000007,0.11332715245764965
fixed,observer_feeding,5,4.500000000000007,0.12875302506003472
fixed,observer_feeding,5,4.600000000000007,0.19678394663385024
fixed,observer_feeding,5,4.700000000000006,0.22958414713789904
fixed,observer_feeding,5,4.800000000000007,0.24802757423103272
fixed,observer_feeding,5,4.9000000000000075,0.2559485943336744
fixed,observer_feeding,5,5.000000000000007,0.28578730444683187
fixed,observer_feeding,5,5.100000000000007,0.3188708966734998
fixed,observer_feeding,5,5.200000000000006,0.30980639586529934
fixed,observer_feeding,5,5.300000000000008,0.2403462357845344
fixed,observer_feeding,5,5.4000000000000075,0.17944163822044928
fixed,observer_feeding,5,5.500000000000007,0.19923284494240662
fixed,observer_feeding,5,5.6000000000000085,0.22197387004909291
fixed,observer_feeding,5,5.700000000000008,0.23706466844341442
fixed,observer_feeding,5,5.800000000000008,0.19442583732607882
fixed,observer_feeding,5,5.9000000000000075,0.1913577117929409
fixed,observer_feeding,6,-3.0,-0.06392137969228649
fixed,observer_feeding,6,-2.9,-0.0553744978233427
fixed,observer_feeding,6,-2.8,0.00989778431864001
fixed,observer_feeding,6,-2.6999999999999997,-0.055250222717871625
fixed,observer_feeding,6,-2.5999999999999996,0.0013072506186277996
fixed,observer_feeding,6,-2.4999999999999996,0.05068334627959941
fixed,observer_feeding,6,-2.3999999999999995,-0.0321599823415484
fixed,observer_feeding,6,-2.2999999999999994,0.03304095223285865
fixed,observer_feeding,6,-2.1999999999999993,0.09553862643643929
fixed,observer_feeding,6,-2.099999999999999,0.07315977276844353
fixed,observer_feeding,6,-1.9999999999999991,0.03393825378032955
fixed,observer_feeding,6,-1.899999999999999,0.042113114125647166
fixed,observer_feeding,6,-1.799999999999999,0.11402782656810807
fixed,observer_feeding,6,-1.6999999999999988,0.17489758858167967
fixed,observer_feeding,6,-1.5999999999999988,0.1904581475015788
fixed,observer_feeding,6,-1.4999999999999987,0.16502319223725015
fixed,observer_feeding,6,-1.3999999999999986,0.2173696077908256
fixed,observer_feeding,6,-1.2999999999999985,0.2134564410649362
fixed,observer_feeding,6,-1.1999999999999984,0.24402307710010568
fixed,observer_feeding,6,-1.0999999999999983,0.2393830731816092
fixed,observer_feeding,6,-0.9999999999999982,0.2014002902420798
fixed,observer_feeding,6,-0.8999999999999981,0.1897298704347848
fixed,observer_feeding,6,-0.799999999999998,0.2313371958967463
fixed,observer_feeding,6,-0.699999999999998,0.20134949540418667
fixed,observer_feeding,6,-0.5999999999999979,0.14714998630216344
fixed,observer_feeding,6,-0.4999999999999978,0.09518715542101519
fixed,observer_feeding,6,-0.3999999999999977,0.00955976981969562
fixed,observer_feeding,6,-0.2999999999999976,-0.0919350961480188
fixed,observer_feeding,6,-0.1999999999999975,0.05467570091278232
fixed,observer_feeding,6,-0.09999999999999742,0.12272826257540599
fixed,observer_feeding,6,2.6645352591003757e-15,0.19513227312392248
fixed,observer_feeding,6,0.10000000000000275,0.19430433054979562
fixed,observer_feeding,6,0.20000000000000284,0.24076827793148695
fixed,observer_feeding,6,0.30000000000000293,0.15454516138908508
fixed,observer_feeding,6,0.400000000000003,0.08978097103712254
fixed,observer_feeding,6,0.5000000000000031,0.032575894996391026
fixed,observer_feeding,6,0.6000000000000032,0.14897998486925504
fixed,observer_feeding,6,0.7000000000000033,0.3553743116845299
fixed,observer_feeding,6,0.8000000000000034,0.5648114899327795
fixed,observer_feeding,6,0.9000000000000035,0.7285915506789512
fixed,observer_feeding,6,1.0000000000000036,0.6929892621340703
fixed,observer_feeding,6,1.1000000000000032,0.7122315138180868
fixed,observer_feeding,6,1.2000000000000037,0.6029043081388823
fixed,observer_feeding,6,1.3000000000000043,0.49069469032988033
fixed,observer_feeding,6,1.400000000000004,0.3745706862816067
fixed,observer_feeding,6,1.5000000000000036,0.2911777781445039
fixed,observer_feeding,6,1.600000000000004,0.2620551988669923
fixed,observer_feeding,6,1.7000000000000046,0.12759962695598676
fixed,observer_feeding,6,1.8000000000000043,0.12026359415007407
fixed,observer_feeding,6,1.900000000000004,0.11442024272088674
fixed,observer_feeding,6,2.0000000000000044,0.11847791499454934
fixed,observer_feeding,6,2.100000000000005,0.07020177311875117
fixed,observer_feeding,6,2.2000000000000046,-0.0029812715235181435
fixed,observer_feeding,6,2.3000000000000043,0.020595468014453222
fixed,observer_feeding,6,2.400000000000005,0.03798100218656806
fixed,observer_feeding,6,2.5000000000000053,-0.010662020745114492
fixed,observer_feeding,6,2.600000000000005,-0.010896878631992239
fixed,observer_feeding,6,2.7000000000000046,-0.044429675112420866
fixed,observer_feeding,6,2.800000000000005,0.014148716843237876
fixed,observer_feeding,6,2.9000000000000057,-0.014934055973420539
fixed,observer_feeding,6,3.0000000000000053,-0.04667243469079372
fixed,observer_feeding,6,3.100000000000005,-0.034685746273944544
fixed,observer_feeding,6,3.2000000000000055,0.08079237534661171
fixed,observer_feeding,6,3.300000000000006,0.005584522703145907
fixed,observer_feeding,6,3.4000000000000057,0.015927368743072125
fixed,observer_feeding,6,3.5000000000000053,-0.008051651085523392
fixed,observer_feeding,6,3.600000000000006,0.010891430040209692
fixed,observer_feeding,6,3.7000000000000064,0.02815031806678581
fixed,observer_feeding,6,3.800000000000006,0.005420900361045908
fixed,observer_feeding,6,3.9000000000000057,-0.027887828308558897
fixed,observer_feeding,6,4.000000000000006,0.03217923699140659
fixed,observer_feeding,6,4.100000000000007,0.07131696746300528
fixed,observer_feeding,6,4.200000000000006,0.025706263611946726
fixed,observer_feeding,6,4.300000000000006,0.06505560063582554
fixed,observer_feeding,6,4.400000000000007,0.028701388864327812
fixed,observer_feeding,6,4.500000000000007,0.07205073817519482
fixed,observer_feeding,6,4.600000000000007,0.07947270191313865
fixed,observer_feeding,6,4.700000000000006,0.04613529651534875
fixed,observer_feeding,6,4.800000000000007,0.05635628412560662
fixed,observer_feeding,6,4.9000000000000075,0.14054073966131211
fixed,observer_feeding,6,5.000000000000007,0.0741337138453095
fixed,observer_feeding,6,5.100000000000007,0.13544688729959217
fixed,observer_feeding,6,5.200000000000006,0.054962360051017366
fixed,observer_feeding,6,5.300000000000008,0.022063891998653423
fixed,observer_feeding,6,5.4000000000000075,0.03423339312240326
fixed,observer_feeding,6,5.500000000000007,0.03366118302953749
fixed,observer_feeding,6,5.6000000000000085,-0.01312662646656661
fixed,observer_feeding,6,5.700000000000008,0.01624784695576449
fixed,observer_feeding,6,5.800000000000008,0.041109870702031134
fixed,observer_feeding,6,5.9000000000000075,-0.01740890893906419
fixed,observer_feeding,18,-3.0,0.27741864312315756
fixed,observer_feeding,18,-2.9,0.30615436242435223
fixed,observer_feeding,18,-2.8,0.3741839291675128
fixed,observer_feeding,18,-2.6999999999999997,0.42100358269563126
fixed,observer_feeding,18,-2.5999999999999996,0.4798880691264462
fixed,observer_feeding,18,-2.4999999999999996,0.48327990157172707
fixed,observer_feeding,18,-2.3999999999999995,0.4882153365241426
fixed,observer_feeding,18,-2.2999999999999994,0.523507101164773
fixed,observer_feeding,18,-2.1999999999999993,0.6255514937798983
fixed,observer_feeding,18,-2.099999999999999,0.6498255242012586
fixed,observer_feeding,18,-1.9999999999999991,0.7055333383424439
fixed,observer_feeding,18,-1.899999999999999,0.7097533725482711
fixed,observer_feeding,18,-1.799999999999999,0.676883708093587
fixed,observer_feeding,18,-1.6999999999999988,0.6922483458925167
fixed,observer_feeding,18,-1.5999999999999988,0.6634410087939518
fixed,observer_feeding,18,-1.4999999999999987,0.7009291500852235
fixed,observer_feeding,18,-1.3999999999999986,0.702967258549132
fixed,observer_feeding,18,-1.2999999999999985,0.749261303467447
fixed,observer_feeding,18,-1.1999999999999984,0.7224752691007588
fixed,observer_feeding,18,-1.0999999999999983,0.6568011063461713
fixed,observer_feeding,18,-0.9999999999999982,0.64451405198579
fixed,observer_feeding,18,-0.8999999999999981,0.5726661697101577
fixed,observer_feeding,18,-0.799999999999998,0.5574595063013369
fixed,observer_feeding,18,-0.699999999999998,0.5219406623750924
fixed,observer_feeding,18,-0.5999999999999979,0.47582435161853176
fixed,observer_feeding,18,-0.4999999999999978,0.39917192112456273
fixed,observer_feeding,18,-0.3999999999999977,0.33324435399291596
fixed,observer_feeding,18,-0.2999999999999976,0.3016200286539472
fixed,observer_feeding,18,-0.1999999999999975,0.19761196971832828
fixed,observer_feeding,18,-0.09999999999999742,0.16957252379654403
fixed,observer_feeding,18,2.6645352591003757e-15,0.17811626251359214
fixed,observer_feeding,18,0.10000000000000275,0.34966701486841434
fixed,observer_feeding,18,0.20000000000000284,0.39842983129504334
fixed,observer_feeding,18,0.30000000000000293,0.3269670264210558
fixed,observer_feeding,18,0.400000000000003,0.2708356284291122
fixed,observer_feeding,18,0.5000000000000031,0.18266768755018967
fixed,observer_feeding,18,0.6000000000000032,0.1352822423826998
fixed,observer_feeding,18,0.7000000000000033,0.20872393450320562
fixed,observer_feeding,18,0.8000000000000034,0.3866496728754977
fixed,observer_feeding,18,0.9000000000000035,0.835239062080786
fixed,observer_feeding,18,1.0000000000000036,1.2525963353960798
fixed,observer_feeding,18,1.1000000000000032,1.589677613814111
fixed,observer_feeding,18,1.2000000000000037,1.7432525283271973
fixed,observer_feeding,18,1.3000000000000043,1.795673566966223
fixed,observer_feeding,18,1.400000000000004,1.741697424959396
fixed,observer_feeding,18,1.5000000000000036,1.6762646718425214
fixed,observer_feeding,18,1.600000000000004,1.5941410910655747
fixed,observer_feeding,18,1.7000000000000046,1.5129248294027176
fixed,observer_feeding,18,1.8000000000000043,1.4202576360285142
fixed,observer_feeding,18,1.900000000000004,1.3159041907507236
fixed,observer_feeding,18,2.0000000000000044,1.232598271544955
fixed,observer_feeding,18,2.100000000000005,1.1707762039188467
fixed,observer_feeding,18,2.2000000000000046,1.0740033922922299
fixed,observer_feeding,18,2.3000000000000043,1.0911170190754027
fixed,observer_feeding,18,2.400000000000005,1.0448235172837863
fixed,observer_feeding,18,2.5000000000000053,1.0299209394338205
fixed,observer_feeding,18,2.600000000000005,0.9599236430505449
fixed,observer_feeding,18,2.7000000000000046,0.8773880345667918
fixed,observer_feeding,18,2.800000000000005,0.8232858468597272
fixed,observer_feeding,18,2.9000000000000057,0.7767475255396148
fixed,observer_feeding,18,3.0000000000000053,0.7346819475172182
fixed,observer_feeding,18,3.100000000000005,0.6970545908370213
fixed,observer_feeding,18,3.2000000000000055,0.7312119645444137
fixed,observer_feeding,18,3.300000000000006,0.7060630571517327
fixed,observer_feeding,18,3.4000000000000057,0.7440444112325193
fixed,observer_feeding,18,3.5000000000000053,0.7332357459068913
fixed,observer_feeding,18,3.600000000000006,0.7261848244676319
fixed,observer_feeding,18,3.7000000000000064,0.6830244106061113
fixed,observer_feeding,18,3.800000000000006,0.7254281830532209
fixed,observer_feeding,18,3.9000000000000057,0.695468599092026
fixed,observer_feeding,18,4.000000000000006,0.6122219182165597
fixed,observer_feeding,18,4.100000000000007,0.5939236575388896
fixed,observer_feeding,18,4.200000000000006,0.5175045146449258
fixed,observer_feeding,18,4.300000000000006,0.5071969403031997
fixed,observer_feeding,18,4.400000000000007,0.5224506505271004
fixed,observer_feeding,18,4.500000000000007,0.46966304620156474
fixed,observer_feeding,18,4.600000000000007,0.5033871620377274
fixed,observer_feeding,18,4.700000000000006,0.48031727026560683
fixed,observer_feeding,18,4.800000000000007,0.502072879831838
fixed,observer_feeding,18,4.9000000000000075,0.48919281496662
fixed,observer_feeding,18,5.000000000000007,0.47411175918594367
fixed,observer_feeding,18,5.100000000000007,0.46574939031181034
fixed,observer_feeding,18,5.200000000000006,0.4174102694308893
fixed,observer_feeding,18,5.300000000000008,0.3782082671468785
fixed,observer_feeding,18,5.4000000000000075,0.3861666553551658
fixed,observer_feeding,18,5.500000000000007,0.38936092240679215
fixed,observer_feeding,18,5.6000000000000085,0.3693310546403264
fixed,observer_feeding,18,5.700000000000008,0.3638323193033721
fixed,observer_feeding,18,5.800000000000008,0.33114766988436556
fixed,observer_feeding,18,5.9000000000000075,0.3307366100070008
fixed,observer_feeding,19,-3.0,-0.0008494613469812243
fixed,observer_feeding,19,-2.9,-0.02521288853549604
fixed,observer_feeding,19,-2.8,0.0841975317185982
fixed,observer_feeding,19,-2.6999999999999997,0.08229513500732252
fixed,observer_feeding,19,-2.5999999999999996,0.030770333632581526
fixed,observer_feeding,19,-2.4999999999999996,-0.023746559903016162
fixed,observer_feeding,19,-2.3999999999999995,-0.02651911905688161
fixed,observer_feeding,19,-2.2999999999999994,-0.17676642964750341
fixed,observer_feeding,19,-2.1999999999999993,-0.06858288303272383
fixed,observer_feeding,19,-2.099999999999999,-0.03031843795082724
fixed,observer_feeding,19,-1.9999999999999991,-0.06319495647014459
fixed,observer_feeding,19,-1.899999999999999,0.0221040655205945
fixed,observer_feeding,19,-1.799999999999999,-0.0009829721573870638
fixed,observer_feeding,19,-1.6999999999999988,0.047681821736477434
fixed,observer_feeding,19,-1.5999999999999988,0.08132537148870314
fixed,observer_feeding,19,-1.4999999999999987,0.17472400263174093
fixed,observer_feeding,19,-1.3999999999999986,0.04424751938529536
fixed,observer_feeding,19,-1.2999999999999985,0.10186392451091814
fixed,observer_feeding,19,-1.1999999999999984,0.2528048508083551
fixed,observer_feeding,19,-1.0999999999999983,0.16278628720853258
fixed,observer_feeding,19,-0.9999999999999982,0.1712207101591969
fixed,observer_feeding,19,-0.8999999999999981,0.11863634660566338
fixed,observer_feeding,19,-0.799999999999998,0.1650839284235667
fixed,observer_feeding,19,-0.699999999999998,0.22401916481284434
fixed,observer_feeding,19,-0.5999999999999979,0.2250619858780561
fixed,observer_feeding,19,-0.4999999999999978,0.1899617046240632
fixed,observer_feeding,19,-0.3999999999999977,0.12205614968608364
fixed,observer_feeding,19,-0.2999999999999976,0.16588524732369175
fixed,observer_feeding,19,-0.1999999999999975,0.20504032368347608
fixed,observer_feeding,19,-0.09999999999999742,0.24658379779992115
fixed,observer_feeding,19,2.6645352591003757e-15,0.2485431434085601
fixed,observer_feeding,19,0.10000000000000275,0.2600271563126657
fixed,observer_feeding,19,0.20000000000000284,0.17030532668948534
fixed,observer_feeding,19,0.30000000000000293,0.15745322692615382
fixed,observer_feeding,19,0.400000000000003,0.13006547951731928
fixed,observer_feeding,19,0.5000000000000031,0.15671231439289346
fixed,observer_feeding,19,0.6000000000000032,0.20894255320927785
fixed,observer_feeding,19,0.7000000000000033,0.30848712553235125
fixed,observer_feeding,19,0.8000000000000034,0.5605857866350696
fixed,observer_feeding,19,0.9000000000000035,0.8942262257618261
fixed,observer_feeding,19,1.0000000000000036,1.286582909552482
fixed,observer_feeding,19,1.1000000000000032,1.4326538544258929
fixed,observer_feeding,19,1.2000000000000037,1.6772620193904768
fixed,observer_feeding,19,1.3000000000000043,1.7471879625305928
fixed,observer_feeding,19,1.400000000000004,1.6072560114009604
fixed,observer_feeding,19,1.5000000000000036,1.7313981526456947
fixed,observer_feeding,19,1.600000000000004,1.6519235246680406
fixed,observer_feeding,19,1.7000000000000046,1.8216662126027243
fixed,observer_feeding,19,1.8000000000000043,1.7896160570870172
fixed,observer_feeding,19,1.900000000000004,1.717785039477116
fixed,observer_feeding,19,2.0000000000000044,1.5945288554884063
fixed,observer_feeding,19,2.100000000000005,1.5130987379296357
fixed,observer_feeding,19,2.2000000000000046,1.4740062445352649
fixed,observer_feeding,19,2.3000000000000043,1.3644527160133764
fixed,observer_feeding,19,2.400000000000005,1.202205894206637
fixed,observer_feeding,19,2.5000000000000053,1.1544004263765832
fixed,observer_feeding,19,2.600000000000005,1.0095811016210907
fixed,observer_feeding,19,2.7000000000000046,0.9302722027793687
fixed,observer_feeding,19,2.800000000000005,0.8646724837629862
fixed,observer_feeding,19,2.9000000000000057,0.9038941484473555
fixed,observer_feeding,19,3.0000000000000053,0.8171868001606304
fixed,observer_feeding,19,3.100000000000005,0.7779440208061023
fixed,observer_feeding,19,3.2000000000000055,0.8241296372211135
fixed,observer_feeding,19,3.300000000000006,0.8076352260947919
fixed,observer_feeding,19,3.4000000000000057,0.8761481515180347
fixed,observer_feeding,19,3.5000000000000053,0.8879053706141791
fixed,observer_feeding,19,3.600000000000006,0.8598156126764842
fixed,observer_feeding,19,3.7000000000000064,0.846932744850549
fixed,observer_feeding,19,3.800000000000006,0.9066100952426213
fixed,observer_feeding,19,3.9000000000000057,0.877050125878535
fixed,observer_feeding,19,4.000000000000006,0.8277837319056436
fixed,observer_feeding,19,4.100000000000007,0.780589623167313
fixed,observer_feeding,19,4.200000000000006,0.7578500320428551
fixed,observer_feeding,19,4.300000000000006,0.718444754754852
fixed,observer_feeding,19,4.400000000000007,0.7859830092081623
fixed,observer_feeding,19,4.500000000000007,0.7531664410881127
fixed,observer_feeding,19,4.600000000000007,0.7372054584182148
fixed,observer_feeding,19,4.700000000000006,0.6448458804400865
fixed,observer_feeding,19,4.800000000000007,0.6261306297444055
fixed,observer_feeding,19,4.9000000000000075,0.6765249414569625
fixed,observer_feeding,19,5.000000000000007,0.6974862259934351
fixed,observer_feeding,19,5.100000000000007,0.7135585489460727
fixed,observer_feeding,19,5.200000000000006,0.6673248738184674
fixed,observer_feeding,19,5.300000000000008,0.5822546191126836
fixed,observer_feeding,19,5.4000000000000075,0.6070490520621314
fixed,observer_feeding,19,5.500000000000007,0.6261284859816942
fixed,observer_feeding,19,5.6000000000000085,0.6890279600599154
fixed,observer_feeding,19,5.700000000000008,0.5847218128004111
fixed,observer_feeding,19,5.800000000000008,0.6470698258435837
fixed,observer_feeding,19,5.9000000000000075,0.6140005165848892
fixed,observer_feeding,27,-3.0,-0.010932634845889837
fixed,observer_feeding,27,-2.9,-0.08490273229887085
fixed,observer_feeding,27,-2.8,-0.13728469350468503
fixed,observer_feeding,27,-2.6999999999999997,-0.13711818154825428
fixed,observer_feeding,27,-2.5999999999999996,-0.09143243272514937
fixed,observer_feeding,27,-2.4999999999999996,-0.16087237844053157
fixed,observer_feeding,27,-2.3999999999999995,-0.06426018837419938
fixed,observer_feeding,27,-2.2999999999999994,0.11803383431226981
fixed,observer_feeding,27,-2.1999999999999993,0.18495872115649095
fixed,observer_feeding,27,-2.099999999999999,0.22198717276272706
fixed,observer_feeding,27,-1.9999999999999991,0.21408036738901304
fixed,observer_feeding,27,-1.899999999999999,0.24970404151313808
fixed,observer_feeding,27,-1.799999999999999,0.2709788109735291
fixed,observer_feeding,27,-1.6999999999999988,0.2512867910745541
fixed,observer_feeding,27,-1.5999999999999988,0.32389805497045876
fixed,observer_feeding,27,-1.4999999999999987,0.3494197397937674
fixed,observer_feeding,27,-1.3999999999999986,0.3323183543334751
fixed,observer_feeding,27,-1.2999999999999985,0.3096157649646545
fixed,observer_feeding,27,-1.1999999999999984,0.32646783713610084
fixed,observer_feeding,27,-1.0999999999999983,0.31929698482084684
fixed,observer_feeding,27,-0.9999999999999982,0.3417299129004796
fixed,observer_feeding,27,-0.8999999999999981,0.40990069202667295
fixed,observer_feeding,27,-0.799999999999998,0.43855518998217624
fixed,observer_feeding,27,-0.699999999999998,0.6195065644491707
fixed,observer_feeding,27,-0.5999999999999979,0.7001773093160402
fixed,observer_feeding,27,-0.4999999999999978,0.7312716856538377
fixed,observer_feeding,27,-0.3999999999999977,0.8229668794137804
fixed,observer_feeding,27,-0.2999999999999976,0.6642460261504053
fixed,observer_feeding,27,-0.1999999999999975,0.5518845177753008
fixed,observer_feeding,27,-0.09999999999999742,0.5645977462724627
fixed,observer_feeding,27,2.6645352591003757e-15,0.5511965055982915
fixed,observer_feeding,27,0.10000000000000275,0.4026963421938173
fixed,observer_feeding,27,0.20000000000000284,0.2708867531630427
fixed,observer_feeding,27,0.30000000000000293,0.20174103987457304
fixed,observer_feeding,27,0.400000000000003,0.21898421446585242
fixed,observer_feeding,27,0.5000000000000031,0.3072031069242471
fixed,observer_feeding,27,0.6000000000000032,0.6063396716725618
fixed,observer_feeding,27,0.7000000000000033,1.1614719077386573
fixed,observer_feeding,27,0.8000000000000034,1.764801253994237
fixed,observer_feeding,27,0.9000000000000035,2.0503267418965
fixed,observer_feeding,27,1.0000000000000036,2.0032780391170255
fixed,observer_feeding,27,1.1000000000000032,1.8450632968304619
fixed,observer_feeding,27,1.2000000000000037,1.6375100773805857
fixed,observer_feeding,27,1.3000000000000043,1.503473444951696
fixed,observer_feeding,27,1.400000000000004,1.4196109078746832
fixed,observer_feeding,27,1.5000000000000036,1.2471753499218015
fixed,observer_feeding,27,1.600000000000004,1.202158476980919
fixed,observer_feeding,27,1.7000000000000046,1.113850181178373
fixed,observer_feeding,27,1.8000000000000043,1.0427090727029948
fixed,observer_feeding,27,1.900000000000004,0.9222242688076101
fixed,observer_feeding,27,2.0000000000000044,0.8889003230619016
fixed,observer_feeding,27,2.100000000000005,0.8362724484543667
fixed,observer_feeding,27,2.2000000000000046,0.7461718147818853
fixed,observer_feeding,27,2.3000000000000043,0.6385242596862413
fixed,observer_feeding,27,2.400000000000005,0.6246069555286513
fixed,observer_feeding,27,2.5000000000000053,0.5465676511718514
fixed,observer_feeding,27,2.600000000000005,0.46750712522016946
fixed,observer_feeding,27,2.7000000000000046,0.40084707235679956
fixed,observer_feeding,27,2.800000000000005,0.4344797314126874
fixed,observer_feeding,27,2.9000000000000057,0.43617425627158185
fixed,observer_feeding,27,3.0000000000000053,0.4401376613342774
fixed,observer_feeding,27,3.100000000000005,0.344457265128527
fixed,observer_feeding,27,3.2000000000000055,0.23826113691677092
fixed,observer_feeding,27,3.300000000000006,0.1882780261583484
fixed,observer_feeding,27,3.4000000000000057,0.13931462478786086
fixed,observer_feeding,27,3.5000000000000053,0.07278867613966482
fixed,observer_feeding,27,3.600000000000006,0.034283230216245526
fixed,observer_feeding,27,3.7000000000000064,0.02495671015696403
fixed,observer_feeding,27,3.800000000000006,0.029400818036799087
fixed,observer_feeding,27,3.9000000000000057,-0.028368772648311155
fixed,observer_feeding,27,4.000000000000006,-0.072802452125657
fixed,observer_feeding,27,4.100000000000007,-0.09923793857933098
fixed,observer_feeding,27,4.200000000000006,-0.046113577327419594
fixed,observer_feeding,27,4.300000000000006,-0.006715558414319457
fixed,observer_feeding,27,4.400000000000007,-0.02956504537576545
fixed,observer_feeding,27,4.500000000000007,-0.002623082673316616
fixed,observer_feeding,27,4.600000000000007,-0.01790474471451977
fixed,observer_feeding,27,4.700000000000006,-0.027112990073888312
fixed,observer_feeding,27,4.800000000000007,-0.020683622045140206
fixed,observer_feeding,27,4.9000000000000075,-0.002870126162454202
fixed,observer_feeding,27,5.000000000000007,0.022416141109366263
fixed,observer_feeding,27,5.100000000000007,0.06691527645949606
fixed,observer_feeding,27,5.200000000000006,0.031698328654307405
fixed,observer_feeding,27,5.300000000000008,-0.022859874077466487
fixed,observer_feeding,27,5.4000000000000075,-0.008439878243283115
fixed,observer_feeding,27,5.500000000000007,-0.0671758683359542
fixed,observer_feeding,27,5.6000000000000085,-0.03331651482245292
fixed,observer_feeding,27,5.700000000000008,-0.0519776414688123
fixed,observer_feeding,27,5.800000000000008,-0.08932225574335047
fixed,observer_feeding,27,5.9000000000000075,-0.07797633380265438
fixed,observer_feeding,35,-3.0,0.35462875544312217
fixed,observer_feeding,35,-2.9,0.28851354901993953
fixed,observer_feeding,35,-2.8,0.22736408244268516
fixed,observer_feeding,35,-2.6999999999999997,0.11213516907793998
fixed,observer_feeding,35,-2.5999999999999996,0.1453185700758153
fixed,observer_feeding,35,-2.4999999999999996,0.10069619710990188
fixed,observer_feeding,35,-2.3999999999999995,0.19977649355915228
fixed,observer_feeding,35,-2.2999999999999994,0.12972916221079386
fixed,observer_feeding,35,-2.1999999999999993,0.31818265769097803
fixed,observer_feeding,35,-2.099999999999999,0.3261977170887198
fixed,observer_feeding,35,-1.9999999999999991,0.40249974985027664
fixed,observer_feeding,35,-1.899999999999999,0.1995807891859401
fixed,observer_feeding,35,-1.799999999999999,0.5915767917092337
fixed,observer_feeding,35,-1.6999999999999988,0.6268063777622319
fixed,observer_feeding,35,-1.5999999999999988,0.7596331298299476
fixed,observer_feeding,35,-1.4999999999999987,0.5303238078214861
fixed,observer_feeding,35,-1.3999999999999986,0.40980807722599266
fixed,observer_feeding,35,-1.2999999999999985,0.41745723522622924
fixed,observer_feeding,35,-1.1999999999999984,0.4873834997377605
fixed,observer_feeding,35,-1.0999999999999983,0.5463680023477868
fixed,observer_feeding,35,-0.9999999999999982,0.47440792051255953
fixed,observer_feeding,35,-0.8999999999999981,0.8816036544952015
fixed,observer_feeding,35,-0.799999999999998,0.5535442094469846
fixed,observer_feeding,35,-0.699999999999998,0.7426397866598305
fixed,observer_feeding,35,-0.5999999999999979,0.6477471566954736
fixed,observer_feeding,35,-0.4999999999999978,0.3187666510961204
fixed,observer_feeding,35,-0.3999999999999977,0.360425265015923
fixed,observer_feeding,35,-0.2999999999999976,0.38439290502404533
fixed,observer_feeding,35,-0.1999999999999975,0.3598855543745018
fixed,observer_feeding,35,-0.09999999999999742,0.5089976180432337
fixed,observer_feeding,35,2.6645352591003757e-15,0.2999118776304675
fixed,observer_feeding,35,0.10000000000000275,0.4922607503729613
fixed,observer_feeding,35,0.20000000000000284,0.37757328963281156
fixed,observer_feeding,35,0.30000000000000293,0.3567828967810366
fixed,observer_feeding,35,0.400000000000003,0.33779143317456395
fixed,observer_feeding,35,0.5000000000000031,0.06464057839733219
fixed,observer_feeding,35,0.6000000000000032,0.17478824718721075
fixed,observer_feeding,35,0.7000000000000033,0.28563700061411923
fixed,observer_feeding,35,0.8000000000000034,0.08974744235004842
fixed,observer_feeding,35,0.9000000000000035,0.5832190677524297
fixed,observer_feeding,35,1.0000000000000036,0.7079443472273736
fixed,observer_feeding,35,1.1000000000000032,0.9792504717019987
fixed,observer_feeding,35,1.2000000000000037,1.1276786164374968
fixed,observer_feeding,35,1.3000000000000043,1.16567205680636
fixed,observer_feeding,35,1.400000000000004,1.106357588576389
fixed,observer_feeding,35,1.5000000000000036,1.237425702788545
fixed,observer_feeding,35,1.600000000000004,1.0896481125958197
fixed,observer_feeding,35,1.7000000000000046,1.4283531539682273
fixed,observer_feeding,35,1.8000000000000043,1.1118931532234935
fixed,observer_feeding,35,1.900000000000004,0.8417997024647644
fixed,observer_feeding,35,2.0000000000000044,0.8612383834445771
fixed,observer_feeding,35,2.100000000000005,1.00932344219406
fixed,observer_feeding,35,2.2000000000000046,1.1403191945648017
fixed,observer_feeding,35,2.3000000000000043,0.960578355086357
fixed,observer_feeding,35,2.400000000000005,0.9320851835772902
fixed,observer_feeding,35,2.5000000000000053,0.9388679500253542
fixed,observer_feeding,35,2.600000000000005,0.757987775471745
fixed,observer_feeding,35,2.7000000000000046,0.8315983602348809
fixed,observer_feeding,35,2.800000000000005,0.956324593493327
fixed,observer_feeding,35,2.9000000000000057,0.8320901849364268
fixed,observer_feeding,35,3.0000000000000053,0.8207225108078945
fixed,observer_feeding,35,3.100000000000005,0.9476587778852542
fixed,observer_feeding,35,3.2000000000000055,0.9908558509797696
fixed,observer_feeding,35,3.300000000000006,0.9305451445973956
fixed,observer_feeding,35,3.4000000000000057,0.9307885238340653
fixed,observer_feeding,35,3.5000000000000053,0.879728449611798
fixed,observer_feeding,35,3.600000000000006,0.7165836391488855
fixed,observer_feeding,35,3.7000000000000064,0.7331953319196534
fixed,observer_feeding,35,3.800000000000006,0.7646115341087263
fixed,observer_feeding,35,3.9000000000000057,0.7358681337873058
fixed,observer_feeding,35,4.000000000000006,0.635603497801178
fixed,observer_feeding,35,4.100000000000007,0.5668160460875632
fixed,observer_feeding,35,4.200000000000006,0.6244172936081254
fixed,observer_feeding,35,4.300000000000006,0.5937735277905085
fixed,observer_feeding,35,4.400000000000007,0.399721741138715
fixed,observer_feeding,35,4.500000000000007,0.6870028747594188
fixed,observer_feeding,35,4.600000000000007,0.5280692028251609
fixed,observer_feeding,35,4.700000000000006,0.6541220882989438
fixed,observer_feeding,35,4.800000000000007,0.47930627277510135
fixed,observer_feeding,35,4.9000000000000075,0.33918892302503584
fixed,observer_feeding,35,5.000000000000007,0.3649790943493688
fixed,observer_feeding,35,5.100000000000007,0.3935689314867354
fixed,observer_feeding,35,5.200000000000006,0.295750336168694
fixed,observer_feeding,35,5.300000000000008,0.4127493439843591
fixed,observer_feeding,35,5.4000000000000075,0.41384808870969275
fixed,observer_feeding,35,5.500000000000007,0.3693492498309181
fixed,observer_feeding,35,5.6000000000000085,0.33916564914631653
fixed,observer_feeding,35,5.700000000000008,0.487923050213125
fixed,observer_feeding,35,5.800000000000008,0.4232471072327115
fixed,observer_feeding,35,5.9000000000000075,0.4002251139917975
bout_phase,dem_triggered,1,0.0,-0.0957318947967196
bout_phase,dem_triggered,1,1.0,-0.09679472923989507
bout_phase,dem_triggered,1,2.0,-0.05605103828256635
bout_phase,dem_triggered,1,3.0,-0.0128596172697022
bout_phase,dem_triggered,1,4.0,-0.08558897629202858
bout_phase,dem_triggered,1,5.0,-0.07418396941435289
bout_phase,dem_triggered,1,6.0,-0.042106692158466026
bout_phase,dem_triggered,1,7.0,-0.03198374531742678
bout_phase,dem_triggered,1,8.0,-0.02834555067368738
bout_phase,dem_triggered,1,9.0,-0.054378708256941743
bout_phase,dem_triggered,1,10.0,-0.0005593074588960985
bout_phase,dem_triggered,1,11.0,-0.003661284748887388
bout_phase,dem_triggered,1,12.0,0.11271135174006568
bout_phase,dem_triggered,1,13.0,0.1878385426768702
bout_phase,dem_triggered,1,14.0,0.1658539084173511
bout_phase,dem_triggered,1,15.0,0.2382443479589301
bout_phase,dem_triggered,1,16.0,0.17439965930372783
bout_phase,dem_triggered,1,17.0,0.03539363674335122
bout_phase,dem_triggered,1,18.0,0.1064493800329855
bout_phase,dem_triggered,1,19.0,0.22512692485373362
bout_phase,dem_triggered,1,20.0,0.22072646078875457
bout_phase,dem_triggered,1,21.0,0.2134378110181853
bout_phase,dem_triggered,1,22.0,0.17088475341407075
bout_phase,dem_triggered,1,23.0,0.16753906195810223
bout_phase,dem_triggered,1,24.0,0.31993941614612387
bout_phase,dem_triggered,1,25.0,0.3456974639410666
bout_phase,dem_triggered,1,26.0,0.28475917176846144
bout_phase,dem_triggered,1,27.0,0.2947923856719949
bout_phase,dem_triggered,1,28.0,0.21700510437229664
bout_phase,dem_triggered,1,29.0,0.22444946512030858
bout_phase,dem_triggered,1,30.0,0.20486629458856315
bout_phase,dem_triggered,1,31.0,0.1449617915826078
bout_phase,dem_triggered,1,32.0,0.16587111898443996
bout_phase,dem_triggered,1,33.0,0.1564485016520196
bout_phase,dem_triggered,1,34.0,0.22317889774607755
bout_phase,dem_triggered,1,35.0,0.2112853901084216
bout_phase,dem_triggered,1,36.0,0.1622783188851129
bout_phase,dem_triggered,1,37.0,0.21351465940551811
bout_phase,dem_triggered,1,38.0,0.2345177059249281
bout_phase,dem_triggered,1,39.0,0.15236189150332216
bout_phase,dem_triggered,1,40.0,0.24419589597409222
bout_phase,dem_triggered,1,41.0,0.2801984506780594
bout_phase,dem_triggered,1,42.0,0.217233346871561
bout_phase,dem_triggered,1,43.0,0.1946488874283547
bout_phase,dem_triggered,1,44.0,0.25175402869604463
bout_phase,dem_triggered,1,45.0,0.19877353430294628
bout_phase,dem_triggered,1,46.0,0.22031048987604537
bout_phase,dem_triggered,1,47.0,0.290306115633438
bout_phase,dem_triggered,1,48.0,0.26620155116306465
bout_phase,dem_triggered,1,49.0,0.3016851919531474
bout_phase,dem_triggered,1,50.0,0.2468624985676751
bout_phase,dem_triggered,1,51.0,0.2719425330541981
bout_phase,dem_triggered,1,52.0,0.33223961134018276
bout_phase,dem_triggered,1,53.0,0.38314757528762455
bout_phase,dem_triggered,1,54.0,0.3310070714050368
bout_phase,dem_triggered,1,55.0,0.4146957240118956
bout_phase,dem_triggered,1,56.0,0.44569542975845783
bout_phase,dem_triggered,1,57.0,0.4206099318691045
bout_phase,dem_triggered,1,58.0,0.3375555231794804
bout_phase,dem_triggered,1,59.0,0.2984308679491522
bout_phase,dem_triggered,1,60.0,0.3389199880865466
bout_phase,dem_triggered,1,61.0,0.2731578980883175
bout_phase,dem_triggered,1,62.0,0.12708728600636984
bout_phase,dem_triggered,1,63.0,0.13572086990972346
bout_phase,dem_triggered,1,64.0,0.10122326468259046
bout_phase,dem_triggered,1,65.0,0.08564228041872851
bout_phase,dem_triggered,1,66.0,-0.05084109349669764
bout_phase,dem_triggered,1,67.0,0.11964666068300585
bout_phase,dem_triggered,1,68.0,0.04448441132310414
bout_phase,dem_triggered,1,69.0,0.05032631182734169
bout_phase,dem_triggered,1,70.0,0.09677772997086573
bout_phase,dem_triggered,1,71.0,-0.06805830233773723
bout_phase,dem_triggered,1,72.0,-0.07378176953290988
bout_phase,dem_triggered,1,73.0,-0.010568980224803556
bout_phase,dem_triggered,1,74.0,-0.11172680267014698
bout_phase,dem_triggered,1,75.0,-0.15073985656799685
bout_phase,dem_triggered,1,76.0,-0.2028288822681053
bout_phase,dem_triggered,1,77.0,-0.20762643344901438
bout_phase,dem_triggered,1,78.0,-0.27736065134900934
bout_phase,dem_triggered,1,79.0,-0.1766636203984435
bout_phase,dem_triggered,1,80.0,-0.20568890515755625
bout_phase,dem_triggered,1,81.0,-0.1288382497879352
bout_phase,dem_triggered,1,82.0,-0.18517073637099418
bout_phase,dem_triggered,1,83.0,-0.225097449284886
bout_phase,dem_triggered,1,84.0,-0.21544180124298598
bout_phase,dem_triggered,1,85.0,-0.136963304852093
bout_phase,dem_triggered,1,86.0,-0.18284405505278412
bout_phase,dem_triggered,1,87.0,-0.17533252650829753
bout_phase,dem_triggered,1,88.0,-0.006323099008266554
bout_phase,dem_triggered,1,89.0,-0.19557571866575604
bout_phase,dem_triggered,1,90.0,-0.14777460751900404
bout_phase,dem_triggered,1,91.0,-0.22153467082499836
bout_phase,dem_triggered,1,92.0,-0.2359431064179941
bout_phase,dem_triggered,1,93.0,-0.31046415037021413
bout_phase,dem_triggered,1,94.0,-0.2054440886317521
bout_phase,dem_triggered,1,95.0,-0.21044956045204669
bout_phase,dem_triggered,1,96.0,-0.2000624788832858
bout_phase,dem_triggered,1,97.0,-0.17391855520074664
bout_phase,dem_triggered,1,98.0,-0.3147622240193922
bout_phase,dem_triggered,1,99.0,-0.34820748973113685
bout_phase,dem_triggered,1,100.0,-0.36748184465645906
bout_phase,dem_triggered,3,0.0,0.8156399485501593
bout_phase,dem_triggered,3,1.0,0.7665959191111672
bout_phase,dem_triggered,3,2.0,0.4826918344879571
bout_phase,dem_triggered,3,3.0,0.5917687911570922
bout_phase,dem_triggered,3,4.0,0.40756510407056157
bout_phase,dem_triggered,3,5.0,0.5200360085021732
bout_phase,dem_triggered,3,6.0,0.3379130755968332
bout_phase,dem_triggered,3,7.0,0.5303262857801195
bout_phase,dem_triggered,3,8.0,0.5822857699664437
bout_phase,dem_triggered,3,9.0,0.5829957708574498
bout_phase,dem_triggered,3,10.0,0.35680537729765477
bout_phase,dem_triggered,3,11.0,0.5868410419344632
bout_phase,dem_triggered,3,12.0,0.446862640591661
bout_phase,dem_triggered,3,13.0,0.5038606983324442
bout_phase,dem_triggered,3,14.0,0.551759779589474
bout_phase,dem_triggered,3,15.0,0.4576807230116111
bout_phase,dem_triggered,3,16.0,0.5394936931808408
bout_phase,dem_triggered,3,17.0,0.3404576479993867
bout_phase,dem_triggered,3,18.0,0.40941366258874967
bout_phase,dem_triggered,3,19.0,0.3240187715665718
bout_phase,dem_triggered,3,20.0,0.3063977267650425
bout_phase,dem_triggered,3,21.0,0.10210366434064097
bout_phase,dem_triggered,3,22.0,0.032277191093155105
bout_phase,dem_triggered,3,23.0,0.2477767311491666
bout_phase,dem_triggered,3,24.0,0.22034363945076094
bout_phase,dem_triggered,3,25.0,0.2580225058714839
bout_phase,dem_triggered,3,26.0,0.40780727970830705
bout_phase,dem_triggered,3,27.0,0.24726801137162868
bout_phase,dem_triggered,3,28.0,0.35921149871860125
bout_phase,dem_triggered,3,29.0,0.4329843270263971
bout_phase,dem_triggered,3,30.0,0.48576389975019857
bout_phase,dem_triggered,3,31.0,0.3613686718421459
bout_phase,dem_triggered,3,32.0,0.34056071229891693
bout_phase,dem_triggered,3,33.0,0.43324314669454805
bout_phase,dem_triggered,3,34.0,0.4223863582741771
bout_phase,dem_triggered,3,35.0,0.34724943894333804
bout_phase,dem_triggered,3,36.0,0.1785215692467548
bout_phase,dem_triggered,3,37.0,0.3646214415988859
bout_phase,dem_triggered,3,38.0,0.3487603525566205
bout_phase,dem_triggered,3,39.0,0.233657529176088
bout_phase,dem_triggered,3,40.0,0.2006646368386231
bout_phase,dem_triggered,3,41.0,0.3112015511241398
bout_phase,dem_triggered,3,42.0,0.07869415907057448
bout_phase,dem_triggered,3,43.0,0.26367175170941165
bout_phase,dem_triggered,3,44.0,0.06134131682423293
bout_phase,dem_triggered,3,45.0,0.0008373192408629393
bout_phase,dem_triggered,3,46.0,-0.1341391501898976
bout_phase,dem_triggered,3,47.0,0.04043319614485327
bout_phase,dem_triggered,3,48.0,0.23385909644617658
bout_phase,dem_triggered,3,49.0,0.2604917536232397
bout_phase,dem_triggered,3,50.0,0.2171044127366481
bout_phase,dem_triggered,3,51.0,-0.05963678860880221
bout_phase,dem_triggered,3,52.0,-0.01580841995788966
bout_phase,dem_triggered,3,53.0,0.019070729901171465
bout_phase,dem_triggered,3,54.0,0.19013731172690093
bout_phase,dem_triggered,3,55.0,0.26734799324994574
bout_phase,dem_triggered,3,56.0,0.199054330428758
bout_phase,dem_triggered,3,57.0,0.12922202954565482
bout_phase,dem_triggered,3,58.0,0.07266288503489356
bout_phase,dem_triggered,3,59.0,-0.008574010459287976
bout_phase,dem_triggered,3,60.0,-0.05128831079384954
bout_phase,dem_triggered,3,61.0,-0.18728210798937828
bout_phase,dem_triggered,3,62.0,-0.21803311793548055
bout_phase,dem_triggered,3,63.0,0.06986497301039005
bout_phase,dem_triggered,3,64.0,0.18061237957903348
bout_phase,dem_triggered,3,65.0,0.22395559947670168
bout_phase,dem_triggered,3,66.0,0.16118413836906137
bout_phase,dem_triggered,3,67.0,0.033681788234991246
bout_phase,dem_triggered,3,68.0,0.02782641315846467
bout_phase,dem_triggered,3,69.0,-0.0008168085211229048
bout_phase,dem_triggered,3,70.0,-0.0549982158040383
bout_phase,dem_triggered,3,71.0,-0.06047358288820487
bout_phase,dem_triggered,3,72.0,0.10095354868165227
bout_phase,dem_triggered,3,73.0,-0.07226264695587274
bout_phase,dem_triggered,3,74.0,0.0824422557941213
bout_phase,dem_triggered,3,75.0,0.09075276537231865
bout_phase,dem_triggered,3,76.0,0.09060733643223334
bout_phase,dem_triggered,3,77.0,0.019016611110713434
bout_phase,dem_triggered,3,78.0,0.05471489450666366
bout_phase,dem_triggered,3,79.0,-0.1569740554470784
bout_phase,dem_triggered,3,80.0,-0.19912711384377385
bout_phase,dem_triggered,3,81.0,0.07114525106046395
bout_phase,dem_triggered,3,82.0,0.15360084783590827
bout_phase,dem_triggered,3,83.0,0.21552691485115066
bout_phase,dem_triggered,3,84.0,0.18548268279223076
bout_phase,dem_triggered,3,85.0,0.151821499482425
bout_phase,dem_triggered,3,86.0,0.1978425343757447
bout_phase,dem_triggered,3,87.0,0.09143088554596478
bout_phase,dem_triggered,3,88.0,0.06045791745038765
bout_phase,dem_triggered,3,89.0,0.023484554881572858
bout_phase,dem_triggered,3,90.0,0.025310995353291368
bout_phase,dem_triggered,3,91.0,0.17763379007648272
bout_phase,dem_triggered,3,92.0,0.26300741917577236
bout_phase,dem_triggered,3,93.0,0.36623064533379
bout_phase,dem_triggered,3,94.0,0.41968645873635774
bout_phase,dem_triggered,3,95.0,0.5395248210028423
bout_phase,dem_triggered,3,96.0,0.5546400861503604
bout_phase,dem_triggered,3,97.0,0.6909009842446305
bout_phase,dem_triggered,3,98.0,0.9573923241130072
bout_phase,dem_triggered,3,99.0,1.039596431146767
bout_phase,dem_triggered,3,100.0,1.2677989856047758
bout_phase,dem_triggered,4,0.0,0.3565323235719536
bout_phase,dem_triggered,4,1.0,0.3019171070281355
bout_phase,dem_triggered,4,2.0,0.2882179894446923
bout_phase,dem_triggered,4,3.0,0.17988564774803542
bout_phase,dem_triggered,4,4.0,0.1876201134541451
bout_phase,dem_triggered,4,5.0,0.22409181976909234
bout_phase,dem_triggered,4,6.0,0.11475427232768308
bout_phase,dem_triggered,4,7.0,0.19456425650997744
bout_phase,dem_triggered,4,8.0,0.20085917626781427
bout_phase,dem_triggered,4,9.0,0.13003707722524036
bout_phase,dem_triggered,4,10.0,0.21002362470704186
bout_phase,dem_triggered,4,11.0,0.20682234874440267
bout_phase,dem_triggered,4,12.0,0.2218026697759542
bout_phase,dem_triggered,4,13.0,0.09299682125473697
bout_phase,dem_triggered,4,14.0,0.010046286799648549
bout_phase,dem_triggered,4,15.0,-0.04121480213738188
bout_phase,dem_triggered,4,16.0,-0.015169168380911055
bout_phase,dem_triggered,4,17.0,-0.120155243956041
bout_phase,dem_triggered,4,18.0,-0.06859770535149042
bout_phase,dem_triggered,4,19.0,0.0013604953602806928
bout_phase,dem_triggered,4,20.0,0.006971306835775968
bout_phase,dem_triggered,4,21.0,-0.046298552877827255
bout_phase,dem_triggered,4,22.0,-0.21627950043761746
bout_phase,dem_triggered,4,23.0,-0.11686744445146306
bout_phase,dem_triggered,4,24.0,-0.22826400177082204
bout_phase,dem_triggered,4,25.0,-0.2428300501898941
bout_phase,dem_triggered,4,26.0,-0.16415709191687244
bout_phase,dem_triggered,4,27.0,-0.13552803752629902
bout_phase,dem_triggered,4,28.0,-0.09273036148656622
bout_phase,dem_triggered,4,29.0,-0.05970940540299363
bout_phase,dem_triggered,4,30.0,-0.029625528831357373
bout_phase,dem_triggered,4,31.0,-0.024979499931693527
bout_phase,dem_triggered,4,32.0,0.04705474317751527
bout_phase,dem_triggered,4,33.0,0.07151833023891467
bout_phase,dem_triggered,4,34.0,0.06421269810199288
bout_phase,dem_triggered,4,35.0,0.16670520867688202
bout_phase,dem_triggered,4,36.0,0.17813577821846113
bout_phase,dem_triggered,4,37.0,0.11685431511003554
bout_phase,dem_triggered,4,38.0,0.17432623155578222
bout_phase,dem_triggered,4,39.0,0.21185394188400786
bout_phase,dem_triggered,4,40.0,0.2424951504385753
bout_phase,dem_triggered,4,41.0,0.23246667028026294
bout_phase,dem_triggered,4,42.0,0.17986554065778113
bout_phase,dem_triggered,4,43.0,0.2135658677367999
bout_phase,dem_triggered,4,44.0,0.1648273642632756
bout_phase,dem_triggered,4,45.0,0.2127885962160968
bout_phase,dem_triggered,4,46.0,0.2610415218229137
bout_phase,dem_triggered,4,47.0,0.22370185846296606
bout_phase,dem_triggered,4,48.0,0.16617116469044646
bout_phase,dem_triggered,4,49.0,0.25514764241140603
bout_phase,dem_triggered,4,50.0,0.2779139353349432
bout_phase,dem_triggered,4,51.0,0.30894646422327826
bout_phase,dem_triggered,4,52.0,0.2940774705835289
bout_phase,dem_triggered,4,53.0,0.33973943518163585
bout_phase,dem_triggered,4,54.0,0.3688708283996615
bout_phase,dem_triggered,4,55.0,0.4507827316874721
bout_phase,dem_triggered,4,56.0,0.3776776518525798
bout_phase,dem_triggered,4,57.0,0.3850808019810981
bout_phase,dem_triggered,4,58.0,0.4055619417335614
bout_phase,dem_triggered,4,59.0,0.3734774440281678
bout_phase,dem_triggered,4,60.0,0.28720818998816516
bout_phase,dem_triggered,4,61.0,0.18613531707512268
bout_phase,dem_triggered,4,62.0,0.3360322804258789
bout_phase,dem_triggered,4,63.0,0.4198876859710641
bout_phase,dem_triggered,4,64.0,0.4056619679101428
bout_phase,dem_triggered,4,65.0,0.3011024578832849
bout_phase,dem_triggered,4,66.0,0.20336555649881435
bout_phase,dem_triggered,4,67.0,0.22095064427519526
bout_phase,dem_triggered,4,68.0,0.3038335771375357
bout_phase,dem_triggered,4,69.0,0.2563826712806083
bout_phase,dem_triggered,4,70.0,0.3062332385912934
bout_phase,dem_triggered,4,71.0,0.4541847622352127
bout_phase,dem_triggered,4,72.0,0.4217966233779053
bout_phase,dem_triggered,4,73.0,0.34506514841705277
bout_phase,dem_triggered,4,74.0,0.41267911412360175
bout_phase,dem_triggered,4,75.0,0.4003255233295613
bout_phase,dem_triggered,4,76.0,0.4594881042614685
bout_phase,dem_triggered,4,77.0,0.4873972137564823
bout_phase,dem_triggered,4,78.0,0.5599801474050331
bout_phase,dem_triggered,4,79.0,0.6272284521848928
bout_phase,dem_triggered,4,80.0,0.595518992626202
bout_phase,dem_triggered,4,81.0,0.6324292408860958
bout_phase,dem_triggered,4,82.0,0.5266549825354018
bout_phase,dem_triggered,4,83.0,0.5322008920420842
bout_phase,dem_triggered,4,84.0,0.535532099325794
bout_phase,dem_triggered,4,85.0,0.4806025681447335
bout_phase,dem_triggered,4,86.0,0.4902262045711783
bout_phase,dem_triggered,4,87.0,0.40823703518122495
bout_phase,dem_triggered,4,88.0,0.2859507002882447
bout_phase,dem_triggered,4,89.0,0.3594690062302776
bout_phase,dem_triggered,4,90.0,0.48584167514195026
bout_phase,dem_triggered,4,91.0,0.48874385894117284
bout_phase,dem_triggered,4,92.0,0.5361337129566728
bout_phase,dem_triggered,4,93.0,0.48081939874452645
bout_phase,dem_triggered,4,94.0,0.41037170113794913
bout_phase,dem_triggered,4,95.0,0.5667534613802546
bout_phase,dem_triggered,4,96.0,0.6571055311961692
bout_phase,dem_triggered,4,97.0,0.6551191366331398
bout_phase,dem_triggered,4,98.0,0.9259514676202567
bout_phase,dem_triggered,4,99.0,0.7707784327772403
bout_phase,dem_triggered,4,100.0,0.7360743921536411
bout_phase,dem_triggered,5,0.0,0.06035926025296284
bout_phase,dem_triggered,5,1.0,0.11344810970108522
bout_phase,dem_triggered,5,2.0,0.18616553086026022
bout_phase,dem_triggered,5,3.0,0.08961123663366632
bout_phase,dem_triggered,5,4.0,0.13857248613062798
bout_phase,dem_triggered,5,5.0,0.197120431672313
bout_phase,dem_triggered,5,6.0,0.25373765245405033
bout_phase,dem_triggered,5,7.0,0.2943863328503436
bout_phase,dem_triggered,5,8.0,0.2940725648121235
bout_phase,dem_triggered,5,9.0,0.20121345450962178
bout_phase,dem_triggered,5,10.0,0.2457793634539157
bout_phase,dem_triggered,5,11.0,0.2397877690514407
bout_phase,dem_triggered,5,12.0,0.2823144809031236
bout_phase,dem_triggered,5,13.0,0.3955756145741652
bout_phase,dem_triggered,5,14.0,0.4447627114821584
bout_phase,dem_triggered,5,15.0,0.3589796516997523
bout_phase,dem_triggered,5,16.0,0.4269894327731883
bout_phase,dem_triggered,5,17.0,0.3205452133378304
bout_phase,dem_triggered,5,18.0,0.2481152480283772
bout_phase,dem_triggered,5,19.0,0.18422120990380908
bout_phase,dem_triggered,5,20.0,0.25101874169244204
bout_phase,dem_triggered,5,21.0,0.32418751046893024
bout_phase,dem_triggered,5,22.0,0.2791011368870938
bout_phase,dem_triggered,5,23.0,0.19053927015631994
bout_phase,dem_triggered,5,24.0,0.2308199355721256
bout_phase,dem_triggered,5,25.0,0.1411079765631619
bout_phase,dem_triggered,5,26.0,0.13789616029646018
bout_phase,dem_triggered,5,27.0,0.16095323347524454
bout_phase,dem_triggered,5,28.0,0.18792013892845372
bout_phase,dem_triggered,5,29.0,0.12049118881676388
bout_phase,dem_triggered,5,30.0,0.04752783330621881
bout_phase,dem_triggered,5,31.0,0.054380844321595206
bout_phase,dem_triggered,5,32.0,0.10832217757950054
bout_phase,dem_triggered,5,33.0,0.11825953161413624
bout_phase,dem_triggered,5,34.0,0.1809644799403401
bout_phase,dem_triggered,5,35.0,0.2206688304153624
bout_phase,dem_triggered,5,36.0,0.04244035045253306
bout_phase,dem_triggered,5,37.0,0.03146540135283327
bout_phase,dem_triggered,5,38.0,0.08851095297933868
bout_phase,dem_triggered,5,39.0,0.08274925582467943
bout_phase,dem_triggered,5,40.0,0.06636262661725623
bout_phase,dem_triggered,5,41.0,0.012705522249393201
bout_phase,dem_triggered,5,42.0,0.05004863672719764
bout_phase,dem_triggered,5,43.0,0.005948782276088659
bout_phase,dem_triggered,5,44.0,0.01107117799049806
bout_phase,dem_triggered,5,45.0,0.07069610209465951
bout_phase,dem_triggered,5,46.0,0.1286032150538982
bout_phase,dem_triggered,5,47.0,0.14221049220487825
bout_phase,dem_triggered,5,48.0,0.09236059913319286
bout_phase,dem_triggered,5,49.0,0.08554718042565558
bout_phase,dem_triggered,5,50.0,0.12816662363278322
bout_phase,dem_triggered,5,51.0,0.14161659551769176
bout_phase,dem_triggered,5,52.0,0.16406009485614795
bout_phase,dem_triggered,5,53.0,0.0038501766546899124
bout_phase,dem_triggered,5,54.0,-0.0985386008479015
bout_phase,dem_triggered,5,55.0,-0.1039114495654773
bout_phase,dem_triggered,5,56.0,-0.08633293271344197
bout_phase,dem_triggered,5,57.0,-0.013591489124485944
bout_phase,dem_triggered,5,58.0,-0.06172310142531605
bout_phase,dem_triggered,5,59.0,-0.0035472539666514345
bout_phase,dem_triggered,5,60.0,0.08856790924911508
bout_phase,dem_triggered,5,61.0,0.14191652273974287
bout_phase,dem_triggered,5,62.0,0.09906350111868811
bout_phase,dem_triggered,5,63.0,-0.012187285903338048
bout_phase,dem_triggered,5,64.0,-0.014694823684298693
bout_phase,dem_triggered,5,65.0,-0.00726555389955675
bout_phase,dem_triggered,5,66.0,-0.032956131450987566
bout_phase,dem_triggered,5,67.0,-0.06816449055137544
bout_phase,dem_triggered,5,68.0,-0.10486869065557085
bout_phase,dem_triggered,5,69.0,-0.05637459840295809
bout_phase,dem_triggered,5,70.0,0.027323145395181863
bout_phase,dem_triggered,5,71.0,0.07735531504132358
bout_phase,dem_triggered,5,72.0,0.08771483843188219
bout_phase,dem_triggered,5,73.0,0.06156028031260416
bout_phase,dem_triggered,5,74.0,0.10715391642899195
bout_phase,dem_triggered,5,75.0,0.08944664152537461
bout_phase,dem_triggered,5,76.0,0.07190452417067175
bout_phase,dem_triggered,5,77.0,-0.08180083563660097
bout_phase,dem_triggered,5,78.0,-0.12028721654125211
bout_phase,dem_triggered,5,79.0,-0.09661217026459011
bout_phase,dem_triggered,5,80.0,-0.045179618215889686
bout_phase,dem_triggered,5,81.0,-0.04726387162288292
bout_phase,dem_triggered,5,82.0,-0.03053871479495991
bout_phase,dem_triggered,5,83.0,0.013191631981804643
bout_phase,dem_triggered,5,84.0,0.001310942724071206
bout_phase,dem_triggered,5,85.0,-0.040943532965178366
bout_phase,dem_triggered,5,86.0,-0.06417473358103583
bout_phase,dem_triggered,5,87.0,-0.09533798248610087
bout_phase,dem_triggered,5,88.0,-0.11666594681993674
bout_phase,dem_triggered,5,89.0,-0.06822265966041878
bout_phase,dem_triggered,5,90.0,-0.15166743219623482
bout_phase,dem_triggered,5,91.0,-0.07700267625109856
bout_phase,dem_triggered,5,92.0,-0.03999920256358332
bout_phase,dem_triggered,5,93.0,0.061521213487651605
bout_phase,dem_triggered,5,94.0,0.14819614000360942
bout_phase,dem_triggered,5,95.0,0.09257709163780033
bout_phase,dem_triggered,5,96.0,0.06580451257169438
bout_phase,dem_triggered,5,97.0,0.12158826722919401
bout_phase,dem_triggered,5,98.0,0.38770553342552266
bout_phase,dem_triggered,5,99.0,0.573482419415123
bout_phase,dem_triggered,5,100.0,0.7747734189983664
bout_phase,dem_triggered,6,0.0,0.05198631372381949
bout_phase,dem_triggered,6,1.0,0.048815945954111574
bout_phase,dem_triggered,6,2.0,0.08852708274442056
bout_phase,dem_triggered,6,3.0,0.05330108842943929
bout_phase,dem_triggered,6,4.0,0.05084438620850969
bout_phase,dem_triggered,6,5.0,0.020294533261865127
bout_phase,dem_triggered,6,6.0,0.01569307088903228
bout_phase,dem_triggered,6,7.0,0.08995735983085751
bout_phase,dem_triggered,6,8.0,0.04747697256917899
bout_phase,dem_triggered,6,9.0,0.05869129814857184
bout_phase,dem_triggered,6,10.0,0.02591026577651863
bout_phase,dem_triggered,6,11.0,-0.029139123829952318
bout_phase,dem_triggered,6,12.0,0.0022540796703585993
bout_phase,dem_triggered,6,13.0,-0.024380409617417095
bout_phase,dem_triggered,6,14.0,-0.03742570856584664
bout_phase,dem_triggered,6,15.0,0.0004750448270213666
bout_phase,dem_triggered,6,16.0,0.032361334039693324
bout_phase,dem_triggered,6,17.0,0.04100832851949879
bout_phase,dem_triggered,6,18.0,0.06365736886370811
bout_phase,dem_triggered,6,19.0,0.09285338699595731
bout_phase,dem_triggered,6,20.0,0.0421641493468155
bout_phase,dem_triggered,6,21.0,0.004330593700688707
bout_phase,dem_triggered,6,22.0,-0.008943369971105047
bout_phase,dem_triggered,6,23.0,-0.06103348757531092
bout_phase,dem_triggered,6,24.0,-0.05906934311356727
bout_phase,dem_triggered,6,25.0,-0.043404423422662895
bout_phase,dem_triggered,6,26.0,-0.01886246048584208
bout_phase,dem_triggered,6,27.0,-0.059856074233116854
bout_phase,dem_triggered,6,28.0,-0.052956206708527465
bout_phase,dem_triggered,6,29.0,-0.11245287863322637
bout_phase,dem_triggered,6,30.0,-0.06757473705713098
bout_phase,dem_triggered,6,31.0,-0.08107428849769852
bout_phase,dem_triggered,6,32.0,-0.08651168266893094
bout_phase,dem_triggered,6,33.0,-0.1700948285526315
bout_phase,dem_triggered,6,34.0,-0.07505623075464256
bout_phase,dem_triggered,6,35.0,-0.1090089268408627
bout_phase,dem_triggered,6,36.0,-0.13327122498302083
bout_phase,dem_triggered,6,37.0,-0.16597785462947118
bout_phase,dem_triggered,6,38.0,-0.1518670288113934
bout_phase,dem_triggered,6,39.0,-0.09574735489720904
bout_phase,dem_triggered,6,40.0,-0.08807229980361093
bout_phase,dem_triggered,6,41.0,-0.03852016977244004
bout_phase,dem_triggered,6,42.0,-0.041347848184241046
bout_phase,dem_triggered,6,43.0,-0.03497594978370886
bout_phase,dem_triggered,6,44.0,-0.010773089339024135
bout_phase,dem_triggered,6,45.0,-0.016660077299324144
bout_phase,dem_triggered,6,46.0,-0.013596055662438766
bout_phase,dem_triggered,6,47.0,0.008669712839326925
bout_phase,dem_triggered,6,48.0,0.009693379454901827
bout_phase,dem_triggered,6,49.0,-0.035252595285766616
bout_phase,dem_triggered,6,50.0,-0.015178254644364782
bout_phase,dem_triggered,6,51.0,-0.025275393098026986
bout_phase,dem_triggered,6,52.0,0.02254492973626811
bout_phase,dem_triggered,6,53.0,0.01942458982422875
bout_phase,dem_triggered,6,54.0,-0.010026669559521832
bout_phase,dem_triggered,6,55.0,-0.03032687257510874
bout_phase,dem_triggered,6,56.0,-0.028274070258344546
bout_phase,dem_triggered,6,57.0,0.014434948239468014
bout_phase,dem_triggered,6,58.0,0.0834229500291184
bout_phase,dem_triggered,6,59.0,0.0754725435232072
bout_phase,dem_triggered,6,60.0,0.1348896009201378
bout_phase,dem_triggered,6,61.0,0.055119983540145454
bout_phase,dem_triggered,6,62.0,0.05166183478333046
bout_phase,dem_triggered,6,63.0,0.0883643219643102
bout_phase,dem_triggered,6,64.0,0.03323473323851118
bout_phase,dem_triggered,6,65.0,0.06871192899424645
bout_phase,dem_triggered,6,66.0,0.1041142555749252
bout_phase,dem_triggered,6,67.0,0.0461210914078614
bout_phase,dem_triggered,6,68.0,0.05072494661023684
bout_phase,dem_triggered,6,69.0,0.0602677924369421
bout_phase,dem_triggered,6,70.0,0.09909313690299346
bout_phase,dem_triggered,6,71.0,0.10541273997535607
bout_phase,dem_triggered,6,72.0,0.12311342021579043
bout_phase,dem_triggered,6,73.0,0.10563136447047657
bout_phase,dem_triggered,6,74.0,0.11865323704471156
bout_phase,dem_triggered,6,75.0,0.11746472933264973
bout_phase,dem_triggered,6,76.0,0.1216180509690918
bout_phase,dem_triggered,6,77.0,0.13246378982099433
bout_phase,dem_triggered,6,78.0,0.14896470018081126
bout_phase,dem_triggered,6,79.0,0.13469951216264328
bout_phase,dem_triggered,6,80.0,0.1863829353329117
bout_phase,dem_triggered,6,81.0,0.15912543074020893
bout_phase,dem_triggered,6,82.0,0.17931616743193404
bout_phase,dem_triggered,6,83.0,0.24315968254058648
bout_phase,dem_triggered,6,84.0,0.2462882903492824
bout_phase,dem_triggered,6,85.0,0.23958305121565338
bout_phase,dem_triggered,6,86.0,0.20804033825545457
bout_phase,dem_triggered,6,87.0,0.1416200013302544
bout_phase,dem_triggered,6,88.0,0.21022018781634771
bout_phase,dem_triggered,6,89.0,0.1743417159163187
bout_phase,dem_triggered,6,90.0,0.20605623785750288
bout_phase,dem_triggered,6,91.0,0.19831548867479754
bout_phase,dem_triggered,6,92.0,0.27659787008872383
bout_phase,dem_triggered,6,93.0,0.2795723681769599
bout_phase,dem_triggered,6,94.0,0.3331407094687651
bout_phase,dem_triggered,6,95.0,0.3502168977809549
bout_phase,dem_triggered,6,96.0,0.349201652393212
bout_phase,dem_triggered,6,97.0,0.3368238444582837
bout_phase,dem_triggered,6,98.0,0.3765697138018392
bout_phase,dem_triggered,6,99.0,0.4160867904823388
bout_phase,dem_triggered,6,100.0,0.5312716878691511
bout_phase,dem_triggered,18,0.0,0.7496961000009853
bout_phase,dem_triggered,18,1.0,0.740484975493985
bout_phase,dem_triggered,18,2.0,0.7083513085514016
bout_phase,dem_triggered,18,3.0,0.6425734057377549
bout_phase,dem_triggered,18,4.0,0.6914071187264653
bout_phase,dem_triggered,18,5.0,0.750850987647559
bout_phase,dem_triggered,18,6.0,0.7764178156829055
bout_phase,dem_triggered,18,7.0,0.7468203916471762
bout_phase,dem_triggered,18,8.0,0.7873599781688866
bout_phase,dem_triggered,18,9.0,0.7332331598317956
bout_phase,dem_triggered,18,10.0,0.7755385682147522
bout_phase,dem_triggered,18,11.0,0.7859819097246511
bout_phase,dem_triggered,18,12.0,0.7716308573406531
bout_phase,dem_triggered,18,13.0,0.829853654521674
bout_phase,dem_triggered,18,14.0,0.8057558931972338
bout_phase,dem_triggered,18,15.0,0.8073092752560945
bout_phase,dem_triggered,18,16.0,0.8126630433197106
bout_phase,dem_triggered,18,17.0,0.8121552645581768
bout_phase,dem_triggered,18,18.0,0.7651539692111401
bout_phase,dem_triggered,18,19.0,0.7553093022662484
bout_phase,dem_triggered,18,20.0,0.7038812779931249
bout_phase,dem_triggered,18,21.0,0.7782630267021159
bout_phase,dem_triggered,18,22.0,0.7415077129948838
bout_phase,dem_triggered,18,23.0,0.7242090297270989
bout_phase,dem_triggered,18,24.0,0.6461796878970997
bout_phase,dem_triggered,18,25.0,0.6754557170502199
bout_phase,dem_triggered,18,26.0,0.7279452956225083
bout_phase,dem_triggered,18,27.0,0.7812724970541943
bout_phase,dem_triggered,18,28.0,0.7566578928549824
bout_phase,dem_triggered,18,29.0,0.7113812695676175
bout_phase,dem_triggered,18,30.0,0.6952946650580017
bout_phase,dem_triggered,18,31.0,0.7747589198251935
bout_phase,dem_triggered,18,32.0,0.8205417664487431
bout_phase,dem_triggered,18,33.0,0.8360917398444492
bout_phase,dem_triggered,18,34.0,0.8625151817005927
bout_phase,dem_triggered,18,35.0,0.826383460091973
bout_phase,dem_triggered,18,36.0,0.8309894683963134
bout_phase,dem_triggered,18,37.0,0.8618693204808412
bout_phase,dem_triggered,18,38.0,0.8863937867090881
bout_phase,dem_triggered,18,39.0,0.8635698427667508
bout_phase,dem_triggered,18,40.0,0.8705336369634871
bout_phase,dem_triggered,18,41.0,0.8724404361683733
bout_phase,dem_triggered,18,42.0,0.7922852573631038
bout_phase,dem_triggered,18,43.0,0.7592871575695203
bout_phase,dem_triggered,18,44.0,0.743359738437529
bout_phase,dem_triggered,18,45.0,0.7432574406399316
bout_phase,dem_triggered,18,46.0,0.8365822527418436
bout_phase,dem_triggered,18,47.0,0.9174573786823508
bout_phase,dem_triggered,18,48.0,0.8967043761699155
bout_phase,dem_triggered,18,49.0,0.9329414012657286
bout_phase,dem_triggered,18,50.0,0.9066622019050344
bout_phase,dem_triggered,18,51.0,0.8544658468225113
bout_phase,dem_triggered,18,52.0,0.8380487517755797
bout_phase,dem_triggered,18,53.0,0.870234829890089
bout_phase,dem_triggered,18,54.0,0.8981344753921772
bout_phase,dem_triggered,18,55.0,0.8938379294756773
bout_phase,dem_triggered,18,56.0,0.8888884075017514
bout_phase,dem_triggered,18,57.0,0.8764676877474441
bout_phase,dem_triggered,18,58.0,0.8887143672740353
bout_phase,dem_triggered,18,59.0,0.8117956005778807
bout_phase,dem_triggered,18,60.0,0.8260449728129953
bout_phase,dem_triggered,18,61.0,0.7949680764631805
bout_phase,dem_triggered,18,62.0,0.7953639242222958
bout_phase,dem_triggered,18,63.0,0.7973191736001201
bout_phase,dem_triggered,18,64.0,0.8024284436419632
bout_phase,dem_triggered,18,65.0,0.7459290974037265
bout_phase,dem_triggered,18,66.0,0.7126287196936802
bout_phase,dem_triggered,18,67.0,0.6780060597979329
bout_phase,dem_triggered,18,68.0,0.5934142513634252
bout_phase,dem_triggered,18,69.0,0.6136298319059441
bout_phase,dem_triggered,18,70.0,0.5700497516350688
bout_phase,dem_triggered,18,71.0,0.5686132164975509
bout_phase,dem_triggered,18,72.0,0.5282061706458994
bout_phase,dem_triggered,18,73.0,0.5504776131683753
bout_phase,dem_triggered,18,74.0,0.5062080753297953
bout_phase,dem_triggered,18,75.0,0.44222473482545616
bout_phase,dem_triggered,18,76.0,0.4227382153141225
bout_phase,dem_triggered,18,77.0,0.35495599729439775
bout_phase,dem_triggered,18,78.0,0.40880549757936074
bout_phase,dem_triggered,18,79.0,0.38244366370606764
bout_phase,dem_triggered,18,80.0,0.35526279262213634
bout_phase,dem_triggered,18,81.0,0.3032184161581368
bout_phase,dem_triggered,18,82.0,0.3103331708988941
bout_phase,dem_triggered,18,83.0,0.3221665919868842
bout_phase,dem_triggered,18,84.0,0.3373795511224624
bout_phase,dem_triggered,18,85.0,0.32249658738613296
bout_phase,dem_triggered,18,86.0,0.398900827404327
bout_phase,dem_triggered,18,87.0,0.42169065927688176
bout_phase,dem_triggered,18,88.0,0.5188200589782754
bout_phase,dem_triggered,18,89.0,0.5645018708884983
bout_phase,dem_triggered,18,90.0,0.5792056432299649
bout_phase,dem_triggered,18,91.0,0.5331996449142701
bout_phase,dem_triggered,18,92.0,0.510209650505319
bout_phase,dem_triggered,18,93.0,0.5423750730697251
bout_phase,dem_triggered,18,94.0,0.5361838520832455
bout_phase,dem_triggered,18,95.0,0.5075822439431399
bout_phase,dem_triggered,18,96.0,0.5340108598899689
bout_phase,dem_triggered,18,97.0,0.5501775852833323
bout_phase,dem_triggered,18,98.0,0.4402165257000334
bout_phase,dem_triggered,18,99.0,0.3284322330012407
bout_phase,dem_triggered,18,100.0,0.24103101703853289
bout_phase,dem_triggered,19,0.0,0.2783633021836773
bout_phase,dem_triggered,19,1.0,0.2811506003403714
bout_phase,dem_triggered,19,2.0,0.34219862986122235
bout_phase,dem_triggered,19,3.0,0.1661863770581482
bout_phase,dem_triggered,19,4.0,0.23622395832025053
bout_phase,dem_triggered,19,5.0,0.19470826155954712
bout_phase,dem_triggered,19,6.0,0.1716322428262414
bout_phase,dem_triggered,19,7.0,0.13842100871975435
bout_phase,dem_triggered,19,8.0,0.009657190350881278
bout_phase,dem_triggered,19,9.0,0.17109348711016487
bout_phase,dem_triggered,19,10.0,0.21390857507475225
bout_phase,dem_triggered,19,11.0,0.31641160710290267
bout_phase,dem_triggered,19,12.0,0.3505687087077838
bout_phase,dem_triggered,19,13.0,0.3120460969178581
bout_phase,dem_triggered,19,14.0,0.361578707984753
bout_phase,dem_triggered,19,15.0,0.4689889384427456
bout_phase,dem_triggered,19,16.0,0.22527946133987886
bout_phase,dem_triggered,19,17.0,0.19914086307081608
bout_phase,dem_triggered,19,18.0,0.1754254134278514
bout_phase,dem_triggered,19,19.0,0.27502769234592556
bout_phase,dem_triggered,19,20.0,0.3483203040535577
bout_phase,dem_triggered,19,21.0,0.3405152548372955
bout_phase,dem_triggered,19,22.0,0.37829727041389943
bout_phase,dem_triggered,19,23.0,0.42809445625255715
bout_phase,dem_triggered,19,24.0,0.48750147400904625
bout_phase,dem_triggered,19,25.0,0.4911739479015296
bout_phase,dem_triggered,19,26.0,0.30867289937493836
bout_phase,dem_triggered,19,27.0,0.45600259616494276
bout_phase,dem_triggered,19,28.0,0.3302177873528173
bout_phase,dem_triggered,19,29.0,0.3713292715818153
bout_phase,dem_triggered,19,30.0,0.3803639418678979
bout_phase,dem_triggered,19,31.0,0.2868528266276374
bout_phase,dem_triggered,19,32.0,0.16103658467891044
bout_phase,dem_triggered,19,33.0,0.38469679805240303
bout_phase,dem_triggered,19,34.0,0.30274724888141713
bout_phase,dem_triggered,19,35.0,0.21504756476549158
bout_phase,dem_triggered,19,36.0,0.25665389187009496
bout_phase,dem_triggered,19,37.0,0.22013953316840015
bout_phase,dem_triggered,19,38.0,0.14744266728652844
bout_phase,dem_triggered,19,39.0,0.2513582411367554
bout_phase,dem_triggered,19,40.0,0.25848622297985696
bout_phase,dem_triggered,19,41.0,0.23849901690866343
bout_phase,dem_triggered,19,42.0,0.19888181894978235
bout_phase,dem_triggered,19,43.0,0.1784110699928318
bout_phase,dem_triggered,19,44.0,0.139427933184403
bout_phase,dem_triggered,19,45.0,0.2665793893910155
bout_phase,dem_triggered,19,46.0,0.2609159205498995
bout_phase,dem_triggered,19,47.0,0.2546783486136953
bout_phase,dem_triggered,19,48.0,0.2847790125757034
bout_phase,dem_triggered,19,49.0,0.3341708776593081
bout_phase,dem_triggered,19,50.0,0.2748903211471868
bout_phase,dem_triggered,19,51.0,0.314287567518565
bout_phase,dem_triggered,19,52.0,0.3852861412260139
bout_phase,dem_triggered,19,53.0,0.31815206217885933
bout_phase,dem_triggered,19,54.0,0.3411641389673534
bout_phase,dem_triggered,19,55.0,0.43480846767223646
bout_phase,dem_triggered,19,56.0,0.37936993687533227
bout_phase,dem_triggered,19,57.0,0.27538123567931794
bout_phase,dem_triggered,19,58.0,0.2488731400512737
bout_phase,dem_triggered,19,59.0,0.3583507343700077
bout_phase,dem_triggered,19,60.0,0.3545378038252565
bout_phase,dem_triggered,19,61.0,0.24247087752947105
bout_phase,dem_triggered,19,62.0,0.2907435062075269
bout_phase,dem_triggered,19,63.0,0.24363049195937364
bout_phase,dem_triggered,19,64.0,0.2680870302655927
bout_phase,dem_triggered,19,65.0,0.20426411044038806
bout_phase,dem_triggered,19,66.0,0.11251963702807519
bout_phase,dem_triggered,19,67.0,0.14076120368564787
bout_phase,dem_triggered,19,68.0,0.10340869148276599
bout_phase,dem_triggered,19,69.0,0.09776586159313394
bout_phase,dem_triggered,19,70.0,0.12728777610245923
bout_phase,dem_triggered,19,71.0,0.10252965732730421
bout_phase,dem_triggered,19,72.0,0.13392944821922576
bout_phase,dem_triggered,19,73.0,-0.005872389840252207
bout_phase,dem_triggered,19,74.0,0.015905401979098066
bout_phase,dem_triggered,19,75.0,0.04261624467847277
bout_phase,dem_triggered,19,76.0,-0.14576594933917653
bout_phase,dem_triggered,19,77.0,-0.16316657971440915
bout_phase,dem_triggered,19,78.0,-0.10857220824448202
bout_phase,dem_triggered,19,79.0,-0.16617954380139033
bout_phase,dem_triggered,19,80.0,0.0019730115055405853
bout_phase,dem_triggered,19,81.0,0.07087419612726895
bout_phase,dem_triggered,19,82.0,0.0024486587830258727
bout_phase,dem_triggered,19,83.0,-0.003419301325860352
bout_phase,dem_triggered,19,84.0,0.0094467101548662
bout_phase,dem_triggered,19,85.0,0.009026157623100661
bout_phase,dem_triggered,19,86.0,-0.03885838498638243
bout_phase,dem_triggered,19,87.0,0.0733215545285262
bout_phase,dem_triggered,19,88.0,-0.0009204115509247324
bout_phase,dem_triggered,19,89.0,0.07975471834718784
bout_phase,dem_triggered,19,90.0,-0.09876389664439955
bout_phase,dem_triggered,19,91.0,-0.11484576872823242
bout_phase,dem_triggered,19,92.0,-0.10831933846258325
bout_phase,dem_triggered,19,93.0,-0.09734658100062857
bout_phase,dem_triggered,19,94.0,-0.13437047059797008
bout_phase,dem_triggered,19,95.0,-0.2223909731512569
bout_phase,dem_triggered,19,96.0,-0.09260273875453563
bout_phase,dem_triggered,19,97.0,-0.03156875454611969
bout_phase,dem_triggered,19,98.0,-0.13859430851959265
bout_phase,dem_triggered,19,99.0,-0.15319197085545577
bout_phase,dem_triggered,19,100.0,-0.19494114366601759
bout_phase,dem_triggered,27,0.0,0.16269646826309106
bout_phase,dem_triggered,27,1.0,0.17734966867400595
bout_phase,dem_triggered,27,2.0,0.06800230797568173
bout_phase,dem_triggered,27,3.0,0.07799819017230165
bout_phase,dem_triggered,27,4.0,0.08947149331468754
bout_phase,dem_triggered,27,5.0,0.19535774273487166
bout_phase,dem_triggered,27,6.0,0.17880222267423931
bout_phase,dem_triggered,27,7.0,0.2722590317254011
bout_phase,dem_triggered,27,8.0,0.41942302778048923
bout_phase,dem_triggered,27,9.0,0.16179755350853386
bout_phase,dem_triggered,27,10.0,0.14643197758710802
bout_phase,dem_triggered,27,11.0,0.3837166378494836
bout_phase,dem_triggered,27,12.0,0.291458830137582
bout_phase,dem_triggered,27,13.0,0.18773219623694593
bout_phase,dem_triggered,27,14.0,0.13951668064145772
bout_phase,dem_triggered,27,15.0,0.22669570626955599
bout_phase,dem_triggered,27,16.0,0.34609114916285105
bout_phase,dem_triggered,27,17.0,0.23124871237164185
bout_phase,dem_triggered,27,18.0,0.09483419974649145
bout_phase,dem_triggered,27,19.0,0.310508732859332
bout_phase,dem_triggered,27,20.0,0.15605963028629827
bout_phase,dem_triggered,27,21.0,0.19584725157343158
bout_phase,dem_triggered,27,22.0,0.15017664311145923
bout_phase,dem_triggered,27,23.0,0.172726337577126
bout_phase,dem_triggered,27,24.0,0.09896157143958623
bout_phase,dem_triggered,27,25.0,0.13884547992181692
bout_phase,dem_triggered,27,26.0,0.13149778271693346
bout_phase,dem_triggered,27,27.0,0.1146922607780116
bout_phase,dem_triggered,27,28.0,0.023359066395436164
bout_phase,dem_triggered,27,29.0,0.11960753209398949
bout_phase,dem_triggered,27,30.0,0.2602503677323888
bout_phase,dem_triggered,27,31.0,0.09353408044529159
bout_phase,dem_triggered,27,32.0,0.14163068762195832
bout_phase,dem_triggered,27,33.0,0.1183409138788574
bout_phase,dem_triggered,27,34.0,0.0782507197885734
bout_phase,dem_triggered,27,35.0,0.17323904348542285
bout_phase,dem_triggered,27,36.0,0.09099673136176975
bout_phase,dem_triggered,27,37.0,0.2585751960415386
bout_phase,dem_triggered,27,38.0,0.2024531617064374
bout_phase,dem_triggered,27,39.0,0.04575395070436265
bout_phase,dem_triggered,27,40.0,0.06641360723725068
bout_phase,dem_triggered,27,41.0,0.12235796723372633
bout_phase,dem_triggered,27,42.0,0.14010332887521054
bout_phase,dem_triggered,27,43.0,0.20733660493788014
bout_phase,dem_triggered,27,44.0,0.09051629123138016
bout_phase,dem_triggered,27,45.0,0.0957394515634901
bout_phase,dem_triggered,27,46.0,0.050412952265205424
bout_phase,dem_triggered,27,47.0,-0.00998012950555672
bout_phase,dem_triggered,27,48.0,0.12320680596399253
bout_phase,dem_triggered,27,49.0,0.1215313734310973
bout_phase,dem_triggered,27,50.0,0.13581856720126156
bout_phase,dem_triggered,27,51.0,0.25645908375780035
bout_phase,dem_triggered,27,52.0,0.11553546379427285
bout_phase,dem_triggered,27,53.0,0.1393493448738424
bout_phase,dem_triggered,27,54.0,0.06068563469033481
bout_phase,dem_triggered,27,55.0,0.04983115166511782
bout_phase,dem_triggered,27,56.0,0.06409591087112343
bout_phase,dem_triggered,27,57.0,0.12254017056396584
bout_phase,dem_triggered,27,58.0,0.2621270771794881
bout_phase,dem_triggered,27,59.0,0.20774489751158945
bout_phase,dem_triggered,27,60.0,0.20138373510982843
bout_phase,dem_triggered,27,61.0,0.03947463957543772
bout_phase,dem_triggered,27,62.0,0.057822731173881294
bout_phase,dem_triggered,27,63.0,0.16322703188039872
bout_phase,dem_triggered,27,64.0,0.050781884029891804
bout_phase,dem_triggered,27,65.0,0.0279771478973195
bout_phase,dem_triggered,27,66.0,0.0742903317244757
bout_phase,dem_triggered,27,67.0,0.1769423066346635
bout_phase,dem_triggered,27,68.0,0.34687629028725414
bout_phase,dem_triggered,27,69.0,0.31597054956384896
bout_phase,dem_triggered,27,70.0,0.38304525970730313
bout_phase,dem_triggered,27,71.0,0.2742689055713865
bout_phase,dem_triggered,27,72.0,0.3575361342846481
bout_phase,dem_triggered,27,73.0,0.48294656859151797
bout_phase,dem_triggered,27,74.0,0.4485480352953867
bout_phase,dem_triggered,27,75.0,0.49392455854606065
bout_phase,dem_triggered,27,76.0,0.42432789251893965
bout_phase,dem_triggered,27,77.0,0.3533636742831393
bout_phase,dem_triggered,27,78.0,0.470191249967407
bout_phase,dem_triggered,27,79.0,0.5365549403716635
bout_phase,dem_triggered,27,80.0,0.5089097624800811
bout_phase,dem_triggered,27,81.0,0.5532571565256665
bout_phase,dem_triggered,27,82.0,0.5234104569053797
bout_phase,dem_triggered,27,83.0,0.4716189136146225
bout_phase,dem_triggered,27,84.0,0.36633014099045197
bout_phase,dem_triggered,27,85.0,0.34291911122351215
bout_phase,dem_triggered,27,86.0,0.4013462970960705
bout_phase,dem_triggered,27,87.0,0.49110167173025754
bout_phase,dem_triggered,27,88.0,0.579766657169625
bout_phase,dem_triggered,27,89.0,0.6245825821812988
bout_phase,dem_triggered,27,90.0,0.5777288367456822
bout_phase,dem_triggered,27,91.0,0.5759588399508226
bout_phase,dem_triggered,27,92.0,0.529364521535347
bout_phase,dem_triggered,27,93.0,0.5297534712336731
bout_phase,dem_triggered,27,94.0,0.5147753313193199
bout_phase,dem_triggered,27,95.0,0.7064089141433099
bout_phase,dem_triggered,27,96.0,0.6767294185304825
bout_phase,dem_triggered,27,97.0,0.7477059258268174
bout_phase,dem_triggered,27,98.0,0.9090148220599573
bout_phase,dem_triggered,27,99.0,1.0118476554558862
bout_phase,dem_triggered,27,100.0,0.8518288430068393
bout_phase,dem_triggered,35,0.0,0.6814493324543791
bout_phase,dem_triggered,35,1.0,0.7894081861365334
bout_phase,dem_triggered,35,2.0,0.7697017141291796
bout_phase,dem_triggered,35,3.0,0.643570327993849
bout_phase,dem_triggered,35,4.0,0.7493111105932273
bout_phase,dem_triggered,35,5.0,0.7111722240216454
bout_phase,dem_triggered,35,6.0,0.376813631946645
bout_phase,dem_triggered,35,7.0,0.5796975234583699
bout_phase,dem_triggered,35,8.0,0.639073844942917
bout_phase,dem_triggered,35,9.0,0.3912334068805191
bout_phase,dem_triggered,35,10.0,0.5154466041987077
bout_phase,dem_triggered,35,11.0,0.3788296069891728
bout_phase,dem_triggered,35,12.0,0.32449869673309656
bout_phase,dem_triggered,35,13.0,0.4337486922229107
bout_phase,dem_triggered,35,14.0,0.3980276049882121
bout_phase,dem_triggered,35,15.0,0.34914238571823497
bout_phase,dem_triggered,35,16.0,0.506986324319094
bout_phase,dem_triggered,35,17.0,0.29291878858993947
bout_phase,dem_triggered,35,18.0,0.43100018892350644
bout_phase,dem_triggered,35,19.0,0.15801080231970566
bout_phase,dem_triggered,35,20.0,0.4139352132150605
bout_phase,dem_triggered,35,21.0,0.41380265668007193
bout_phase,dem_triggered,35,22.0,0.20577302484997065
bout_phase,dem_triggered,35,23.0,0.37379572930937516
bout_phase,dem_triggered,35,24.0,0.37181159606141045
bout_phase,dem_triggered,35,25.0,0.44961543407869314
bout_phase,dem_triggered,35,26.0,0.46089607210314654
bout_phase,dem_triggered,35,27.0,0.6082028843093295
bout_phase,dem_triggered,35,28.0,0.7621449947485532
bout_phase,dem_triggered,35,29.0,0.65523381916426
bout_phase,dem_triggered,35,30.0,0.7346686503110336
bout_phase,dem_triggered,35,31.0,0.5289355775946605
bout_phase,dem_triggered,35,32.0,0.543023794182751
bout_phase,dem_triggered,35,33.0,0.5406629587201387
bout_phase,dem_triggered,35,34.0,0.3162973882858792
bout_phase,dem_triggered,35,35.0,0.4457512818772965
bout_phase,dem_triggered,35,36.0,0.42303859630683743
bout_phase,dem_triggered,35,37.0,0.2744024071787074
bout_phase,dem_triggered,35,38.0,0.41588050000425436
bout_phase,dem_triggered,35,39.0,0.3591515298476861
bout_phase,dem_triggered,35,40.0,0.29380401165711356
bout_phase,dem_triggered,35,41.0,0.3686439078866804
bout_phase,dem_triggered,35,42.0,0.550457912324079
bout_phase,dem_triggered,35,43.0,0.6273641609762113
bout_phase,dem_triggered,35,44.0,0.28412902771335835
bout_phase,dem_triggered,35,45.0,0.4693315709203559
bout_phase,dem_triggered,35,46.0,0.40606270994988525
bout_phase,dem_triggered,35,47.0,0.46116957639734785
bout_phase,dem_triggered,35,48.0,0.3824326129545015
bout_phase,dem_triggered,35,49.0,0.26830250327621596
bout_phase,dem_triggered,35,50.0,0.371375502329223
bout_phase,dem_triggered,35,51.0,0.44635781996028645
bout_phase,dem_triggered,35,52.0,0.6257647446057112
bout_phase,dem_triggered,35,53.0,0.5029934869171939
bout_phase,dem_triggered,35,54.0,0.30185744397066433
bout_phase,dem_triggered,35,55.0,0.3630602120179896
bout_phase,dem_triggered,35,56.0,0.26934556634172085
bout_phase,dem_triggered,35,57.0,0.30524712204571763
bout_phase,dem_triggered,35,58.0,0.4759762879080009
bout_phase,dem_triggered,35,59.0,0.24792542436867132
bout_phase,dem_triggered,35,60.0,0.03288281476241236
bout_phase,dem_triggered,35,61.0,0.14189750081899846
bout_phase,dem_triggered,35,62.0,0.02366537849223515
bout_phase,dem_triggered,35,63.0,-0.1314859558100338
bout_phase,dem_triggered,35,64.0,0.039909639494083465
bout_phase,dem_triggered,35,65.0,-0.07449069366275986
bout_phase,dem_triggered,35,66.0,0.1291263314204112
bout_phase,dem_triggered,35,67.0,0.23855519130968156
bout_phase,dem_triggered,35,68.0,0.23678402464709883
bout_phase,dem_triggered,35,69.0,-0.014517744888009906
bout_phase,dem_triggered,35,70.0,-0.1504488933827006
bout_phase,dem_triggered,35,71.0,-0.038205744207690365
bout_phase,dem_triggered,35,72.0,-0.2893382713129056
bout_phase,dem_triggered,35,73.0,0.09756934800791736
bout_phase,dem_triggered,35,74.0,-0.0814648936455658
bout_phase,dem_triggered,35,75.0,-0.17612193176560334
bout_phase,dem_triggered,35,76.0,0.010346365000244143
bout_phase,dem_triggered,35,77.0,-0.060784477060274546
bout_phase,dem_triggered,35,78.0,-0.005887629674630899
bout_phase,dem_triggered,35,79.0,0.08457629526638558
bout_phase,dem_triggered,35,80.0,0.10346977956767861
bout_phase,dem_triggered,35,81.0,0.19090029838120975
bout_phase,dem_triggered,35,82.0,0.04662969140607653
bout_phase,dem_triggered,35,83.0,0.26232100400748004
bout_phase,dem_triggered,35,84.0,0.43960933998667395
bout_phase,dem_triggered,35,85.0,0.3411818917780697
bout_phase,dem_triggered,35,86.0,0.39830251060473726
bout_phase,dem_triggered,35,87.0,0.24381042328145436
bout_phase,dem_triggered,35,88.0,0.45264019840097314
bout_phase,dem_triggered,35,89.0,0.5356254825701445
bout_phase,dem_triggered,35,90.0,0.30890161523532056
bout_phase,dem_triggered,35,91.0,0.47653157118122624
bout_phase,dem_triggered,35,92.0,0.5421138176674991
bout_phase,dem_triggered,35,93.0,0.36398504579995944
bout_phase,dem_triggered,35,94.0,0.5864349437468754
bout_phase,dem_triggered,35,95.0,0.6996237720856208
bout_phase,dem_triggered,35,96.0,0.6321754228938826
bout_phase,dem_triggered,35,97.0,0.6278943104342062
bout_phase,dem_triggered,35,98.0,0.4211053258534336
bout_phase,dem_triggered,35,99.0,0.5143040675291667
bout_phase,dem_triggered,35,100.0,0.43244814072802945
bout_phase,dem_untriggered,1,0.0,0.22570967903055697
bout_phase,dem_untriggered,1,1.0,0.22510790561141997
bout_phase,dem_untriggered,1,2.0,0.18559496528839636
bout_phase,dem_untriggered,1,3.0,0.18791000063112223
bout_phase,dem_untriggered,1,4.0,0.16148947630524263
bout_phase,dem_untriggered,1,5.0,0.17229225104228924
bout_phase,dem_untriggered,1,6.0,0.1019366883356467
bout_phase,dem_untriggered,1,7.0,0.0815984937897698
bout_phase,dem_untriggered,1,8.0,0.06233309013710522
bout_phase,dem_untriggered,1,9.0,0.019466800148208875
bout_phase,dem_untriggered,1,10.0,0.03949513786113738
bout_phase,dem_untriggered,1,11.0,0.12603451831612428
bout_phase,dem_untriggered,1,12.0,0.1530619153946267
bout_phase,dem_untriggered,1,13.0,0.07760996351367919
bout_phase,dem_untriggered,1,14.0,0.16766030794762762
bout_phase,dem_untriggered,1,15.0,0.1244290466953774
bout_phase,dem_untriggered,1,16.0,0.10256307750599913
bout_phase,dem_untriggered,1,17.0,0.14375822024731047
bout_phase,dem_untriggered,1,18.0,0.12116237554241786
bout_phase,dem_untriggered,1,19.0,0.06821268895419584
bout_phase,dem_untriggered,1,20.0,0.110137462822627
bout_phase,dem_untriggered,1,21.0,0.09859666774895375
bout_phase,dem_untriggered,1,22.0,0.1264556052860434
bout_phase,dem_untriggered,1,23.0,0.11868457051069732
bout_phase,dem_untriggered,1,24.0,0.13126330233920125
bout_phase,dem_untriggered,1,25.0,0.18542838270113698
bout_phase,dem_untriggered,1,26.0,0.15913110670627467
bout_phase,dem_untriggered,1,27.0,0.23395092279788493
bout_phase,dem_untriggered,1,28.0,0.1956571469805452
bout_phase,dem_untriggered,1,29.0,0.23068646471084805
bout_phase,dem_untriggered,1,30.0,0.2674979985697261
bout_phase,dem_untriggered,1,31.0,0.1995326306278391
bout_phase,dem_untriggered,1,32.0,0.1817725918535656
bout_phase,dem_untriggered,1,33.0,0.19579824553896194
bout_phase,dem_untriggered,1,34.0,0.2803097747673328
bout_phase,dem_untriggered,1,35.0,0.20778188192332397
bout_phase,dem_untriggered,1,36.0,0.2210590753183753
bout_phase,dem_untriggered,1,37.0,0.25079276735751316
bout_phase,dem_untriggered,1,38.0,0.2544182750155331
bout_phase,dem_untriggered,1,39.0,0.22101446609557876
bout_phase,dem_untriggered,1,40.0,0.13551034064260792
bout_phase,dem_untriggered,1,41.0,0.14052691475364548
bout_phase,dem_untriggered,1,42.0,0.16312689194439492
bout_phase,dem_untriggered,1,43.0,0.11199080755190272
bout_phase,dem_untriggered,1,44.0,0.09430493409119425
bout_phase,dem_untriggered,1,45.0,0.13853502284897093
bout_phase,dem_untriggered,1,46.0,0.09849247923519806
bout_phase,dem_untriggered,1,47.0,0.18331873581244856
bout_phase,dem_untriggered,1,48.0,0.19088765626941445
bout_phase,dem_untriggered,1,49.0,0.19709691515741015
bout_phase,dem_untriggered,1,50.0,0.22438927079432164
bout_phase,dem_untriggered,1,51.0,0.23481499901311675
bout_phase,dem_untriggered,1,52.0,0.21059157629648614
bout_phase,dem_untriggered,1,53.0,0.14219962115943865
bout_phase,dem_untriggered,1,54.0,0.13298501216529482
bout_phase,dem_untriggered,1,55.0,0.17057022844013306
bout_phase,dem_untriggered,1,56.0,0.22465629397419704
bout_phase,dem_untriggered,1,57.0,0.20863180225166073
bout_phase,dem_untriggered,1,58.0,0.23335794234254253
bout_phase,dem_untriggered,1,59.0,0.21216839612453153
bout_phase,dem_untriggered,1,60.0,0.15538557834023164
bout_phase,dem_untriggered,1,61.0,0.20146800534379686
bout_phase,dem_untriggered,1,62.0,0.1059794561821753
bout_phase,dem_untriggered,1,63.0,0.10684302205614597
bout_phase,dem_untriggered,1,64.0,0.02627321363174475
bout_phase,dem_untriggered,1,65.0,0.022902438755208154
bout_phase,dem_untriggered,1,66.0,-0.003632695992934992
bout_phase,dem_untriggered,1,67.0,0.005294783628802424
bout_phase,dem_untriggered,1,68.0,-0.030252551502738763
bout_phase,dem_untriggered,1,69.0,-0.09100901420127797
bout_phase,dem_untriggered,1,70.0,-0.153418800006298
bout_phase,dem_untriggered,1,71.0,-0.1477894207590885
bout_phase,dem_untriggered,1,72.0,-0.18668954582420527
bout_phase,dem_untriggered,1,73.0,-0.18558588818483054
bout_phase,dem_untriggered,1,74.0,-0.19997852765893986
bout_phase,dem_untriggered,1,75.0,-0.22518529117575614
bout_phase,dem_untriggered,1,76.0,-0.2210080265508286
bout_phase,dem_untriggered,1,77.0,-0.26095953087745694
bout_phase,dem_untriggered,1,78.0,-0.2639654867933712
bout_phase,dem_untriggered,1,79.0,-0.19158716885377708
bout_phase,dem_untriggered,1,80.0,-0.21517886944756376
bout_phase,dem_untriggered,1,81.0,-0.18190151874889077
bout_phase,dem_untriggered,1,82.0,-0.14250502723101058
bout_phase,dem_untriggered,1,83.0,-0.163690780528691
bout_phase,dem_untriggered,1,84.0,-0.08248838760696683
bout_phase,dem_untriggered,1,85.0,-0.24041367394367058
bout_phase,dem_untriggered,1,86.0,-0.24350937519341706
bout_phase,dem_untriggered,1,87.0,-0.2643644532079571
bout_phase,dem_untriggered,1,88.0,-0.3132105596756217
bout_phase,dem_untriggered,1,89.0,-0.3771040337879833
bout_phase,dem_untriggered,1,90.0,-0.31292229182646014
bout_phase,dem_untriggered,1,91.0,-0.24250710144122428
bout_phase,dem_untriggered,1,92.0,-0.2865019996639306
bout_phase,dem_untriggered,1,93.0,-0.23845431479212092
bout_phase,dem_untriggered,1,94.0,-0.0664870194927766
bout_phase,dem_untriggered,1,95.0,-0.05060845595655057
bout_phase,dem_untriggered,1,96.0,0.09898227452877267
bout_phase,dem_untriggered,1,97.0,0.09553775836002042
bout_phase,dem_untriggered,1,98.0,0.0902913127639324
bout_phase,dem_untriggered,1,99.0,0.1038589418245796
bout_phase,dem_untriggered,1,100.0,0.09433603435035853
bout_phase,dem_untriggered,3,0.0,-0.04591390593529567
bout_phase,dem_untriggered,3,1.0,-0.11738974011313155
bout_phase,dem_untriggered,3,2.0,0.01984717338316197
bout_phase,dem_untriggered,3,3.0,0.05492368155327828
bout_phase,dem_untriggered,3,4.0,-0.005472470506162966
bout_phase,dem_untriggered,3,5.0,-0.01352297768025786
bout_phase,dem_untriggered,3,6.0,-0.04942589179527
bout_phase,dem_untriggered,3,7.0,-0.0939011949190127
bout_phase,dem_untriggered,3,8.0,-0.06772196257453245
bout_phase,dem_untriggered,3,9.0,0.06111646778301089
bout_phase,dem_untriggered,3,10.0,-0.03011128235439158
bout_phase,dem_untriggered,3,11.0,-0.00934608209932178
bout_phase,dem_untriggered,3,12.0,0.08486971828161077
bout_phase,dem_untriggered,3,13.0,0.03148260516387093
bout_phase,dem_untriggered,3,14.0,0.03249993446876399
bout_phase,dem_untriggered,3,15.0,0.17861051128317368
bout_phase,dem_untriggered,3,16.0,0.07968161463883068
bout_phase,dem_untriggered,3,17.0,0.1516819495492061
bout_phase,dem_untriggered,3,18.0,0.15264620586358607
bout_phase,dem_untriggered,3,19.0,0.21265943619927916
bout_phase,dem_untriggered,3,20.0,0.21350256498553624
bout_phase,dem_untriggered,3,21.0,0.23936160927772662
bout_phase,dem_untriggered,3,22.0,0.10886812117713293
bout_phase,dem_untriggered,3,23.0,0.19501081292243838
bout_phase,dem_untriggered,3,24.0,0.1366720387957204
bout_phase,dem_untriggered,3,25.0,0.06778709270572864
bout_phase,dem_untriggered,3,26.0,0.191142755275146
bout_phase,dem_untriggered,3,27.0,0.19924689722408304
bout_phase,dem_untriggered,3,28.0,0.3063004469631464
bout_phase,dem_untriggered,3,29.0,0.27849085161438464
bout_phase,dem_untriggered,3,30.0,0.2410851274731763
bout_phase,dem_untriggered,3,31.0,0.3002151782859219
bout_phase,dem_untriggered,3,32.0,0.24946422590172487
bout_phase,dem_untriggered,3,33.0,0.434103652197093
bout_phase,dem_untriggered,3,34.0,0.2950474851949067
bout_phase,dem_untriggered,3,35.0,0.3561656098609656
bout_phase,dem_untriggered,3,36.0,0.4380932588382448
bout_phase,dem_untriggered,3,37.0,0.32769402571000944
bout_phase,dem_untriggered,3,38.0,0.29096373710242984
bout_phase,dem_untriggered,3,39.0,0.3073186710258744
bout_phase,dem_untriggered,3,40.0,0.35156384025325543
bout_phase,dem_untriggered,3,41.0,0.27786877953154754
bout_phase,dem_untriggered,3,42.0,0.23967175637799565
bout_phase,dem_untriggered,3,43.0,0.21797079389182222
bout_phase,dem_untriggered,3,44.0,0.17632193645699076
bout_phase,dem_untriggered,3,45.0,0.1243998309839829
bout_phase,dem_untriggered,3,46.0,0.06928417733557267
bout_phase,dem_untriggered,3,47.0,0.1549184979003613
bout_phase,dem_untriggered,3,48.0,0.1751512514893021
bout_phase,dem_untriggered,3,49.0,0.20079351414100632
bout_phase,dem_untriggered,3,50.0,0.2034815884445994
bout_phase,dem_untriggered,3,51.0,0.2624200762662308
bout_phase,dem_untriggered,3,52.0,0.21451407068351172
bout_phase,dem_untriggered,3,53.0,0.2562212535017345
bout_phase,dem_untriggered,3,54.0,0.14868082962368998
bout_phase,dem_untriggered,3,55.0,0.18793982951086188
bout_phase,dem_untriggered,3,56.0,0.11471437626022317
bout_phase,dem_untriggered,3,57.0,0.2605772585938685
bout_phase,dem_untriggered,3,58.0,0.21850702367998928
bout_phase,dem_untriggered,3,59.0,0.30104746098363644
bout_phase,dem_untriggered,3,60.0,0.3068153922795262
bout_phase,dem_untriggered,3,61.0,0.3792714284514988
bout_phase,dem_untriggered,3,62.0,0.27995845018019944
bout_phase,dem_untriggered,3,63.0,0.35008550141802736
bout_phase,dem_untriggered,3,64.0,0.37608097444603794
bout_phase,dem_untriggered,3,65.0,0.4208023706870977
bout_phase,dem_untriggered,3,66.0,0.36235298625190987
bout_phase,dem_untriggered,3,67.0,0.3600559825006333
bout_phase,dem_untriggered,3,68.0,0.4965305779810996
bout_phase,dem_untriggered,3,69.0,0.36304949400088427
bout_phase,dem_untriggered,3,70.0,0.32676155532476564
bout_phase,dem_untriggered,3,71.0,0.4133248985835944
bout_phase,dem_untriggered,3,72.0,0.2829792211033939
bout_phase,dem_untriggered,3,73.0,0.4318030587391858
bout_phase,dem_untriggered,3,74.0,0.368185651326123
bout_phase,dem_untriggered,3,75.0,0.30883098645056345
bout_phase,dem_untriggered,3,76.0,0.452150128780823
bout_phase,dem_untriggered,3,77.0,0.3761127199334316
bout_phase,dem_untriggered,3,78.0,0.4583325542529646
bout_phase,dem_untriggered,3,79.0,0.5290503832560803
bout_phase,dem_untriggered,3,80.0,0.5134989655693446
bout_phase,dem_untriggered,3,81.0,0.3604381715790602
bout_phase,dem_untriggered,3,82.0,0.5193534795996259
bout_phase,dem_untriggered,3,83.0,0.40291438436235066
bout_phase,dem_untriggered,3,84.0,0.501159486009361
bout_phase,dem_untriggered,3,85.0,0.4305780628587305
bout_phase,dem_untriggered,3,86.0,0.577128970206697
bout_phase,dem_untriggered,3,87.0,0.5129336098116146
bout_phase,dem_untriggered,3,88.0,0.4514753287221223
bout_phase,dem_untriggered,3,89.0,0.48727295271912496
bout_phase,dem_untriggered,3,90.0,0.4026833268384396
bout_phase,dem_untriggered,3,91.0,0.37134914393885804
bout_phase,dem_untriggered,3,92.0,0.4877122597110876
bout_phase,dem_untriggered,3,93.0,0.5353856383901646
bout_phase,dem_untriggered,3,94.0,0.5316960240122024
bout_phase,dem_untriggered,3,95.0,0.34336598335835855
bout_phase,dem_untriggered,3,96.0,0.4907171370503137
bout_phase,dem_untriggered,3,97.0,0.688866932685516
bout_phase,dem_untriggered,3,98.0,0.7917786716626065
bout_phase,dem_untriggered,3,99.0,0.9215615139573761
bout_phase,dem_untriggered,3,100.0,1.086869711510835
bout_phase,dem_untriggered,4,0.0,0.16539953476386715
bout_phase,dem_untriggered,4,1.0,0.21544684967610045
bout_phase,dem_untriggered,4,2.0,0.24749562005344736
bout_phase,dem_untriggered,4,3.0,0.33669656172005663
bout_phase,dem_untriggered,4,4.0,0.2969344605352721
bout_phase,dem_untriggered,4,5.0,0.3088289084251655
bout_phase,dem_untriggered,4,6.0,0.3649689119639376
bout_phase,dem_untriggered,4,7.0,0.38693334056123135
bout_phase,dem_untriggered,4,8.0,0.5034407112236287
bout_phase,dem_untriggered,4,9.0,0.4703868106293984
bout_phase,dem_untriggered,4,10.0,0.5868452793031537
bout_phase,dem_untriggered,4,11.0,0.5691611962262627
bout_phase,dem_untriggered,4,12.0,0.582167059750795
bout_phase,dem_untriggered,4,13.0,0.4492273194112599
bout_phase,dem_untriggered,4,14.0,0.44494323728044477
bout_phase,dem_untriggered,4,15.0,0.4354461332772846
bout_phase,dem_untriggered,4,16.0,0.48670594318069604
bout_phase,dem_untriggered,4,17.0,0.3777397819361537
bout_phase,dem_untriggered,4,18.0,0.3220583508297413
bout_phase,dem_untriggered,4,19.0,0.2857779560578403
bout_phase,dem_untriggered,4,20.0,0.3680500352945378
bout_phase,dem_untriggered,4,21.0,0.3617628239943184
bout_phase,dem_untriggered,4,22.0,0.39284307748275954
bout_phase,dem_untriggered,4,23.0,0.4542758878219925
bout_phase,dem_untriggered,4,24.0,0.4812585177380758
bout_phase,dem_untriggered,4,25.0,0.46659451466848983
bout_phase,dem_untriggered,4,26.0,0.36397974833894114
bout_phase,dem_untriggered,4,27.0,0.37391750061050427
bout_phase,dem_untriggered,4,28.0,0.32656957999234176
bout_phase,dem_untriggered,4,29.0,0.3310584064600284
bout_phase,dem_untriggered,4,30.0,0.3226261807602476
bout_phase,dem_untriggered,4,31.0,0.4271381488106351
bout_phase,dem_untriggered,4,32.0,0.4364855354717747
bout_phase,dem_untriggered,4,33.0,0.38944911889926004
bout_phase,dem_untriggered,4,34.0,0.372784205358144
bout_phase,dem_untriggered,4,35.0,0.35648863991265006
bout_phase,dem_untriggered,4,36.0,0.3731257559621978
bout_phase,dem_untriggered,4,37.0,0.38021987892006787
bout_phase,dem_untriggered,4,38.0,0.3041932648231877
bout_phase,dem_untriggered,4,39.0,0.2376883848130496
bout_phase,dem_untriggered,4,40.0,0.2799850657702023
bout_phase,dem_untriggered,4,41.0,0.1550228855218028
bout_phase,dem_untriggered,4,42.0,0.1502984535086546
bout_phase,dem_untriggered,4,43.0,0.2667520138379027
bout_phase,dem_untriggered,4,44.0,0.299803478426064
bout_phase,dem_untriggered,4,45.0,0.25141485097709176
bout_phase,dem_untriggered,4,46.0,0.27620982216351514
bout_phase,dem_untriggered,4,47.0,0.24221611454858083
bout_phase,dem_untriggered,4,48.0,0.20393722310056342
bout_phase,dem_untriggered,4,49.0,0.20788217717774107
bout_phase,dem_untriggered,4,50.0,0.21913296655194156
bout_phase,dem_untriggered,4,51.0,0.23691610154299603
bout_phase,dem_untriggered,4,52.0,0.2265360809173056
bout_phase,dem_untriggered,4,53.0,0.28674868456752817
bout_phase,dem_untriggered,4,54.0,0.20513166018846607
bout_phase,dem_untriggered,4,55.0,0.2839017335091652
bout_phase,dem_untriggered,4,56.0,0.2849886906954077
bout_phase,dem_untriggered,4,57.0,0.32691016548405255
bout_phase,dem_untriggered,4,58.0,0.3926913835207025
bout_phase,dem_untriggered,4,59.0,0.3214381670921945
bout_phase,dem_untriggered,4,60.0,0.33159817599486924
bout_phase,dem_untriggered,4,61.0,0.24965736299926722
bout_phase,dem_untriggered,4,62.0,0.3554488197375401
bout_phase,dem_untriggered,4,63.0,0.3310560408321847
bout_phase,dem_untriggered,4,64.0,0.3675752686532144
bout_phase,dem_untriggered,4,65.0,0.38643045429666906
bout_phase,dem_untriggered,4,66.0,0.3748111589700051
bout_phase,dem_untriggered,4,67.0,0.36206960731755333
bout_phase,dem_untriggered,4,68.0,0.344907109047137
bout_phase,dem_untriggered,4,69.0,0.2966657073059796
bout_phase,dem_untriggered,4,70.0,0.29752992880801127
bout_phase,dem_untriggered,4,71.0,0.3183358645371138
bout_phase,dem_untriggered,4,72.0,0.3467030766314307
bout_phase,dem_untriggered,4,73.0,0.4469536418340014
bout_phase,dem_untriggered,4,74.0,0.40348786337727177
bout_phase,dem_untriggered,4,75.0,0.34539429468659205
bout_phase,dem_untriggered,4,76.0,0.36934003185024544
bout_phase,dem_untriggered,4,77.0,0.4592564463785344
bout_phase,dem_untriggered,4,78.0,0.5503960659459689
bout_phase,dem_untriggered,4,79.0,0.5221543662710951
bout_phase,dem_untriggered,4,80.0,0.5363523583713645
bout_phase,dem_untriggered,4,81.0,0.502366072407142
bout_phase,dem_untriggered,4,82.0,0.3980739193497877
bout_phase,dem_untriggered,4,83.0,0.37526289620071535
bout_phase,dem_untriggered,4,84.0,0.3272126212805944
bout_phase,dem_untriggered,4,85.0,0.28082446008029693
bout_phase,dem_untriggered,4,86.0,0.32754187256030015
bout_phase,dem_untriggered,4,87.0,0.3480569200659571
bout_phase,dem_untriggered,4,88.0,0.33236506204612304
bout_phase,dem_untriggered,4,89.0,0.3452730494760483
bout_phase,dem_untriggered,4,90.0,0.4081180380715583
bout_phase,dem_untriggered,4,91.0,0.4041164617763937
bout_phase,dem_untriggered,4,92.0,0.44671365840012117
bout_phase,dem_untriggered,4,93.0,0.43403999018776057
bout_phase,dem_untriggered,4,94.0,0.5319169632638557
bout_phase,dem_untriggered,4,95.0,0.7498165295755226
bout_phase,dem_untriggered,4,96.0,0.8054432231710222
bout_phase,dem_untriggered,4,97.0,0.8448896343339765
bout_phase,dem_untriggered,4,98.0,0.7608168340430058
bout_phase,dem_untriggered,4,99.0,0.588919583154163
bout_phase,dem_untriggered,4,100.0,0.49000831793467414
bout_phase,dem_untriggered,5,0.0,-0.026801536751060707
bout_phase,dem_untriggered,5,1.0,-0.11711506588847104
bout_phase,dem_untriggered,5,2.0,-0.06938163620176539
bout_phase,dem_untriggered,5,3.0,-0.09276039160620972
bout_phase,dem_untriggered,5,4.0,0.017708304068099198
bout_phase,dem_untriggered,5,5.0,0.04105258636619276
bout_phase,dem_untriggered,5,6.0,0.11136698276662818
bout_phase,dem_untriggered,5,7.0,0.11059946734281524
bout_phase,dem_untriggered,5,8.0,0.07641511039910773
bout_phase,dem_untriggered,5,9.0,0.09106482897786392
bout_phase,dem_untriggered,5,10.0,0.08911157474059277
bout_phase,dem_untriggered,5,11.0,0.06933567161605632
bout_phase,dem_untriggered,5,12.0,0.09994279243980517
bout_phase,dem_untriggered,5,13.0,0.10405614491080303
bout_phase,dem_untriggered,5,14.0,0.0880591124048501
bout_phase,dem_untriggered,5,15.0,0.05077420247677835
bout_phase,dem_untriggered,5,16.0,0.01624048168131628
bout_phase,dem_untriggered,5,17.0,0.057445149677569696
bout_phase,dem_untriggered,5,18.0,0.021894090889255088
bout_phase,dem_untriggered,5,19.0,0.06325631605844823
bout_phase,dem_untriggered,5,20.0,0.02293240055431761
bout_phase,dem_untriggered,5,21.0,0.04873008105948667
bout_phase,dem_untriggered,5,22.0,0.11275189871650197
bout_phase,dem_untriggered,5,23.0,0.06309196544238034
bout_phase,dem_untriggered,5,24.0,0.024956436832859183
bout_phase,dem_untriggered,5,25.0,0.05641672542050666
bout_phase,dem_untriggered,5,26.0,-0.021475939628077912
bout_phase,dem_untriggered,5,27.0,0.0010794326824272134
bout_phase,dem_untriggered,5,28.0,-0.007342206517304146
bout_phase,dem_untriggered,5,29.0,0.08543630228003479
bout_phase,dem_untriggered,5,30.0,0.0075959462592056085
bout_phase,dem_untriggered,5,31.0,-0.049639782600160776
bout_phase,dem_untriggered,5,32.0,-0.06597372558889568
bout_phase,dem_untriggered,5,33.0,-0.045601887557605615
bout_phase,dem_untriggered,5,34.0,-0.10470900328980348
bout_phase,dem_untriggered,5,35.0,-0.0344606763857159
bout_phase,dem_untriggered,5,36.0,-0.06346153390877667
bout_phase,dem_untriggered,5,37.0,-0.06974508370794019
bout_phase,dem_untriggered,5,38.0,-0.06001548644680518
bout_phase,dem_untriggered,5,39.0,0.017411817898080193
bout_phase,dem_untriggered,5,40.0,0.01049100502679363
bout_phase,dem_untriggered,5,41.0,0.001990719629824365
bout_phase,dem_untriggered,5,42.0,0.04263894878222818
bout_phase,dem_untriggered,5,43.0,-0.06736720486188379
bout_phase,dem_untriggered,5,44.0,-0.08728472454507373
bout_phase,dem_untriggered,5,45.0,-0.06546044602782514
bout_phase,dem_untriggered,5,46.0,-0.03173443075064584
bout_phase,dem_untriggered,5,47.0,-0.0872121899633917
bout_phase,dem_untriggered,5,48.0,-0.039076302871506916
bout_phase,dem_untriggered,5,49.0,-0.03298073273129714
bout_phase,dem_untriggered,5,50.0,-0.043814681881846715
bout_phase,dem_untriggered,5,51.0,-0.03275109139712581
bout_phase,dem_untriggered,5,52.0,-0.08375789614676557
bout_phase,dem_untriggered,5,53.0,-0.022696679098536482
bout_phase,dem_untriggered,5,54.0,-0.047086071575737416
bout_phase,dem_untriggered,5,55.0,-0.019863638801134165
bout_phase,dem_untriggered,5,56.0,-0.025446555302573337
bout_phase,dem_untriggered,5,57.0,0.015884128835597023
bout_phase,dem_untriggered,5,58.0,0.00851699829767863
bout_phase,dem_untriggered,5,59.0,-0.004777811819134927
bout_phase,dem_untriggered,5,60.0,0.03216301115132059
bout_phase,dem_untriggered,5,61.0,0.0032947355835917292
bout_phase,dem_untriggered,5,62.0,-0.039873869095711
bout_phase,dem_untriggered,5,63.0,-0.014514100802356138
bout_phase,dem_untriggered,5,64.0,-0.006286828789959867
bout_phase,dem_untriggered,5,65.0,0.0026762185008369086
bout_phase,dem_untriggered,5,66.0,0.04293022101041446
bout_phase,dem_untriggered,5,67.0,0.014203970358667049
bout_phase,dem_untriggered,5,68.0,-0.0031035007251493363
bout_phase,dem_untriggered,5,69.0,0.012336191889368632
bout_phase,dem_untriggered,5,70.0,0.003881070380547641
bout_phase,dem_untriggered,5,71.0,0.008958060462301493
bout_phase,dem_untriggered,5,72.0,-0.015491142010107387
bout_phase,dem_untriggered,5,73.0,-0.0013009933027140809
bout_phase,dem_untriggered,5,74.0,0.015809104492311737
bout_phase,dem_untriggered,5,75.0,0.0509730368653783
bout_phase,dem_untriggered,5,76.0,0.02453094236213052
bout_phase,dem_untriggered,5,77.0,0.04573178122425565
bout_phase,dem_untriggered,5,78.0,0.0399931689020254
bout_phase,dem_untriggered,5,79.0,0.008602151891985294
bout_phase,dem_untriggered,5,80.0,0.00968232041686098
bout_phase,dem_untriggered,5,81.0,-0.010493541024462536
bout_phase,dem_untriggered,5,82.0,-0.014510352242100222
bout_phase,dem_untriggered,5,83.0,0.064863565337157
bout_phase,dem_untriggered,5,84.0,0.05448529460482335
bout_phase,dem_untriggered,5,85.0,0.0998744940600287
bout_phase,dem_untriggered,5,86.0,0.05360346579644938
bout_phase,dem_untriggered,5,87.0,0.08192894505017306
bout_phase,dem_untriggered,5,88.0,0.047810233310378675
bout_phase,dem_untriggered,5,89.0,0.10795062395446305
bout_phase,dem_untriggered,5,90.0,0.07466139899177232
bout_phase,dem_untriggered,5,91.0,0.15906549697982994
bout_phase,dem_untriggered,5,92.0,0.17298880681984127
bout_phase,dem_untriggered,5,93.0,0.22283701406965878
bout_phase,dem_untriggered,5,94.0,0.25696488084952007
bout_phase,dem_untriggered,5,95.0,0.21825433456025814
bout_phase,dem_untriggered,5,96.0,0.2623343834596152
bout_phase,dem_untriggered,5,97.0,0.2543808331245934
bout_phase,dem_untriggered,5,98.0,0.3163662988225298
bout_phase,dem_untriggered,5,99.0,0.5126222606913184
bout_phase,dem_untriggered,5,100.0,0.7863129507190444
bout_phase,dem_untriggered,6,0.0,-0.09624595620789035
bout_phase,dem_untriggered,6,1.0,-0.058151003726887494
bout_phase,dem_untriggered,6,2.0,-0.025991749440750698
bout_phase,dem_untriggered,6,3.0,-0.048337901277882386
bout_phase,dem_untriggered,6,4.0,-0.05200588916007977
bout_phase,dem_untriggered,6,5.0,-0.09331277632136228
bout_phase,dem_untriggered,6,6.0,-0.06688296974753677
bout_phase,dem_untriggered,6,7.0,-0.07753119556599138
bout_phase,dem_untriggered,6,8.0,-0.0739297143020154
bout_phase,dem_untriggered,6,9.0,-0.05234822749467458
bout_phase,dem_untriggered,6,10.0,-0.045517466265724046
bout_phase,dem_untriggered,6,11.0,-0.012021718170564749
bout_phase,dem_untriggered,6,12.0,-0.020234234068038988
bout_phase,dem_untriggered,6,13.0,-0.017317004235341573
bout_phase,dem_untriggered,6,14.0,-0.06361428081969724
bout_phase,dem_untriggered,6,15.0,-0.014704291478082067
bout_phase,dem_untriggered,6,16.0,-0.0012043627009453086
bout_phase,dem_untriggered,6,17.0,-0.01392047571978567
bout_phase,dem_untriggered,6,18.0,-0.051020767749745705
bout_phase,dem_untriggered,6,19.0,-0.04664767580217508
bout_phase,dem_untriggered,6,20.0,-0.025970921094389313
bout_phase,dem_untriggered,6,21.0,-0.02464971082530781
bout_phase,dem_untriggered,6,22.0,-0.04083345065503558
bout_phase,dem_untriggered,6,23.0,-0.060868439410099395
bout_phase,dem_untriggered,6,24.0,-0.0989221967494442
bout_phase,dem_untriggered,6,25.0,-0.08011485265350997
bout_phase,dem_untriggered,6,26.0,-0.059747789276113177
bout_phase,dem_untriggered,6,27.0,-0.06950808172666434
bout_phase,dem_untriggered,6,28.0,-0.015688227932633268
bout_phase,dem_untriggered,6,29.0,-0.00850999798312396
bout_phase,dem_untriggered,6,30.0,-0.02367641890970266
bout_phase,dem_untriggered,6,31.0,-0.028389322974034428
bout_phase,dem_untriggered,6,32.0,-0.006356558757256208
bout_phase,dem_untriggered,6,33.0,-0.07031585930700067
bout_phase,dem_untriggered,6,34.0,-0.03544771955152936
bout_phase,dem_untriggered,6,35.0,-0.04256814679648693
bout_phase,dem_untriggered,6,36.0,-0.023929966276881397
bout_phase,dem_untriggered,6,37.0,-0.04651507106581186
bout_phase,dem_untriggered,6,38.0,-0.016078662041255156
bout_phase,dem_untriggered,6,39.0,-0.05779219043081788
bout_phase,dem_untriggered,6,40.0,-0.06548173553136837
bout_phase,dem_untriggered,6,41.0,-0.06613508305901393
bout_phase,dem_untriggered,6,42.0,-0.04936529282243698
bout_phase,dem_untriggered,6,43.0,-0.016388227449241635
bout_phase,dem_untriggered,6,44.0,-0.06059999909906344
bout_phase,dem_untriggered,6,45.0,0.03368013361644171
bout_phase,dem_untriggered,6,46.0,0.009225747113116498
bout_phase,dem_untriggered,6,47.0,-0.03335086939715489
bout_phase,dem_untriggered,6,48.0,-0.028361415348120422
bout_phase,dem_untriggered,6,49.0,-0.004821760158594761
bout_phase,dem_untriggered,6,50.0,0.003668933066144341
bout_phase,dem_untriggered,6,51.0,0.023405165075422257
bout_phase,dem_untriggered,6,52.0,-0.003744109288464208
bout_phase,dem_untriggered,6,53.0,-0.01961405048996176
bout_phase,dem_untriggered,6,54.0,-0.03610315991464986
bout_phase,dem_untriggered,6,55.0,-0.052391996052958884
bout_phase,dem_untriggered,6,56.0,-0.03922375081809518
bout_phase,dem_untriggered,6,57.0,-0.07999282040302678
bout_phase,dem_untriggered,6,58.0,0.002765363613961733
bout_phase,dem_untriggered,6,59.0,0.03444975730841816
bout_phase,dem_untriggered,6,60.0,-0.0087806710408742
bout_phase,dem_untriggered,6,61.0,0.017616624956142395
bout_phase,dem_untriggered,6,62.0,0.04980001428372634
bout_phase,dem_untriggered,6,63.0,0.04787705440093312
bout_phase,dem_untriggered,6,64.0,0.048687919112263604
bout_phase,dem_untriggered,6,65.0,0.030520995019549975
bout_phase,dem_untriggered,6,66.0,0.005192610890405189
bout_phase,dem_untriggered,6,67.0,-0.005096090022658049
bout_phase,dem_untriggered,6,68.0,-0.010243332415782295
bout_phase,dem_untriggered,6,69.0,0.014500639825870859
bout_phase,dem_untriggered,6,70.0,-0.03351901566653082
bout_phase,dem_untriggered,6,71.0,-0.022680418024865565
bout_phase,dem_untriggered,6,72.0,0.005527271400915157
bout_phase,dem_untriggered,6,73.0,0.002388893898160064
bout_phase,dem_untriggered,6,74.0,-0.026789211240809466
bout_phase,dem_untriggered,6,75.0,0.03122905454504048
bout_phase,dem_untriggered,6,76.0,0.027694076244537017
bout_phase,dem_untriggered,6,77.0,-0.013367531192779279
bout_phase,dem_untriggered,6,78.0,0.0031664671449152305
bout_phase,dem_untriggered,6,79.0,0.011527189783491274
bout_phase,dem_untriggered,6,80.0,0.017177551797143063
bout_phase,dem_untriggered,6,81.0,-0.0020217713419914685
bout_phase,dem_untriggered,6,82.0,0.04694082852757272
bout_phase,dem_untriggered,6,83.0,0.01577987143546119
bout_phase,dem_untriggered,6,84.0,0.023412080419812378
bout_phase,dem_untriggered,6,85.0,0.0851369460147328
bout_phase,dem_untriggered,6,86.0,0.06829435867389447
bout_phase,dem_untriggered,6,87.0,0.07970884932897132
bout_phase,dem_untriggered,6,88.0,0.07897254605863469
bout_phase,dem_untriggered,6,89.0,0.07648609886208675
bout_phase,dem_untriggered,6,90.0,0.08881720164592655
bout_phase,dem_untriggered,6,91.0,0.09596713754202955
bout_phase,dem_untriggered,6,92.0,0.07281930134765373
bout_phase,dem_untriggered,6,93.0,0.06714617706778239
bout_phase,dem_untriggered,6,94.0,0.06528920474494058
bout_phase,dem_untriggered,6,95.0,0.06832590742530142
bout_phase,dem_untriggered,6,96.0,0.09399983956988732
bout_phase,dem_untriggered,6,97.0,0.06084136780424553
bout_phase,dem_untriggered,6,98.0,0.10556668471982099
bout_phase,dem_untriggered,6,99.0,0.15455430630071665
bout_phase,dem_untriggered,6,100.0,0.18487108622131473
bout_phase,dem_untriggered,18,0.0,0.32109451806713973
bout_phase,dem_untriggered,18,1.0,0.38855362716463937
bout_phase,dem_untriggered,18,2.0,0.33786567010854524
bout_phase,dem_untriggered,18,3.0,0.2787057600550854
bout_phase,dem_untriggered,18,4.0,0.27158761901150696
bout_phase,dem_untriggered,18,5.0,0.18368496097661113
bout_phase,dem_untriggered,18,6.0,0.15654916479924036
bout_phase,dem_untriggered,18,7.0,0.18239608605955707
bout_phase,dem_untriggered,18,8.0,0.1982228020620466
bout_phase,dem_untriggered,18,9.0,0.14732265469377068
bout_phase,dem_untriggered,18,10.0,0.16976722367694375
bout_phase,dem_untriggered,18,11.0,0.20141249130601308
bout_phase,dem_untriggered,18,12.0,0.21400453722281423
bout_phase,dem_untriggered,18,13.0,0.18584112187658006
bout_phase,dem_untriggered,18,14.0,0.20207905389829778
bout_phase,dem_untriggered,18,15.0,0.2172428841155972
bout_phase,dem_untriggered,18,16.0,0.2093688085826016
bout_phase,dem_untriggered,18,17.0,0.1968968643319542
bout_phase,dem_untriggered,18,18.0,0.24680893174897175
bout_phase,dem_untriggered,18,19.0,0.22292650425354232
bout_phase,dem_untriggered,18,20.0,0.2373571734694912
bout_phase,dem_untriggered,18,21.0,0.266286552833953
bout_phase,dem_untriggered,18,22.0,0.2894814547734097
bout_phase,dem_untriggered,18,23.0,0.24062514266855486
bout_phase,dem_untriggered,18,24.0,0.21045365334318383
bout_phase,dem_untriggered,18,25.0,0.25912229862551084
bout_phase,dem_untriggered,18,26.0,0.2741173332433623
bout_phase,dem_untriggered,18,27.0,0.29483309280942926
bout_phase,dem_untriggered,18,28.0,0.29062229816940943
bout_phase,dem_untriggered,18,29.0,0.268782610550255
bout_phase,dem_untriggered,18,30.0,0.2639851889793305
bout_phase,dem_untriggered,18,31.0,0.21173819888268236
bout_phase,dem_untriggered,18,32.0,0.2193187717079143
bout_phase,dem_untriggered,18,33.0,0.1853500261198416
bout_phase,dem_untriggered,18,34.0,0.20962630223639894
bout_phase,dem_untriggered,18,35.0,0.1992255250885113
bout_phase,dem_untriggered,18,36.0,0.24111567202169532
bout_phase,dem_untriggered,18,37.0,0.21286754139263553
bout_phase,dem_untriggered,18,38.0,0.29491330452924774
bout_phase,dem_untriggered,18,39.0,0.3374214742493492
bout_phase,dem_untriggered,18,40.0,0.2771572544508241
bout_phase,dem_untriggered,18,41.0,0.21443388933266933
bout_phase,dem_untriggered,18,42.0,0.23711701649133332
bout_phase,dem_untriggered,18,43.0,0.2795662895106948
bout_phase,dem_untriggered,18,44.0,0.22580093884389935
bout_phase,dem_untriggered,18,45.0,0.18778538635249015
bout_phase,dem_untriggered,18,46.0,0.307134999780906
bout_phase,dem_untriggered,18,47.0,0.25388165323990386
bout_phase,dem_untriggered,18,48.0,0.231078919558984
bout_phase,dem_untriggered,18,49.0,0.1798328131065661
bout_phase,dem_untriggered,18,50.0,0.12204226312130721
bout_phase,dem_untriggered,18,51.0,0.24092722706342332
bout_phase,dem_untriggered,18,52.0,0.18500592975247457
bout_phase,dem_untriggered,18,53.0,0.12926681289585165
bout_phase,dem_untriggered,18,54.0,0.12951909981256138
bout_phase,dem_untriggered,18,55.0,0.16247523779308656
bout_phase,dem_untriggered,18,56.0,0.1331148826665015
bout_phase,dem_untriggered,18,57.0,0.12116969208296491
bout_phase,dem_untriggered,18,58.0,0.13484298311330484
bout_phase,dem_untriggered,18,59.0,0.20537146774038426
bout_phase,dem_untriggered,18,60.0,0.1495963894521515
bout_phase,dem_untriggered,18,61.0,0.19020606512943472
bout_phase,dem_untriggered,18,62.0,0.23525005016322856
bout_phase,dem_untriggered,18,63.0,0.15174523898393014
bout_phase,dem_untriggered,18,64.0,0.17158199645765623
bout_phase,dem_untriggered,18,65.0,0.23116100779504115
bout_phase,dem_untriggered,18,66.0,0.12890352770507865
bout_phase,dem_untriggered,18,67.0,0.1256900327795036
bout_phase,dem_untriggered,18,68.0,0.0732398877854921
bout_phase,dem_untriggered,18,69.0,0.1115195665014159
bout_phase,dem_untriggered,18,70.0,0.13230488765505624
bout_phase,dem_untriggered,18,71.0,0.16682835500295215
bout_phase,dem_untriggered,18,72.0,0.12885326844891515
bout_phase,dem_untriggered,18,73.0,0.11035188017971236
bout_phase,dem_untriggered,18,74.0,0.07596362967538876
bout_phase,dem_untriggered,18,75.0,0.02915068808811931
bout_phase,dem_untriggered,18,76.0,0.014406907825452066
bout_phase,dem_untriggered,18,77.0,-0.00336091633433855
bout_phase,dem_untriggered,18,78.0,0.016150621343553613
bout_phase,dem_untriggered,18,79.0,-0.022932521897145043
bout_phase,dem_untriggered,18,80.0,0.0016612804865496203
bout_phase,dem_untriggered,18,81.0,-0.0332279056380446
bout_phase,dem_untriggered,18,82.0,-0.0133444814417013
bout_phase,dem_untriggered,18,83.0,0.05343970906656174
bout_phase,dem_untriggered,18,84.0,0.026828382681133564
bout_phase,dem_untriggered,18,85.0,0.054017438994100025
bout_phase,dem_untriggered,18,86.0,0.08376476055693989
bout_phase,dem_untriggered,18,87.0,0.10521685847041966
bout_phase,dem_untriggered,18,88.0,0.13969960066862352
bout_phase,dem_untriggered,18,89.0,0.212482229257468
bout_phase,dem_untriggered,18,90.0,0.11324980278132514
bout_phase,dem_untriggered,18,91.0,0.10880035679326094
bout_phase,dem_untriggered,18,92.0,0.10206313431029601
bout_phase,dem_untriggered,18,93.0,0.1420542791098645
bout_phase,dem_untriggered,18,94.0,0.15284906872778886
bout_phase,dem_untriggered,18,95.0,0.11261277434766485
bout_phase,dem_untriggered,18,96.0,0.13084636942410305
bout_phase,dem_untriggered,18,97.0,0.12171526478751732
bout_phase,dem_untriggered,18,98.0,0.0955375087505004
bout_phase,dem_untriggered,18,99.0,0.06057130829513683
bout_phase,dem_untriggered,18,100.0,-0.02801046437339245
bout_phase,dem_untriggered,19,0.0,-0.03188122697314111
bout_phase,dem_untriggered,19,1.0,0.015345015752314606
bout_phase,dem_untriggered,19,2.0,0.16098813825761285
bout_phase,dem_untriggered,19,3.0,0.15530792518443268
bout_phase,dem_untriggered,19,4.0,0.1717301426427354
bout_phase,dem_untriggered,19,5.0,0.10471537342064882
bout_phase,dem_untriggered,19,6.0,0.10982744414775585
bout_phase,dem_untriggered,19,7.0,0.05478959638936062
bout_phase,dem_untriggered,19,8.0,-0.00812815749959834
bout_phase,dem_untriggered,19,9.0,0.150910359278717
bout_phase,dem_untriggered,19,10.0,0.19750717371944648
bout_phase,dem_untriggered,19,11.0,0.23660852142697864
bout_phase,dem_untriggered,19,12.0,0.1976475291331223
bout_phase,dem_untriggered,19,13.0,0.15895596253918504
bout_phase,dem_untriggered,19,14.0,0.16719950366348796
bout_phase,dem_untriggered,19,15.0,0.16685717684238785
bout_phase,dem_untriggered,19,16.0,0.145127114484922
bout_phase,dem_untriggered,19,17.0,0.18136828406436734
bout_phase,dem_untriggered,19,18.0,0.2442410462143912
bout_phase,dem_untriggered,19,19.0,0.19348088693486457
bout_phase,dem_untriggered,19,20.0,0.22636815114437603
bout_phase,dem_untriggered,19,21.0,0.11572106771333346
bout_phase,dem_untriggered,19,22.0,0.1203194344785297
bout_phase,dem_untriggered,19,23.0,0.04198617115787793
bout_phase,dem_untriggered,19,24.0,0.09960250361774121
bout_phase,dem_untriggered,19,25.0,0.11614966903891231
bout_phase,dem_untriggered,19,26.0,0.0778549360110318
bout_phase,dem_untriggered,19,27.0,0.15278394963701994
bout_phase,dem_untriggered,19,28.0,0.1256949529967752
bout_phase,dem_untriggered,19,29.0,0.16198771289243866
bout_phase,dem_untriggered,19,30.0,0.14011784239980807
bout_phase,dem_untriggered,19,31.0,0.08339885073715904
bout_phase,dem_untriggered,19,32.0,0.12162293396466989
bout_phase,dem_untriggered,19,33.0,0.09495200771710603
bout_phase,dem_untriggered,19,34.0,0.05555185097330175
bout_phase,dem_untriggered,19,35.0,0.13527930200785307
bout_phase,dem_untriggered,19,36.0,0.1417094168353909
bout_phase,dem_untriggered,19,37.0,0.10758472285533478
bout_phase,dem_untriggered,19,38.0,0.18508580229776792
bout_phase,dem_untriggered,19,39.0,0.10052050234525416
bout_phase,dem_untriggered,19,40.0,0.15908559866742736
bout_phase,dem_untriggered,19,41.0,0.15142699035340965
bout_phase,dem_untriggered,19,42.0,0.22445522099264517
bout_phase,dem_untriggered,19,43.0,0.19606836929250576
bout_phase,dem_untriggered,19,44.0,0.18179538260181866
bout_phase,dem_untriggered,19,45.0,0.192882380585626
bout_phase,dem_untriggered,19,46.0,0.059763905674619616
bout_phase,dem_untriggered,19,47.0,0.2465759687434128
bout_phase,dem_untriggered,19,48.0,0.1741402924782168
bout_phase,dem_untriggered,19,49.0,0.13784248673381205
bout_phase,dem_untriggered,19,50.0,0.21541390815395617
bout_phase,dem_untriggered,19,51.0,0.17830636672871747
bout_phase,dem_untriggered,19,52.0,0.13587194459217267
bout_phase,dem_untriggered,19,53.0,0.14786992131088528
bout_phase,dem_untriggered,19,54.0,0.200001554484876
bout_phase,dem_untriggered,19,55.0,0.19532495148064472
bout_phase,dem_untriggered,19,56.0,0.21202507850381516
bout_phase,dem_untriggered,19,57.0,0.3815573661764527
bout_phase,dem_untriggered,19,58.0,0.19680982179455672
bout_phase,dem_untriggered,19,59.0,0.21847070425699955
bout_phase,dem_untriggered,19,60.0,0.24927328115483918
bout_phase,dem_untriggered,19,61.0,0.25565659838484506
bout_phase,dem_untriggered,19,62.0,0.17081190895140422
bout_phase,dem_untriggered,19,63.0,0.11887222388741467
bout_phase,dem_untriggered,19,64.0,0.21029416202184678
bout_phase,dem_untriggered,19,65.0,0.153844233061807
bout_phase,dem_untriggered,19,66.0,0.09710094568464198
bout_phase,dem_untriggered,19,67.0,0.09381979740628674
bout_phase,dem_untriggered,19,68.0,0.07614479419124019
bout_phase,dem_untriggered,19,69.0,0.20042119779429454
bout_phase,dem_untriggered,19,70.0,0.25592989930291665
bout_phase,dem_untriggered,19,71.0,0.2291728802003292
bout_phase,dem_untriggered,19,72.0,0.20186861204983136
bout_phase,dem_untriggered,19,73.0,0.2126679114072243
bout_phase,dem_untriggered,19,74.0,0.14575774646331202
bout_phase,dem_untriggered,19,75.0,0.24184668488696034
bout_phase,dem_untriggered,19,76.0,0.23247024829908638
bout_phase,dem_untriggered,19,77.0,0.2921336264529325
bout_phase,dem_untriggered,19,78.0,0.19279933986132214
bout_phase,dem_untriggered,19,79.0,0.13688548215442992
bout_phase,dem_untriggered,19,80.0,0.14228774500613967
bout_phase,dem_untriggered,19,81.0,0.15098348796067876
bout_phase,dem_untriggered,19,82.0,0.12759192539909797
bout_phase,dem_untriggered,19,83.0,0.15342919658638018
bout_phase,dem_untriggered,19,84.0,0.1933961917171268
bout_phase,dem_untriggered,19,85.0,0.2656154285470162
bout_phase,dem_untriggered,19,86.0,0.17376415417067057
bout_phase,dem_untriggered,19,87.0,0.054384041895689565
bout_phase,dem_untriggered,19,88.0,0.12817150838352961
bout_phase,dem_untriggered,19,89.0,0.11860759080758866
bout_phase,dem_untriggered,19,90.0,0.17904452620892794
bout_phase,dem_untriggered,19,91.0,0.14117937373008
bout_phase,dem_untriggered,19,92.0,0.06160396904919792
bout_phase,dem_untriggered,19,93.0,0.061620156714180904
bout_phase,dem_untriggered,19,94.0,0.11042433767593422
bout_phase,dem_untriggered,19,95.0,0.13095621488917042
bout_phase,dem_untriggered,19,96.0,-0.03083774453809658
bout_phase,dem_untriggered,19,97.0,-0.042606815119231096
bout_phase,dem_untriggered,19,98.0,0.011100062342022396
bout_phase,dem_untriggered,19,99.0,-0.11722411573248517
bout_phase,dem_untriggered,19,100.0,-0.17918806416797917
bout_phase,dem_untriggered,27,0.0,-0.16789355223186306
bout_phase,dem_untriggered,27,1.0,-0.04214879692379375
bout_phase,dem_untriggered,27,2.0,-0.061254470915433824
bout_phase,dem_untriggered,27,3.0,0.05418447721258592
bout_phase,dem_untriggered,27,4.0,-0.017501150982800567
bout_phase,dem_untriggered,27,5.0,0.0013569580133086453
bout_phase,dem_untriggered,27,6.0,-0.02289284096144791
bout_phase,dem_untriggered,27,7.0,-0.06692383618841599
bout_phase,dem_untriggered,27,8.0,0.007081067232925726
bout_phase,dem_untriggered,27,9.0,0.037444822370496365
bout_phase,dem_untriggered,27,10.0,0.042873988560914796
bout_phase,dem_untriggered,27,11.0,0.10882918160526757
bout_phase,dem_untriggered,27,12.0,0.05844149000900192
bout_phase,dem_untriggered,27,13.0,0.1374437694282424
bout_phase,dem_untriggered,27,14.0,0.15589243273655515
bout_phase,dem_untriggered,27,15.0,0.1713930952310933
bout_phase,dem_untriggered,27,16.0,0.10024906005168294
bout_phase,dem_untriggered,27,17.0,0.1556631104981691
bout_phase,dem_untriggered,27,18.0,0.047967551432322786
bout_phase,dem_untriggered,27,19.0,0.011185838555296762
bout_phase,dem_untriggered,27,20.0,0.06092109068794035
bout_phase,dem_untriggered,27,21.0,0.28910886897657584
bout_phase,dem_untriggered,27,22.0,0.19869005484636035
bout_phase,dem_untriggered,27,23.0,0.10200733218124143
bout_phase,dem_untriggered,27,24.0,0.14079223544501893
bout_phase,dem_untriggered,27,25.0,0.14958186273763655
bout_phase,dem_untriggered,27,26.0,0.04354230244556057
bout_phase,dem_untriggered,27,27.0,0.07130130988333577
bout_phase,dem_untriggered,27,28.0,-0.05153841838300761
bout_phase,dem_untriggered,27,29.0,-0.07380722035930061
bout_phase,dem_untriggered,27,30.0,-0.11327957753342185
bout_phase,dem_untriggered,27,31.0,0.009586017204518998
bout_phase,dem_untriggered,27,32.0,-0.048500515747693596
bout_phase,dem_untriggered,27,33.0,-0.03295360244776214
bout_phase,dem_untriggered,27,34.0,-0.040023279405799764
bout_phase,dem_untriggered,27,35.0,0.08580987581593813
bout_phase,dem_untriggered,27,36.0,0.07711166441704048
bout_phase,dem_untriggered,27,37.0,0.12657072409170686
bout_phase,dem_untriggered,27,38.0,0.054361870088344214
bout_phase,dem_untriggered,27,39.0,0.14080245087086116
bout_phase,dem_untriggered,27,40.0,0.09729985878280278
bout_phase,dem_untriggered,27,41.0,0.01995840422414896
bout_phase,dem_untriggered,27,42.0,0.15326694178107242
bout_phase,dem_untriggered,27,43.0,0.060368083403374566
bout_phase,dem_untriggered,27,44.0,0.03796767470533651
bout_phase,dem_untriggered,27,45.0,-0.03193040388462992
bout_phase,dem_untriggered,27,46.0,-0.00952715770859156
bout_phase,dem_untriggered,27,47.0,0.03583325168334246
bout_phase,dem_untriggered,27,48.0,-0.121862547028742
bout_phase,dem_untriggered,27,49.0,-0.07075677638741078
bout_phase,dem_untriggered,27,50.0,-0.02477935507614529
bout_phase,dem_untriggered,27,51.0,0.08842214251089774
bout_phase,dem_untriggered,27,52.0,0.13538310677328536
bout_phase,dem_untriggered,27,53.0,0.15546952823934468
bout_phase,dem_untriggered,27,54.0,0.06987604481414993
bout_phase,dem_untriggered,27,55.0,0.0422341608668535
bout_phase,dem_untriggered,27,56.0,0.19465438503793606
bout_phase,dem_untriggered,27,57.0,0.1798363652066191
bout_phase,dem_untriggered,27,58.0,0.026888826788824365
bout_phase,dem_untriggered,27,59.0,-0.02098574132253153
bout_phase,dem_untriggered,27,60.0,0.010738844885759867
bout_phase,dem_untriggered,27,61.0,0.08277128521168069
bout_phase,dem_untriggered,27,62.0,-0.07216562419099815
bout_phase,dem_untriggered,27,63.0,0.018980719002291355
bout_phase,dem_untriggered,27,64.0,0.07560056897499849
bout_phase,dem_untriggered,27,65.0,0.1485242809311519
bout_phase,dem_untriggered,27,66.0,0.11456443161418019
bout_phase,dem_untriggered,27,67.0,0.10256921092040107
bout_phase,dem_untriggered,27,68.0,0.035165898916441465
bout_phase,dem_untriggered,27,69.0,0.09080922416659103
bout_phase,dem_untriggered,27,70.0,0.08727660372581034
bout_phase,dem_untriggered,27,71.0,-0.011071601211145787
bout_phase,dem_untriggered,27,72.0,0.07838742747654906
bout_phase,dem_untriggered,27,73.0,0.11377199287558343
bout_phase,dem_untriggered,27,74.0,-0.011810167361057795
bout_phase,dem_untriggered,27,75.0,-0.03918356130106389
bout_phase,dem_untriggered,27,76.0,0.029969876375225277
bout_phase,dem_untriggered,27,77.0,0.006332571056808989
bout_phase,dem_untriggered,27,78.0,-0.04978017606031586
bout_phase,dem_untriggered,27,79.0,0.017534976026673754
bout_phase,dem_untriggered,27,80.0,0.08115162403143274
bout_phase,dem_untriggered,27,81.0,0.09476504492767997
bout_phase,dem_untriggered,27,82.0,0.08387886085514581
bout_phase,dem_untriggered,27,83.0,0.07266794170632998
bout_phase,dem_untriggered,27,84.0,0.10885947080533317
bout_phase,dem_untriggered,27,85.0,0.12794838694426464
bout_phase,dem_untriggered,27,86.0,0.12544180149272366
bout_phase,dem_untriggered,27,87.0,0.15441920104011192
bout_phase,dem_untriggered,27,88.0,0.1267845213175774
bout_phase,dem_untriggered,27,89.0,0.12976130929344704
bout_phase,dem_untriggered,27,90.0,0.15277665296746074
bout_phase,dem_untriggered,27,91.0,0.18269329551829933
bout_phase,dem_untriggered,27,92.0,0.18510305825705164
bout_phase,dem_untriggered,27,93.0,0.22621022650887845
bout_phase,dem_untriggered,27,94.0,0.23607166926582726
bout_phase,dem_untriggered,27,95.0,0.2422360751303585
bout_phase,dem_untriggered,27,96.0,0.4122380400400776
bout_phase,dem_untriggered,27,97.0,0.4518416362526977
bout_phase,dem_untriggered,27,98.0,0.5305975661301605
bout_phase,dem_untriggered,27,99.0,0.662886194627104
bout_phase,dem_untriggered,27,100.0,0.6678147449552089
bout_phase,dem_untriggered,35,0.0,0.11566020758353023
bout_phase,dem_untriggered,35,1.0,0.2258247419279967
bout_phase,dem_untriggered,35,2.0,0.12633785018609933
bout_phase,dem_untriggered,35,3.0,0.38743281309359845
bout_phase,dem_untriggered,35,4.0,0.2877842330936472
bout_phase,dem_untriggered,35,5.0,0.23239163973846028
bout_phase,dem_untriggered,35,6.0,-0.010014756530635919
bout_phase,dem_untriggered,35,7.0,0.12176560873298369
bout_phase,dem_untriggered,35,8.0,0.166096484529063
bout_phase,dem_untriggered,35,9.0,0.2783624336352104
bout_phase,dem_untriggered,35,10.0,0.31122817994618174
bout_phase,dem_untriggered,35,11.0,0.3610227919428549
bout_phase,dem_untriggered,35,12.0,0.46565045445401887
bout_phase,dem_untriggered,35,13.0,0.5653895796812921
bout_phase,dem_untriggered,35,14.0,0.28984111374863597
bout_phase,dem_untriggered,35,15.0,0.2169097637207436
bout_phase,dem_untriggered,35,16.0,0.14417517037180533
bout_phase,dem_untriggered,35,17.0,0.2249949910409353
bout_phase,dem_untriggered,35,18.0,0.30458795158297164
bout_phase,dem_untriggered,35,19.0,0.3172251653802445
bout_phase,dem_untriggered,35,20.0,0.27688059596073455
bout_phase,dem_untriggered,35,21.0,0.28571053159185383
bout_phase,dem_untriggered,35,22.0,0.3279648246454461
bout_phase,dem_untriggered,35,23.0,0.2876526638239489
bout_phase,dem_untriggered,35,24.0,0.19864040382233838
bout_phase,dem_untriggered,35,25.0,0.2527797405679924
bout_phase,dem_untriggered,35,26.0,0.22081035051968956
bout_phase,dem_untriggered,35,27.0,0.20714539128997636
bout_phase,dem_untriggered,35,28.0,0.35218325635051984
bout_phase,dem_untriggered,35,29.0,0.37842821838363944
bout_phase,dem_untriggered,35,30.0,0.36083010571862184
bout_phase,dem_untriggered,35,31.0,0.387865898915269
bout_phase,dem_untriggered,35,32.0,0.40543427221066974
bout_phase,dem_untriggered,35,33.0,0.4929011527793436
bout_phase,dem_untriggered,35,34.0,0.49995284657902256
bout_phase,dem_untriggered,35,35.0,0.29436962433458824
bout_phase,dem_untriggered,35,36.0,0.2904368193291065
bout_phase,dem_untriggered,35,37.0,0.3557190485499058
bout_phase,dem_untriggered,35,38.0,0.3196364247985857
bout_phase,dem_untriggered,35,39.0,0.21251433374090842
bout_phase,dem_untriggered,35,40.0,0.17308892559560488
bout_phase,dem_untriggered,35,41.0,0.3268095897283928
bout_phase,dem_untriggered,35,42.0,0.2157370118193154
bout_phase,dem_untriggered,35,43.0,0.08524897138042997
bout_phase,dem_untriggered,35,44.0,0.23977347566325388
bout_phase,dem_untriggered,35,45.0,0.13627715606933896
bout_phase,dem_untriggered,35,46.0,0.17822172111066664
bout_phase,dem_untriggered,35,47.0,0.10469054064800243
bout_phase,dem_untriggered,35,48.0,0.2486048526441811
bout_phase,dem_untriggered,35,49.0,0.261601034850957
bout_phase,dem_untriggered,35,50.0,0.19463228790853002
bout_phase,dem_untriggered,35,51.0,0.1969849198270018
bout_phase,dem_untriggered,35,52.0,0.3058755025130047
bout_phase,dem_untriggered,35,53.0,0.19278120863117587
bout_phase,dem_untriggered,35,54.0,-0.024752251687136295
bout_phase,dem_untriggered,35,55.0,0.15575655013448236
bout_phase,dem_untriggered,35,56.0,0.1261786482765836
bout_phase,dem_untriggered,35,57.0,0.09717447039905945
bout_phase,dem_untriggered,35,58.0,0.27834644830600036
bout_phase,dem_untriggered,35,59.0,0.20393464237584624
bout_phase,dem_untriggered,35,60.0,0.18917902904769623
bout_phase,dem_untriggered,35,61.0,0.22515303404439094
bout_phase,dem_untriggered,35,62.0,0.09108640746710461
bout_phase,dem_untriggered,35,63.0,0.11829972936438488
bout_phase,dem_untriggered,35,64.0,0.33915941921739706
bout_phase,dem_untriggered,35,65.0,0.34370994108935676
bout_phase,dem_untriggered,35,66.0,0.47574146772174564
bout_phase,dem_untriggered,35,67.0,0.33031966773603266
bout_phase,dem_untriggered,35,68.0,0.35323185035509885
bout_phase,dem_untriggered,35,69.0,0.33357492574870784
bout_phase,dem_untriggered,35,70.0,0.3076286986693549
bout_phase,dem_untriggered,35,71.0,0.24283516729659638
bout_phase,dem_untriggered,35,72.0,0.2140183164131175
bout_phase,dem_untriggered,35,73.0,0.19685162303887355
bout_phase,dem_untriggered,35,74.0,0.289055831186554
bout_phase,dem_untriggered,35,75.0,0.39086959934996285
bout_phase,dem_untriggered,35,76.0,0.30999951579500507
bout_phase,dem_untriggered,35,77.0,0.36027037517054994
bout_phase,dem_untriggered,35,78.0,0.2707131490931494
bout_phase,dem_untriggered,35,79.0,0.2401244574727354
bout_phase,dem_untriggered,35,80.0,0.38703723423008357
bout_phase,dem_untriggered,35,81.0,0.29997319063025824
bout_phase,dem_untriggered,35,82.0,0.14934325669156823
bout_phase,dem_untriggered,35,83.0,0.21208345494109673
bout_phase,dem_untriggered,35,84.0,0.3091742033310005
bout_phase,dem_untriggered,35,85.0,0.3445655480317436
bout_phase,dem_untriggered,35,86.0,0.2847129198203433
bout_phase,dem_untriggered,35,87.0,0.1766527640408977
bout_phase,dem_untriggered,35,88.0,0.30395559781931203
bout_phase,dem_untriggered,35,89.0,0.2033001174758316
bout_phase,dem_untriggered,35,90.0,0.21582282632080843
bout_phase,dem_untriggered,35,91.0,0.16446049778028624
bout_phase,dem_untriggered,35,92.0,0.28932685573502276
bout_phase,dem_untriggered,35,93.0,0.23140848608135894
bout_phase,dem_untriggered,35,94.0,0.30041585562834977
bout_phase,dem_untriggered,35,95.0,0.21819144589694559
bout_phase,dem_untriggered,35,96.0,0.29348076844636994
bout_phase,dem_untriggered,35,97.0,0.3847361231795898
bout_phase,dem_untriggered,35,98.0,0.32899529540584005
bout_phase,dem_untriggered,35,99.0,0.32221132058301005
bout_phase,dem_untriggered,35,100.0,0.13332501063732055
bout_phase,observer_feeding,1,0.0,-0.03804888178358423
bout_phase,observer_feeding,1,1.0,-0.03258633548814154
bout_phase,observer_feeding,1,2.0,-0.05307229037100887
bout_phase,observer_feeding,1,3.0,-0.08496049729521714
bout_phase,observer_feeding,1,4.0,-0.07940636422013207
bout_phase,observer_feeding,1,5.0,-0.025167661062845115
bout_phase,observer_feeding,1,6.0,-0.012783836468289582
bout_phase,observer_feeding,1,7.0,0.011116817727256546
bout_phase,observer_feeding,1,8.0,0.048358816674796
bout_phase,observer_feeding,1,9.0,0.08595109035226144
bout_phase,observer_feeding,1,10.0,0.11325790171864321
bout_phase,observer_feeding,1,11.0,0.12219578216922755
bout_phase,observer_feeding,1,12.0,0.12272696133469961
bout_phase,observer_feeding,1,13.0,0.09339566715280193
bout_phase,observer_feeding,1,14.0,0.05400911445529197
bout_phase,observer_feeding,1,15.0,0.1062353075338365
bout_phase,observer_feeding,1,16.0,0.07828921161287906
bout_phase,observer_feeding,1,17.0,0.07129492776576138
bout_phase,observer_feeding,1,18.0,0.12787960101423843
bout_phase,observer_feeding,1,19.0,0.12744981245149842
bout_phase,observer_feeding,1,20.0,0.13626125082228582
bout_phase,observer_feeding,1,21.0,0.09430153450121603
bout_phase,observer_feeding,1,22.0,0.05737582043454845
bout_phase,observer_feeding,1,23.0,0.05029304000680706
bout_phase,observer_feeding,1,24.0,0.06936818067543651
bout_phase,observer_feeding,1,25.0,0.07370752750821193
bout_phase,observer_feeding,1,26.0,0.10920223315318352
bout_phase,observer_feeding,1,27.0,0.11808153795238537
bout_phase,observer_feeding,1,28.0,0.1031471982257435
bout_phase,observer_feeding,1,29.0,0.051197709894616784
bout_phase,observer_feeding,1,30.0,0.03459745462014469
bout_phase,observer_feeding,1,31.0,0.027286735687025106
bout_phase,observer_feeding,1,32.0,-0.0011678472016846857
bout_phase,observer_feeding,1,33.0,-0.027795076115219967
bout_phase,observer_feeding,1,34.0,0.037860371753110474
bout_phase,observer_feeding,1,35.0,0.031311102307043
bout_phase,observer_feeding,1,36.0,0.06291801574481766
bout_phase,observer_feeding,1,37.0,0.09391274475847208
bout_phase,observer_feeding,1,38.0,0.09913623607307938
bout_phase,observer_feeding,1,39.0,0.08870783597634319
bout_phase,observer_feeding,1,40.0,0.10950711592941613
bout_phase,observer_feeding,1,41.0,0.18177129915813567
bout_phase,observer_feeding,1,42.0,0.1964598517979681
bout_phase,observer_feeding,1,43.0,0.19935190047858775
bout_phase,observer_feeding,1,44.0,0.1907888453776243
bout_phase,observer_feeding,1,45.0,0.2160932241474916
bout_phase,observer_feeding,1,46.0,0.23688970877739227
bout_phase,observer_feeding,1,47.0,0.2250544225439508
bout_phase,observer_feeding,1,48.0,0.24290264048024948
bout_phase,observer_feeding,1,49.0,0.276308200895205
bout_phase,observer_feeding,1,50.0,0.30388015673598034
bout_phase,observer_feeding,1,51.0,0.29074928959198465
bout_phase,observer_feeding,1,52.0,0.28923254562466605
bout_phase,observer_feeding,1,53.0,0.2933213105837098
bout_phase,observer_feeding,1,54.0,0.2753703113775971
bout_phase,observer_feeding,1,55.0,0.23524145624577428
bout_phase,observer_feeding,1,56.0,0.23518039202831387
bout_phase,observer_feeding,1,57.0,0.2537500366855502
bout_phase,observer_feeding,1,58.0,0.1996731351850176
bout_phase,observer_feeding,1,59.0,0.18967435927828985
bout_phase,observer_feeding,1,60.0,0.17527058309808174
bout_phase,observer_feeding,1,61.0,0.19140006842669266
bout_phase,observer_feeding,1,62.0,0.14989718907703262
bout_phase,observer_feeding,1,63.0,0.11752659934991151
bout_phase,observer_feeding,1,64.0,0.15463676705050308
bout_phase,observer_feeding,1,65.0,0.15943655382342625
bout_phase,observer_feeding,1,66.0,0.15981409412093422
bout_phase,observer_feeding,1,67.0,0.17315918194675184
bout_phase,observer_feeding,1,68.0,0.14378992323512788
bout_phase,observer_feeding,1,69.0,0.14177424504477965
bout_phase,observer_feeding,1,70.0,0.14219554367022103
bout_phase,observer_feeding,1,71.0,0.1639844440961126
bout_phase,observer_feeding,1,72.0,0.15031212265444518
bout_phase,observer_feeding,1,73.0,0.14043639176377165
bout_phase,observer_feeding,1,74.0,0.16249524005187976
bout_phase,observer_feeding,1,75.0,0.1725514716194876
bout_phase,observer_feeding,1,76.0,0.20495655272766336
bout_phase,observer_feeding,1,77.0,0.20717267627095518
bout_phase,observer_feeding,1,78.0,0.18549221887651798
bout_phase,observer_feeding,1,79.0,0.2396816833236381
bout_phase,observer_feeding,1,80.0,0.24978954413264154
bout_phase,observer_feeding,1,81.0,0.2427741548436514
bout_phase,observer_feeding,1,82.0,0.19438314921031036
bout_phase,observer_feeding,1,83.0,0.05108655789114893
bout_phase,observer_feeding,1,84.0,0.04540783394648095
bout_phase,observer_feeding,1,85.0,0.016403791286002663
bout_phase,observer_feeding,1,86.0,0.04055073220225059
bout_phase,observer_feeding,1,87.0,0.035037493419686976
bout_phase,observer_feeding,1,88.0,0.04617640730171885
bout_phase,observer_feeding,1,89.0,0.06442797686641352
bout_phase,observer_feeding,1,90.0,0.09911547017225958
bout_phase,observer_feeding,1,91.0,0.08406937128813267
bout_phase,observer_feeding,1,92.0,0.10728399072172459
bout_phase,observer_feeding,1,93.0,0.10372176679826792
bout_phase,observer_feeding,1,94.0,0.11903326796717185
bout_phase,observer_feeding,1,95.0,0.08720079906876092
bout_phase,observer_feeding,1,96.0,0.14971973456118293
bout_phase,observer_feeding,1,97.0,0.15895959051780512
bout_phase,observer_feeding,1,98.0,0.18015609483348433
bout_phase,observer_feeding,1,99.0,0.19027664825263393
bout_phase,observer_feeding,1,100.0,0.18138097871494005
bout_phase,observer_feeding,3,0.0,1.1952402345837205
bout_phase,observer_feeding,3,1.0,1.062854820445383
bout_phase,observer_feeding,3,2.0,0.9342400710253441
bout_phase,observer_feeding,3,3.0,1.1003591025998345
bout_phase,observer_feeding,3,4.0,1.3730542023505183
bout_phase,observer_feeding,3,5.0,1.5421007941494334
bout_phase,observer_feeding,3,6.0,1.5199464572298447
bout_phase,observer_feeding,3,7.0,1.427283924982514
bout_phase,observer_feeding,3,8.0,1.3951674535121157
bout_phase,observer_feeding,3,9.0,1.271217493003615
bout_phase,observer_feeding,3,10.0,1.1658206075101016
bout_phase,observer_feeding,3,11.0,1.1396893846088154
bout_phase,observer_feeding,3,12.0,1.1741079252838906
bout_phase,observer_feeding,3,13.0,1.1092898531070667
bout_phase,observer_feeding,3,14.0,1.139149340919748
bout_phase,observer_feeding,3,15.0,1.1937485735543836
bout_phase,observer_feeding,3,16.0,1.1195412189928435
bout_phase,observer_feeding,3,17.0,1.0604033601823069
bout_phase,observer_feeding,3,18.0,0.9963755943467163
bout_phase,observer_feeding,3,19.0,1.0229903533852738
bout_phase,observer_feeding,3,20.0,0.9576379893621859
bout_phase,observer_feeding,3,21.0,0.9388190753476586
bout_phase,observer_feeding,3,22.0,0.8171695352868629
bout_phase,observer_feeding,3,23.0,0.8661990444041984
bout_phase,observer_feeding,3,24.0,0.8567464447788871
bout_phase,observer_feeding,3,25.0,0.8246380577185463
bout_phase,observer_feeding,3,26.0,0.8892745903401634
bout_phase,observer_feeding,3,27.0,0.8733300959114851
bout_phase,observer_feeding,3,28.0,0.9220276357631774
bout_phase,observer_feeding,3,29.0,0.7854334044392687
bout_phase,observer_feeding,3,30.0,0.8153373989434922
bout_phase,observer_feeding,3,31.0,0.8451476743477333
bout_phase,observer_feeding,3,32.0,0.7705020209166386
bout_phase,observer_feeding,3,33.0,0.7213283657821796
bout_phase,observer_feeding,3,34.0,0.6160620651650014
bout_phase,observer_feeding,3,35.0,0.5378877099475746
bout_phase,observer_feeding,3,36.0,0.6616569196125294
bout_phase,observer_feeding,3,37.0,0.6800419583596335
bout_phase,observer_feeding,3,38.0,0.673441058425067
bout_phase,observer_feeding,3,39.0,0.6567461305451934
bout_phase,observer_feeding,3,40.0,0.7503494663758767
bout_phase,observer_feeding,3,41.0,0.7916788691477702
bout_phase,observer_feeding,3,42.0,0.7414583696109255
bout_phase,observer_feeding,3,43.0,0.691116476579258
bout_phase,observer_feeding,3,44.0,0.5333926500155418
bout_phase,observer_feeding,3,45.0,0.5715708414986552
bout_phase,observer_feeding,3,46.0,0.5093208152540842
bout_phase,observer_feeding,3,47.0,0.6342336657844952
bout_phase,observer_feeding,3,48.0,0.6777509360246985
bout_phase,observer_feeding,3,49.0,0.719786390744874
bout_phase,observer_feeding,3,50.0,0.6695787624600038
bout_phase,observer_feeding,3,51.0,0.5519812552366702
bout_phase,observer_feeding,3,52.0,0.6277614943075132
bout_phase,observer_feeding,3,53.0,0.6134149752050281
bout_phase,observer_feeding,3,54.0,0.557125517561108
bout_phase,observer_feeding,3,55.0,0.4486257115199978
bout_phase,observer_feeding,3,56.0,0.4111102484368037
bout_phase,observer_feeding,3,57.0,0.2250834143232027
bout_phase,observer_feeding,3,58.0,0.320766572178412
bout_phase,observer_feeding,3,59.0,0.23920294917198132
bout_phase,observer_feeding,3,60.0,0.23465868619823346
bout_phase,observer_feeding,3,61.0,0.25322664709950465
bout_phase,observer_feeding,3,62.0,0.15659698730937
bout_phase,observer_feeding,3,63.0,0.1888331116697077
bout_phase,observer_feeding,3,64.0,0.1604691744255545
bout_phase,observer_feeding,3,65.0,0.14792503538880827
bout_phase,observer_feeding,3,66.0,0.19562149578741364
bout_phase,observer_feeding,3,67.0,0.02319957001324288
bout_phase,observer_feeding,3,68.0,0.09748540464276279
bout_phase,observer_feeding,3,69.0,0.20496089833124692
bout_phase,observer_feeding,3,70.0,0.24174983086901636
bout_phase,observer_feeding,3,71.0,0.20216719897965213
bout_phase,observer_feeding,3,72.0,0.14047939240360807
bout_phase,observer_feeding,3,73.0,0.26075461768184904
bout_phase,observer_feeding,3,74.0,0.14339090837088211
bout_phase,observer_feeding,3,75.0,0.09831139606505622
bout_phase,observer_feeding,3,76.0,0.05466564477057884
bout_phase,observer_feeding,3,77.0,0.035592658282561376
bout_phase,observer_feeding,3,78.0,0.047579442078321446
bout_phase,observer_feeding,3,79.0,0.10266038284917443
bout_phase,observer_feeding,3,80.0,0.10519359116587394
bout_phase,observer_feeding,3,81.0,0.05797284041009104
bout_phase,observer_feeding,3,82.0,0.07379475137469654
bout_phase,observer_feeding,3,83.0,0.17483641393517924
bout_phase,observer_feeding,3,84.0,0.19044066104684154
bout_phase,observer_feeding,3,85.0,0.17306293075181137
bout_phase,observer_feeding,3,86.0,0.10610445134889046
bout_phase,observer_feeding,3,87.0,0.1869387617513217
bout_phase,observer_feeding,3,88.0,0.1492107996569799
bout_phase,observer_feeding,3,89.0,0.09130681398420586
bout_phase,observer_feeding,3,90.0,0.03419514496848388
bout_phase,observer_feeding,3,91.0,0.38730114700242074
bout_phase,observer_feeding,3,92.0,0.26531356789789184
bout_phase,observer_feeding,3,93.0,0.3468785598868538
bout_phase,observer_feeding,3,94.0,0.3620189599798628
bout_phase,observer_feeding,3,95.0,0.41107805104256573
bout_phase,observer_feeding,3,96.0,0.47263424059536596
bout_phase,observer_feeding,3,97.0,0.5837731758951701
bout_phase,observer_feeding,3,98.0,0.5682080027026755
bout_phase,observer_feeding,3,99.0,0.8428014706944286
bout_phase,observer_feeding,3,100.0,1.0773680915146482
bout_phase,observer_feeding,4,0.0,0.6490329996215469
bout_phase,observer_feeding,4,1.0,0.4873692182443646
bout_phase,observer_feeding,4,2.0,0.45220107051404906
bout_phase,observer_feeding,4,3.0,0.561399435166674
bout_phase,observer_feeding,4,4.0,0.870515781363007
bout_phase,observer_feeding,4,5.0,0.9303008554620122
bout_phase,observer_feeding,4,6.0,0.8116288505831109
bout_phase,observer_feeding,4,7.0,0.7463698479182811
bout_phase,observer_feeding,4,8.0,0.49084118057054166
bout_phase,observer_feeding,4,9.0,0.38649504264182283
bout_phase,observer_feeding,4,10.0,0.27550852803977677
bout_phase,observer_feeding,4,11.0,0.21979641347196674
bout_phase,observer_feeding,4,12.0,0.26003917392463494
bout_phase,observer_feeding,4,13.0,0.27329016927970706
bout_phase,observer_feeding,4,14.0,0.07462426109817148
bout_phase,observer_feeding,4,15.0,-0.11454351368032739
bout_phase,observer_feeding,4,16.0,-0.08769575468002883
bout_phase,observer_feeding,4,17.0,-0.08975198720972173
bout_phase,observer_feeding,4,18.0,-0.09190363027040205
bout_phase,observer_feeding,4,19.0,-0.05310639783416511
bout_phase,observer_feeding,4,20.0,-0.08330613298121443
bout_phase,observer_feeding,4,21.0,0.008332775125086542
bout_phase,observer_feeding,4,22.0,0.030003925891818453
bout_phase,observer_feeding,4,23.0,0.0605163235499301
bout_phase,observer_feeding,4,24.0,-0.07645688386797775
bout_phase,observer_feeding,4,25.0,-0.00679272955470335
bout_phase,observer_feeding,4,26.0,-0.07237996920419669
bout_phase,observer_feeding,4,27.0,-0.07190892904523004
bout_phase,observer_feeding,4,28.0,0.023047523768375048
bout_phase,observer_feeding,4,29.0,0.03335815585647837
bout_phase,observer_feeding,4,30.0,0.013069033714124873
bout_phase,observer_feeding,4,31.0,-0.03174025111827954
bout_phase,observer_feeding,4,32.0,0.02710037756285072
bout_phase,observer_feeding,4,33.0,-0.013187567051431695
bout_phase,observer_feeding,4,34.0,-0.022486336412884243
bout_phase,observer_feeding,4,35.0,-0.04504847679855461
bout_phase,observer_feeding,4,36.0,-0.09964793259209545
bout_phase,observer_feeding,4,37.0,-0.10612575198124984
bout_phase,observer_feeding,4,38.0,-0.06746504067549107
bout_phase,observer_feeding,4,39.0,0.004887033552398222
bout_phase,observer_feeding,4,40.0,-0.07694413017959728
bout_phase,observer_feeding,4,41.0,-0.03446708745958013
bout_phase,observer_feeding,4,42.0,0.0005576718915826341
bout_phase,observer_feeding,4,43.0,0.009139883792108536
bout_phase,observer_feeding,4,44.0,-0.09572780915472799
bout_phase,observer_feeding,4,45.0,-0.11475516420157265
bout_phase,observer_feeding,4,46.0,-0.13182854816004036
bout_phase,observer_feeding,4,47.0,-0.1621369717297557
bout_phase,observer_feeding,4,48.0,-0.08681439275057592
bout_phase,observer_feeding,4,49.0,-0.10106963853081588
bout_phase,observer_feeding,4,50.0,-0.1521182134731959
bout_phase,observer_feeding,4,51.0,-0.21254177590259996
bout_phase,observer_feeding,4,52.0,-0.2342492211963962
bout_phase,observer_feeding,4,53.0,-0.24692775599154304
bout_phase,observer_feeding,4,54.0,-0.15160245226434546
bout_phase,observer_feeding,4,55.0,-0.20662952511879693
bout_phase,observer_feeding,4,56.0,-0.16129216338398047
bout_phase,observer_feeding,4,57.0,-0.11058692660704708
bout_phase,observer_feeding,4,58.0,-0.09134617737240454
bout_phase,observer_feeding,4,59.0,-0.15943454330274254
bout_phase,observer_feeding,4,60.0,-0.18840085114987296
bout_phase,observer_feeding,4,61.0,-0.1438561458051675
bout_phase,observer_feeding,4,62.0,-0.16150654261191236
bout_phase,observer_feeding,4,63.0,-0.028096801390921054
bout_phase,observer_feeding,4,64.0,-0.02611542204618
bout_phase,observer_feeding,4,65.0,0.02569870671527068
bout_phase,observer_feeding,4,66.0,-0.013521463671504998
bout_phase,observer_feeding,4,67.0,-0.002415322275002787
bout_phase,observer_feeding,4,68.0,-0.10823681997354426
bout_phase,observer_feeding,4,69.0,-0.11663554299740203
bout_phase,observer_feeding,4,70.0,-0.23276391216687065
bout_phase,observer_feeding,4,71.0,-0.19561703265102315
bout_phase,observer_feeding,4,72.0,-0.18035342379428806
bout_phase,observer_feeding,4,73.0,-0.25963045218876407
bout_phase,observer_feeding,4,74.0,-0.19590113749934485
bout_phase,observer_feeding,4,75.0,-0.20236912025046952
bout_phase,observer_feeding,4,76.0,-0.21274529575091541
bout_phase,observer_feeding,4,77.0,-0.17821794929539977
bout_phase,observer_feeding,4,78.0,-0.08585709196119198
bout_phase,observer_feeding,4,79.0,-0.17084871802441284
bout_phase,observer_feeding,4,80.0,-0.11292844537331612
bout_phase,observer_feeding,4,81.0,-0.16006825080462422
bout_phase,observer_feeding,4,82.0,-0.11311327163953551
bout_phase,observer_feeding,4,83.0,-0.1286213664329275
bout_phase,observer_feeding,4,84.0,-0.10480266082676583
bout_phase,observer_feeding,4,85.0,-0.1986630916531342
bout_phase,observer_feeding,4,86.0,-0.243917650669903
bout_phase,observer_feeding,4,87.0,-0.22056375032799125
bout_phase,observer_feeding,4,88.0,-0.24586221246433382
bout_phase,observer_feeding,4,89.0,-0.2250016132283872
bout_phase,observer_feeding,4,90.0,-0.09101072201093698
bout_phase,observer_feeding,4,91.0,-0.12566724488994976
bout_phase,observer_feeding,4,92.0,-0.06752823326056466
bout_phase,observer_feeding,4,93.0,-0.08654623393183081
bout_phase,observer_feeding,4,94.0,-0.133690878173809
bout_phase,observer_feeding,4,95.0,-0.048122112724958074
bout_phase,observer_feeding,4,96.0,0.24700571516979303
bout_phase,observer_feeding,4,97.0,0.34371618758206546
bout_phase,observer_feeding,4,98.0,0.49136661779686797
bout_phase,observer_feeding,4,99.0,0.29511449554150554
bout_phase,observer_feeding,4,100.0,0.2511430639200711
bout_phase,observer_feeding,5,0.0,0.2283103074060278
bout_phase,observer_feeding,5,1.0,0.15373317923007693
bout_phase,observer_feeding,5,2.0,0.41002731034592094
bout_phase,observer_feeding,5,3.0,0.5945127908149661
bout_phase,observer_feeding,5,4.0,0.663497891687985
bout_phase,observer_feeding,5,5.0,0.8630409828169395
bout_phase,observer_feeding,5,6.0,1.0363229714786908
bout_phase,observer_feeding,5,7.0,1.0279339311543043
bout_phase,observer_feeding,5,8.0,1.0712940156349164
bout_phase,observer_feeding,5,9.0,0.9943039389749871
bout_phase,observer_feeding,5,10.0,0.906387909940741
bout_phase,observer_feeding,5,11.0,0.8206556242693415
bout_phase,observer_feeding,5,12.0,0.7574677486715539
bout_phase,observer_feeding,5,13.0,0.7130682406398398
bout_phase,observer_feeding,5,14.0,0.6266331015024261
bout_phase,observer_feeding,5,15.0,0.5469063187609489
bout_phase,observer_feeding,5,16.0,0.5443578880606775
bout_phase,observer_feeding,5,17.0,0.5083427733304176
bout_phase,observer_feeding,5,18.0,0.4711199936010491
bout_phase,observer_feeding,5,19.0,0.48908307636097775
bout_phase,observer_feeding,5,20.0,0.4539041696351171
bout_phase,observer_feeding,5,21.0,0.4925706129377015
bout_phase,observer_feeding,5,22.0,0.4667413559344366
bout_phase,observer_feeding,5,23.0,0.3799609027880032
bout_phase,observer_feeding,5,24.0,0.19205104170754142
bout_phase,observer_feeding,5,25.0,0.20192951062936165
bout_phase,observer_feeding,5,26.0,0.2768491636780212
bout_phase,observer_feeding,5,27.0,0.1500522185398003
bout_phase,observer_feeding,5,28.0,0.12407578408583318
bout_phase,observer_feeding,5,29.0,0.1103562445228289
bout_phase,observer_feeding,5,30.0,0.05777037960723031
bout_phase,observer_feeding,5,31.0,0.03454591238113154
bout_phase,observer_feeding,5,32.0,0.045788524827979474
bout_phase,observer_feeding,5,33.0,0.09324168147032184
bout_phase,observer_feeding,5,34.0,0.14838516614609001
bout_phase,observer_feeding,5,35.0,0.04921021056862074
bout_phase,observer_feeding,5,36.0,0.07519742910800291
bout_phase,observer_feeding,5,37.0,0.07497250243339637
bout_phase,observer_feeding,5,38.0,0.08947957788160885
bout_phase,observer_feeding,5,39.0,0.14764717243070588
bout_phase,observer_feeding,5,40.0,0.2396467904997604
bout_phase,observer_feeding,5,41.0,0.2377343872085868
bout_phase,observer_feeding,5,42.0,0.10380840991187626
bout_phase,observer_feeding,5,43.0,0.09978586947457532
bout_phase,observer_feeding,5,44.0,0.10102562432795172
bout_phase,observer_feeding,5,45.0,0.1132767641344115
bout_phase,observer_feeding,5,46.0,0.12116664288429568
bout_phase,observer_feeding,5,47.0,0.05728989518674742
bout_phase,observer_feeding,5,48.0,0.08044678911346052
bout_phase,observer_feeding,5,49.0,0.052783570535295796
bout_phase,observer_feeding,5,50.0,0.01090924654589379
bout_phase,observer_feeding,5,51.0,0.02946545300373196
bout_phase,observer_feeding,5,52.0,0.013271879069751573
bout_phase,observer_feeding,5,53.0,0.05458623715044639
bout_phase,observer_feeding,5,54.0,0.08780221204159014
bout_phase,observer_feeding,5,55.0,0.01773101382148464
bout_phase,observer_feeding,5,56.0,-0.014179116140466366
bout_phase,observer_feeding,5,57.0,0.015968389184102805
bout_phase,observer_feeding,5,58.0,-1.6626471239480177e-05
bout_phase,observer_feeding,5,59.0,0.09009249680550635
bout_phase,observer_feeding,5,60.0,0.01929903335553602
bout_phase,observer_feeding,5,61.0,-0.13620272204479497
bout_phase,observer_feeding,5,62.0,-0.16096458302576008
bout_phase,observer_feeding,5,63.0,-0.14496874300918533
bout_phase,observer_feeding,5,64.0,-0.15698437610573437
bout_phase,observer_feeding,5,65.0,0.030854021328101798
bout_phase,observer_feeding,5,66.0,-0.08140257640419363
bout_phase,observer_feeding,5,67.0,-0.12570151969888285
bout_phase,observer_feeding,5,68.0,-0.07689469296454246
bout_phase,observer_feeding,5,69.0,-0.07656743633578919
bout_phase,observer_feeding,5,70.0,-0.0697192002548158
bout_phase,observer_feeding,5,71.0,-0.037363320632981714
bout_phase,observer_feeding,5,72.0,-0.02753874859472473
bout_phase,observer_feeding,5,73.0,-0.10012988056946781
bout_phase,observer_feeding,5,74.0,-0.05623587118645078
bout_phase,observer_feeding,5,75.0,-0.06753290220412402
bout_phase,observer_feeding,5,76.0,-0.05528458141320448
bout_phase,observer_feeding,5,77.0,-0.08377486619228638
bout_phase,observer_feeding,5,78.0,-0.08783488608249891
bout_phase,observer_feeding,5,79.0,-0.10122387918324
bout_phase,observer_feeding,5,80.0,-0.10888509332074972
bout_phase,observer_feeding,5,81.0,-0.12246250543942896
bout_phase,observer_feeding,5,82.0,-0.17069683940214403
bout_phase,observer_feeding,5,83.0,-0.1269294928990868
bout_phase,observer_feeding,5,84.0,-0.12085784260726713
bout_phase,observer_feeding,5,85.0,-0.145835696632444
bout_phase,observer_feeding,5,86.0,-0.13324419605387006
bout_phase,observer_feeding,5,87.0,-0.1371168493685111
bout_phase,observer_feeding,5,88.0,-0.18208452295404093
bout_phase,observer_feeding,5,89.0,-0.1326753899803708
bout_phase,observer_feeding,5,90.0,-0.20957094229905923
bout_phase,observer_feeding,5,91.0,-0.05926927286446664
bout_phase,observer_feeding,5,92.0,-0.09910277286191992
bout_phase,observer_feeding,5,93.0,-0.14464922967049082
bout_phase,observer_feeding,5,94.0,-0.08157012146944694
bout_phase,observer_feeding,5,95.0,-0.060457861307605984
bout_phase,observer_feeding,5,96.0,-0.005354033904197922
bout_phase,observer_feeding,5,97.0,-0.022166259335587912
bout_phase,observer_feeding,5,98.0,0.11096179307569572
bout_phase,observer_feeding,5,99.0,0.5611507888518203
bout_phase,observer_feeding,5,100.0,0.9105284871929505
bout_phase,observer_feeding,6,0.0,0.19513227312392248
bout_phase,observer_feeding,6,1.0,0.21009515595562744
bout_phase,observer_feeding,6,2.0,0.19464609529827195
bout_phase,observer_feeding,6,3.0,0.17725419320873131
bout_phase,observer_feeding,6,4.0,0.1595296678783802
bout_phase,observer_feeding,6,5.0,0.23783592608104698
bout_phase,observer_feeding,6,6.0,0.22731715861608923
bout_phase,observer_feeding,6,7.0,0.3104859189151716
bout_phase,observer_feeding,6,8.0,0.3574981001270566
bout_phase,observer_feeding,6,9.0,0.3939006963661225
bout_phase,observer_feeding,6,10.0,0.3827778695821727
bout_phase,observer_feeding,6,11.0,0.34897195632166284
bout_phase,observer_feeding,6,12.0,0.40848402539631906
bout_phase,observer_feeding,6,13.0,0.4156930211376503
bout_phase,observer_feeding,6,14.0,0.36388034205460434
bout_phase,observer_feeding,6,15.0,0.3966249487025373
bout_phase,observer_feeding,6,16.0,0.33712746025097723
bout_phase,observer_feeding,6,17.0,0.35044914156298956
bout_phase,observer_feeding,6,18.0,0.2945610069279375
bout_phase,observer_feeding,6,19.0,0.2923455480944082
bout_phase,observer_feeding,6,20.0,0.2613885788294513
bout_phase,observer_feeding,6,21.0,0.19327915548167177
bout_phase,observer_feeding,6,22.0,0.08321317201701706
bout_phase,observer_feeding,6,23.0,0.06505819413559087
bout_phase,observer_feeding,6,24.0,0.04939528934350551
bout_phase,observer_feeding,6,25.0,0.041775875242508725
bout_phase,observer_feeding,6,26.0,0.05077641198332163
bout_phase,observer_feeding,6,27.0,0.03073773139279046
bout_phase,observer_feeding,6,28.0,-0.012145572231633501
bout_phase,observer_feeding,6,29.0,-0.023534773735548527
bout_phase,observer_feeding,6,30.0,-0.03335061462062721
bout_phase,observer_feeding,6,31.0,-0.05450757857556506
bout_phase,observer_feeding,6,32.0,-0.03981076019803726
bout_phase,observer_feeding,6,33.0,-0.047259497047758565
bout_phase,observer_feeding,6,34.0,-0.054858927504218974
bout_phase,observer_feeding,6,35.0,-0.07832588154762943
bout_phase,observer_feeding,6,36.0,-0.026607322143536147
bout_phase,observer_feeding,6,37.0,-0.04835772143419784
bout_phase,observer_feeding,6,38.0,-0.08103529281331849
bout_phase,observer_feeding,6,39.0,-0.04081888242804582
bout_phase,observer_feeding,6,40.0,-0.05337142829525957
bout_phase,observer_feeding,6,41.0,-0.045311326499956395
bout_phase,observer_feeding,6,42.0,-0.07755651248512062
bout_phase,observer_feeding,6,43.0,-0.08311236846708282
bout_phase,observer_feeding,6,44.0,-0.09985522721392252
bout_phase,observer_feeding,6,45.0,-0.09911666065235678
bout_phase,observer_feeding,6,46.0,-0.05446622923785954
bout_phase,observer_feeding,6,47.0,-0.11910435552518822
bout_phase,observer_feeding,6,48.0,-0.08763859568911059
bout_phase,observer_feeding,6,49.0,-0.05388097683926545
bout_phase,observer_feeding,6,50.0,-0.07411719066023023
bout_phase,observer_feeding,6,51.0,-0.0525348821393807
bout_phase,observer_feeding,6,52.0,-0.0447921307885571
bout_phase,observer_feeding,6,53.0,-0.03869336318771299
bout_phase,observer_feeding,6,54.0,-0.06305545906797604
bout_phase,observer_feeding,6,55.0,-0.06907728508957388
bout_phase,observer_feeding,6,56.0,-0.06439465252058564
bout_phase,observer_feeding,6,57.0,-0.00021668769416577724
bout_phase,observer_feeding,6,58.0,0.010174744821320449
bout_phase,observer_feeding,6,59.0,0.008078416603031975
bout_phase,observer_feeding,6,60.0,-0.028095811599340933
bout_phase,observer_feeding,6,61.0,0.015545728720539819
bout_phase,observer_feeding,6,62.0,0.0028653588881246347
bout_phase,observer_feeding,6,63.0,-0.012564229267854292
bout_phase,observer_feeding,6,64.0,-0.05359809533574054
bout_phase,observer_feeding,6,65.0,-0.0575226805720581
bout_phase,observer_feeding,6,66.0,-0.02508037968611371
bout_phase,observer_feeding,6,67.0,-0.012139987459565096
bout_phase,observer_feeding,6,68.0,0.002638638845682676
bout_phase,observer_feeding,6,69.0,0.002950466954396341
bout_phase,observer_feeding,6,70.0,-0.033747470507058876
bout_phase,observer_feeding,6,71.0,-0.020846263612695315
bout_phase,observer_feeding,6,72.0,-0.009991053239442006
bout_phase,observer_feeding,6,73.0,-0.03286031962423872
bout_phase,observer_feeding,6,74.0,0.027244268320695514
bout_phase,observer_feeding,6,75.0,0.025816335733891905
bout_phase,observer_feeding,6,76.0,-0.06536379578118022
bout_phase,observer_feeding,6,77.0,-0.05930035092124544
bout_phase,observer_feeding,6,78.0,-0.0038601952487806695
bout_phase,observer_feeding,6,79.0,0.006040948771167655
bout_phase,observer_feeding,6,80.0,0.03634413634144747
bout_phase,observer_feeding,6,81.0,0.06348685628464154
bout_phase,observer_feeding,6,82.0,0.10058370749503331
bout_phase,observer_feeding,6,83.0,0.08893060168236301
bout_phase,observer_feeding,6,84.0,0.09826250002989073
bout_phase,observer_feeding,6,85.0,0.1495329322376936
bout_phase,observer_feeding,6,86.0,0.12147938194873988
bout_phase,observer_feeding,6,87.0,0.07964634267222519
bout_phase,observer_feeding,6,88.0,0.060185162438687954
bout_phase,observer_feeding,6,89.0,0.11606694746555973
bout_phase,observer_feeding,6,90.0,0.19857602841019847
bout_phase,observer_feeding,6,91.0,0.23944362404840255
bout_phase,observer_feeding,6,92.0,0.2993595290471856
bout_phase,observer_feeding,6,93.0,0.287574050203758
bout_phase,observer_feeding,6,94.0,0.32797624434018124
bout_phase,observer_feeding,6,95.0,0.36792951569245386
bout_phase,observer_feeding,6,96.0,0.32220403210400855
bout_phase,observer_feeding,6,97.0,0.2910157861133702
bout_phase,observer_feeding,6,98.0,0.29660963027505466
bout_phase,observer_feeding,6,99.0,0.39180964418819897
bout_phase,observer_feeding,6,100.0,0.5490914989174366
bout_phase,observer_feeding,18,0.0,0.17811626251359214
bout_phase,observer_feeding,18,1.0,0.34502007728198064
bout_phase,observer_feeding,18,2.0,0.42841508770732967
bout_phase,observer_feeding,18,3.0,0.5271811487183662
bout_phase,observer_feeding,18,4.0,0.6323766633702025
bout_phase,observer_feeding,18,5.0,0.6827645286110404
bout_phase,observer_feeding,18,6.0,0.8063262265576342
bout_phase,observer_feeding,18,7.0,0.880215246039274
bout_phase,observer_feeding,18,8.0,0.8890159506112006
bout_phase,observer_feeding,18,9.0,0.8670521650059975
bout_phase,observer_feeding,18,10.0,0.8551330530072034
bout_phase,observer_feeding,18,11.0,0.8671822351222761
bout_phase,observer_feeding,18,12.0,0.8644335946110541
bout_phase,observer_feeding,18,13.0,0.898196652573379
bout_phase,observer_feeding,18,14.0,0.871421802231667
bout_phase,observer_feeding,18,15.0,0.8996383645588315
bout_phase,observer_feeding,18,16.0,0.9193625389033732
bout_phase,observer_feeding,18,17.0,0.8828720099794277
bout_phase,observer_feeding,18,18.0,0.9160182647589518
bout_phase,observer_feeding,18,19.0,0.9371081287700685
bout_phase,observer_feeding,18,20.0,0.9279805380328111
bout_phase,observer_feeding,18,21.0,0.9282731633526565
bout_phase,observer_feeding,18,22.0,0.902830160290244
bout_phase,observer_feeding,18,23.0,0.8431523253141375
bout_phase,observer_feeding,18,24.0,0.7881227299523501
bout_phase,observer_feeding,18,25.0,0.7863901695243113
bout_phase,observer_feeding,18,26.0,0.8215165212859395
bout_phase,observer_feeding,18,27.0,0.8512566266565988
bout_phase,observer_feeding,18,28.0,0.7773065409029106
bout_phase,observer_feeding,18,29.0,0.796813151330727
bout_phase,observer_feeding,18,30.0,0.7146609197453342
bout_phase,observer_feeding,18,31.0,0.7053369356049868
bout_phase,observer_feeding,18,32.0,0.6107438515697119
bout_phase,observer_feeding,18,33.0,0.6054204281688662
bout_phase,observer_feeding,18,34.0,0.7092829677787449
bout_phase,observer_feeding,18,35.0,0.7176772143174703
bout_phase,observer_feeding,18,36.0,0.701003076623692
bout_phase,observer_feeding,18,37.0,0.642524436759718
bout_phase,observer_feeding,18,38.0,0.6244063730424143
bout_phase,observer_feeding,18,39.0,0.5975965052861766
bout_phase,observer_feeding,18,40.0,0.5840045914104429
bout_phase,observer_feeding,18,41.0,0.6188945503457686
bout_phase,observer_feeding,18,42.0,0.5840627721606296
bout_phase,observer_feeding,18,43.0,0.595637028084205
bout_phase,observer_feeding,18,44.0,0.5544864858487574
bout_phase,observer_feeding,18,45.0,0.5654711978118683
bout_phase,observer_feeding,18,46.0,0.5747264716657179
bout_phase,observer_feeding,18,47.0,0.5848585430343947
bout_phase,observer_feeding,18,48.0,0.4665549083089088
bout_phase,observer_feeding,18,49.0,0.4240024738971637
bout_phase,observer_feeding,18,50.0,0.445231073429657
bout_phase,observer_feeding,18,51.0,0.4805461477509829
bout_phase,observer_feeding,18,52.0,0.4591174011611819
bout_phase,observer_feeding,18,53.0,0.4763338118977869
bout_phase,observer_feeding,18,54.0,0.4383298309708694
bout_phase,observer_feeding,18,55.0,0.40149645075183504
bout_phase,observer_feeding,18,56.0,0.39511082743394244
bout_phase,observer_feeding,18,57.0,0.45900625875164136
bout_phase,observer_feeding,18,58.0,0.3509550569160073
bout_phase,observer_feeding,18,59.0,0.34013722388266227
bout_phase,observer_feeding,18,60.0,0.3745330110676312
bout_phase,observer_feeding,18,61.0,0.2805175591551748
bout_phase,observer_feeding,18,62.0,0.2277824734413995
bout_phase,observer_feeding,18,63.0,0.23698275936251018
bout_phase,observer_feeding,18,64.0,0.2234601789469312
bout_phase,observer_feeding,18,65.0,0.16895069801810192
bout_phase,observer_feeding,18,66.0,0.15065454487015026
bout_phase,observer_feeding,18,67.0,0.09443125691530829
bout_phase,observer_feeding,18,68.0,0.1389477783427975
bout_phase,observer_feeding,18,69.0,0.12998381816206997
bout_phase,observer_feeding,18,70.0,0.16625488874814404
bout_phase,observer_feeding,18,71.0,0.1344180098709308
bout_phase,observer_feeding,18,72.0,0.1284653965977908
bout_phase,observer_feeding,18,73.0,0.09346399720413559
bout_phase,observer_feeding,18,74.0,0.1808914450291202
bout_phase,observer_feeding,18,75.0,0.219465249619859
bout_phase,observer_feeding,18,76.0,0.23568837136778104
bout_phase,observer_feeding,18,77.0,0.17904413834898716
bout_phase,observer_feeding,18,78.0,0.19640509168776885
bout_phase,observer_feeding,18,79.0,0.2271435786315573
bout_phase,observer_feeding,18,80.0,0.2141954120810344
bout_phase,observer_feeding,18,81.0,0.23540784439677157
bout_phase,observer_feeding,18,82.0,0.21145052005456036
bout_phase,observer_feeding,18,83.0,0.21317687881739433
bout_phase,observer_feeding,18,84.0,0.1925871852062705
bout_phase,observer_feeding,18,85.0,0.2189467400309262
bout_phase,observer_feeding,18,86.0,0.19685353433994254
bout_phase,observer_feeding,18,87.0,0.2513971740179707
bout_phase,observer_feeding,18,88.0,0.2819113149586942
bout_phase,observer_feeding,18,89.0,0.3590103909871806
bout_phase,observer_feeding,18,90.0,0.3959261557451725
bout_phase,observer_feeding,18,91.0,0.40185339769663897
bout_phase,observer_feeding,18,92.0,0.3918053801009651
bout_phase,observer_feeding,18,93.0,0.373861627127553
bout_phase,observer_feeding,18,94.0,0.3410617439629833
bout_phase,observer_feeding,18,95.0,0.3356360179416384
bout_phase,observer_feeding,18,96.0,0.2928349067069411
bout_phase,observer_feeding,18,97.0,0.26900503910053325
bout_phase,observer_feeding,18,98.0,0.21059204855282554
bout_phase,observer_feeding,18,99.0,0.15765601696576775
bout_phase,observer_feeding,18,100.0,0.03381237850004821
bout_phase,observer_feeding,19,0.0,0.2513539401363164
bout_phase,observer_feeding,19,1.0,0.19890970211525896
bout_phase,observer_feeding,19,2.0,0.23281480739822333
bout_phase,observer_feeding,19,3.0,0.30200775222083476
bout_phase,observer_feeding,19,4.0,0.4392027287822899
bout_phase,observer_feeding,19,5.0,0.5136683829726203
bout_phase,observer_feeding,19,6.0,0.47204624469083695
bout_phase,observer_feeding,19,7.0,0.7024975825041676
bout_phase,observer_feeding,19,8.0,0.7639860898325169
bout_phase,observer_feeding,19,9.0,0.7425416084483843
bout_phase,observer_feeding,19,10.0,0.6896168903507967
bout_phase,observer_feeding,19,11.0,0.8375277142077646
bout_phase,observer_feeding,19,12.0,0.894882322635113
bout_phase,observer_feeding,19,13.0,0.8869616841263648
bout_phase,observer_feeding,19,14.0,0.9348642171123722
bout_phase,observer_feeding,19,15.0,0.9508763361128243
bout_phase,observer_feeding,19,16.0,0.9249287309179837
bout_phase,observer_feeding,19,17.0,1.0645423944885324
bout_phase,observer_feeding,19,18.0,0.9465782748522582
bout_phase,observer_feeding,19,19.0,0.8765787024761562
bout_phase,observer_feeding,19,20.0,0.9006756074325791
bout_phase,observer_feeding,19,21.0,0.7880508462326777
bout_phase,observer_feeding,19,22.0,0.6815417374087496
bout_phase,observer_feeding,19,23.0,0.7476972489657254
bout_phase,observer_feeding,19,24.0,0.7779451763330552
bout_phase,observer_feeding,19,25.0,0.8342653757098981
bout_phase,observer_feeding,19,26.0,0.8816001293236364
bout_phase,observer_feeding,19,27.0,0.917927834068549
bout_phase,observer_feeding,19,28.0,0.8976760445136485
bout_phase,observer_feeding,19,29.0,0.9326608212742911
bout_phase,observer_feeding,19,30.0,1.0459090815504584
bout_phase,observer_feeding,19,31.0,0.9385112902797943
bout_phase,observer_feeding,19,32.0,1.009098687745877
bout_phase,observer_feeding,19,33.0,0.9505152146374676
bout_phase,observer_feeding,19,34.0,0.8814283975244919
bout_phase,observer_feeding,19,35.0,0.8020500013315139
bout_phase,observer_feeding,19,36.0,0.7857590187392869
bout_phase,observer_feeding,19,37.0,0.7987858966392007
bout_phase,observer_feeding,19,38.0,0.6738518596574117
bout_phase,observer_feeding,19,39.0,0.6192726772315044
bout_phase,observer_feeding,19,40.0,0.6538054380750036
bout_phase,observer_feeding,19,41.0,0.6430283822683368
bout_phase,observer_feeding,19,42.0,0.6718237084139215
bout_phase,observer_feeding,19,43.0,0.6954791671426759
bout_phase,observer_feeding,19,44.0,0.65509068929928
bout_phase,observer_feeding,19,45.0,0.5925805452276157
bout_phase,observer_feeding,19,46.0,0.5738609613949861
bout_phase,observer_feeding,19,47.0,0.7430903698396948
bout_phase,observer_feeding,19,48.0,0.6954950515073643
bout_phase,observer_feeding,19,49.0,0.6722190342854713
bout_phase,observer_feeding,19,50.0,0.7428537809024347
bout_phase,observer_feeding,19,51.0,0.7549701817247293
bout_phase,observer_feeding,19,52.0,0.6966058678246787
bout_phase,observer_feeding,19,53.0,0.7932034898402139
bout_phase,observer_feeding,19,54.0,0.7970049883944736
bout_phase,observer_feeding,19,55.0,0.7628198407254686
bout_phase,observer_feeding,19,56.0,0.6936891393905865
bout_phase,observer_feeding,19,57.0,0.7119644405145029
bout_phase,observer_feeding,19,58.0,0.7373898063876346
bout_phase,observer_feeding,19,59.0,0.7241747697325807
bout_phase,observer_feeding,19,60.0,0.8378441876256536
bout_phase,observer_feeding,19,61.0,0.855014304960342
bout_phase,observer_feeding,19,62.0,0.8753649371336706
bout_phase,observer_feeding,19,63.0,0.8616736858523755
bout_phase,observer_feeding,19,64.0,0.9335792988743064
bout_phase,observer_feeding,19,65.0,0.938372455562039
bout_phase,observer_feeding,19,66.0,0.965342873019887
bout_phase,observer_feeding,19,67.0,0.9380109097110135
bout_phase,observer_feeding,19,68.0,0.8758806752844133
bout_phase,observer_feeding,19,69.0,0.8495872062114237
bout_phase,observer_feeding,19,70.0,0.8252020611264675
bout_phase,observer_feeding,19,71.0,0.7991263645652057
bout_phase,observer_feeding,19,72.0,0.7305262577114779
bout_phase,observer_feeding,19,73.0,0.7231139876365253
bout_phase,observer_feeding,19,74.0,0.6581090874785294
bout_phase,observer_feeding,19,75.0,0.6409903490925413
bout_phase,observer_feeding,19,76.0,0.5621938907202491
bout_phase,observer_feeding,19,77.0,0.6114794633371581
bout_phase,observer_feeding,19,78.0,0.6614579787501865
bout_phase,observer_feeding,19,79.0,0.6514137785720804
bout_phase,observer_feeding,19,80.0,0.5837746549900913
bout_phase,observer_feeding,19,81.0,0.49734563479950555
bout_phase,observer_feeding,19,82.0,0.4994227778479258
bout_phase,observer_feeding,19,83.0,0.4839606000693839
bout_phase,observer_feeding,19,84.0,0.4970556906504863
bout_phase,observer_feeding,19,85.0,0.570261282364776
bout_phase,observer_feeding,19,86.0,0.5042000917276446
bout_phase,observer_feeding,19,87.0,0.39516759674361457
bout_phase,observer_feeding,19,88.0,0.4112928059017771
bout_phase,observer_feeding,19,89.0,0.458825670523102
bout_phase,observer_feeding,19,90.0,0.45394009249816425
bout_phase,observer_feeding,19,91.0,0.39736581272166
bout_phase,observer_feeding,19,92.0,0.40457572528718744
bout_phase,observer_feeding,19,93.0,0.3517935517951946
bout_phase,observer_feeding,19,94.0,0.3908091480852479
bout_phase,observer_feeding,19,95.0,0.45333261067417324
bout_phase,observer_feeding,19,96.0,0.4101754888370386
bout_phase,observer_feeding,19,97.0,0.32186601641013945
bout_phase,observer_feeding,19,98.0,0.31536935490884005
bout_phase,observer_feeding,19,99.0,0.30988595547934517
bout_phase,observer_feeding,19,100.0,0.3723119445328275
bout_phase,observer_feeding,27,0.0,0.5511965055982915
bout_phase,observer_feeding,27,1.0,0.40788852711833457
bout_phase,observer_feeding,27,2.0,0.41635952138055543
bout_phase,observer_feeding,27,3.0,0.5148560725645974
bout_phase,observer_feeding,27,4.0,0.411928781334948
bout_phase,observer_feeding,27,5.0,0.5652790068531067
bout_phase,observer_feeding,27,6.0,0.9395469178668395
bout_phase,observer_feeding,27,7.0,1.0710539829014378
bout_phase,observer_feeding,27,8.0,1.2676856919762254
bout_phase,observer_feeding,27,9.0,1.3991696373441038
bout_phase,observer_feeding,27,10.0,1.483725482808153
bout_phase,observer_feeding,27,11.0,1.368670407575205
bout_phase,observer_feeding,27,12.0,1.2848160170863205
bout_phase,observer_feeding,27,13.0,1.1514615908398784
bout_phase,observer_feeding,27,14.0,1.142367635606939
bout_phase,observer_feeding,27,15.0,1.049800438070286
bout_phase,observer_feeding,27,16.0,0.9632931760847812
bout_phase,observer_feeding,27,17.0,0.9459940532431798
bout_phase,observer_feeding,27,18.0,0.8278025998329644
bout_phase,observer_feeding,27,19.0,0.6852008243085301
bout_phase,observer_feeding,27,20.0,0.6563352389709054
bout_phase,observer_feeding,27,21.0,0.5918024852532655
bout_phase,observer_feeding,27,22.0,0.5005761896950771
bout_phase,observer_feeding,27,23.0,0.43920154952195894
bout_phase,observer_feeding,27,24.0,0.46768279415674946
bout_phase,observer_feeding,27,25.0,0.5132010783712906
bout_phase,observer_feeding,27,26.0,0.5242766617056256
bout_phase,observer_feeding,27,27.0,0.43876425668693975
bout_phase,observer_feeding,27,28.0,0.3149615345786714
bout_phase,observer_feeding,27,29.0,0.22167322351518237
bout_phase,observer_feeding,27,30.0,0.20259999843601637
bout_phase,observer_feeding,27,31.0,0.2307361426526749
bout_phase,observer_feeding,27,32.0,0.10271698767153367
bout_phase,observer_feeding,27,33.0,0.029631332966893614
bout_phase,observer_feeding,27,34.0,0.026482378321659415
bout_phase,observer_feeding,27,35.0,0.10814556243347373
bout_phase,observer_feeding,27,36.0,0.13990138069391791
bout_phase,observer_feeding,27,37.0,0.10960136894090866
bout_phase,observer_feeding,27,38.0,0.05828126999315369
bout_phase,observer_feeding,27,39.0,0.04374566126617268
bout_phase,observer_feeding,27,40.0,-0.03384637463403011
bout_phase,observer_feeding,27,41.0,-0.014078228891000603
bout_phase,observer_feeding,27,42.0,0.0335622709172822
bout_phase,observer_feeding,27,43.0,-0.02091033800751741
bout_phase,observer_feeding,27,44.0,-0.0681877055438761
bout_phase,observer_feeding,27,45.0,-0.056604121499369296
bout_phase,observer_feeding,27,46.0,-0.13736246500431998
bout_phase,observer_feeding,27,47.0,-0.10574610921201703
bout_phase,observer_feeding,27,48.0,-0.06567748456791472
bout_phase,observer_feeding,27,49.0,-0.0368566611421585
bout_phase,observer_feeding,27,50.0,0.0016256797263801807
bout_phase,observer_feeding,27,51.0,-0.03735793426592569
bout_phase,observer_feeding,27,52.0,-0.05782694064898586
bout_phase,observer_feeding,27,53.0,0.0034283015468458485
bout_phase,observer_feeding,27,54.0,0.06170791751294564
bout_phase,observer_feeding,27,55.0,0.06305449013262286
bout_phase,observer_feeding,27,56.0,0.08589700979870096
bout_phase,observer_feeding,27,57.0,0.13724438762018143
bout_phase,observer_feeding,27,58.0,0.10490933567121817
bout_phase,observer_feeding,27,59.0,0.048411405434859986
bout_phase,observer_feeding,27,60.0,0.040676865675306643
bout_phase,observer_feeding,27,61.0,-0.01639875798371985
bout_phase,observer_feeding,27,62.0,-0.08103031760627187
bout_phase,observer_feeding,27,63.0,-0.008138972205053795
bout_phase,observer_feeding,27,64.0,0.0224265629777313
bout_phase,observer_feeding,27,65.0,0.005325801179583346
bout_phase,observer_feeding,27,66.0,0.05973736939999709
bout_phase,observer_feeding,27,67.0,0.15197849686316964
bout_phase,observer_feeding,27,68.0,0.12239810733724024
bout_phase,observer_feeding,27,69.0,0.08218496323910379
bout_phase,observer_feeding,27,70.0,0.09627403876550178
bout_phase,observer_feeding,27,71.0,0.09969194531217333
bout_phase,observer_feeding,27,72.0,0.1542569906421336
bout_phase,observer_feeding,27,73.0,0.16510396459353563
bout_phase,observer_feeding,27,74.0,0.23421682104364602
bout_phase,observer_feeding,27,75.0,0.22885983698785706
bout_phase,observer_feeding,27,76.0,0.11854598038944843
bout_phase,observer_feeding,27,77.0,0.05829497019719627
bout_phase,observer_feeding,27,78.0,0.0023500642487636982
bout_phase,observer_feeding,27,79.0,-0.06011971387547563
bout_phase,observer_feeding,27,80.0,-0.05030841589466748
bout_phase,observer_feeding,27,81.0,0.06571167722897893
bout_phase,observer_feeding,27,82.0,0.04646073638904624
bout_phase,observer_feeding,27,83.0,0.10438424416871807
bout_phase,observer_feeding,27,84.0,0.11201284567805382
bout_phase,observer_feeding,27,85.0,0.13805938259181913
bout_phase,observer_feeding,27,86.0,0.2099873044661314
bout_phase,observer_feeding,27,87.0,0.29640906937567585
bout_phase,observer_feeding,27,88.0,0.3195590124373614
bout_phase,observer_feeding,27,89.0,0.3164698551006562
bout_phase,observer_feeding,27,90.0,0.3425011981702595
bout_phase,observer_feeding,27,91.0,0.37248989231607316
bout_phase,observer_feeding,27,92.0,0.37825672586891845
bout_phase,observer_feeding,27,93.0,0.4345430568036109
bout_phase,observer_feeding,27,94.0,0.5734715778764751
bout_phase,observer_feeding,27,95.0,0.7415431505338973
bout_phase,observer_feeding,27,96.0,0.9372705847392064
bout_phase,observer_feeding,27,97.0,1.0902617464951876
bout_phase,observer_feeding,27,98.0,1.3098355603305005
bout_phase,observer_feeding,27,99.0,1.4797618673084945
bout_phase,observer_feeding,27,100.0,1.2058740950700055
bout_phase,observer_feeding,35,0.0,0.2999118776304675
bout_phase,observer_feeding,35,1.0,0.4462241143847349
bout_phase,observer_feeding,35,2.0,0.3464952490769567
bout_phase,observer_feeding,35,3.0,0.4505857903430736
bout_phase,observer_feeding,35,4.0,0.4178378866667907
bout_phase,observer_feeding,35,5.0,0.3413884515671723
bout_phase,observer_feeding,35,6.0,0.4866176909614552
bout_phase,observer_feeding,35,7.0,0.6994230072163534
bout_phase,observer_feeding,35,8.0,0.7865990067561931
bout_phase,observer_feeding,35,9.0,0.869544658773888
bout_phase,observer_feeding,35,10.0,0.7352126695601807
bout_phase,observer_feeding,35,11.0,0.9345566236608464
bout_phase,observer_feeding,35,12.0,0.9033760876661973
bout_phase,observer_feeding,35,13.0,0.8142591616913777
bout_phase,observer_feeding,35,14.0,0.8303636550200749
bout_phase,observer_feeding,35,15.0,0.6540558049199575
bout_phase,observer_feeding,35,16.0,0.6232503968469112
bout_phase,observer_feeding,35,17.0,0.6982264325933634
bout_phase,observer_feeding,35,18.0,0.8306816218381461
bout_phase,observer_feeding,35,19.0,0.7206553371824171
bout_phase,observer_feeding,35,20.0,0.6903625890161772
bout_phase,observer_feeding,35,21.0,0.8142372461179054
bout_phase,observer_feeding,35,22.0,0.7333591419557971
bout_phase,observer_feeding,35,23.0,0.6440689854099446
bout_phase,observer_feeding,35,24.0,0.7030544043163164
bout_phase,observer_feeding,35,25.0,0.6453660199186455
bout_phase,observer_feeding,35,26.0,0.684008255895084
bout_phase,observer_feeding,35,27.0,0.6827530634015205
bout_phase,observer_feeding,35,28.0,0.6004164551310219
bout_phase,observer_feeding,35,29.0,0.5053587459817598
bout_phase,observer_feeding,35,30.0,0.601395105384727
bout_phase,observer_feeding,35,31.0,0.5994712578400974
bout_phase,observer_feeding,35,32.0,0.6022759936602553
bout_phase,observer_feeding,35,33.0,0.6903376809084613
bout_phase,observer_feeding,35,34.0,0.6503247161875992
bout_phase,observer_feeding,35,35.0,0.6284674498985898
bout_phase,observer_feeding,35,36.0,0.6823367030811534
bout_phase,observer_feeding,35,37.0,0.767240338872172
bout_phase,observer_feeding,35,38.0,0.6380399221896084
bout_phase,observer_feeding,35,39.0,0.47711759738897125
bout_phase,observer_feeding,35,40.0,0.560651325580854
bout_phase,observer_feeding,35,41.0,0.5617036969216262
bout_phase,observer_feeding,35,42.0,0.6634334692881653
bout_phase,observer_feeding,35,43.0,0.6742226257204671
bout_phase,observer_feeding,35,44.0,0.6394739835983755
bout_phase,observer_feeding,35,45.0,0.5438398249802922
bout_phase,observer_feeding,35,46.0,0.7044955155317305
bout_phase,observer_feeding,35,47.0,0.5709857985904794
bout_phase,observer_feeding,35,48.0,0.6626230376019782
bout_phase,observer_feeding,35,49.0,0.503419450116406
bout_phase,observer_feeding,35,50.0,0.4558751754664916
bout_phase,observer_feeding,35,51.0,0.57341800471333
bout_phase,observer_feeding,35,52.0,0.7618916263018096
bout_phase,observer_feeding,35,53.0,0.5650369209436747
bout_phase,observer_feeding,35,54.0,0.5266503139268128
bout_phase,observer_feeding,35,55.0,0.7829769405929489
bout_phase,observer_feeding,35,56.0,0.7647523328317188
bout_phase,observer_feeding,35,57.0,0.549308498949317
bout_phase,observer_feeding,35,58.0,0.5968117660029303
bout_phase,observer_feeding,35,59.0,0.6170425657420089
bout_phase,observer_feeding,35,60.0,0.7688766987226064
bout_phase,observer_feeding,35,61.0,0.7883008647214262
bout_phase,observer_feeding,35,62.0,0.7102313124830731
bout_phase,observer_feeding,35,63.0,0.8329903825831397
bout_phase,observer_feeding,35,64.0,0.7639915973974901
bout_phase,observer_feeding,35,65.0,0.589835788353611
bout_phase,observer_feeding,35,66.0,0.5663927463060233
bout_phase,observer_feeding,35,67.0,0.5649724590774855
bout_phase,observer_feeding,35,68.0,0.7119709200626474
bout_phase,observer_feeding,35,69.0,0.5806710194665438
bout_phase,observer_feeding,35,70.0,0.7187323719807244
bout_phase,observer_feeding,35,71.0,0.6402369259492412
bout_phase,observer_feeding,35,72.0,0.4735227001256516
bout_phase,observer_feeding,35,73.0,0.5675923552337828
bout_phase,observer_feeding,35,74.0,0.5245881186577981
bout_phase,observer_feeding,35,75.0,0.5433294484210676
bout_phase,observer_feeding,35,76.0,0.5040068248374485
bout_phase,observer_feeding,35,77.0,0.5723426940138548
bout_phase,observer_feeding,35,78.0,0.5590396968812736
bout_phase,observer_feeding,35,79.0,0.6656529489233611
bout_phase,observer_feeding,35,80.0,0.7618242414912184
bout_phase,observer_feeding,35,81.0,0.637805656366733
bout_phase,observer_feeding,35,82.0,0.46945766347455176
bout_phase,observer_feeding,35,83.0,0.6681440015944315
bout_phase,observer_feeding,35,84.0,0.5879303520054676
bout_phase,observer_feeding,35,85.0,0.49133891520987283
bout_phase,observer_feeding,35,86.0,0.34245080045567305
bout_phase,observer_feeding,35,87.0,0.6110306055558702
bout_phase,observer_feeding,35,88.0,0.4996901468345118
bout_phase,observer_feeding,35,89.0,0.5096168792965223
bout_phase,observer_feeding,35,90.0,0.6190818692632803
bout_phase,observer_feeding,35,91.0,0.6738074966139381
bout_phase,observer_feeding,35,92.0,0.5486702604870061
bout_phase,observer_feeding,35,93.0,0.7352910651726713
bout_phase,observer_feeding,35,94.0,0.8168907250046705
bout_phase,observer_feeding,35,95.0,0.5959733679923115
bout_phase,observer_feeding,35,96.0,0.6755763174569095
bout_phase,observer_feeding,35,97.0,0.6551125082594239
bout_phase,observer_feeding,35,98.0,0.38063184631231156
bout_phase,observer_feeding,35,99.0,0.4391584920353375
bout_phase,observer_feeding,35,100.0,0.3967526230234147
