event_type,AnmID,time_s,mean_da,n_events
dem_transition_inside,1,-3.0,-0.00927694558908835,58
dem_transition_inside,1,-2.9,0.006375485293327725,58
dem_transition_inside,1,-2.8,0.02477458183903974,58
dem_transition_inside,1,-2.7,-0.006519358834337942,58
dem_transition_inside,1,-2.6,0.003565312153226612,58
dem_transition_inside,1,-2.5,-0.011766118184708671,58
dem_transition_inside,1,-2.4,-0.020131169141588735,58
dem_transition_inside,1,-2.3,0.0032702070844660086,58
dem_transition_inside,1,-2.2,-0.0011827931185570497,58
dem_transition_inside,1,-2.1,0.007502408443442418,58
dem_transition_inside,1,-2.0,0.032149371137659304,58
dem_transition_inside,1,-1.9,0.005347221086577863,58
dem_transition_inside,1,-1.8,0.01251860897053517,58
dem_transition_inside,1,-1.7,0.032506880356944365,58
dem_transition_inside,1,-1.6,0.017778525223930617,58
dem_transition_inside,1,-1.5,0.01203506530261237,58
dem_transition_inside,1,-1.4,-0.039947987477044984,58
dem_transition_inside,1,-1.3,-0.014645902571612994,58
dem_transition_inside,1,-1.2,-0.013769234129628823,58
dem_transition_inside,1,-1.1,-0.020445196115346963,58
dem_transition_inside,1,-1.0,-0.023173232176099456,58
dem_transition_inside,1,-0.9,-0.04800872812707633,58
dem_transition_inside,1,-0.8,-0.042590568007021816,58
dem_transition_inside,1,-0.7,-0.07405374828318297,58
dem_transition_inside,1,-0.6,-0.06966943922049924,58
dem_transition_inside,1,-0.5,-0.09410287648341521,58
dem_transition_inside,1,-0.4,-0.07280937325150241,58
dem_transition_inside,1,-0.3,-0.05939146812244914,58
dem_transition_inside,1,-0.2,-0.05361964085547008,58
dem_transition_inside,1,-0.0999999999999996,-0.05224265837269018,58
dem_transition_inside,1,0.0,-0.03648313255327552,58
dem_transition_inside,1,0.1,-0.07059862543436496,58
dem_transition_inside,1,0.2,-0.08693174875826895,58
dem_transition_inside,1,0.3,-0.11010978175641736,58
dem_transition_inside,1,0.4,-0.04462895594167697,58
dem_transition_inside,1,0.5,-0.04595326715684895,58
dem_transition_inside,1,0.6,-0.06019734973107817,58
dem_transition_inside,1,0.7,-0.06686697629368006,58
dem_transition_inside,1,0.8,-0.058075367628489624,58
dem_transition_inside,1,0.9,-0.043973783321815334,58
dem_transition_inside,1,1.0,-0.05116314124662788,58
dem_transition_inside,1,1.1,-0.03735822886548731,58
dem_transition_inside,1,1.2,-0.05546945996957947,58
dem_transition_inside,1,1.3,-0.10157058193268363,58
dem_transition_inside,1,1.4,-0.06887218288122854,58
dem_transition_inside,1,1.5,-0.053001197852811974,58
dem_transition_inside,1,1.6,-0.0611143918109555,58
dem_transition_inside,1,1.7,-0.03187276281420698,58
dem_transition_inside,1,1.8,-0.06616546338034374,58
dem_transition_inside,1,1.9,-0.032992814624900085,58
dem_transition_inside,1,2.0,-0.048351935306701906,58
dem_transition_inside,1,2.1,-0.05731812121322671,58
dem_transition_inside,1,2.2,-0.050942913366134844,58
dem_transition_inside,1,2.3,-0.04436316522216674,58
dem_transition_inside,1,2.4,-0.07828325956215304,58
dem_transition_inside,1,2.5,-0.05031917661809098,58
dem_transition_inside,1,2.6,-0.04215734112034878,58
dem_transition_inside,1,2.7,-0.06543544414912064,58
dem_transition_inside,1,2.8,-0.02566034599433368,58
dem_transition_inside,1,2.9,-0.05835323929348875,58
dem_transition_inside,1,3.0,-0.048009569464709134,58
dem_transition_inside,1,3.1,-0.03430716377913966,58
dem_transition_inside,1,3.2,-0.054477707813109774,58
dem_transition_inside,1,3.3,-0.009682993433575234,58
dem_transition_inside,1,3.4,-0.007201031797519597,58
dem_transition_inside,1,3.5,0.015217685802310012,58
dem_transition_inside,1,3.6,-0.003547590653702725,58
dem_transition_inside,1,3.7,0.0035040764836612296,58
dem_transition_inside,1,3.8,0.01325301053261279,58
dem_transition_inside,1,3.9,0.02262796848866762,58
dem_transition_inside,1,4.0,0.03265884352557251,58
dem_transition_inside,1,4.1,0.043194467049619024,58
dem_transition_inside,1,4.2,0.04674185678451214,58
dem_transition_inside,1,4.3,0.07065790216606996,58
dem_transition_inside,1,4.4,0.08487718468610425,58
dem_transition_inside,1,4.5,0.06893915869080526,58
dem_transition_inside,1,4.6,0.07411248220231703,58
dem_transition_inside,1,4.7,0.06216669094334325,58
dem_transition_inside,1,4.8,0.046109378451874,58
dem_transition_inside,1,4.9,0.04678309332902028,58
dem_transition_inside,1,5.0,0.02336968725067654,58
dem_transition_inside,1,5.1,-0.005496903867188661,58
dem_transition_inside,1,5.2,-0.00037955969323725744,58
dem_transition_inside,1,5.3,0.02630411765454957,58
dem_transition_inside,1,5.4,0.03664870480690199,58
dem_transition_inside,1,5.5,-0.008838667459756306,58
dem_transition_inside,1,5.6,0.06293761130348403,58
dem_transition_inside,1,5.7,0.07499145355359177,58
dem_transition_inside,1,5.8,0.06942533863518928,58
dem_transition_inside,1,5.9,0.050327760499033085,58
dem_transition_inside,3,-3.0,0.015878857746182147,80
dem_transition_inside,3,-2.9,0.08640423984128964,80
dem_transition_inside,3,-2.8,0.07960816546936589,80
dem_transition_inside,3,-2.7,0.059590452133591175,80
dem_transition_inside,3,-2.6,0.06451887726502022,80
dem_transition_inside,3,-2.5,0.013555988196807419,80
dem_transition_inside,3,-2.4,0.04022271955057409,80
dem_transition_inside,3,-2.3,-0.02129570797486793,80
dem_transition_inside,3,-2.2,0.054994191135023886,80
dem_transition_inside,3,-2.1,0.026545140251446102,80
dem_transition_inside,3,-2.0,0.01077485713309084,80
dem_transition_inside,3,-1.9,-0.06495713955535243,80
dem_transition_inside,3,-1.8,-0.12507023732209194,80
dem_transition_inside,3,-1.7,-0.12308601798679301,80
dem_transition_inside,3,-1.6,-0.06519282291654635,80
dem_transition_inside,3,-1.5,-0.06507075466261504,80
dem_transition_inside,3,-1.4,-0.0741794914797781,80
dem_transition_inside,3,-1.3,-0.006655371543223922,80
dem_transition_inside,3,-1.2,0.023069904250655537,80
dem_transition_inside,3,-1.1,0.08898456799274078,80
dem_transition_inside,3,-1.0,0.03406794638017822,80
dem_transition_inside,3,-0.9,0.0738878758930159,80
dem_transition_inside,3,-0.8,0.06301036521743182,80
dem_transition_inside,3,-0.7,0.03948749331292982,80
dem_transition_inside,3,-0.6,0.02735816972221176,80
dem_transition_inside,3,-0.5,0.028849087065404438,80
dem_transition_inside,3,-0.4,-0.04805433586375877,80
dem_transition_inside,3,-0.3,-0.09748242982816337,80
dem_transition_inside,3,-0.2,-0.09911745815538084,80
dem_transition_inside,3,-0.0999999999999996,-0.11754477044562583,80
dem_transition_inside,3,0.0,-0.10255065588705703,80
dem_transition_inside,3,0.1,-0.09433221641371299,80
dem_transition_inside,3,0.2,-0.11503317585427639,80
dem_transition_inside,3,0.3,-0.04297302863785578,80
dem_transition_inside,3,0.4,-0.029508167248308025,80
dem_transition_inside,3,0.5,-0.04808142443365447,80
dem_transition_inside,3,0.6,-0.036253038517524275,80
dem_transition_inside,3,0.7,-0.06557805114702522,80
dem_transition_inside,3,0.8,-0.07108407578977131,80
dem_transition_inside,3,0.9,-0.12857173876411437,80
dem_transition_inside,3,1.0,-0.16597477269747407,80
dem_transition_inside,3,1.1,-0.21989889984512975,80
dem_transition_inside,3,1.2,-0.2280369218267888,80
dem_transition_inside,3,1.3,-0.23905680905140486,80
dem_transition_inside,3,1.4,-0.26711751901206604,80
dem_transition_inside,3,1.5,-0.2509870300464372,80
dem_transition_inside,3,1.6,-0.2325783894527654,80
dem_transition_inside,3,1.7,-0.29438654831324534,80
dem_transition_inside,3,1.8,-0.22452827339245643,80
dem_transition_inside,3,1.9,-0.2906087888533445,80
dem_transition_inside,3,2.0,-0.2983929600461929,80
dem_transition_inside,3,2.1,-0.32626150922861513,80
dem_transition_inside,3,2.2,-0.3612434451594601,80
dem_transition_inside,3,2.3,-0.3988070755043168,80
dem_transition_inside,3,2.4,-0.37444763476793386,80
dem_transition_inside,3,2.5,-0.35880556065634633,80
dem_transition_inside,3,2.6,-0.3572520220884598,80
dem_transition_inside,3,2.7,-0.3648913477975454,80
dem_transition_inside,3,2.8,-0.36773996103310475,80
dem_transition_inside,3,2.9,-0.33887614871676625,80
dem_transition_inside,3,3.0,-0.36744535228556663,80
dem_transition_inside,3,3.1,-0.385808138405031,80
dem_transition_inside,3,3.2,-0.42310057191499395,80
dem_transition_inside,3,3.3,-0.4727971170516366,80
dem_transition_inside,3,3.4,-0.47426577996037905,80
dem_transition_inside,3,3.5,-0.5305030934472598,80
dem_transition_inside,3,3.6,-0.4820670719399126,80
dem_transition_inside,3,3.7,-0.49180885345989617,80
dem_transition_inside,3,3.8,-0.4943938076592582,80
dem_transition_inside,3,3.9,-0.47116938265238967,80
dem_transition_inside,3,4.0,-0.4691881136482623,80
dem_transition_inside,3,4.1,-0.47617341487719067,80
dem_transition_inside,3,4.2,-0.4394972595587183,80
dem_transition_inside,3,4.3,-0.3901053334173604,80
dem_transition_inside,3,4.4,-0.3443678023271296,80
dem_transition_inside,3,4.5,-0.42593758423234035,80
dem_transition_inside,3,4.6,-0.5229803361461111,80
dem_transition_inside,3,4.7,-0.5277014424906025,80
dem_transition_inside,3,4.8,-0.5565723344657127,80
dem_transition_inside,3,4.9,-0.5423602095608293,80
dem_transition_inside,3,5.0,-0.5933545651117982,80
dem_transition_inside,3,5.1,-0.6200217297712928,80
dem_transition_inside,3,5.2,-0.6473766427581547,80
dem_transition_inside,3,5.3,-0.656762462966256,80
dem_transition_inside,3,5.4,-0.7328978170961667,80
dem_transition_inside,3,5.5,-0.743364956349467,80
dem_transition_inside,3,5.6,-0.732471686877651,80
dem_transition_inside,3,5.7,-0.6674696867881063,80
dem_transition_inside,3,5.8,-0.6220063313431904,80
dem_transition_inside,3,5.9,-0.6458059520196497,80
dem_transition_inside,4,-3.0,0.05741389235497196,86
dem_transition_inside,4,-2.9,-0.003211943132054405,86
dem_transition_inside,4,-2.8,-0.016660508175614375,86
dem_transition_inside,4,-2.7,-0.004204841012398222,86
dem_transition_inside,4,-2.6,0.010362823646283494,86
dem_transition_inside,4,-2.5,-0.03538242004323779,86
dem_transition_inside,4,-2.4,-0.037252146186648856,86
dem_transition_inside,4,-2.3,-0.09197113314470896,86
dem_transition_inside,4,-2.2,-0.037156893545148464,86
dem_transition_inside,4,-2.1,0.05134052538143608,86
dem_transition_inside,4,-2.0,0.09230203612659699,86
dem_transition_inside,4,-1.9,0.03681928386547386,86
dem_transition_inside,4,-1.8,0.0415849993902534,86
dem_transition_inside,4,-1.7,0.0465111123966475,86
dem_transition_inside,4,-1.6,-0.0025828826487822587,86
dem_transition_inside,4,-1.5,-0.07047243038129035,86
dem_transition_inside,4,-1.4,0.015200956903241292,86
dem_transition_inside,4,-1.3,0.02177388732261616,86
dem_transition_inside,4,-1.2,0.0069342433600046525,86
dem_transition_inside,4,-1.1,-0.06801390353328558,86
dem_transition_inside,4,-1.0,-0.01333465894435611,86
dem_transition_inside,4,-0.9,-0.03836322688950777,86
dem_transition_inside,4,-0.8,-0.13986398289613292,86
dem_transition_inside,4,-0.7,-0.08762517050163597,86
dem_transition_inside,4,-0.6,-0.08673002004080341,86
dem_transition_inside,4,-0.5,-0.04697466423721032,86
dem_transition_inside,4,-0.4,-0.079657501195938,86
dem_transition_inside,4,-0.3,-0.17602129395189423,86
dem_transition_inside,4,-0.2,-0.1665194102612468,86
dem_transition_inside,4,-0.0999999999999996,-0.07518799731209715,86
dem_transition_inside,4,0.0,-0.1583465686603828,86
dem_transition_inside,4,0.1,-0.14036684869374638,86
dem_transition_inside,4,0.2,-0.13833764104325552,86
dem_transition_inside,4,0.3,-0.0949262591378622,86
dem_transition_inside,4,0.4,-0.050136804752480134,86
dem_transition_inside,4,0.5,-0.10405860665579984,86
dem_transition_inside,4,0.6,-0.03734416980081774,86
dem_transition_inside,4,0.7,-0.035354338608772934,86
dem_transition_inside,4,0.8,-0.04211832483084607,86
dem_transition_inside,4,0.9,-0.09693438569369857,86
dem_transition_inside,4,1.0,-0.14959211257398852,86
dem_transition_inside,4,1.1,-0.10604831092159298,86
dem_transition_inside,4,1.2,-0.23758126708987867,86
dem_transition_inside,4,1.3,-0.2482780038071308,86
dem_transition_inside,4,1.4,-0.23183303651607323,86
dem_transition_inside,4,1.5,-0.1845461399068684,86
dem_transition_inside,4,1.6,-0.1380965927545146,86
dem_transition_inside,4,1.7,-0.11498426749210526,86
dem_transition_inside,4,1.8,-0.12082598445078874,86
dem_transition_inside,4,1.9,-0.1999778480198448,86
dem_transition_inside,4,2.0,-0.1749091904227155,86
dem_transition_inside,4,2.1,-0.14126452605190967,86
dem_transition_inside,4,2.2,-0.09213878586529747,86
dem_transition_inside,4,2.3,-0.13824172100063514,86
dem_transition_inside,4,2.4,-0.12872132197289157,86
dem_transition_inside,4,2.5,-0.13221280632811988,86
dem_transition_inside,4,2.6,-0.16941588004184738,86
dem_transition_inside,4,2.7,-0.29027864435732803,86
dem_transition_inside,4,2.8,-0.3154440160032234,86
dem_transition_inside,4,2.9,-0.35254129612107743,86
dem_transition_inside,4,3.0,-0.47670177104873646,86
dem_transition_inside,4,3.1,-0.4029109012818833,86
dem_transition_inside,4,3.2,-0.35514535485383975,86
dem_transition_inside,4,3.3,-0.388505914721792,86
dem_transition_inside,4,3.4,-0.37836565783563936,86
dem_transition_inside,4,3.5,-0.35301410612798484,86
dem_transition_inside,4,3.6,-0.3428287150671895,86
dem_transition_inside,4,3.7,-0.3733861993494771,86
dem_transition_inside,4,3.8,-0.29474253370613185,86
dem_transition_inside,4,3.9,-0.21311660944038507,86
dem_transition_inside,4,4.0,-0.24133844105880833,86
dem_transition_inside,4,4.1,-0.19408935813835415,86
dem_transition_inside,4,4.2,-0.22982403904858223,86
dem_transition_inside,4,4.3,-0.2586859639063654,86
dem_transition_inside,4,4.4,-0.2935490486772748,86
dem_transition_inside,4,4.5,-0.3430491663523315,86
dem_transition_inside,4,4.6,-0.35084292635298076,86
dem_transition_inside,4,4.7,-0.4221078398908165,86
dem_transition_inside,4,4.8,-0.43252943025934304,86
dem_transition_inside,4,4.9,-0.5076608421310271,86
dem_transition_inside,4,5.0,-0.514475038456735,86
dem_transition_inside,4,5.1,-0.4491307941962197,86
dem_transition_inside,4,5.2,-0.3860932254867968,86
dem_transition_inside,4,5.3,-0.3878836808534523,86
dem_transition_inside,4,5.4,-0.32116698830981727,86
dem_transition_inside,4,5.5,-0.31857242001171693,86
dem_transition_inside,4,5.6,-0.3969189036356589,86
dem_transition_inside,4,5.7,-0.31021749363657725,86
dem_transition_inside,4,5.8,-0.3266628156663385,86
dem_transition_inside,4,5.9,-0.25679772397223943,86
dem_transition_inside,5,-3.0,-0.02625299464261338,172
dem_transition_inside,5,-2.9,-0.05282366789781135,172
dem_transition_inside,5,-2.8,-0.042664643553051135,172
dem_transition_inside,5,-2.7,-0.028328458712577827,172
dem_transition_inside,5,-2.6,-0.01679584932171527,172
dem_transition_inside,5,-2.5,-0.020907235395287493,172
dem_transition_inside,5,-2.4,-0.04238410638881453,172
dem_transition_inside,5,-2.3,-0.03185741997684332,172
dem_transition_inside,5,-2.2,-0.02942889100864205,172
dem_transition_inside,5,-2.1,-0.041419675209482,172
dem_transition_inside,5,-2.0,-0.07782555109856899,172
dem_transition_inside,5,-1.9,-0.08312783137486814,172
dem_transition_inside,5,-1.8,-0.017522773019054024,172
dem_transition_inside,5,-1.7,0.0052077250566604505,172
dem_transition_inside,5,-1.6,0.004541113745211859,172
dem_transition_inside,5,-1.5,0.04096917565283678,172
dem_transition_inside,5,-1.4,0.08595871064608074,172
dem_transition_inside,5,-1.3,0.08787839501732883,172
dem_transition_inside,5,-1.2,0.09076335116687016,172
dem_transition_inside,5,-1.1,0.09037006982910706,172
dem_transition_inside,5,-1.0,0.10565055648523375,172
dem_transition_inside,5,-0.9,0.09263570037736277,172
dem_transition_inside,5,-0.8,0.050750470204890624,172
dem_transition_inside,5,-0.7,0.016873451630259325,172
dem_transition_inside,5,-0.6,0.004299202679296423,172
dem_transition_inside,5,-0.5,-0.01504376468000922,172
dem_transition_inside,5,-0.4,-0.02545387702744539,172
dem_transition_inside,5,-0.3,-0.02863651853193888,172
dem_transition_inside,5,-0.2,-0.030796067057068343,172
dem_transition_inside,5,-0.0999999999999996,-0.05327891847362676,172
dem_transition_inside,5,0.0,-0.05936778575807009,172
dem_transition_inside,5,0.1,-0.023490468230544636,172
dem_transition_inside,5,0.2,-0.005451352309901874,172
dem_transition_inside,5,0.3,0.005038061576737683,172
dem_transition_inside,5,0.4,-0.02269249123827618,172
dem_transition_inside,5,0.5,-0.032581677081244015,172
dem_transition_inside,5,0.6,-0.016823939499401967,172
dem_transition_inside,5,0.7,-0.002179775683359418,172
dem_transition_inside,5,0.8,-0.012622576254977832,172
dem_transition_inside,5,0.9,0.007804784788232306,172
dem_transition_inside,5,1.0,0.02977662307166925,172
dem_transition_inside,5,1.1,0.019241408711239655,172
dem_transition_inside,5,1.2,0.010478032699382698,172
dem_transition_inside,5,1.3,-0.01775613139582206,172
dem_transition_inside,5,1.4,-0.05253790128825856,172
dem_transition_inside,5,1.5,-0.08350926123128699,172
dem_transition_inside,5,1.6,-0.08489834187198278,172
dem_transition_inside,5,1.7,-0.11700152909732385,172
dem_transition_inside,5,1.8,-0.07686561108718135,172
dem_transition_inside,5,1.9,-0.02663556307559606,172
dem_transition_inside,5,2.0,-0.06271438024895121,172
dem_transition_inside,5,2.1,-0.08604867868412862,172
dem_transition_inside,5,2.2,-0.10613767900107435,172
dem_transition_inside,5,2.3,-0.08198580619592093,172
dem_transition_inside,5,2.4,-0.03309624005901831,172
dem_transition_inside,5,2.5,-0.017389041569400368,172
dem_transition_inside,5,2.6,-0.05472163851885336,172
dem_transition_inside,5,2.7,-0.09355462483286375,172
dem_transition_inside,5,2.8,-0.11498779597814275,172
dem_transition_inside,5,2.9,-0.14745410806800796,172
dem_transition_inside,5,3.0,-0.16154694567221092,172
dem_transition_inside,5,3.1,-0.1605363807185183,172
dem_transition_inside,5,3.2,-0.13715231816066592,172
dem_transition_inside,5,3.3,-0.16147935151567686,172
dem_transition_inside,5,3.4,-0.13064637468826915,172
dem_transition_inside,5,3.5,-0.1122328133505454,172
dem_transition_inside,5,3.6,-0.13069271966870558,172
dem_transition_inside,5,3.7,-0.17584758368950923,172
dem_transition_inside,5,3.8,-0.17767836159274075,172
dem_transition_inside,5,3.9,-0.18793110093676388,172
dem_transition_inside,5,4.0,-0.20633839955512479,172
dem_transition_inside,5,4.1,-0.18827013346639038,172
dem_transition_inside,5,4.2,-0.16495353402486662,172
dem_transition_inside,5,4.3,-0.17725947876438963,172
dem_transition_inside,5,4.4,-0.1460679698904991,172
dem_transition_inside,5,4.5,-0.13320382009418893,172
dem_transition_inside,5,4.6,-0.12369735433667585,172
dem_transition_inside,5,4.7,-0.13702911913929694,172
dem_transition_inside,5,4.8,-0.1737707772478077,172
dem_transition_inside,5,4.9,-0.2016944245975875,172
dem_transition_inside,5,5.0,-0.2525012473554203,172
dem_transition_inside,5,5.1,-0.22253489914568328,172
dem_transition_inside,5,5.2,-0.2272555361541383,172
dem_transition_inside,5,5.3,-0.2355807574921056,172
dem_transition_inside,5,5.4,-0.2159662210001096,172
dem_transition_inside,5,5.5,-0.2310036174875135,172
dem_transition_inside,5,5.6,-0.29482554289778395,172
dem_transition_inside,5,5.7,-0.3298275521458996,172
dem_transition_inside,5,5.8,-0.3556313061360884,172
dem_transition_inside,5,5.9,-0.35698394989781995,172
dem_transition_inside,6,-3.0,0.05578403175523998,26
dem_transition_inside,6,-2.9,0.15302184679604064,26
dem_transition_inside,6,-2.8,0.02025597259283782,26
dem_transition_inside,6,-2.7,0.07738625141583041,26
dem_transition_inside,6,-2.6,0.1338332933583629,26
dem_transition_inside,6,-2.5,0.08551816277438971,26
dem_transition_inside,6,-2.4,0.04835569765146562,26
dem_transition_inside,6,-2.3,0.04519167826577409,26
dem_transition_inside,6,-2.2,-0.09939420660064406,26
dem_transition_inside,6,-2.1,0.12705611546119575,26
dem_transition_inside,6,-2.0,0.006382985201530881,26
dem_transition_inside,6,-1.9,0.02360705512298306,26
dem_transition_inside,6,-1.8,0.09428667495943974,26
dem_transition_inside,6,-1.7,-0.1833933263570852,26
dem_transition_inside,6,-1.6,-0.012476989469593275,26
dem_transition_inside,6,-1.5,-0.17065346845263824,26
dem_transition_inside,6,-1.4,-0.1408107660181736,26
dem_transition_inside,6,-1.3,-0.03786035146969599,26
dem_transition_inside,6,-1.2,-0.035850548864566095,26
dem_transition_inside,6,-1.1,-0.1445052256768265,26
dem_transition_inside,6,-1.0,-0.04573488244586818,26
dem_transition_inside,6,-0.9,-0.028105487115317688,26
dem_transition_inside,6,-0.8,0.09229001893501008,26
dem_transition_inside,6,-0.7,0.0540213244581291,26
dem_transition_inside,6,-0.6,-0.09271328795605195,26
dem_transition_inside,6,-0.5,-0.06893685430717658,26
dem_transition_inside,6,-0.4,0.038374723960752075,26
dem_transition_inside,6,-0.3,0.06160650960248515,26
dem_transition_inside,6,-0.2,0.015641398128400617,26
dem_transition_inside,6,-0.0999999999999996,-0.001300719174292187,26
dem_transition_inside,6,0.0,0.009770759998444076,26
dem_transition_inside,6,0.1,-0.2161706528201013,26
dem_transition_inside,6,0.2,-0.05519414248557559,26
dem_transition_inside,6,0.3,-0.13332476934977777,26
dem_transition_inside,6,0.4,-0.07372200905975303,26
dem_transition_inside,6,0.5,-0.2105336810107099,26
dem_transition_inside,6,0.6,-0.16601967644980378,26
dem_transition_inside,6,0.7,-0.08967224754403141,26
dem_transition_inside,6,0.8,-0.14416864039521055,26
dem_transition_inside,6,0.9,-0.09260120683149466,26
dem_transition_inside,6,1.0,-0.1429547887000859,26
dem_transition_inside,6,1.1,-0.10747962473719665,26
dem_transition_inside,6,1.2,-0.002779119571244275,26
dem_transition_inside,6,1.3,-0.13000462422233566,26
dem_transition_inside,6,1.4,-0.1660099505961533,26
dem_transition_inside,6,1.5,-0.14788561045001578,26
dem_transition_inside,6,1.6,-0.18736183450039026,26
dem_transition_inside,6,1.7,0.005453928286349962,26
dem_transition_inside,6,1.8,0.07343619873001996,26
dem_transition_inside,6,1.9,-0.027137457516037997,26
dem_transition_inside,6,2.0,-0.05222195336805006,26
dem_transition_inside,6,2.1,0.011369384807437818,26
dem_transition_inside,6,2.2,-0.04455937893772954,26
dem_transition_inside,6,2.3,-0.09564605681381841,26
dem_transition_inside,6,2.4,0.05264734648918131,26
dem_transition_inside,6,2.5,0.03161307288155901,26
dem_transition_inside,6,2.6,0.15312386252333582,26
dem_transition_inside,6,2.7,0.011696753721251861,26
dem_transition_inside,6,2.8,0.02197609085929183,26
dem_transition_inside,6,2.9,0.05634671834360987,26
dem_transition_inside,6,3.0,0.10489327097195929,26
dem_transition_inside,6,3.1,0.04847100805716279,26
dem_transition_inside,6,3.2,-0.01867165192770482,26
dem_transition_inside,6,3.3,0.11593175073139582,26
dem_transition_inside,6,3.4,0.031968593209927,26
dem_transition_inside,6,3.5,0.013820318949704258,26
dem_transition_inside,6,3.6,0.0191906565022123,26
dem_transition_inside,6,3.7,0.026833901896331246,26
dem_transition_inside,6,3.8,0.0024199961297659547,26
dem_transition_inside,6,3.9,0.06464328330549869,26
dem_transition_inside,6,4.0,0.04688214948134969,26
dem_transition_inside,6,4.1,0.06217476091342043,26
dem_transition_inside,6,4.2,0.17970298810788346,26
dem_transition_inside,6,4.3,0.28560026517076004,26
dem_transition_inside,6,4.4,0.08953591941650117,26
dem_transition_inside,6,4.5,0.17627274889997788,26
dem_transition_inside,6,4.6,0.05002161642104515,26
dem_transition_inside,6,4.7,-0.013572945741215045,26
dem_transition_inside,6,4.8,0.007066353118223576,26
dem_transition_inside,6,4.9,-0.13056877869276995,26
dem_transition_inside,6,5.0,-0.08330410033743939,26
dem_transition_inside,6,5.1,-0.10699318857363539,26
dem_transition_inside,6,5.2,-0.18252908259170175,26
dem_transition_inside,6,5.3,0.03520206522381058,26
dem_transition_inside,6,5.4,-0.16769301516008273,26
dem_transition_inside,6,5.5,0.021858636410242025,26
dem_transition_inside,6,5.6,0.042076044275608626,26
dem_transition_inside,6,5.7,0.023598091877992052,26
dem_transition_inside,6,5.8,-0.10915665934203432,26
dem_transition_inside,6,5.9,-0.11873920685648932,26
dem_transition_inside,18,-3.0,-0.05181677823845536,146
dem_transition_inside,18,-2.9,-0.03672932561954034,146
dem_transition_inside,18,-2.8,-0.030163594758603262,146
dem_transition_inside,18,-2.7,-0.024057735667180332,146
dem_transition_inside,18,-2.6,-0.004289962482056369,146
dem_transition_inside,18,-2.5,0.030515662533709166,146
dem_transition_inside,18,-2.4,0.02921951491214533,146
dem_transition_inside,18,-2.3,0.06448449426893803,146
dem_transition_inside,18,-2.2,0.03965101064554877,146
dem_transition_inside,18,-2.1,0.0625522799383873,146
dem_transition_inside,18,-2.0,0.06831094093204523,146
dem_transition_inside,18,-1.9,0.0909546950389629,146
dem_transition_inside,18,-1.8,0.06641606104961556,146
dem_transition_inside,18,-1.7,0.01885338824438037,146
dem_transition_inside,18,-1.6,-0.03732244341736045,146
dem_transition_inside,18,-1.5,-0.052665694706806654,146
dem_transition_inside,18,-1.4,-0.06241885347181664,146
dem_transition_inside,18,-1.3,-0.0559459941866147,146
dem_transition_inside,18,-1.2,-0.03729985950869064,146
dem_transition_inside,18,-1.1,-0.029324019605719412,146
dem_transition_inside,18,-1.0,-0.048923785900888424,146
dem_transition_inside,18,-0.9,-0.09069354004614015,146
dem_transition_inside,18,-0.8,-0.12965211957696207,146
dem_transition_inside,18,-0.7,-0.11005341563591681,146
dem_transition_inside,18,-0.6,-0.14822793019952865,146
dem_transition_inside,18,-0.5,-0.1459653485255354,146
dem_transition_inside,18,-0.4,-0.14747141827550644,146
dem_transition_inside,18,-0.3,-0.12623791438067075,146
dem_transition_inside,18,-0.2,-0.10412849048569134,146
dem_transition_inside,18,-0.0999999999999996,-0.09661052201807996,146
dem_transition_inside,18,0.0,-0.07798880212676422,146
dem_transition_inside,18,0.1,-0.03477891383923675,146
dem_transition_inside,18,0.2,-0.02778912483546096,146
dem_transition_inside,18,0.3,-0.030417137990237205,146
dem_transition_inside,18,0.4,-0.020231187024763734,146
dem_transition_inside,18,0.5,-6.61397934956224e-05,146
dem_transition_inside,18,0.6,0.010176519669752776,146
dem_transition_inside,18,0.7,0.0048906259615993765,146
dem_transition_inside,18,0.8,-0.045573003527342254,146
dem_transition_inside,18,0.9,-0.059702818023034177,146
dem_transition_inside,18,1.0,-0.1223425325670622,146
dem_transition_inside,18,1.1,-0.11179036293320538,146
dem_transition_inside,18,1.2,-0.14714770119787862,146
dem_transition_inside,18,1.3,-0.16117997968081146,146
dem_transition_inside,18,1.4,-0.1519743463131008,146
dem_transition_inside,18,1.5,-0.1418379964516486,146
dem_transition_inside,18,1.6,-0.1506000827105102,146
dem_transition_inside,18,1.7,-0.14559631928293348,146
dem_transition_inside,18,1.8,-0.17143628429278587,146
dem_transition_inside,18,1.9,-0.19453162637311777,146
dem_transition_inside,18,2.0,-0.18689351784540592,146
dem_transition_inside,18,2.1,-0.22203079110815255,146
dem_transition_inside,18,2.2,-0.2362490524417676,146
dem_transition_inside,18,2.3,-0.2309441436734937,146
dem_transition_inside,18,2.4,-0.22076175496427797,146
dem_transition_inside,18,2.5,-0.220167651054859,146
dem_transition_inside,18,2.6,-0.19900597550371352,146
dem_transition_inside,18,2.7,-0.20280990368741217,146
dem_transition_inside,18,2.8,-0.23651165375374505,146
dem_transition_inside,18,2.9,-0.23051448579122924,146
dem_transition_inside,18,3.0,-0.24062161505323534,146
dem_transition_inside,18,3.1,-0.23097002607919512,146
dem_transition_inside,18,3.2,-0.22844410887170907,146
dem_transition_inside,18,3.3,-0.17504711876437362,146
dem_transition_inside,18,3.4,-0.16780979130982482,146
dem_transition_inside,18,3.5,-0.16710461708175867,146
dem_transition_inside,18,3.6,-0.16271414373613569,146
dem_transition_inside,18,3.7,-0.18277001196085318,146
dem_transition_inside,18,3.8,-0.21835032087451933,146
dem_transition_inside,18,3.9,-0.25330592836008986,146
dem_transition_inside,18,4.0,-0.29448811231428607,146
dem_transition_inside,18,4.1,-0.30677495599753024,146
dem_transition_inside,18,4.2,-0.28239957475779365,146
dem_transition_inside,18,4.3,-0.28542870693483935,146
dem_transition_inside,18,4.4,-0.276720701925773,146
dem_transition_inside,18,4.5,-0.29497165832951694,146
dem_transition_inside,18,4.6,-0.32553042488750134,146
dem_transition_inside,18,4.7,-0.3057817986541484,146
dem_transition_inside,18,4.8,-0.28685928191635424,146
dem_transition_inside,18,4.9,-0.29758952334962074,146
dem_transition_inside,18,5.0,-0.31952864725571184,146
dem_transition_inside,18,5.1,-0.34132004701203955,146
dem_transition_inside,18,5.2,-0.3532713380070734,146
dem_transition_inside,18,5.3,-0.36768168238688304,146
dem_transition_inside,18,5.4,-0.38603769614493294,146
dem_transition_inside,18,5.5,-0.39524853932984305,146
dem_transition_inside,18,5.6,-0.39230712312389815,146
dem_transition_inside,18,5.7,-0.36362772428524087,146
dem_transition_inside,18,5.8,-0.39476987340831754,146
dem_transition_inside,18,5.9,-0.42172629297539843,146
dem_transition_inside,19,-3.0,0.035080775667428704,128
dem_transition_inside,19,-2.9,0.017187253735581783,128
dem_transition_inside,19,-2.8,-0.04476848908424218,128
dem_transition_inside,19,-2.7,-0.03777728282546847,128
dem_transition_inside,19,-2.6,0.014769595042874433,128
dem_transition_inside,19,-2.5,0.04936929496408368,128
dem_transition_inside,19,-2.4,0.036554507525072055,128
dem_transition_inside,19,-2.3,0.06278454296871551,128
dem_transition_inside,19,-2.2,0.05115465387020665,128
dem_transition_inside,19,-2.1,0.07732849813066087,128
dem_transition_inside,19,-2.0,-0.019514314708619945,128
dem_transition_inside,19,-1.9,0.0004212189994390776,128
dem_transition_inside,19,-1.8,-0.00883858019823542,128
dem_transition_inside,19,-1.7,-0.015221306093724303,128
dem_transition_inside,19,-1.6,-0.0100584079694154,128
dem_transition_inside,19,-1.5,-0.039899904626129384,128
dem_transition_inside,19,-1.4,-0.023923332925016222,128
dem_transition_inside,19,-1.3,-0.020260205523297502,128
dem_transition_inside,19,-1.2,-0.03359114428497278,128
dem_transition_inside,19,-1.1,-0.05440596257671173,128
dem_transition_inside,19,-1.0,-0.0363914100882291,128
dem_transition_inside,19,-0.9,-0.0770757631015472,128
dem_transition_inside,19,-0.8,-0.025619210493524426,128
dem_transition_inside,19,-0.7,-0.05730722053868713,128
dem_transition_inside,19,-0.6,-0.12257460497956907,128
dem_transition_inside,19,-0.5,-0.07384595312344337,128
dem_transition_inside,19,-0.4,-0.10069455866825713,128
dem_transition_inside,19,-0.3,-0.11573896432175938,128
dem_transition_inside,19,-0.2,-0.09320929218792881,128
dem_transition_inside,19,-0.0999999999999996,-0.01858276392508293,128
dem_transition_inside,19,0.0,0.009889343047288564,128
dem_transition_inside,19,0.1,0.005608933013132034,128
dem_transition_inside,19,0.2,-0.034647309928079545,128
dem_transition_inside,19,0.3,-0.07547873011541957,128
dem_transition_inside,19,0.4,-0.11469496182266137,128
dem_transition_inside,19,0.5,-0.07396231923728849,128
dem_transition_inside,19,0.6,-0.09546597742836105,128
dem_transition_inside,19,0.7,-0.07752692682344531,128
dem_transition_inside,19,0.8,-0.07415288520986038,128
dem_transition_inside,19,0.9,-0.06994109011390988,128
dem_transition_inside,19,1.0,-0.1256349279250246,128
dem_transition_inside,19,1.1,-0.09247518326454135,128
dem_transition_inside,19,1.2,-0.11708905238366787,128
dem_transition_inside,19,1.3,-0.13900369701396634,128
dem_transition_inside,19,1.4,-0.16573829730871023,128
dem_transition_inside,19,1.5,-0.16249480893174634,128
dem_transition_inside,19,1.6,-0.2277842544549379,128
dem_transition_inside,19,1.7,-0.20284212017685357,128
dem_transition_inside,19,1.8,-0.205972905927371,128
dem_transition_inside,19,1.9,-0.10050111942100519,128
dem_transition_inside,19,2.0,-0.12191972059485587,128
dem_transition_inside,19,2.1,-0.09034793334330869,128
dem_transition_inside,19,2.2,-0.10550185369837893,128
dem_transition_inside,19,2.3,-0.10550961273027668,128
dem_transition_inside,19,2.4,-0.15768296734147544,128
dem_transition_inside,19,2.5,-0.14655780380860445,128
dem_transition_inside,19,2.6,-0.12429881822470791,128
dem_transition_inside,19,2.7,-0.13302378391134576,128
dem_transition_inside,19,2.8,-0.13180043849914966,128
dem_transition_inside,19,2.9,-0.12853144469550684,128
dem_transition_inside,19,3.0,-0.13085633306972078,128
dem_transition_inside,19,3.1,-0.17597281097805978,128
dem_transition_inside,19,3.2,-0.15251113634269925,128
dem_transition_inside,19,3.3,-0.21077962371894235,128
dem_transition_inside,19,3.4,-0.17860086627716554,128
dem_transition_inside,19,3.5,-0.1577167013588487,128
dem_transition_inside,19,3.6,-0.1835941036977233,128
dem_transition_inside,19,3.7,-0.2221637629588321,128
dem_transition_inside,19,3.8,-0.23568638822303314,128
dem_transition_inside,19,3.9,-0.22010031497771332,128
dem_transition_inside,19,4.0,-0.1739451009998876,128
dem_transition_inside,19,4.1,-0.15280455914758476,128
dem_transition_inside,19,4.2,-0.20101724158897427,128
dem_transition_inside,19,4.3,-0.19611150991785434,128
dem_transition_inside,19,4.4,-0.19866053005299372,128
dem_transition_inside,19,4.5,-0.20984535220706374,128
dem_transition_inside,19,4.6,-0.2088490217677088,128
dem_transition_inside,19,4.7,-0.2184234997380663,128
dem_transition_inside,19,4.8,-0.18701328311970195,128
dem_transition_inside,19,4.9,-0.27130891503880955,128
dem_transition_inside,19,5.0,-0.24391691577610786,128
dem_transition_inside,19,5.1,-0.17747888372532347,128
dem_transition_inside,19,5.2,-0.21511795267530198,128
dem_transition_inside,19,5.3,-0.2067559163786818,128
dem_transition_inside,19,5.4,-0.25485503332041226,128
dem_transition_inside,19,5.5,-0.28292902045639784,128
dem_transition_inside,19,5.6,-0.25742332413783414,128
dem_transition_inside,19,5.7,-0.3047655369181451,128
dem_transition_inside,19,5.8,-0.23140791405099487,128
dem_transition_inside,19,5.9,-0.28809009124191953,128
dem_transition_inside,27,-3.0,0.039873030089041715,41
dem_transition_inside,27,-2.9,0.06957954924530356,41
dem_transition_inside,27,-2.8,0.020220775190382023,41
dem_transition_inside,27,-2.7,-0.004804234734749109,41
dem_transition_inside,27,-2.6,0.03497314267847768,41
dem_transition_inside,27,-2.5,0.014974748867071345,41
dem_transition_inside,27,-2.4,-0.09066534305415223,41
dem_transition_inside,27,-2.3,-0.07850551991052555,41
dem_transition_inside,27,-2.2,-0.020731396480998626,41
dem_transition_inside,27,-2.1,-0.014849578976625973,41
dem_transition_inside,27,-2.0,-0.008598183302926832,41
dem_transition_inside,27,-1.9,-0.09387979633952238,41
dem_transition_inside,27,-1.8,-0.13168094693099316,41
dem_transition_inside,27,-1.7,-0.057079462059110776,41
dem_transition_inside,27,-1.6,-0.06891470746370819,41
dem_transition_inside,27,-1.5,-0.030674741589144842,41
dem_transition_inside,27,-1.4,0.08720429621687666,41
dem_transition_inside,27,-1.3,0.0910956710096115,41
dem_transition_inside,27,-1.2,0.040490806810933165,41
dem_transition_inside,27,-1.1,0.11591294112699997,41
dem_transition_inside,27,-1.0,0.08605894960775956,41
dem_transition_inside,27,-0.9,-0.0054958255335559114,41
dem_transition_inside,27,-0.8,-0.019325167861686886,41
dem_transition_inside,27,-0.7,-0.006950596573596405,41
dem_transition_inside,27,-0.6,0.06360910794634611,41
dem_transition_inside,27,-0.5,0.15111439218042896,41
dem_transition_inside,27,-0.4,0.149265658760957,41
dem_transition_inside,27,-0.3,0.09673062643672631,41
dem_transition_inside,27,-0.2,0.09844317685527662,41
dem_transition_inside,27,-0.0999999999999996,0.0946718288711812,41
dem_transition_inside,27,0.0,0.06948028532248128,41
dem_transition_inside,27,0.1,0.09070346250090237,41
dem_transition_inside,27,0.2,0.09648785668323358,41
dem_transition_inside,27,0.3,0.0665166000666201,41
dem_transition_inside,27,0.4,-0.02032349731744288,41
dem_transition_inside,27,0.5,-0.07971979757056417,41
dem_transition_inside,27,0.6,-0.12982401311942085,41
dem_transition_inside,27,0.7,-0.04055447790126132,41
dem_transition_inside,27,0.8,-0.03798370346578244,41
dem_transition_inside,27,0.9,-0.019298895409971362,41
dem_transition_inside,27,1.0,-0.06654710484758228,41
dem_transition_inside,27,1.1,-0.12572303391514622,41
dem_transition_inside,27,1.2,-0.0865405647229233,41
dem_transition_inside,27,1.3,-0.12052612564059928,41
dem_transition_inside,27,1.4,-0.07873321883115732,41
dem_transition_inside,27,1.5,-0.10809849754562807,41
dem_transition_inside,27,1.6,-0.15585518065345336,41
dem_transition_inside,27,1.7,-0.19480639442299574,41
dem_transition_inside,27,1.8,-0.16922351322517556,41
dem_transition_inside,27,1.9,-0.1615862162748737,41
dem_transition_inside,27,2.0,-0.19482077184208527,41
dem_transition_inside,27,2.1,-0.19770859140694055,41
dem_transition_inside,27,2.2,-0.1939611246468981,41
dem_transition_inside,27,2.3,-0.037525888329848434,41
dem_transition_inside,27,2.4,0.1235869184454582,41
dem_transition_inside,27,2.5,0.10092512601137904,41
dem_transition_inside,27,2.6,0.011753509407263173,41
dem_transition_inside,27,2.7,-0.06347747907992006,41
dem_transition_inside,27,2.8,-0.1091058954392992,41
dem_transition_inside,27,2.9,-0.17520003928224084,41
dem_transition_inside,27,3.0,-0.16387739249631172,41
dem_transition_inside,27,3.1,-0.12187224047523437,41
dem_transition_inside,27,3.2,-0.041100248143188835,41
dem_transition_inside,27,3.3,-0.024878557839783065,41
dem_transition_inside,27,3.4,-0.03110701647485053,41
dem_transition_inside,27,3.5,-0.1223780518914215,41
dem_transition_inside,27,3.6,-0.12263506591084809,41
dem_transition_inside,27,3.7,-0.11405355920605212,41
dem_transition_inside,27,3.8,-0.0873758962886706,41
dem_transition_inside,27,3.9,-0.1712477052214831,41
dem_transition_inside,27,4.0,-0.18576712667060924,41
dem_transition_inside,27,4.1,-0.19883679178032423,41
dem_transition_inside,27,4.2,-0.1529903131826953,41
dem_transition_inside,27,4.3,-0.0659270044581773,41
dem_transition_inside,27,4.4,-0.002518914056716207,41
dem_transition_inside,27,4.5,0.025997859394840752,41
dem_transition_inside,27,4.6,0.10414178929452017,41
dem_transition_inside,27,4.7,0.049047627782461044,41
dem_transition_inside,27,4.8,-0.029007071890568163,41
dem_transition_inside,27,4.9,-0.11895178603543653,41
dem_transition_inside,27,5.0,-0.1220682112726415,41
dem_transition_inside,27,5.1,-0.23737785361131064,41
dem_transition_inside,27,5.2,-0.242878912792281,41
dem_transition_inside,27,5.3,-0.25316509300965756,41
dem_transition_inside,27,5.4,-0.27363493496536934,41
dem_transition_inside,27,5.5,-0.326514357741849,41
dem_transition_inside,27,5.6,-0.33520925269120727,41
dem_transition_inside,27,5.7,-0.3602798948594004,41
dem_transition_inside,27,5.8,-0.33887200964565445,41
dem_transition_inside,27,5.9,-0.28534976085768304,41
dem_transition_inside,35,-3.0,0.20689674937594668,95
dem_transition_inside,35,-2.9,0.19401689032281452,95
dem_transition_inside,35,-2.8,0.08039235292455865,95
dem_transition_inside,35,-2.7,0.10171869326053384,95
dem_transition_inside,35,-2.6,-0.015154864971310458,95
dem_transition_inside,35,-2.5,0.0662253299558471,95
dem_transition_inside,35,-2.4,0.004372684787375739,95
dem_transition_inside,35,-2.3,0.025837357402394727,95
dem_transition_inside,35,-2.2,0.020984413748397112,95
dem_transition_inside,35,-2.1,-0.049318709139935586,95
dem_transition_inside,35,-2.0,-0.0450806288697767,95
dem_transition_inside,35,-1.9,-0.06779432766213458,95
dem_transition_inside,35,-1.8,-0.0101844987113442,95
dem_transition_inside,35,-1.7,-0.15298238058932967,95
dem_transition_inside,35,-1.6,-0.12871678214237708,95
dem_transition_inside,35,-1.5,0.045646535603752286,95
dem_transition_inside,35,-1.4,-0.058426623114336856,95
dem_transition_inside,35,-1.3,-0.039280713957879354,95
dem_transition_inside,35,-1.2,-0.11839384384309785,95
dem_transition_inside,35,-1.1,-0.1666634369443422,95
dem_transition_inside,35,-1.0,0.027439690689593826,95
dem_transition_inside,35,-0.9,-0.057284959615711326,95
dem_transition_inside,35,-0.8,0.043285889603168634,95
dem_transition_inside,35,-0.7,0.053356460769246564,95
dem_transition_inside,35,-0.6,0.011036157896127769,95
dem_transition_inside,35,-0.5,0.029331101435632223,95
dem_transition_inside,35,-0.4,0.00822553366030673,95
dem_transition_inside,35,-0.3,0.1163746387354486,95
dem_transition_inside,35,-0.2,0.1277373432164376,95
dem_transition_inside,35,-0.0999999999999996,0.08248468459322929,95
dem_transition_inside,35,0.0,0.06391727339621303,95
dem_transition_inside,35,0.1,0.16199835826729486,95
dem_transition_inside,35,0.2,-0.08105175099232834,95
dem_transition_inside,35,0.3,0.011806530179294115,95
dem_transition_inside,35,0.4,0.12107400361914011,95
dem_transition_inside,35,0.5,0.10480204944898872,95
dem_transition_inside,35,0.6,0.06479263880520726,95
dem_transition_inside,35,0.7,0.04190224784091167,95
dem_transition_inside,35,0.8,0.0881707338540651,95
dem_transition_inside,35,0.9,-0.005542757463347298,95
dem_transition_inside,35,1.0,0.12471740345616097,95
dem_transition_inside,35,1.1,0.005398997466848839,95
dem_transition_inside,35,1.2,0.05498714907496406,95
dem_transition_inside,35,1.3,-0.11459137461027322,95
dem_transition_inside,35,1.4,0.01977141685334447,95
dem_transition_inside,35,1.5,0.1361876212247146,95
dem_transition_inside,35,1.6,0.050602811410203986,95
dem_transition_inside,35,1.7,0.05427558790916435,95
dem_transition_inside,35,1.8,0.17641887011222737,95
dem_transition_inside,35,1.9,0.10848661890403756,95
dem_transition_inside,35,2.0,0.058457533173896487,95
dem_transition_inside,35,2.1,0.13260273607918446,95
dem_transition_inside,35,2.2,0.13959650459823164,95
dem_transition_inside,35,2.3,0.09465491268927913,95
dem_transition_inside,35,2.4,0.11605630038263932,95
dem_transition_inside,35,2.5,0.04074118253290234,95
dem_transition_inside,35,2.6,0.05117232368227552,95
dem_transition_inside,35,2.7,-0.019051563044119847,95
dem_transition_inside,35,2.8,0.15126847498680537,95
dem_transition_inside,35,2.9,-0.021201615073932933,95
dem_transition_inside,35,3.0,0.10047750410764573,95
dem_transition_inside,35,3.1,-0.0966758947362572,95
dem_transition_inside,35,3.2,-0.08154436785180026,95
dem_transition_inside,35,3.3,0.06503766980650919,95
dem_transition_inside,35,3.4,-0.04669260086939092,95
dem_transition_inside,35,3.5,-0.04244615931140645,95
dem_transition_inside,35,3.6,-0.038018067524576225,95
dem_transition_inside,35,3.7,-0.06286432105805521,95
dem_transition_inside,35,3.8,-0.013889901960390989,95
dem_transition_inside,35,3.9,-0.02681196489551138,95
dem_transition_inside,35,4.0,-0.13140328335402185,95
dem_transition_inside,35,4.1,-0.13644124630626986,95
dem_transition_inside,35,4.2,-0.15708308222147166,95
dem_transition_inside,35,4.3,-0.18857036031896987,95
dem_transition_inside,35,4.4,-0.0019143363104059958,95
dem_transition_inside,35,4.5,0.0013988103204680036,95
dem_transition_inside,35,4.6,-0.011079030994801608,95
dem_transition_inside,35,4.7,-0.06307945649392402,95
dem_transition_inside,35,4.8,-0.08952666641325605,95
dem_transition_inside,35,4.9,-0.1080523545451574,95
dem_transition_inside,35,5.0,0.06360676946813727,95
dem_transition_inside,35,5.1,0.013151047159957907,95
dem_transition_inside,35,5.2,0.07227539843227693,95
dem_transition_inside,35,5.3,-0.024268834730115804,95
dem_transition_inside,35,5.4,-0.17233448683008895,95
dem_transition_inside,35,5.5,-0.007375242645552355,95
dem_transition_inside,35,5.6,-0.1170062357511618,95
dem_transition_inside,35,5.7,0.10417452683123972,95
dem_transition_inside,35,5.8,0.02763833795374597,95
dem_transition_inside,35,5.9,-0.08424914003063388,95
dem_transition_outside,1,-3.0,0.07411375864921553,63
dem_transition_outside,1,-2.9,0.06184594456902792,63
dem_transition_outside,1,-2.8,0.024435762721357963,63
dem_transition_outside,1,-2.7,0.0042047591065432445,63
dem_transition_outside,1,-2.6,0.005845525230919558,63
dem_transition_outside,1,-2.5,0.016481305978392053,63
dem_transition_outside,1,-2.4,0.020463306242684526,63
dem_transition_outside,1,-2.3,0.019755711663414218,63
dem_transition_outside,1,-2.2,-0.0035947171497437806,63
dem_transition_outside,1,-2.1,0.028420604277044743,63
dem_transition_outside,1,-2.0,0.03582432287188287,63
dem_transition_outside,1,-1.9,0.019049899863551857,63
dem_transition_outside,1,-1.8,-0.04344131918568501,63
dem_transition_outside,1,-1.7,-0.06374439790667188,63
dem_transition_outside,1,-1.6,-0.0771437650665311,63
dem_transition_outside,1,-1.5,-0.025440473831328046,63
dem_transition_outside,1,-1.4,-0.044279342238065,63
dem_transition_outside,1,-1.3,-0.03133560234273456,63
dem_transition_outside,1,-1.2,0.02056714891615674,63
dem_transition_outside,1,-1.1,-0.026360508398699155,63
dem_transition_outside,1,-1.0,-0.008362118966834173,63
dem_transition_outside,1,-0.9,-0.015431136671118171,63
dem_transition_outside,1,-0.8,0.003804921237722706,63
dem_transition_outside,1,-0.7,-0.007975966587674667,63
dem_transition_outside,1,-0.6,-0.01942056307399621,63
dem_transition_outside,1,-0.5,-0.016612044801051114,63
dem_transition_outside,1,-0.4,-0.010694534078969168,63
dem_transition_outside,1,-0.3,-0.040159476312668786,63
dem_transition_outside,1,-0.2,-0.04697273668060506,63
dem_transition_outside,1,-0.0999999999999996,-0.07805985536867874,63
dem_transition_outside,1,0.0,-0.07844731309603309,63
dem_transition_outside,1,0.1,-0.08440898077981933,63
dem_transition_outside,1,0.2,-0.07781694463755479,63
dem_transition_outside,1,0.3,-0.045974525842295166,63
dem_transition_outside,1,0.4,-0.032348034181184225,63
dem_transition_outside,1,0.5,-0.022124235623863054,63
dem_transition_outside,1,0.6,-0.026892140238959222,63
dem_transition_outside,1,0.7,-0.027473794765606536,63
dem_transition_outside,1,0.8,-0.03239655588594,63
dem_transition_outside,1,0.9,-0.0010552207363205728,63
dem_transition_outside,1,1.0,0.011896935856735324,63
dem_transition_outside,1,1.1,0.010094873020975142,63
dem_transition_outside,1,1.2,0.040588988208311375,63
dem_transition_outside,1,1.3,0.007458487180387118,63
dem_transition_outside,1,1.4,-0.05005748130470991,63
dem_transition_outside,1,1.5,-0.05754203932147383,63
dem_transition_outside,1,1.6,-0.08027012806646229,63
dem_transition_outside,1,1.7,-0.06414238700587752,63
dem_transition_outside,1,1.8,-0.06573949067796872,63
dem_transition_outside,1,1.9,-0.06232627624057301,63
dem_transition_outside,1,2.0,-0.05088785039875257,63
dem_transition_outside,1,2.1,-0.023220343427412596,63
dem_transition_outside,1,2.2,-0.011196374681580521,63
dem_transition_outside,1,2.3,-0.02049478373759242,63
dem_transition_outside,1,2.4,-0.026785505341347864,63
dem_transition_outside,1,2.5,-0.03428389809967915,63
dem_transition_outside,1,2.6,-0.06940774244572331,63
dem_transition_outside,1,2.7,-0.016259751597722978,63
dem_transition_outside,1,2.8,-0.0022916806234515976,63
dem_transition_outside,1,2.9,0.003753939817312068,63
dem_transition_outside,1,3.0,0.026956736286291968,63
dem_transition_outside,1,3.1,-0.039290003504762805,63
dem_transition_outside,1,3.2,-0.029407860867766415,63
dem_transition_outside,1,3.3,-0.023256410150848502,63
dem_transition_outside,1,3.4,0.01900157029418403,63
dem_transition_outside,1,3.5,0.017814962151222188,63
dem_transition_outside,1,3.6,0.004538931797381583,63
dem_transition_outside,1,3.7,0.03448437084315779,63
dem_transition_outside,1,3.8,0.06650599604526576,63
dem_transition_outside,1,3.9,0.05429215665631989,63
dem_transition_outside,1,4.0,0.031416116946397205,63
dem_transition_outside,1,4.1,0.019611308676559826,63
dem_transition_outside,1,4.2,0.027058683885977777,63
dem_transition_outside,1,4.3,-0.003746594937799993,63
dem_transition_outside,1,4.4,0.005634596857129061,63
dem_transition_outside,1,4.5,-0.003392753632706068,63
dem_transition_outside,1,4.6,0.021672539755483916,63
dem_transition_outside,1,4.7,0.009989961083887144,63
dem_transition_outside,1,4.8,0.008563403024108143,63
dem_transition_outside,1,4.9,-0.008867925186681478,63
dem_transition_outside,1,5.0,-0.0020003410276367966,63
dem_transition_outside,1,5.1,-0.025685597510106045,63
dem_transition_outside,1,5.2,-0.0048498129240339884,63
dem_transition_outside,1,5.3,0.02073204863413931,63
dem_transition_outside,1,5.4,0.025476486313100594,63
dem_transition_outside,1,5.5,0.04602555517188368,63
dem_transition_outside,1,5.6,0.027444990786553554,63
dem_transition_outside,1,5.7,0.02502992581251313,63
dem_transition_outside,1,5.8,0.023819392142714575,63
dem_transition_outside,1,5.9,0.011878953119673685,63
dem_transition_outside,3,-3.0,-0.025490986652254657,85
dem_transition_outside,3,-2.9,0.02811516641925254,85
dem_transition_outside,3,-2.8,-0.027421470579587277,85
dem_transition_outside,3,-2.7,-0.02847045539377889,85
dem_transition_outside,3,-2.6,-0.05480594365581862,85
dem_transition_outside,3,-2.5,-0.06859063092208716,85
dem_transition_outside,3,-2.4,-0.07051390096155055,85
dem_transition_outside,3,-2.3,-0.0809201784685244,85
dem_transition_outside,3,-2.2,-0.03113935705357605,85
dem_transition_outside,3,-2.1,0.018555348570111808,85
dem_transition_outside,3,-2.0,-0.0028170799817357575,85
dem_transition_outside,3,-1.9,0.03523987745302466,85
dem_transition_outside,3,-1.8,0.05600228359449461,85
dem_transition_outside,3,-1.7,0.02959215226359178,85
dem_transition_outside,3,-1.6,0.026118165154561158,85
dem_transition_outside,3,-1.5,0.02699080268554724,85
dem_transition_outside,3,-1.4,0.05706887000496058,85
dem_transition_outside,3,-1.3,0.03287868365605645,85
dem_transition_outside,3,-1.2,0.022704245821489444,85
dem_transition_outside,3,-1.1,0.022323705183851253,85
dem_transition_outside,3,-1.0,0.028342480687194412,85
dem_transition_outside,3,-0.9,-0.0021483042536497355,85
dem_transition_outside,3,-0.8,-0.05493685005181094,85
dem_transition_outside,3,-0.7,-0.08790317982296729,85
dem_transition_outside,3,-0.6,-0.10077873293707215,85
dem_transition_outside,3,-0.5,-0.1872817925068522,85
dem_transition_outside,3,-0.4,-0.19083014540286622,85
dem_transition_outside,3,-0.3,-0.1721839978980815,85
dem_transition_outside,3,-0.2,-0.23711910570914257,85
dem_transition_outside,3,-0.0999999999999996,-0.18907201367139434,85
dem_transition_outside,3,0.0,-0.1843996480977222,85
dem_transition_outside,3,0.1,-0.21017374498069902,85
dem_transition_outside,3,0.2,-0.23022913032043218,85
dem_transition_outside,3,0.3,-0.24047747692645996,85
dem_transition_outside,3,0.4,-0.23778208549067037,85
dem_transition_outside,3,0.5,-0.2439436184898688,85
dem_transition_outside,3,0.6,-0.21692480153615493,85
dem_transition_outside,3,0.7,-0.19439508040436304,85
dem_transition_outside,3,0.8,-0.2317647340567662,85
dem_transition_outside,3,0.9,-0.22995980838027313,85
dem_transition_outside,3,1.0,-0.22560229254142103,85
dem_transition_outside,3,1.1,-0.22214071923680712,85
dem_transition_outside,3,1.2,-0.21674698434162612,85
dem_transition_outside,3,1.3,-0.2247146963102901,85
dem_transition_outside,3,1.4,-0.24986221503088515,85
dem_transition_outside,3,1.5,-0.2924505502558968,85
dem_transition_outside,3,1.6,-0.29443927291968963,85
dem_transition_outside,3,1.7,-0.2668422385857177,85
dem_transition_outside,3,1.8,-0.20901118417581047,85
dem_transition_outside,3,1.9,-0.25304399880972545,85
dem_transition_outside,3,2.0,-0.2433088584732881,85
dem_transition_outside,3,2.1,-0.26841097386746676,85
dem_transition_outside,3,2.2,-0.2831795537230397,85
dem_transition_outside,3,2.3,-0.3035495655578638,85
dem_transition_outside,3,2.4,-0.3641489186304692,85
dem_transition_outside,3,2.5,-0.41829547481589646,85
dem_transition_outside,3,2.6,-0.40751384983924815,85
dem_transition_outside,3,2.7,-0.298125955427712,85
dem_transition_outside,3,2.8,-0.38465405950892817,85
dem_transition_outside,3,2.9,-0.359893205132414,85
dem_transition_outside,3,3.0,-0.37125207174890135,85
dem_transition_outside,3,3.1,-0.39677436003359035,85
dem_transition_outside,3,3.2,-0.37938930006710914,85
dem_transition_outside,3,3.3,-0.37915788660650845,85
dem_transition_outside,3,3.4,-0.35190938517129,85
dem_transition_outside,3,3.5,-0.3569741787736839,85
dem_transition_outside,3,3.6,-0.4033155587045404,85
dem_transition_outside,3,3.7,-0.4946141695479673,85
dem_transition_outside,3,3.8,-0.5282789661528016,85
dem_transition_outside,3,3.9,-0.5424979643926297,85
dem_transition_outside,3,4.0,-0.5270587575953729,85
dem_transition_outside,3,4.1,-0.5894969189334825,85
dem_transition_outside,3,4.2,-0.5573507402291142,85
dem_transition_outside,3,4.3,-0.5730095811274086,85
dem_transition_outside,3,4.4,-0.6171826781249155,85
dem_transition_outside,3,4.5,-0.5930787223897677,85
dem_transition_outside,3,4.6,-0.6293049681669651,85
dem_transition_outside,3,4.7,-0.6464068644193743,85
dem_transition_outside,3,4.8,-0.674779265237857,85
dem_transition_outside,3,4.9,-0.6708371546293114,85
dem_transition_outside,3,5.0,-0.6748399077166373,85
dem_transition_outside,3,5.1,-0.7270352691904334,85
dem_transition_outside,3,5.2,-0.710201005046504,85
dem_transition_outside,3,5.3,-0.7344033998955015,85
dem_transition_outside,3,5.4,-0.6619590046680365,85
dem_transition_outside,3,5.5,-0.6676531391523512,85
dem_transition_outside,3,5.6,-0.6368546673714135,85
dem_transition_outside,3,5.7,-0.6526215776460685,85
dem_transition_outside,3,5.8,-0.6073516364297454,85
dem_transition_outside,3,5.9,-0.6229556358788745,85
dem_transition_outside,4,-3.0,0.015701234496554396,87
dem_transition_outside,4,-2.9,0.04787656536909558,87
dem_transition_outside,4,-2.8,0.05049325738684695,87
dem_transition_outside,4,-2.7,0.10752305320741178,87
dem_transition_outside,4,-2.6,0.10817649031118255,87
dem_transition_outside,4,-2.5,0.0686900856147566,87
dem_transition_outside,4,-2.4,0.09559522808793852,87
dem_transition_outside,4,-2.3,0.08684754590821166,87
dem_transition_outside,4,-2.2,-0.018346810946702485,87
dem_transition_outside,4,-2.1,-0.00027031097803287404,87
dem_transition_outside,4,-2.0,-0.07853087437491629,87
dem_transition_outside,4,-1.9,-0.03910085525349259,87
dem_transition_outside,4,-1.8,-0.10020488643867562,87
dem_transition_outside,4,-1.7,-0.1350254604028506,87
dem_transition_outside,4,-1.6,-0.15531065900840513,87
dem_transition_outside,4,-1.5,-0.0847291447044595,87
dem_transition_outside,4,-1.4,-0.04330730341085468,87
dem_transition_outside,4,-1.3,0.0033088400442262446,87
dem_transition_outside,4,-1.2,0.015610950487661483,87
dem_transition_outside,4,-1.1,0.04688176749115581,87
dem_transition_outside,4,-1.0,0.008121287113348202,87
dem_transition_outside,4,-0.9,-0.06501116129211028,87
dem_transition_outside,4,-0.8,-0.06227849858516064,87
dem_transition_outside,4,-0.7,-0.10616282314175009,87
dem_transition_outside,4,-0.6,-0.17161376078496424,87
dem_transition_outside,4,-0.5,-0.2123193407715916,87
dem_transition_outside,4,-0.4,-0.12204625199491483,87
dem_transition_outside,4,-0.3,-0.13533425120017234,87
dem_transition_outside,4,-0.2,-0.12535518380397612,87
dem_transition_outside,4,-0.0999999999999996,-0.1597891418456301,87
dem_transition_outside,4,0.0,-0.1594677566131289,87
dem_transition_outside,4,0.1,-0.15458140819798952,87
dem_transition_outside,4,0.2,-0.14984169076465567,87
dem_transition_outside,4,0.3,-0.16038074730592852,87
dem_transition_outside,4,0.4,-0.2521592687211744,87
dem_transition_outside,4,0.5,-0.26106841560470473,87
dem_transition_outside,4,0.6,-0.25860465371435243,87
dem_transition_outside,4,0.7,-0.26355952440585173,87
dem_transition_outside,4,0.8,-0.21519027261479087,87
dem_transition_outside,4,0.9,-0.24445632283126076,87
dem_transition_outside,4,1.0,-0.21102468180383785,87
dem_transition_outside,4,1.1,-0.2362702458983427,87
dem_transition_outside,4,1.2,-0.23335405083150104,87
dem_transition_outside,4,1.3,-0.26328832997204143,87
dem_transition_outside,4,1.4,-0.23632362680025829,87
dem_transition_outside,4,1.5,-0.13997118242694365,87
dem_transition_outside,4,1.6,-0.26283085483892266,87
dem_transition_outside,4,1.7,-0.2725744394714413,87
dem_transition_outside,4,1.8,-0.20523926475375023,87
dem_transition_outside,4,1.9,-0.3142691961658475,87
dem_transition_outside,4,2.0,-0.3101729713544227,87
dem_transition_outside,4,2.1,-0.2674300647926523,87
dem_transition_outside,4,2.2,-0.29018976355114134,87
dem_transition_outside,4,2.3,-0.315565684233765,87
dem_transition_outside,4,2.4,-0.40363239087232017,87
dem_transition_outside,4,2.5,-0.3965308930047032,87
dem_transition_outside,4,2.6,-0.4030409797199856,87
dem_transition_outside,4,2.7,-0.331321650576382,87
dem_transition_outside,4,2.8,-0.20069272417163128,87
dem_transition_outside,4,2.9,-0.20208041372211968,87
dem_transition_outside,4,3.0,-0.29561790295665974,87
dem_transition_outside,4,3.1,-0.23716447408336144,87
dem_transition_outside,4,3.2,-0.3272718222311044,87
dem_transition_outside,4,3.3,-0.3148336255150751,87
dem_transition_outside,4,3.4,-0.32028143726881103,87
dem_transition_outside,4,3.5,-0.2610912898501191,87
dem_transition_outside,4,3.6,-0.21513989620301074,87
dem_transition_outside,4,3.7,-0.3178993276611893,87
dem_transition_outside,4,3.8,-0.2860238888363554,87
dem_transition_outside,4,3.9,-0.3051130359183472,87
dem_transition_outside,4,4.0,-0.35914753503365837,87
dem_transition_outside,4,4.1,-0.47256346485179757,87
dem_transition_outside,4,4.2,-0.4003330412298239,87
dem_transition_outside,4,4.3,-0.38855234355405616,87
dem_transition_outside,4,4.4,-0.41326600928508495,87
dem_transition_outside,4,4.5,-0.35972362801081104,87
dem_transition_outside,4,4.6,-0.31768392219629554,87
dem_transition_outside,4,4.7,-0.26908693606426015,87
dem_transition_outside,4,4.8,-0.18828046285921587,87
dem_transition_outside,4,4.9,-0.09781942866483032,87
dem_transition_outside,4,5.0,-0.06028867927348046,87
dem_transition_outside,4,5.1,-0.08477433951667046,87
dem_transition_outside,4,5.2,-0.0688834431332646,87
dem_transition_outside,4,5.3,-0.14467485729836083,87
dem_transition_outside,4,5.4,-0.24148823342726544,87
dem_transition_outside,4,5.5,-0.3071663493345392,87
dem_transition_outside,4,5.6,-0.24704207462341654,87
dem_transition_outside,4,5.7,-0.26415619953251124,87
dem_transition_outside,4,5.8,-0.30978390767524033,87
dem_transition_outside,4,5.9,-0.25285067198577804,87
dem_transition_outside,5,-3.0,0.12346114309118866,179
dem_transition_outside,5,-2.9,0.09405065957091882,179
dem_transition_outside,5,-2.8,0.04511712026238312,179
dem_transition_outside,5,-2.7,0.05155168613586198,179
dem_transition_outside,5,-2.6,0.038824014767276885,179
dem_transition_outside,5,-2.5,0.033455723402814434,179
dem_transition_outside,5,-2.4,0.02615752810308165,179
dem_transition_outside,5,-2.3,0.05743582428421054,179
dem_transition_outside,5,-2.2,0.06471213050368478,179
dem_transition_outside,5,-2.1,0.021054318323274597,179
dem_transition_outside,5,-2.0,0.015397104394398288,179
dem_transition_outside,5,-1.9,0.04127142198667802,179
dem_transition_outside,5,-1.8,0.02234827314401848,179
dem_transition_outside,5,-1.7,-0.0072729070183921345,179
dem_transition_outside,5,-1.6,-0.03601367146735597,179
dem_transition_outside,5,-1.5,-0.04626975230568737,179
dem_transition_outside,5,-1.4,-0.04108996928695747,179
dem_transition_outside,5,-1.3,-0.08508524959857694,179
dem_transition_outside,5,-1.2,-0.11230746908308693,179
dem_transition_outside,5,-1.1,-0.14298228686854317,179
dem_transition_outside,5,-1.0,-0.1638156423411902,179
dem_transition_outside,5,-0.9,-0.16702398847893174,179
dem_transition_outside,5,-0.8,-0.16629905536925735,179
dem_transition_outside,5,-0.7,-0.16403927785478017,179
dem_transition_outside,5,-0.6,-0.14577432155779832,179
dem_transition_outside,5,-0.5,-0.11666984091913625,179
dem_transition_outside,5,-0.4,-0.09289593817361819,179
dem_transition_outside,5,-0.3,-0.08368341169592063,179
dem_transition_outside,5,-0.2,-0.09888615583225904,179
dem_transition_outside,5,-0.0999999999999996,-0.07311878554709322,179
dem_transition_outside,5,0.0,-0.034710363526946605,179
dem_transition_outside,5,0.1,0.049308781842212275,179
dem_transition_outside,5,0.2,0.03473503421241124,179
dem_transition_outside,5,0.3,0.06687939408457305,179
dem_transition_outside,5,0.4,0.07477745814520069,179
dem_transition_outside,5,0.5,0.03444541179299082,179
dem_transition_outside,5,0.6,-0.04984148256991343,179
dem_transition_outside,5,0.7,-0.10752833934677646,179
dem_transition_outside,5,0.8,-0.1512456274365079,179
dem_transition_outside,5,0.9,-0.1310025119479552,179
dem_transition_outside,5,1.0,-0.10214717518264976,179
dem_transition_outside,5,1.1,-0.08804099369658178,179
dem_transition_outside,5,1.2,-0.09389951623515001,179
dem_transition_outside,5,1.3,-0.10921882977753915,179
dem_transition_outside,5,1.4,-0.07692440675113175,179
dem_transition_outside,5,1.5,-0.08790774688514116,179
dem_transition_outside,5,1.6,-0.11284543886321728,179
dem_transition_outside,5,1.7,-0.13735151751245112,179
dem_transition_outside,5,1.8,-0.13724239996844434,179
dem_transition_outside,5,1.9,-0.15005840760184863,179
dem_transition_outside,5,2.0,-0.1404754790623676,179
dem_transition_outside,5,2.1,-0.15083765185895798,179
dem_transition_outside,5,2.2,-0.15231262356929265,179
dem_transition_outside,5,2.3,-0.20408826230171637,179
dem_transition_outside,5,2.4,-0.21230072071417336,179
dem_transition_outside,5,2.5,-0.22091999117405267,179
dem_transition_outside,5,2.6,-0.1965854285426494,179
dem_transition_outside,5,2.7,-0.18903053003067613,179
dem_transition_outside,5,2.8,-0.18766229189649752,179
dem_transition_outside,5,2.9,-0.15250195205271597,179
dem_transition_outside,5,3.0,-0.15917372207313035,179
dem_transition_outside,5,3.1,-0.17753599455780414,179
dem_transition_outside,5,3.2,-0.2510351670499884,179
dem_transition_outside,5,3.3,-0.2724902036722347,179
dem_transition_outside,5,3.4,-0.2504777652799458,179
dem_transition_outside,5,3.5,-0.22678482382013188,179
dem_transition_outside,5,3.6,-0.19868353614840356,179
dem_transition_outside,5,3.7,-0.20248658738335745,179
dem_transition_outside,5,3.8,-0.1948177375843277,179
dem_transition_outside,5,3.9,-0.2207813325496559,179
dem_transition_outside,5,4.0,-0.2567945125633622,179
dem_transition_outside,5,4.1,-0.29486375394610154,179
dem_transition_outside,5,4.2,-0.31442311747894697,179
dem_transition_outside,5,4.3,-0.3398549504847119,179
dem_transition_outside,5,4.4,-0.33397415015239645,179
dem_transition_outside,5,4.5,-0.3279677042964397,179
dem_transition_outside,5,4.6,-0.28917309708014355,179
dem_transition_outside,5,4.7,-0.27506031115833607,179
dem_transition_outside,5,4.8,-0.27964347561640207,179
dem_transition_outside,5,4.9,-0.3132989661372937,179
dem_transition_outside,5,5.0,-0.3139248549423116,179
dem_transition_outside,5,5.1,-0.3221245514873919,179
dem_transition_outside,5,5.2,-0.3354360160370469,179
dem_transition_outside,5,5.3,-0.3356743717861394,179
dem_transition_outside,5,5.4,-0.3403661819910918,179
dem_transition_outside,5,5.5,-0.30386778028031947,179
dem_transition_outside,5,5.6,-0.27947409791172356,179
dem_transition_outside,5,5.7,-0.29029574901326344,179
dem_transition_outside,5,5.8,-0.32853971307453933,179
dem_transition_outside,5,5.9,-0.34012934612753665,179
dem_transition_outside,6,-3.0,0.13086280058273958,23
dem_transition_outside,6,-2.9,-0.05098590148066931,23
dem_transition_outside,6,-2.8,-0.005935485950282521,23
dem_transition_outside,6,-2.7,0.012746595055056622,23
dem_transition_outside,6,-2.6,-0.04535478063723744,23
dem_transition_outside,6,-2.5,-0.1135820294899255,23
dem_transition_outside,6,-2.4,-0.05116667899904208,23
dem_transition_outside,6,-2.3,0.0024300452438124416,23
dem_transition_outside,6,-2.2,-0.0750859796461309,23
dem_transition_outside,6,-2.1,0.10541770580436192,23
dem_transition_outside,6,-2.0,0.005506280283973476,23
dem_transition_outside,6,-1.9,-0.12124338064260896,23
dem_transition_outside,6,-1.8,-0.2423381752412497,23
dem_transition_outside,6,-1.7,-0.027952726813367062,23
dem_transition_outside,6,-1.6,0.06444942966981575,23
dem_transition_outside,6,-1.5,0.030679799478566236,23
dem_transition_outside,6,-1.4,-0.05919349508647053,23
dem_transition_outside,6,-1.3,-0.13910649958880142,23
dem_transition_outside,6,-1.2,0.14855728454066233,23
dem_transition_outside,6,-1.1,0.1873129643359878,23
dem_transition_outside,6,-1.0,0.2439822285808095,23
dem_transition_outside,6,-0.9,0.2050250032858298,23
dem_transition_outside,6,-0.8,0.1299326561321679,23
dem_transition_outside,6,-0.7,0.0787729158248951,23
dem_transition_outside,6,-0.6,-0.035068003438873986,23
dem_transition_outside,6,-0.5,-0.005401064502188792,23
dem_transition_outside,6,-0.4,0.14456065843568508,23
dem_transition_outside,6,-0.3,0.020684006235490875,23
dem_transition_outside,6,-0.2,0.03976321761505679,23
dem_transition_outside,6,-0.0999999999999996,0.06278072741957064,23
dem_transition_outside,6,0.0,0.06230346629770012,23
dem_transition_outside,6,0.1,-0.024081761086763902,23
dem_transition_outside,6,0.2,0.06886536179223497,23
dem_transition_outside,6,0.3,-0.027703514945454952,23
dem_transition_outside,6,0.4,0.005130428508866527,23
dem_transition_outside,6,0.5,-0.07891802451138438,23
dem_transition_outside,6,0.6,0.005742202755899221,23
dem_transition_outside,6,0.7,0.029493570300824425,23
dem_transition_outside,6,0.8,0.12070446661489384,23
dem_transition_outside,6,0.9,0.06814300606431425,23
dem_transition_outside,6,1.0,0.05859655464032145,23
dem_transition_outside,6,1.1,-0.09472279779321145,23
dem_transition_outside,6,1.2,-0.11489309874656911,23
dem_transition_outside,6,1.3,-0.12794891597971514,23
dem_transition_outside,6,1.4,-0.01964544812379229,23
dem_transition_outside,6,1.5,-0.06978058005189189,23
dem_transition_outside,6,1.6,-0.025735421546974117,23
dem_transition_outside,6,1.7,0.14037170671606577,23
dem_transition_outside,6,1.8,-0.005165157436658342,23
dem_transition_outside,6,1.9,-0.08304519084918628,23
dem_transition_outside,6,2.0,0.056764460504196444,23
dem_transition_outside,6,2.1,-0.1835791767510362,23
dem_transition_outside,6,2.2,-0.0454512307185893,23
dem_transition_outside,6,2.3,-0.016969523080328106,23
dem_transition_outside,6,2.4,0.00524773990559175,23
dem_transition_outside,6,2.5,0.3015557340167307,23
dem_transition_outside,6,2.6,0.07658891398469793,23
dem_transition_outside,6,2.7,0.08716686688098792,23
dem_transition_outside,6,2.8,0.013043749259102152,23
dem_transition_outside,6,2.9,0.18180499437524944,23
dem_transition_outside,6,3.0,-0.0790201773856786,23
dem_transition_outside,6,3.1,-0.23025551584270934,23
dem_transition_outside,6,3.2,-0.01680865483016569,23
dem_transition_outside,6,3.3,-0.1953256300320975,23
dem_transition_outside,6,3.4,-0.011909019767466326,23
dem_transition_outside,6,3.5,-0.002447024969819865,23
dem_transition_outside,6,3.6,0.026601613540198348,23
dem_transition_outside,6,3.7,0.010924782706559643,23
dem_transition_outside,6,3.8,0.05008189094730609,23
dem_transition_outside,6,3.9,-0.00880617619493679,23
dem_transition_outside,6,4.0,-0.02675583946174063,23
dem_transition_outside,6,4.1,0.1599861101703545,23
dem_transition_outside,6,4.2,0.00972438330336665,23
dem_transition_outside,6,4.3,0.1442928870270903,23
dem_transition_outside,6,4.4,0.07222904172657411,23
dem_transition_outside,6,4.5,0.11231732202131821,23
dem_transition_outside,6,4.6,0.01058618695917538,23
dem_transition_outside,6,4.7,0.10384247966457068,23
dem_transition_outside,6,4.8,-0.03526132695910969,23
dem_transition_outside,6,4.9,-0.06680371561164061,23
dem_transition_outside,6,5.0,-0.003832524824497252,23
dem_transition_outside,6,5.1,0.05734540223306595,23
dem_transition_outside,6,5.2,0.11230889344889454,23
dem_transition_outside,6,5.3,-0.05640451571103131,23
dem_transition_outside,6,5.4,-0.005787702957716226,23
dem_transition_outside,6,5.5,0.04782944945276345,23
dem_transition_outside,6,5.6,0.05893761374493087,23
dem_transition_outside,6,5.7,0.01506940484673318,23
dem_transition_outside,6,5.8,-0.03955230963400913,23
dem_transition_outside,6,5.9,-0.09423099674768866,23
dem_transition_outside,18,-3.0,0.027103287354230465,161
dem_transition_outside,18,-2.9,0.023436358140162653,161
dem_transition_outside,18,-2.8,0.008095306489454626,161
dem_transition_outside,18,-2.7,0.003946637511586279,161
dem_transition_outside,18,-2.6,0.007135759060062073,161
dem_transition_outside,18,-2.5,0.019333300529517313,161
dem_transition_outside,18,-2.4,0.01538984355441082,161
dem_transition_outside,18,-2.3,0.019176019686156964,161
dem_transition_outside,18,-2.2,0.04741821764482384,161
dem_transition_outside,18,-2.1,0.04276648207592763,161
dem_transition_outside,18,-2.0,0.06007931841698974,161
dem_transition_outside,18,-1.9,0.027430754399191317,161
dem_transition_outside,18,-1.8,0.025694137649348813,161
dem_transition_outside,18,-1.7,0.0022014447315642912,161
dem_transition_outside,18,-1.6,-0.014760370113748552,161
dem_transition_outside,18,-1.5,-0.012904520830120947,161
dem_transition_outside,18,-1.4,-0.016590073081594443,161
dem_transition_outside,18,-1.3,-0.04268707024699769,161
dem_transition_outside,18,-1.2,-0.07333932792987681,161
dem_transition_outside,18,-1.1,-0.07363126281171802,161
dem_transition_outside,18,-1.0,-0.09529424222937016,161
dem_transition_outside,18,-0.9,-0.08345195572478414,161
dem_transition_outside,18,-0.8,-0.04632834185649351,161
dem_transition_outside,18,-0.7,-0.03535109756598076,161
dem_transition_outside,18,-0.6,-0.04207253114611866,161
dem_transition_outside,18,-0.5,-0.06314311370104334,161
dem_transition_outside,18,-0.4,-0.09043935661770135,161
dem_transition_outside,18,-0.3,-0.09938353932788906,161
dem_transition_outside,18,-0.2,-0.09785487730298069,161
dem_transition_outside,18,-0.0999999999999996,-0.12760489908222408,161
dem_transition_outside,18,0.0,-0.13849048813424703,161
dem_transition_outside,18,0.1,-0.1509460778961197,161
dem_transition_outside,18,0.2,-0.16106994263985744,161
dem_transition_outside,18,0.3,-0.17266602408423679,161
dem_transition_outside,18,0.4,-0.21741181769890738,161
dem_transition_outside,18,0.5,-0.2705902190620395,161
dem_transition_outside,18,0.6,-0.30900344572868993,161
dem_transition_outside,18,0.7,-0.30783821542858264,161
dem_transition_outside,18,0.8,-0.28100587229436397,161
dem_transition_outside,18,0.9,-0.23878133455636855,161
dem_transition_outside,18,1.0,-0.22557784576579185,161
dem_transition_outside,18,1.1,-0.23602241748785704,161
dem_transition_outside,18,1.2,-0.20218287098658863,161
dem_transition_outside,18,1.3,-0.21527130575301578,161
dem_transition_outside,18,1.4,-0.21341712233726648,161
dem_transition_outside,18,1.5,-0.20970766199261487,161
dem_transition_outside,18,1.6,-0.20275198498753244,161
dem_transition_outside,18,1.7,-0.21465769603141077,161
dem_transition_outside,18,1.8,-0.2023216893065695,161
dem_transition_outside,18,1.9,-0.19685698468896654,161
dem_transition_outside,18,2.0,-0.19967815142649978,161
dem_transition_outside,18,2.1,-0.2160930253041509,161
dem_transition_outside,18,2.2,-0.18026479546068594,161
dem_transition_outside,18,2.3,-0.18671270734663442,161
dem_transition_outside,18,2.4,-0.18991288210302404,161
dem_transition_outside,18,2.5,-0.20342786422114598,161
dem_transition_outside,18,2.6,-0.22118026413455869,161
dem_transition_outside,18,2.7,-0.22320853067858717,161
dem_transition_outside,18,2.8,-0.22420100772494375,161
dem_transition_outside,18,2.9,-0.24908392973472884,161
dem_transition_outside,18,3.0,-0.2578768503965092,161
dem_transition_outside,18,3.1,-0.2673619451963081,161
dem_transition_outside,18,3.2,-0.2591328896804818,161
dem_transition_outside,18,3.3,-0.23224271977495664,161
dem_transition_outside,18,3.4,-0.26056659845292474,161
dem_transition_outside,18,3.5,-0.28446062215319595,161
dem_transition_outside,18,3.6,-0.33619589174446246,161
dem_transition_outside,18,3.7,-0.3394105188799205,161
dem_transition_outside,18,3.8,-0.35777162265984824,161
dem_transition_outside,18,3.9,-0.3445510230437402,161
dem_transition_outside,18,4.0,-0.31304700124959395,161
dem_transition_outside,18,4.1,-0.3435232418018726,161
dem_transition_outside,18,4.2,-0.321355793615168,161
dem_transition_outside,18,4.3,-0.33098711243563433,161
dem_transition_outside,18,4.4,-0.3375067890432667,161
dem_transition_outside,18,4.5,-0.3636341480019357,161
dem_transition_outside,18,4.6,-0.34819247846062157,161
dem_transition_outside,18,4.7,-0.3649040505980742,161
dem_transition_outside,18,4.8,-0.4006147096420266,161
dem_transition_outside,18,4.9,-0.44266856977413105,161
dem_transition_outside,18,5.0,-0.4522951172212707,161
dem_transition_outside,18,5.1,-0.44737980158735174,161
dem_transition_outside,18,5.2,-0.4327771262910162,161
dem_transition_outside,18,5.3,-0.37223485370562803,161
dem_transition_outside,18,5.4,-0.4314736462067642,161
dem_transition_outside,18,5.5,-0.4364417801288132,161
dem_transition_outside,18,5.6,-0.4600382504350383,161
dem_transition_outside,18,5.7,-0.4900585366250094,161
dem_transition_outside,18,5.8,-0.5064970267312099,161
dem_transition_outside,18,5.9,-0.547929487594057,161
dem_transition_outside,19,-3.0,0.040857127193935056,136
dem_transition_outside,19,-2.9,0.016398405113646305,136
dem_transition_outside,19,-2.8,0.00912831890004514,136
dem_transition_outside,19,-2.7,0.006555951860916016,136
dem_transition_outside,19,-2.6,0.029654098869123846,136
dem_transition_outside,19,-2.5,-0.027836585452796672,136
dem_transition_outside,19,-2.4,0.013039743538849416,136
dem_transition_outside,19,-2.3,-0.05593341550854768,136
dem_transition_outside,19,-2.2,0.002798863215402191,136
dem_transition_outside,19,-2.1,0.02093340344189037,136
dem_transition_outside,19,-2.0,0.014201915845758473,136
dem_transition_outside,19,-1.9,0.009586452295417672,136
dem_transition_outside,19,-1.8,0.013217045123142857,136
dem_transition_outside,19,-1.7,-0.013172934170464905,136
dem_transition_outside,19,-1.6,0.005036462563292579,136
dem_transition_outside,19,-1.5,0.04561197374143519,136
dem_transition_outside,19,-1.4,0.02542270528249517,136
dem_transition_outside,19,-1.3,-0.025379605192849305,136
dem_transition_outside,19,-1.2,-0.07608964359008953,136
dem_transition_outside,19,-1.1,0.0033186942044869513,136
dem_transition_outside,19,-1.0,-0.05734897727508941,136
dem_transition_outside,19,-0.9,-0.045627517590969634,136
dem_transition_outside,19,-0.8,-0.11950814600139766,136
dem_transition_outside,19,-0.7,-0.026731857548486452,136
dem_transition_outside,19,-0.6,-0.028928716894715132,136
dem_transition_outside,19,-0.5,-0.08294745761794733,136
dem_transition_outside,19,-0.4,-0.09372387936592519,136
dem_transition_outside,19,-0.3,-0.06334619523354085,136
dem_transition_outside,19,-0.2,-0.06741419009340863,136
dem_transition_outside,19,-0.0999999999999996,-0.04505161471728042,136
dem_transition_outside,19,0.0,-0.05216172413281736,136
dem_transition_outside,19,0.1,-0.044326355624473776,136
dem_transition_outside,19,0.2,-0.04124809142643276,136
dem_transition_outside,19,0.3,-0.006587964724367401,136
dem_transition_outside,19,0.4,-0.0635620508451644,136
dem_transition_outside,19,0.5,-0.08217659648408854,136
dem_transition_outside,19,0.6,-0.09654372107343026,136
dem_transition_outside,19,0.7,-0.11930540480139155,136
dem_transition_outside,19,0.8,-0.10934873786903933,136
dem_transition_outside,19,0.9,-0.18291634207901147,136
dem_transition_outside,19,1.0,-0.1487341803837532,136
dem_transition_outside,19,1.1,-0.16856211300957732,136
dem_transition_outside,19,1.2,-0.17627133899061592,136
dem_transition_outside,19,1.3,-0.1062734943015321,136
dem_transition_outside,19,1.4,-0.17526656395293005,136
dem_transition_outside,19,1.5,-0.14879564388874247,136
dem_transition_outside,19,1.6,-0.1196381081749448,136
dem_transition_outside,19,1.7,-0.11484043398652073,136
dem_transition_outside,19,1.8,-0.13493422666755558,136
dem_transition_outside,19,1.9,-0.1181296779239711,136
dem_transition_outside,19,2.0,-0.1695632911184588,136
dem_transition_outside,19,2.1,-0.1298058527198862,136
dem_transition_outside,19,2.2,-0.17482678496201196,136
dem_transition_outside,19,2.3,-0.17366803516219964,136
dem_transition_outside,19,2.4,-0.24560313840478742,136
dem_transition_outside,19,2.5,-0.240743893863132,136
dem_transition_outside,19,2.6,-0.26236454764241673,136
dem_transition_outside,19,2.7,-0.23117808042852134,136
dem_transition_outside,19,2.8,-0.24201540861163362,136
dem_transition_outside,19,2.9,-0.23458301412200183,136
dem_transition_outside,19,3.0,-0.26155459191735836,136
dem_transition_outside,19,3.1,-0.23653097795641678,136
dem_transition_outside,19,3.2,-0.24602230606128764,136
dem_transition_outside,19,3.3,-0.19983833547289886,136
dem_transition_outside,19,3.4,-0.16322103505690536,136
dem_transition_outside,19,3.5,-0.15942047047704147,136
dem_transition_outside,19,3.6,-0.14249413465153957,136
dem_transition_outside,19,3.7,-0.12435911005175833,136
dem_transition_outside,19,3.8,-0.14860962559031873,136
dem_transition_outside,19,3.9,-0.1608846409862363,136
dem_transition_outside,19,4.0,-0.1755459719468954,136
dem_transition_outside,19,4.1,-0.13281101321308775,136
dem_transition_outside,19,4.2,-0.12498201398955162,136
dem_transition_outside,19,4.3,-0.12550442933819755,136
dem_transition_outside,19,4.4,-0.13478660425646513,136
dem_transition_outside,19,4.5,-0.16286360434781091,136
dem_transition_outside,19,4.6,-0.1806235782275809,136
dem_transition_outside,19,4.7,-0.23678061631719208,136
dem_transition_outside,19,4.8,-0.2844977380514178,136
dem_transition_outside,19,4.9,-0.27964842912450794,136
dem_transition_outside,19,5.0,-0.21950299585445748,136
dem_transition_outside,19,5.1,-0.19273920542457865,136
dem_transition_outside,19,5.2,-0.14843089299163723,136
dem_transition_outside,19,5.3,-0.1333485921588709,136
dem_transition_outside,19,5.4,-0.17181115309220377,136
dem_transition_outside,19,5.5,-0.14921076163108032,136
dem_transition_outside,19,5.6,-0.15187285106525705,136
dem_transition_outside,19,5.7,-0.1560821591648546,136
dem_transition_outside,19,5.8,-0.21151753371662316,136
dem_transition_outside,19,5.9,-0.21409231478454172,136
dem_transition_outside,27,-3.0,-0.23767060394142447,40
dem_transition_outside,27,-2.9,-0.16805848516259173,40
dem_transition_outside,27,-2.8,-0.1384872062223422,40
dem_transition_outside,27,-2.7,-0.09144714585457744,40
dem_transition_outside,27,-2.6,-0.13401299266326733,40
dem_transition_outside,27,-2.5,-0.14912493370263713,40
dem_transition_outside,27,-2.4,-0.12047314198386012,40
dem_transition_outside,27,-2.3,-0.13740385058293428,40
dem_transition_outside,27,-2.2,-0.07524763423204459,40
dem_transition_outside,27,-2.1,-0.021423598330348827,40
dem_transition_outside,27,-2.0,0.04017475123513541,40
dem_transition_outside,27,-1.9,0.02327544726549393,40
dem_transition_outside,27,-1.8,0.030997807799967098,40
dem_transition_outside,27,-1.7,0.04501207740911463,40
dem_transition_outside,27,-1.6,0.17130217832794556,40
dem_transition_outside,27,-1.5,0.17304379482431792,40
dem_transition_outside,27,-1.4,0.07896029021002687,40
dem_transition_outside,27,-1.3,0.11998384003761517,40
dem_transition_outside,27,-1.2,0.2308496144305428,40
dem_transition_outside,27,-1.1,0.20125548265397106,40
dem_transition_outside,27,-1.0,0.15849430848189777,40
dem_transition_outside,27,-0.9,0.09692341069839852,40
dem_transition_outside,27,-0.8,0.012230620309980211,40
dem_transition_outside,27,-0.7,-0.04492843833697055,40
dem_transition_outside,27,-0.6,-0.03222029283594685,40
dem_transition_outside,27,-0.5,-0.012733768786238109,40
dem_transition_outside,27,-0.4,0.12553224444945194,40
dem_transition_outside,27,-0.3,0.1528614515192997,40
dem_transition_outside,27,-0.2,0.1453400688347123,40
dem_transition_outside,27,-0.0999999999999996,0.09460105506672849,40
dem_transition_outside,27,0.0,0.09580563354138978,40
dem_transition_outside,27,0.1,-0.01031185393741083,40
dem_transition_outside,27,0.2,-0.08882746781818684,40
dem_transition_outside,27,0.3,-0.029583243442712303,40
dem_transition_outside,27,0.4,-0.056882229630386624,40
dem_transition_outside,27,0.5,-0.0629918113165459,40
dem_transition_outside,27,0.6,-0.04087590419747313,40
dem_transition_outside,27,0.7,-0.03688775957422458,40
dem_transition_outside,27,0.8,0.018745779688393416,40
dem_transition_outside,27,0.9,0.022503040695612642,40
dem_transition_outside,27,1.0,-0.008591249392281902,40
dem_transition_outside,27,1.1,-0.1068532986669823,40
dem_transition_outside,27,1.2,-0.15551976311624963,40
dem_transition_outside,27,1.3,-0.1672679221257044,40
dem_transition_outside,27,1.4,-0.16678145465217487,40
dem_transition_outside,27,1.5,-0.2428166505606737,40
dem_transition_outside,27,1.6,-0.14145067490458824,40
dem_transition_outside,27,1.7,-0.08630173071409611,40
dem_transition_outside,27,1.8,-0.1423513039023908,40
dem_transition_outside,27,1.9,-0.13190456011591783,40
dem_transition_outside,27,2.0,-0.11722111840479679,40
dem_transition_outside,27,2.1,-0.08936512226819675,40
dem_transition_outside,27,2.2,-0.015328103426370093,40
dem_transition_outside,27,2.3,0.014453718246324354,40
dem_transition_outside,27,2.4,0.03736877299441756,40
dem_transition_outside,27,2.5,-0.024358331489228568,40
dem_transition_outside,27,2.6,-0.037021023403702905,40
dem_transition_outside,27,2.7,-0.0643173158076826,40
dem_transition_outside,27,2.8,-0.13420764675831007,40
dem_transition_outside,27,2.9,-0.09773805364095194,40
dem_transition_outside,27,3.0,-0.0759572837992641,40
dem_transition_outside,27,3.1,-0.05071213616259122,40
dem_transition_outside,27,3.2,-0.0581813021814532,40
dem_transition_outside,27,3.3,0.02254799994596976,40
dem_transition_outside,27,3.4,-0.0010678581039118451,40
dem_transition_outside,27,3.5,-0.07947222804342788,40
dem_transition_outside,27,3.6,-0.17467741401748615,40
dem_transition_outside,27,3.7,-0.14312759501730016,40
dem_transition_outside,27,3.8,-0.005258965546368522,40
dem_transition_outside,27,3.9,0.17670879810292664,40
dem_transition_outside,27,4.0,0.1226294411331359,40
dem_transition_outside,27,4.1,0.018434947293609793,40
dem_transition_outside,27,4.2,-0.09342719086579586,40
dem_transition_outside,27,4.3,-0.15808483581464006,40
dem_transition_outside,27,4.4,-0.28698635021425384,40
dem_transition_outside,27,4.5,-0.37374815250738336,40
dem_transition_outside,27,4.6,-0.37906837386537645,40
dem_transition_outside,27,4.7,-0.37033866854570757,40
dem_transition_outside,27,4.8,-0.3367211222772372,40
dem_transition_outside,27,4.9,-0.3536305924497484,40
dem_transition_outside,27,5.0,-0.29988321397845247,40
dem_transition_outside,27,5.1,-0.33949697629948106,40
dem_transition_outside,27,5.2,-0.3199423426841557,40
dem_transition_outside,27,5.3,-0.2096646699296883,40
dem_transition_outside,27,5.4,-0.22625647200636081,40
dem_transition_outside,27,5.5,-0.22760920099706222,40
dem_transition_outside,27,5.6,-0.22621328110044153,40
dem_transition_outside,27,5.7,-0.22955825446065647,40
dem_transition_outside,27,5.8,-0.269882840630632,40
dem_transition_outside,27,5.9,-0.27728933805004197,40
dem_transition_outside,35,-3.0,0.10164836835837679,100
dem_transition_outside,35,-2.9,0.08193709748597708,100
dem_transition_outside,35,-2.8,0.10512481628206238,100
dem_transition_outside,35,-2.7,0.12023002025950555,100
dem_transition_outside,35,-2.6,0.016408873915070496,100
dem_transition_outside,35,-2.5,-0.05868772894470254,100
dem_transition_outside,35,-2.4,-0.05316600930355362,100
dem_transition_outside,35,-2.3,0.018661031887534495,100
dem_transition_outside,35,-2.2,-0.06483237085005195,100
dem_transition_outside,35,-2.1,-0.012112642211373516,100
dem_transition_outside,35,-2.0,0.006050366371581581,100
dem_transition_outside,35,-1.9,-0.010655310321992293,100
dem_transition_outside,35,-1.8,-0.04253162644700869,100
dem_transition_outside,35,-1.7,-0.11475868600556755,100
dem_transition_outside,35,-1.6,0.006486629993464171,100
dem_transition_outside,35,-1.5,-0.07800738667426944,100
dem_transition_outside,35,-1.4,-0.0061888841203561465,100
dem_transition_outside,35,-1.3,-0.023138432020588243,100
dem_transition_outside,35,-1.2,-0.06117317314889926,100
dem_transition_outside,35,-1.1,0.05344055434606829,100
dem_transition_outside,35,-1.0,-0.005841223317435204,100
dem_transition_outside,35,-0.9,0.0075582952273434215,100
dem_transition_outside,35,-0.8,-0.025768711600316498,100
dem_transition_outside,35,-0.7,-0.05768854373298133,100
dem_transition_outside,35,-0.6,0.04090259643195312,100
dem_transition_outside,35,-0.5,0.018988302082601983,100
dem_transition_outside,35,-0.4,0.10787665684144691,100
dem_transition_outside,35,-0.3,-0.00459352376039039,100
dem_transition_outside,35,-0.2,-0.0676746674940971,100
dem_transition_outside,35,-0.0999999999999996,-0.21499584495609286,100
dem_transition_outside,35,0.0,-0.11354338089743937,100
dem_transition_outside,35,0.1,-0.06977235468438067,100
dem_transition_outside,35,0.2,-0.07128378264897706,100
dem_transition_outside,35,0.3,-0.06107504652791259,100
dem_transition_outside,35,0.4,-0.0068180807860376,100
dem_transition_outside,35,0.5,-0.08944974410014649,100
dem_transition_outside,35,0.6,0.0364694758698032,100
dem_transition_outside,35,0.7,-0.02266231597955575,100
dem_transition_outside,35,0.8,0.022872920322840887,100
dem_transition_outside,35,0.9,-0.08145751954361682,100
dem_transition_outside,35,1.0,-0.10135277766753713,100
dem_transition_outside,35,1.1,0.019930876384426068,100
dem_transition_outside,35,1.2,0.045941140476455686,100
dem_transition_outside,35,1.3,-0.04300801751447944,100
dem_transition_outside,35,1.4,-0.06441368370265063,100
dem_transition_outside,35,1.5,-0.0026180678656188405,100
dem_transition_outside,35,1.6,-0.08397449517948435,100
dem_transition_outside,35,1.7,-0.05936433239304223,100
dem_transition_outside,35,1.8,-0.03480391936765413,100
dem_transition_outside,35,1.9,-0.003427078037598632,100
dem_transition_outside,35,2.0,-0.07272813506639124,100
dem_transition_outside,35,2.1,-0.06316667150146628,100
dem_transition_outside,35,2.2,-0.02153149963126131,100
dem_transition_outside,35,2.3,0.04506867760915231,100
dem_transition_outside,35,2.4,-0.10351231454209614,100
dem_transition_outside,35,2.5,0.004658708341299969,100
dem_transition_outside,35,2.6,-0.1329343137699137,100
dem_transition_outside,35,2.7,-0.15569951382353162,100
dem_transition_outside,35,2.8,-0.0647455221880901,100
dem_transition_outside,35,2.9,-0.041478095861347104,100
dem_transition_outside,35,3.0,-0.2385629234501532,100
dem_transition_outside,35,3.1,-0.18053744112505118,100
dem_transition_outside,35,3.2,-0.06368539126524855,100
dem_transition_outside,35,3.3,-0.22227364408642813,100
dem_transition_outside,35,3.4,-0.16690698239459514,100
dem_transition_outside,35,3.5,-0.18114642735053044,100
dem_transition_outside,35,3.6,-0.2549548959870038,100
dem_transition_outside,35,3.7,-0.13521648759630087,100
dem_transition_outside,35,3.8,-0.23162137772689867,100
dem_transition_outside,35,3.9,-0.18957528034880244,100
dem_transition_outside,35,4.0,-0.207630684510469,100
dem_transition_outside,35,4.1,-0.13246686340888358,100
dem_transition_outside,35,4.2,-0.07239823878950745,100
dem_transition_outside,35,4.3,-0.21583806902045424,100
dem_transition_outside,35,4.4,-0.14744212872043197,100
dem_transition_outside,35,4.5,-0.14847843391257298,100
dem_transition_outside,35,4.6,-0.12382617240324047,100
dem_transition_outside,35,4.7,-0.12112617142183751,100
dem_transition_outside,35,4.8,-0.14253623413059627,100
dem_transition_outside,35,4.9,-0.08368048265843259,100
dem_transition_outside,35,5.0,-0.11699762521310529,100
dem_transition_outside,35,5.1,-0.12201007362518379,100
dem_transition_outside,35,5.2,-0.04139779234431756,100
dem_transition_outside,35,5.3,-0.11680786150481515,100
dem_transition_outside,35,5.4,-0.14848119438167512,100
dem_transition_outside,35,5.5,-0.12331983413915296,100
dem_transition_outside,35,5.6,-0.3038953456546783,100
dem_transition_outside,35,5.7,-0.20783349541655383,100
dem_transition_outside,35,5.8,-0.11040787828315231,100
dem_transition_outside,35,5.9,-0.23768640209172565,100
dem_triggered,1,-3.0,-0.3821621504609443,24
dem_triggered,1,-2.9,-0.203606355631227,24
dem_triggered,1,-2.8,-0.2975717902790378,24
dem_triggered,1,-2.7,-0.2701585502199423,24
dem_triggered,1,-2.6,-0.3326613575791311,24
dem_triggered,1,-2.5,-0.33836875704355407,24
dem_triggered,1,-2.4,-0.2676760076760365,24
dem_triggered,1,-2.3,-0.19798571074524296,24
dem_triggered,1,-2.2,-0.14892377748642266,24
dem_triggered,1,-2.1,-0.146056006420079,24
dem_triggered,1,-2.0,-0.09587874971459959,24
dem_triggered,1,-1.9,-0.06346646792483394,24
dem_triggered,1,-1.8,-0.08659137764855278,24
dem_triggered,1,-1.7,-0.06261443677434546,24
dem_triggered,1,-1.6,-0.14152947017835624,24
dem_triggered,1,-1.5,-0.1549727818677778,24
dem_triggered,1,-1.4,-0.14224649142213355,24
dem_triggered,1,-1.3,-0.061786006963534125,24
dem_triggered,1,-1.2,0.004325799351863687,24
dem_triggered,1,-1.1,0.021301069216706287,24
dem_triggered,1,-1.0,0.03075869361869049,24
dem_triggered,1,-0.9,0.1443148071019702,24
dem_triggered,1,-0.8,0.12162559649177275,24
dem_triggered,1,-0.7,0.08200384907522841,24
dem_triggered,1,-0.6,0.1021409184872374,24
dem_triggered,1,-0.5,0.12168232140791659,24
dem_triggered,1,-0.4,0.055322882229783044,24
dem_triggered,1,-0.3,0.051565725551005824,24
dem_triggered,1,-0.2,0.05987281090271171,24
dem_triggered,1,-0.0999999999999996,0.05377351774112168,24
dem_triggered,1,0.0,-0.07567574716919237,24
dem_triggered,1,0.1,0.06371346935237802,24
dem_triggered,1,0.2,-0.07311712165133556,24
dem_triggered,1,0.3,-0.12453132710252555,24
dem_triggered,1,0.4,-0.17142664930102788,24
dem_triggered,1,0.5,-0.13513030728353873,24
dem_triggered,1,0.6,-0.10502621046994855,24
dem_triggered,1,0.7,-0.13385540769039891,24
dem_triggered,1,0.8,-0.09792921850018688,24
dem_triggered,1,0.9,-0.09240798236842689,24
dem_triggered,1,1.0,-0.039387004926463166,24
dem_triggered,1,1.1,-0.09272768354088771,24
dem_triggered,1,1.2,0.006766817957267209,24
dem_triggered,1,1.3,0.08706843459280557,24
dem_triggered,1,1.4,0.08185212614728703,24
dem_triggered,1,1.5,0.06561071347421704,24
dem_triggered,1,1.6,0.13748197176265953,24
dem_triggered,1,1.7,0.11190132090322309,24
dem_triggered,1,1.8,0.11739069100373678,24
dem_triggered,1,1.9,0.157889692971199,24
dem_triggered,1,2.0,0.12463563053342246,24
dem_triggered,1,2.1,0.18132178743361235,24
dem_triggered,1,2.2,0.20484960298332947,24
dem_triggered,1,2.3,0.23840182551988268,24
dem_triggered,1,2.4,0.1927612597488858,24
dem_triggered,1,2.5,0.1183927753230895,24
dem_triggered,1,2.6,0.1147611699376332,24
dem_triggered,1,2.7,0.1292104560947842,24
dem_triggered,1,2.8,0.07755294591500694,24
dem_triggered,1,2.9,0.10675755522561466,24
dem_triggered,1,3.0,0.16924678086534095,24
dem_triggered,1,3.1,0.15657894038568468,24
dem_triggered,1,3.2,0.18123352538202417,24
dem_triggered,1,3.3,0.12139835953337268,24
dem_triggered,1,3.4,0.12832372941198114,24
dem_triggered,1,3.5,0.07267002236826549,24
dem_triggered,1,3.6,0.03571398439901434,24
dem_triggered,1,3.7,0.02933162156779064,24
dem_triggered,1,3.8,0.01817992310809302,24
dem_triggered,1,3.9,0.11739377223903454,24
dem_triggered,1,4.0,0.11707111210993654,24
dem_triggered,1,4.1,0.1316200539971508,24
dem_triggered,1,4.2,0.09308542593251597,24
dem_triggered,1,4.3,0.10393962164023281,24
dem_triggered,1,4.4,0.11829143745962882,24
dem_triggered,1,4.5,0.1064897259989054,24
dem_triggered,1,4.6,0.04842609861784574,24
dem_triggered,1,4.7,0.10008938282696861,24
dem_triggered,1,4.8,0.13128681090863972,24
dem_triggered,1,4.9,0.15371573062797902,24
dem_triggered,1,5.0,0.1681066831927679,24
dem_triggered,1,5.1,0.11949661734513368,24
dem_triggered,1,5.2,0.11912577559070235,24
dem_triggered,1,5.3,0.1304229499889308,24
dem_triggered,1,5.4,0.09866485266992586,24
dem_triggered,1,5.5,0.10936573718477084,24
dem_triggered,1,5.6,0.1299831655811076,24
dem_triggered,1,5.7,0.037993065973639016,24
dem_triggered,1,5.8,0.11626163502614306,24
dem_triggered,1,5.9,0.08248637459607035,24
dem_triggered,3,-3.0,0.577625624849772,25
dem_triggered,3,-2.9,0.6768602160261773,25
dem_triggered,3,-2.8,0.5885674823712579,25
dem_triggered,3,-2.7,0.5890541378905884,25
dem_triggered,3,-2.6,0.6085723230429906,25
dem_triggered,3,-2.5,0.4445666244589468,25
dem_triggered,3,-2.4,0.517266054034379,25
dem_triggered,3,-2.3,0.6015833340962119,25
dem_triggered,3,-2.2,0.6252622097158461,25
dem_triggered,3,-2.1,0.6285410642169649,25
dem_triggered,3,-2.0,0.7231444155892744,25
dem_triggered,3,-1.9,0.5830574348391778,25
dem_triggered,3,-1.8,0.6157734114676056,25
dem_triggered,3,-1.7,0.5962408437285913,25
dem_triggered,3,-1.6,0.6004693764892536,25
dem_triggered,3,-1.5,0.6684389490976198,25
dem_triggered,3,-1.4,0.5521358868329781,25
dem_triggered,3,-1.3,0.5142124742397958,25
dem_triggered,3,-1.2,0.34199812604467494,25
dem_triggered,3,-1.1,0.325026941130391,25
dem_triggered,3,-1.0,0.37651362107111225,25
dem_triggered,3,-0.9,0.43649794949013526,25
dem_triggered,3,-0.8,0.38760389884918267,25
dem_triggered,3,-0.7,0.34639022631190597,25
dem_triggered,3,-0.6,0.39750992741290825,25
dem_triggered,3,-0.5,0.30423379347172397,25
dem_triggered,3,-0.4,0.38236933120586747,25
dem_triggered,3,-0.3,0.48284141617792536,25
dem_triggered,3,-0.2,0.621155203820664,25
dem_triggered,3,-0.0999999999999996,0.8088926747348666,25
dem_triggered,3,0.0,0.8156399485501593,25
dem_triggered,3,0.1,0.8110278775121011,25
dem_triggered,3,0.2,0.8064039404575992,25
dem_triggered,3,0.3,0.7485991243807824,25
dem_triggered,3,0.4,0.6482135380124369,25
dem_triggered,3,0.5,0.5821506195030042,25
dem_triggered,3,0.6,0.6056573619667425,25
dem_triggered,3,0.7,0.6402134196859605,25
dem_triggered,3,0.8,0.7135302750131841,25
dem_triggered,3,0.9,0.6889968966216001,25
dem_triggered,3,1.0,0.822636170986275,25
dem_triggered,3,1.1,0.8306210211334729,25
dem_triggered,3,1.2,0.9119839811814484,25
dem_triggered,3,1.3,0.8737499249726308,25
dem_triggered,3,1.4,0.8131153625236771,25
dem_triggered,3,1.5,0.8467579556315633,25
dem_triggered,3,1.6,0.8539829697371155,25
dem_triggered,3,1.7,0.8375609759011983,25
dem_triggered,3,1.8,0.8641505186135576,25
dem_triggered,3,1.9,1.0597431870532632,25
dem_triggered,3,2.0,1.0723787397442228,25
dem_triggered,3,2.1,1.0795942723273835,25
dem_triggered,3,2.2,0.9913378257995107,25
dem_triggered,3,2.3,0.8882933633144539,25
dem_triggered,3,2.4,0.8799542986946779,25
dem_triggered,3,2.5,0.7590658750498953,25
dem_triggered,3,2.6,0.8147584431350542,25
dem_triggered,3,2.7,0.6648534693703454,25
dem_triggered,3,2.8,0.6354115316131401,25
dem_triggered,3,2.9,0.6454517696995227,25
dem_triggered,3,3.0,0.6532340975838463,25
dem_triggered,3,3.1,0.6479636498236652,25
dem_triggered,3,3.2,0.6356393870591645,25
dem_triggered,3,3.3,0.6686413747525036,25
dem_triggered,3,3.4,0.664962178864743,25
dem_triggered,3,3.5,0.6347043539996116,25
dem_triggered,3,3.6,0.6703409294704201,25
dem_triggered,3,3.7,0.6652869589006581,25
dem_triggered,3,3.8,0.5664858284069212,25
dem_triggered,3,3.9,0.6573023361894458,25
dem_triggered,3,4.0,0.5744755664446654,25
dem_triggered,3,4.1,0.4447648318020992,25
dem_triggered,3,4.2,0.4197568882755393,25
dem_triggered,3,4.3,0.3321223626749681,25
dem_triggered,3,4.4,0.34733073568359624,25
dem_triggered,3,4.5,0.3228679069263696,25
dem_triggered,3,4.6,0.43727062983196774,25
dem_triggered,3,4.7,0.38626775699580085,25
dem_triggered,3,4.8,0.3896397029153951,25
dem_triggered,3,4.9,0.42450919752826005,25
dem_triggered,3,5.0,0.5694208595264381,25
dem_triggered,3,5.1,0.7036365962150785,25
dem_triggered,3,5.2,0.6542303818842973,25
dem_triggered,3,5.3,0.6127100472115063,25
dem_triggered,3,5.4,0.6651488193866213,25
dem_triggered,3,5.5,0.7626646728830625,25
dem_triggered,3,5.6,0.7371026141702225,25
dem_triggered,3,5.7,0.6526221779261165,25
dem_triggered,3,5.8,0.7340369817114174,25
dem_triggered,3,5.9,0.697449692367354,25
dem_triggered,4,-3.0,-0.012565012291502248,48
dem_triggered,4,-2.9,-0.03543773492257869,48
dem_triggered,4,-2.8,-0.0671196277000035,48
dem_triggered,4,-2.7,-0.06811547798347288,48
dem_triggered,4,-2.6,-0.17949968120730428,48
dem_triggered,4,-2.5,-0.24720472559902293,48
dem_triggered,4,-2.4,-0.19293862218059643,48
dem_triggered,4,-2.3,-0.1720596689832503,48
dem_triggered,4,-2.2,-0.11650727804252455,48
dem_triggered,4,-2.1,-0.004913782797649526,48
dem_triggered,4,-2.0,0.05917616560066547,48
dem_triggered,4,-1.9,0.03483790787698043,48
dem_triggered,4,-1.8,-0.08160131601703706,48
dem_triggered,4,-1.7,-0.08200490997159439,48
dem_triggered,4,-1.6,-0.005620567459337586,48
dem_triggered,4,-1.5,-0.04894151926915608,48
dem_triggered,4,-1.4,-0.04483171178458486,48
dem_triggered,4,-1.3,0.11703135483191562,48
dem_triggered,4,-1.2,0.27984715353150164,48
dem_triggered,4,-1.1,0.31488080854562395,48
dem_triggered,4,-1.0,0.4101742202265981,48
dem_triggered,4,-0.9,0.18715341685323938,48
dem_triggered,4,-0.8,0.27057276118796114,48
dem_triggered,4,-0.7,0.19888021961020566,48
dem_triggered,4,-0.6,0.09656635339444108,48
dem_triggered,4,-0.5,0.03205407100787743,48
dem_triggered,4,-0.4,0.1377472554361616,48
dem_triggered,4,-0.3,0.23753178426280008,48
dem_triggered,4,-0.2,0.3015016803901727,48
dem_triggered,4,-0.0999999999999996,0.39271927580742755,48
dem_triggered,4,0.0,0.3565323235719536,48
dem_triggered,4,0.1,0.4435842885849471,48
dem_triggered,4,0.2,0.4117937961131677,48
dem_triggered,4,0.3,0.31887606205686236,48
dem_triggered,4,0.4,0.243696466231225,48
dem_triggered,4,0.5,0.2688256896603429,48
dem_triggered,4,0.6,0.2548610213015563,48
dem_triggered,4,0.7,0.2988022573697066,48
dem_triggered,4,0.8,0.2713152081302835,48
dem_triggered,4,0.9,0.2841115091077226,48
dem_triggered,4,1.0,0.26471086717027487,48
dem_triggered,4,1.1,0.2081603999449367,48
dem_triggered,4,1.2,0.13657136420801055,48
dem_triggered,4,1.3,0.05642311041089889,48
dem_triggered,4,1.4,0.056569346256385135,48
dem_triggered,4,1.5,0.1012417239291911,48
dem_triggered,4,1.6,0.19355718486962284,48
dem_triggered,4,1.7,0.23004315209354168,48
dem_triggered,4,1.8,0.16840278182361446,48
dem_triggered,4,1.9,0.18623843561928685,48
dem_triggered,4,2.0,0.09965069195099459,48
dem_triggered,4,2.1,0.1424210835052567,48
dem_triggered,4,2.2,0.2056157775619547,48
dem_triggered,4,2.3,0.2810902014480638,48
dem_triggered,4,2.4,0.3246847930485465,48
dem_triggered,4,2.5,0.3494976742350786,48
dem_triggered,4,2.6,0.32282108504172147,48
dem_triggered,4,2.7,0.32732333443035005,48
dem_triggered,4,2.8,0.31375408424383905,48
dem_triggered,4,2.9,0.3337341302702746,48
dem_triggered,4,3.0,0.25407920947061174,48
dem_triggered,4,3.1,0.3159671627128577,48
dem_triggered,4,3.2,0.38970781014856354,48
dem_triggered,4,3.3,0.29475861745135024,48
dem_triggered,4,3.4,0.4207328153166334,48
dem_triggered,4,3.5,0.46764010643819515,48
dem_triggered,4,3.6,0.3008268493174077,48
dem_triggered,4,3.7,0.37612808567850914,48
dem_triggered,4,3.8,0.3883714170470689,48
dem_triggered,4,3.9,0.3481164122762688,48
dem_triggered,4,4.0,0.3847483404003283,48
dem_triggered,4,4.1,0.3612323036082568,48
dem_triggered,4,4.2,0.28196010354736717,48
dem_triggered,4,4.3,0.24903434563746327,48
dem_triggered,4,4.4,0.2676324298085129,48
dem_triggered,4,4.5,0.25407092288990213,48
dem_triggered,4,4.6,0.32754774848583484,48
dem_triggered,4,4.7,0.4184896235042313,48
dem_triggered,4,4.8,0.4331118323301801,48
dem_triggered,4,4.9,0.43705106561051515,48
dem_triggered,4,5.0,0.45523671245945163,48
dem_triggered,4,5.1,0.42971674447247793,48
dem_triggered,4,5.2,0.29323142634505245,48
dem_triggered,4,5.3,0.2557396351837354,48
dem_triggered,4,5.4,0.27446581717842744,48
dem_triggered,4,5.5,0.24388419968172045,48
dem_triggered,4,5.6,0.25227443557691737,48
dem_triggered,4,5.7,0.10571474384808184,48
dem_triggered,4,5.8,0.02820514974319607,48
dem_triggered,4,5.9,-0.0044903750928265386,48
dem_triggered,5,-3.0,0.15055814974462692,41
dem_triggered,5,-2.9,0.18005912078292102,41
dem_triggered,5,-2.8,0.23803556819990235,41
dem_triggered,5,-2.7,0.19660632890399746,41
dem_triggered,5,-2.6,0.22602976258445465,41
dem_triggered,5,-2.5,0.2254191501823357,41
dem_triggered,5,-2.4,0.21728941363417273,41
dem_triggered,5,-2.3,0.23837213756554723,41
dem_triggered,5,-2.2,0.20339912657518958,41
dem_triggered,5,-2.1,0.259849729292252,41
dem_triggered,5,-2.0,0.29750875790151576,41
dem_triggered,5,-1.9,0.32120523690070246,41
dem_triggered,5,-1.8,0.33554044649211234,41
dem_triggered,5,-1.7,0.3122056622445467,41
dem_triggered,5,-1.6,0.337894234963558,41
dem_triggered,5,-1.5,0.2093025174115379,41
dem_triggered,5,-1.4,0.10756752959876333,41
dem_triggered,5,-1.3,0.08848159759567022,41
dem_triggered,5,-1.2,0.14505208504082306,41
dem_triggered,5,-1.1,0.15081944181763543,41
dem_triggered,5,-1.0,0.1136985441668753,41
dem_triggered,5,-0.9,0.1327439021746508,41
dem_triggered,5,-0.8,0.15327060167801934,41
dem_triggered,5,-0.7,0.1793069683918357,41
dem_triggered,5,-0.6,0.24906123100438185,41
dem_triggered,5,-0.5,0.29595823953485273,41
dem_triggered,5,-0.4,0.23219063129904063,41
dem_triggered,5,-0.3,0.19286453317744354,41
dem_triggered,5,-0.2,0.11268081141018427,41
dem_triggered,5,-0.0999999999999996,0.06820089359228751,41
dem_triggered,5,0.0,0.06035926025296284,41
dem_triggered,5,0.1,0.10582583002622267,41
dem_triggered,5,0.2,0.17464693044974797,41
dem_triggered,5,0.3,0.28003646559111905,41
dem_triggered,5,0.4,0.4637685360255507,41
dem_triggered,5,0.5,0.45418308730308815,41
dem_triggered,5,0.6,0.3395283236846005,41
dem_triggered,5,0.7,0.2813421699658156,41
dem_triggered,5,0.8,0.23765367047976504,41
dem_triggered,5,0.9,0.22656589083329381,41
dem_triggered,5,1.0,0.32568347711297996,41
dem_triggered,5,1.1,0.4044634376465265,41
dem_triggered,5,1.2,0.41731898095435116,41
dem_triggered,5,1.3,0.3857095919087975,41
dem_triggered,5,1.4,0.32964371982709917,41
dem_triggered,5,1.5,0.36756424346900984,41
dem_triggered,5,1.6,0.373687412876724,41
dem_triggered,5,1.7,0.3198696629713106,41
dem_triggered,5,1.8,0.4041871464670699,41
dem_triggered,5,1.9,0.32889986702573054,41
dem_triggered,5,2.0,0.23078995006734593,41
dem_triggered,5,2.1,0.22832679865790434,41
dem_triggered,5,2.2,0.2411818875813051,41
dem_triggered,5,2.3,0.15590104501468613,41
dem_triggered,5,2.4,0.1467103545428703,41
dem_triggered,5,2.5,0.15905868917273944,41
dem_triggered,5,2.6,0.1997639029252267,41
dem_triggered,5,2.7,0.2712214770090807,41
dem_triggered,5,2.8,0.3585335200896937,41
dem_triggered,5,2.9,0.4422687241834909,41
dem_triggered,5,3.0,0.40539731531091716,41
dem_triggered,5,3.1,0.35116447766425424,41
dem_triggered,5,3.2,0.3722690957610898,41
dem_triggered,5,3.3,0.4403045578177105,41
dem_triggered,5,3.4,0.399633276806591,41
dem_triggered,5,3.5,0.3865715451606756,41
dem_triggered,5,3.6,0.35384784362848337,41
dem_triggered,5,3.7,0.3444800204592132,41
dem_triggered,5,3.8,0.3898698997546142,41
dem_triggered,5,3.9,0.3720650377117029,41
dem_triggered,5,4.0,0.3303374465051007,41
dem_triggered,5,4.1,0.27843325209829484,41
dem_triggered,5,4.2,0.2445128807754697,41
dem_triggered,5,4.3,0.24974184912131586,41
dem_triggered,5,4.4,0.29059203392645727,41
dem_triggered,5,4.5,0.31583506883696744,41
dem_triggered,5,4.6,0.3615461901712526,41
dem_triggered,5,4.7,0.22194426993653377,41
dem_triggered,5,4.8,0.09738262093161038,41
dem_triggered,5,4.9,0.01842345172178531,41
dem_triggered,5,5.0,0.025833774385288524,41
dem_triggered,5,5.1,0.0860029529852775,41
dem_triggered,5,5.2,0.0672300421836069,41
dem_triggered,5,5.3,0.0035488385795161073,41
dem_triggered,5,5.4,0.009507183688599248,41
dem_triggered,5,5.5,0.044655024859276284,41
dem_triggered,5,5.6,0.08205172669281978,41
dem_triggered,5,5.7,0.09684839448922199,41
dem_triggered,5,5.8,0.060225847471649586,41
dem_triggered,5,5.9,0.06385267976779958,41
dem_triggered,6,-3.0,0.06344704793309028,84
dem_triggered,6,-2.9,0.11675982346263486,84
dem_triggered,6,-2.8,-0.02342138294728147,84
dem_triggered,6,-2.7,0.08807501897991728,84
dem_triggered,6,-2.6,0.12170370568555815,84
dem_triggered,6,-2.5,0.10796963137371202,84
dem_triggered,6,-2.4,0.025088929018104274,84
dem_triggered,6,-2.3,0.04346127210285848,84
dem_triggered,6,-2.2,0.052599345844462464,84
dem_triggered,6,-2.1,0.09600136589714504,84
dem_triggered,6,-2.0,0.08227112522548363,84
dem_triggered,6,-1.9,0.05151383782126911,84
dem_triggered,6,-1.8,0.11486586191334845,84
dem_triggered,6,-1.7,0.16209130429669652,84
dem_triggered,6,-1.6,0.17305428207304865,84
dem_triggered,6,-1.5,0.06832752106060345,84
dem_triggered,6,-1.4,0.1437709335543803,84
dem_triggered,6,-1.3,0.12230111047276614,84
dem_triggered,6,-1.2,0.12848943143905106,84
dem_triggered,6,-1.1,0.07291487309095375,84
dem_triggered,6,-1.0,0.04396390913910206,84
dem_triggered,6,-0.9,-0.05459719821167653,84
dem_triggered,6,-0.8,-0.003826344654356631,84
dem_triggered,6,-0.7,-0.06819251780628237,84
dem_triggered,6,-0.6,-0.10846576189396978,84
dem_triggered,6,-0.5,-0.05384257201605067,84
dem_triggered,6,-0.4,-0.04903394335867586,84
dem_triggered,6,-0.3,0.024382857733911193,84
dem_triggered,6,-0.2,-0.00337988605602485,84
dem_triggered,6,-0.0999999999999996,-0.02404856871533535,84
dem_triggered,6,0.0,0.05198631372381949,84
dem_triggered,6,0.1,0.02740512313440635,84
dem_triggered,6,0.2,0.12301347051787652,84
dem_triggered,6,0.3,0.11052581628803125,84
dem_triggered,6,0.4,0.08130547903847923,84
dem_triggered,6,0.5,0.104624303534045,84
dem_triggered,6,0.6,0.07964568750693357,84
dem_triggered,6,0.7,0.05476894650756326,84
dem_triggered,6,0.8,0.1314139610486421,84
dem_triggered,6,0.9,0.1390413297231318,84
dem_triggered,6,1.0,0.06643190917954646,84
dem_triggered,6,1.1,0.040081899183878424,84
dem_triggered,6,1.2,0.0018390624455064358,84
dem_triggered,6,1.3,-0.02725855686952162,84
dem_triggered,6,1.4,-0.017863064835198544,84
dem_triggered,6,1.5,0.012473518461120377,84
dem_triggered,6,1.6,0.04990081227524436,84
dem_triggered,6,1.7,0.09644499955587457,84
dem_triggered,6,1.8,0.15289195257678584,84
dem_triggered,6,1.9,0.146257626566267,84
dem_triggered,6,2.0,0.15244984700659567,84
dem_triggered,6,2.1,0.17184103476868567,84
dem_triggered,6,2.2,0.17965728130044534,84
dem_triggered,6,2.3,0.21499191026384845,84
dem_triggered,6,2.4,0.15775224016342038,84
dem_triggered,6,2.5,0.12016694603204403,84
dem_triggered,6,2.6,0.11842721921381812,84
dem_triggered,6,2.7,0.18656364665718111,84
dem_triggered,6,2.8,0.27765821239718164,84
dem_triggered,6,2.9,0.2421954011139082,84
dem_triggered,6,3.0,0.24161442422052665,84
dem_triggered,6,3.1,0.13879310695356553,84
dem_triggered,6,3.2,0.13577126677994875,84
dem_triggered,6,3.3,0.15369724315824118,84
dem_triggered,6,3.4,0.15375688745976152,84
dem_triggered,6,3.5,0.14407877449865272,84
dem_triggered,6,3.6,0.0833595707205289,84
dem_triggered,6,3.7,0.08440972851637858,84
dem_triggered,6,3.8,0.18775208246447148,84
dem_triggered,6,3.9,0.1574106332660002,84
dem_triggered,6,4.0,0.15564983007815658,84
dem_triggered,6,4.1,0.09905920733836754,84
dem_triggered,6,4.2,0.029654366424626995,84
dem_triggered,6,4.3,-0.007514951405668942,84
dem_triggered,6,4.4,-0.03333702769184542,84
dem_triggered,6,4.5,-0.0043977471185968646,84
dem_triggered,6,4.6,0.062542186575966,84
dem_triggered,6,4.7,0.014608605085242263,84
dem_triggered,6,4.8,0.10297669017883614,84
dem_triggered,6,4.9,0.08963456031681039,84
dem_triggered,6,5.0,0.0869920917887379,84
dem_triggered,6,5.1,0.05799826350059406,84
dem_triggered,6,5.2,0.04682708217483575,84
dem_triggered,6,5.3,0.03287901166581331,84
dem_triggered,6,5.4,0.03533599976499749,84
dem_triggered,6,5.5,0.10746910591099142,84
dem_triggered,6,5.6,0.03110594054816321,84
dem_triggered,6,5.7,0.07609447173834989,84
dem_triggered,6,5.8,0.10346277395729574,84
dem_triggered,6,5.9,0.08558758791353197,84
dem_triggered,18,-3.0,0.034011036170142714,63
dem_triggered,18,-2.9,0.017814533127403658,63
dem_triggered,18,-2.8,0.009424152363571572,63
dem_triggered,18,-2.7,-0.061524795277652894,63
dem_triggered,18,-2.6,-0.07833354497506077,63
dem_triggered,18,-2.5,-0.07537127375037753,63
dem_triggered,18,-2.4,-0.07569561239617362,63
dem_triggered,18,-2.3,-0.050782444217129595,63
dem_triggered,18,-2.2,-0.031521166544000515,63
dem_triggered,18,-2.1,-0.027214857197368072,63
dem_triggered,18,-2.0,0.04612469025223538,63
dem_triggered,18,-1.9,0.04868889262842427,63
dem_triggered,18,-1.8,0.042312782353537255,63
dem_triggered,18,-1.7,0.057611561107284805,63
dem_triggered,18,-1.6,0.05115937800594114,63
dem_triggered,18,-1.5,0.028119503968518055,63
dem_triggered,18,-1.4,0.018527581890615822,63
dem_triggered,18,-1.3,0.042745594860151316,63
dem_triggered,18,-1.2,0.008580334787891825,63
dem_triggered,18,-1.1,0.0011635128541817388,63
dem_triggered,18,-1.0,0.02940754936467745,63
dem_triggered,18,-0.9,0.023758003711908348,63
dem_triggered,18,-0.8,0.14419390518456685,63
dem_triggered,18,-0.7,0.22022418146646222,63
dem_triggered,18,-0.6,0.2331787431494506,63
dem_triggered,18,-0.5,0.31308648161200164,63
dem_triggered,18,-0.4,0.3502787487869653,63
dem_triggered,18,-0.3,0.43547351308207727,63
dem_triggered,18,-0.2,0.5220154934786341,63
dem_triggered,18,-0.0999999999999996,0.6185847209941469,63
dem_triggered,18,0.0,0.7496961000009853,63
dem_triggered,18,0.1,0.7956463348105511,63
dem_triggered,18,0.2,0.9212248686635405,63
dem_triggered,18,0.3,0.9345390881353999,63
dem_triggered,18,0.4,0.959083394504845,63
dem_triggered,18,0.5,0.8691655113764389,63
dem_triggered,18,0.6,0.9019000544142969,63
dem_triggered,18,0.7,0.8674867934935326,63
dem_triggered,18,0.8,0.8277765551875166,63
dem_triggered,18,0.9,0.7927283193573782,63
dem_triggered,18,1.0,0.7956908689978756,63
dem_triggered,18,1.1,0.8384725837151416,63
dem_triggered,18,1.2,0.820821066387234,63
dem_triggered,18,1.3,0.8388514398887817,63
dem_triggered,18,1.4,0.8628283005471145,63
dem_triggered,18,1.5,0.8060479280721181,63
dem_triggered,18,1.6,0.8031829469468093,63
dem_triggered,18,1.7,0.8436518019478009,63
dem_triggered,18,1.8,0.8436180779725813,63
dem_triggered,18,1.9,0.925997996897247,63
dem_triggered,18,2.0,0.8744118893958289,63
dem_triggered,18,2.1,0.875850945396752,63
dem_triggered,18,2.2,0.84446614271754,63
dem_triggered,18,2.3,0.8614543846371912,63
dem_triggered,18,2.4,0.8343532098065888,63
dem_triggered,18,2.5,0.8561202198109901,63
dem_triggered,18,2.6,0.8554169287552907,63
dem_triggered,18,2.7,0.8489547580443567,63
dem_triggered,18,2.8,0.8131209914833373,63
dem_triggered,18,2.9,0.7281171056007926,63
dem_triggered,18,3.0,0.6803936092669408,63
dem_triggered,18,3.1,0.6769555596907774,63
dem_triggered,18,3.2,0.7663785044274236,63
dem_triggered,18,3.3,0.7847500018980254,63
dem_triggered,18,3.4,0.7882791624774798,63
dem_triggered,18,3.5,0.8285924184041247,63
dem_triggered,18,3.6,0.7824153992371325,63
dem_triggered,18,3.7,0.7261778813528066,63
dem_triggered,18,3.8,0.7395381999432667,63
dem_triggered,18,3.9,0.796285736401861,63
dem_triggered,18,4.0,0.7524860679365588,63
dem_triggered,18,4.1,0.7552659590589871,63
dem_triggered,18,4.2,0.7551976471130812,63
dem_triggered,18,4.3,0.7201987476498974,63
dem_triggered,18,4.4,0.700919895002459,63
dem_triggered,18,4.5,0.6939452060365231,63
dem_triggered,18,4.6,0.6152197953870474,63
dem_triggered,18,4.7,0.6252547893316491,63
dem_triggered,18,4.8,0.6124956050136553,63
dem_triggered,18,4.9,0.5651594791893928,63
dem_triggered,18,5.0,0.559865238946778,63
dem_triggered,18,5.1,0.574894411842658,63
dem_triggered,18,5.2,0.5496247506396307,63
dem_triggered,18,5.3,0.5959854170278347,63
dem_triggered,18,5.4,0.6147147226278,63
dem_triggered,18,5.5,0.5871569267670428,63
dem_triggered,18,5.6,0.5026084727872442,63
dem_triggered,18,5.7,0.5044780752407466,63
dem_triggered,18,5.8,0.5290811274341252,63
dem_triggered,18,5.9,0.49068689494679685,63
dem_triggered,19,-3.0,0.43912617750491256,16
dem_triggered,19,-2.9,0.4129644780323122,16
dem_triggered,19,-2.8,0.4195041640752688,16
dem_triggered,19,-2.7,0.6351180789626449,16
dem_triggered,19,-2.6,0.6831534279243382,16
dem_triggered,19,-2.5,0.41497894550948317,16
dem_triggered,19,-2.4,0.4827961518346118,16
dem_triggered,19,-2.3,0.5010472615863071,16
dem_triggered,19,-2.2,0.3812417244622396,16
dem_triggered,19,-2.1,0.46908758529095224,16
dem_triggered,19,-2.0,0.4473651898653604,16
dem_triggered,19,-1.9,0.567923337375176,16
dem_triggered,19,-1.8,0.5090109016030322,16
dem_triggered,19,-1.7,0.4529965999834976,16
dem_triggered,19,-1.6,0.4254765741095371,16
dem_triggered,19,-1.5,0.5391234860504812,16
dem_triggered,19,-1.4,0.6631190277740961,16
dem_triggered,19,-1.3,0.7291260152797356,16
dem_triggered,19,-1.2,0.68351919254797,16
dem_triggered,19,-1.1,0.5592811143051168,16
dem_triggered,19,-1.0,0.5474965163232226,16
dem_triggered,19,-0.9,0.5468414634386807,16
dem_triggered,19,-0.8,0.4734995021889615,16
dem_triggered,19,-0.7,0.4467439038544734,16
dem_triggered,19,-0.6,0.3678796133096005,16
dem_triggered,19,-0.5,0.4174858281215257,16
dem_triggered,19,-0.4,0.4543301807213752,16
dem_triggered,19,-0.3,0.5197918998876914,16
dem_triggered,19,-0.2,0.34380763779645485,16
dem_triggered,19,-0.0999999999999996,0.3209747742968545,16
dem_triggered,19,0.0,0.2798909149545153,16
dem_triggered,19,0.1,0.3393068928867417,16
dem_triggered,19,0.2,0.2647191464332488,16
dem_triggered,19,0.3,0.29691660420523586,16
dem_triggered,19,0.4,0.1784524653802708,16
dem_triggered,19,0.5,0.3007464662869205,16
dem_triggered,19,0.6,0.3429091803461605,16
dem_triggered,19,0.7,0.14996411478775298,16
dem_triggered,19,0.8,0.18342283529051062,16
dem_triggered,19,0.9,0.28128740455627677,16
dem_triggered,19,1.0,0.17302681804661318,16
dem_triggered,19,1.1,0.19923463923039167,16
dem_triggered,19,1.2,0.16759823221876013,16
dem_triggered,19,1.3,0.4739758645726009,16
dem_triggered,19,1.4,0.5774003477978202,16
dem_triggered,19,1.5,0.7219689462710462,16
dem_triggered,19,1.6,0.6582421263517181,16
dem_triggered,19,1.7,0.6566862192128644,16
dem_triggered,19,1.8,0.6687704073264505,16
dem_triggered,19,1.9,0.7235527256779113,16
dem_triggered,19,2.0,0.5761800393090537,16
dem_triggered,19,2.1,0.5667348010207358,16
dem_triggered,19,2.2,0.5323731588727307,16
dem_triggered,19,2.3,0.5401951107665739,16
dem_triggered,19,2.4,0.4194257314896941,16
dem_triggered,19,2.5,0.36705730802311815,16
dem_triggered,19,2.6,0.38163256524265526,16
dem_triggered,19,2.7,0.31905562791379427,16
dem_triggered,19,2.8,0.3478890982753136,16
dem_triggered,19,2.9,0.3062613490043957,16
dem_triggered,19,3.0,0.33920971613408646,16
dem_triggered,19,3.1,0.4018979662750408,16
dem_triggered,19,3.2,0.5236111918203799,16
dem_triggered,19,3.3,0.38947881450918875,16
dem_triggered,19,3.4,0.4204360249240308,16
dem_triggered,19,3.5,0.26073990212023584,16
dem_triggered,19,3.6,0.2576241697484214,16
dem_triggered,19,3.7,0.013528119246647825,16
dem_triggered,19,3.8,0.025335369224395755,16
dem_triggered,19,3.9,0.2118479657778351,16
dem_triggered,19,4.0,0.18810042899984353,16
dem_triggered,19,4.1,-0.03504209278026446,16
dem_triggered,19,4.2,-0.14157467484011804,16
dem_triggered,19,4.3,0.02865676675868605,16
dem_triggered,19,4.4,0.02974947141691401,16
dem_triggered,19,4.5,-0.043065485661041625,16
dem_triggered,19,4.6,-0.017006709083018507,16
dem_triggered,19,4.7,4.1850272856407134e-05,16
dem_triggered,19,4.8,-0.04253927218463388,16
dem_triggered,19,4.9,0.004850876683550949,16
dem_triggered,19,5.0,-0.043728941683622104,16
dem_triggered,19,5.1,-0.011682225574443018,16
dem_triggered,19,5.2,0.06392175883046569,16
dem_triggered,19,5.3,-0.028540048460521383,16
dem_triggered,19,5.4,-0.024208106182854947,16
dem_triggered,19,5.5,0.03632282019856336,16
dem_triggered,19,5.6,0.03074873542261458,16
dem_triggered,19,5.7,0.10220112828226655,16
dem_triggered,19,5.8,0.09991800534218717,16
dem_triggered,19,5.9,0.1938394856346809,16
dem_triggered,27,-3.0,0.18889302659321516,40
dem_triggered,27,-2.9,0.25260855914558233,40
dem_triggered,27,-2.8,0.218067439901623,40
dem_triggered,27,-2.7,0.21994422889539952,40
dem_triggered,27,-2.6,0.21015995690669875,40
dem_triggered,27,-2.5,0.21373789236913326,40
dem_triggered,27,-2.4,0.22358580289308602,40
dem_triggered,27,-2.3,0.15832912977650668,40
dem_triggered,27,-2.2,0.08296875941926905,40
dem_triggered,27,-2.1,0.07968360148066865,40
dem_triggered,27,-2.0,0.05386486066583329,40
dem_triggered,27,-1.9,0.023442640712911664,40
dem_triggered,27,-1.8,0.05732059946310993,40
dem_triggered,27,-1.7,0.06691210103893777,40
dem_triggered,27,-1.6,0.09020938139485996,40
dem_triggered,27,-1.5,0.13091001753302017,40
dem_triggered,27,-1.4,0.1721378686886941,40
dem_triggered,27,-1.3,0.17276620986684105,40
dem_triggered,27,-1.2,0.1348125769081145,40
dem_triggered,27,-1.1,0.07482924125938337,40
dem_triggered,27,-1.0,-0.0020850936644141783,40
dem_triggered,27,-0.9,0.0006962218439685586,40
dem_triggered,27,-0.8,0.009188589101548322,40
dem_triggered,27,-0.7,0.01150771075629976,40
dem_triggered,27,-0.6,0.14510710243338573,40
dem_triggered,27,-0.5,0.11318063376830283,40
dem_triggered,27,-0.4,0.05624813007996967,40
dem_triggered,27,-0.3,0.07851304666954598,40
dem_triggered,27,-0.2,0.10425865950522525,40
dem_triggered,27,-0.0999999999999996,0.11822597169654296,40
dem_triggered,27,0.0,0.1738952284388457,40
dem_triggered,27,0.1,0.15923225107949152,40
dem_triggered,27,0.2,0.1657374737690011,40
dem_triggered,27,0.3,0.15927302922233172,40
dem_triggered,27,0.4,0.07160476357724196,40
dem_triggered,27,0.5,-0.036931909906783286,40
dem_triggered,27,0.6,0.0012656475763950016,40
dem_triggered,27,0.7,0.13063824498943202,40
dem_triggered,27,0.8,0.15536421377329995,40
dem_triggered,27,0.9,0.2888318363420043,40
dem_triggered,27,1.0,0.4357806438660786,40
dem_triggered,27,1.1,0.43894380026213903,40
dem_triggered,27,1.2,0.3751772318305514,40
dem_triggered,27,1.3,0.32051128428494524,40
dem_triggered,27,1.4,0.32330215465789547,40
dem_triggered,27,1.5,0.32217851443610473,40
dem_triggered,27,1.6,0.3961455107960846,40
dem_triggered,27,1.7,0.38328686604308865,40
dem_triggered,27,1.8,0.4742234935853757,40
dem_triggered,27,1.9,0.6396235346661132,40
dem_triggered,27,2.0,0.6546683116565257,40
dem_triggered,27,2.1,0.5637258908332647,40
dem_triggered,27,2.2,0.6492119449181479,40
dem_triggered,27,2.3,0.8077765463460007,40
dem_triggered,27,2.4,0.7702498336096382,40
dem_triggered,27,2.5,0.7446751462187298,40
dem_triggered,27,2.6,0.6221020237281766,40
dem_triggered,27,2.7,0.5511904676052104,40
dem_triggered,27,2.8,0.49463510080568607,40
dem_triggered,27,2.9,0.4720476412099036,40
dem_triggered,27,3.0,0.563720007145746,40
dem_triggered,27,3.1,0.5752393293395712,40
dem_triggered,27,3.2,0.526661317528182,40
dem_triggered,27,3.3,0.5397841202769182,40
dem_triggered,27,3.4,0.5011589265789389,40
dem_triggered,27,3.5,0.5456266844239948,40
dem_triggered,27,3.6,0.5202775268422041,40
dem_triggered,27,3.7,0.4413430043355623,40
dem_triggered,27,3.8,0.3849035371611985,40
dem_triggered,27,3.9,0.3683173419598539,40
dem_triggered,27,4.0,0.35138140678040697,40
dem_triggered,27,4.1,0.25311951406028,40
dem_triggered,27,4.2,0.23676026975831768,40
dem_triggered,27,4.3,0.22866040818763853,40
dem_triggered,27,4.4,0.2982782410672462,40
dem_triggered,27,4.5,0.3254761789547417,40
dem_triggered,27,4.6,0.3240070345943872,40
dem_triggered,27,4.7,0.2818827851053566,40
dem_triggered,27,4.8,0.22412804863501717,40
dem_triggered,27,4.9,0.21002311536309332,40
dem_triggered,27,5.0,0.13077763500627246,40
dem_triggered,27,5.1,0.06663359114435348,40
dem_triggered,27,5.2,0.14856412868054808,40
dem_triggered,27,5.3,0.15086727854059595,40
dem_triggered,27,5.4,0.12529824167557826,40
dem_triggered,27,5.5,0.06764508820571918,40
dem_triggered,27,5.6,0.0418086040073437,40
dem_triggered,27,5.7,0.0941601352548388,40
dem_triggered,27,5.8,0.19112076853464238,40
dem_triggered,27,5.9,0.1531396578550108,40
dem_triggered,35,-3.0,0.45535201461657565,21
dem_triggered,35,-2.9,0.3027974197363521,21
dem_triggered,35,-2.8,0.3254518428863272,21
dem_triggered,35,-2.7,0.4212785891055827,21
dem_triggered,35,-2.6,0.4562930325818946,21
dem_triggered,35,-2.5,0.3189783772984395,21
dem_triggered,35,-2.4,0.3145424711971042,21
dem_triggered,35,-2.3,0.2873392391188799,21
dem_triggered,35,-2.2,0.2816059110145826,21
dem_triggered,35,-2.1,0.35032576014822214,21
dem_triggered,35,-2.0,0.47301272567322306,21
dem_triggered,35,-1.9,0.2060204968124255,21
dem_triggered,35,-1.8,0.39305524690786214,21
dem_triggered,35,-1.7,0.11672613371178843,21
dem_triggered,35,-1.6,0.0540746733332716,21
dem_triggered,35,-1.5,0.14300662461421562,21
dem_triggered,35,-1.4,0.36432819597942867,21
dem_triggered,35,-1.3,0.44032474184905335,21
dem_triggered,35,-1.2,0.1439651236306064,21
dem_triggered,35,-1.1,0.5082275539106474,21
dem_triggered,35,-1.0,0.4822485234314436,21
dem_triggered,35,-0.9,0.20323766162427923,21
dem_triggered,35,-0.8,0.5622566156994191,21
dem_triggered,35,-0.7,0.39693203239570785,21
dem_triggered,35,-0.6,0.5892983751813585,21
dem_triggered,35,-0.5,0.6018742948396065,21
dem_triggered,35,-0.4,0.44545178387256745,21
dem_triggered,35,-0.3,0.5590453750833017,21
dem_triggered,35,-0.2,0.7126130879709525,21
dem_triggered,35,-0.0999999999999996,0.8312552313252142,21
dem_triggered,35,0.0,0.6814493324543791,21
dem_triggered,35,0.1,0.7629938912126956,21
dem_triggered,35,0.2,0.49755302126050344,21
dem_triggered,35,0.3,0.8073127049287269,21
dem_triggered,35,0.4,0.5260587750569717,21
dem_triggered,35,0.5,0.24836077956016347,21
dem_triggered,35,0.6,0.4612462559128967,21
dem_triggered,35,0.7,0.4113242497198204,21
dem_triggered,35,0.8,0.4639540721682306,21
dem_triggered,35,0.9,0.46187387929162654,21
dem_triggered,35,1.0,0.4747330228393245,21
dem_triggered,35,1.1,0.5831540287448171,21
dem_triggered,35,1.2,0.516566024030886,21
dem_triggered,35,1.3,0.7361806459939599,21
dem_triggered,35,1.4,0.6329163384131795,21
dem_triggered,35,1.5,0.6229011732118499,21
dem_triggered,35,1.6,0.3280756686739413,21
dem_triggered,35,1.7,0.3103414621525502,21
dem_triggered,35,1.8,0.5715977587793055,21
dem_triggered,35,1.9,0.3839588053664834,21
dem_triggered,35,2.0,0.7098737014831895,21
dem_triggered,35,2.1,0.4419704937247432,21
dem_triggered,35,2.2,0.6135267146763124,21
dem_triggered,35,2.3,0.48024227131389763,21
dem_triggered,35,2.4,0.5763515590624768,21
dem_triggered,35,2.5,0.6955574030999241,21
dem_triggered,35,2.6,0.18838111222364137,21
dem_triggered,35,2.7,0.5283692818259947,21
dem_triggered,35,2.8,0.4298534757192117,21
dem_triggered,35,2.9,0.5200645238420707,21
dem_triggered,35,3.0,0.48943232426986194,21
dem_triggered,35,3.1,0.3779366449220869,21
dem_triggered,35,3.2,0.45374295510902696,21
dem_triggered,35,3.3,0.5437999180962756,21
dem_triggered,35,3.4,0.611705140096055,21
dem_triggered,35,3.5,0.7921460186319322,21
dem_triggered,35,3.6,0.6062906694560505,21
dem_triggered,35,3.7,0.4366044365532048,21
dem_triggered,35,3.8,0.28731047690517214,21
dem_triggered,35,3.9,0.39597266845241935,21
dem_triggered,35,4.0,0.5306344599726475,21
dem_triggered,35,4.1,0.525872275640735,21
dem_triggered,35,4.2,0.5120952139015724,21
dem_triggered,35,4.3,0.5931636142480263,21
dem_triggered,35,4.4,0.6371393304153076,21
dem_triggered,35,4.5,0.6981116964663734,21
dem_triggered,35,4.6,0.5779889071426252,21
dem_triggered,35,4.7,0.35797729332676853,21
dem_triggered,35,4.8,0.40297530572333634,21
dem_triggered,35,4.9,0.6510725118963137,21
dem_triggered,35,5.0,0.2644481711090254,21
dem_triggered,35,5.1,0.5604588673134953,21
dem_triggered,35,5.2,0.6392981340357518,21
dem_triggered,35,5.3,0.4623801347599812,21
dem_triggered,35,5.4,0.43748185369177023,21
dem_triggered,35,5.5,0.33386592375238017,21
dem_triggered,35,5.6,0.5006514673372673,21
dem_triggered,35,5.7,0.4234212888587732,21
dem_triggered,35,5.8,0.48732953711679816,21
dem_triggered,35,5.9,0.35141428454997614,21
dem_untriggered,1,-3.0,0.22480698955201833,80
dem_untriggered,1,-2.9,0.24356039305204255,80
dem_untriggered,1,-2.8,0.2297189472188283,80
dem_untriggered,1,-2.7,0.2746324227372205,80
dem_untriggered,1,-2.6,0.27925231269576045,80
dem_untriggered,1,-2.5,0.28240552635426175,80
dem_untriggered,1,-2.4,0.26772566631806943,80
dem_untriggered,1,-2.3,0.24857967177081744,80
dem_untriggered,1,-2.2,0.2514969884091437,80
dem_untriggered,1,-2.1,0.2233620350415714,80
dem_untriggered,1,-2.0,0.22926018271743534,80
dem_untriggered,1,-1.9,0.2386651092094601,80
dem_untriggered,1,-1.8,0.19316350928888562,80
dem_untriggered,1,-1.7,0.19044069100471317,80
dem_untriggered,1,-1.6,0.18399966888969055,80
dem_untriggered,1,-1.5,0.21927301128430754,80
dem_untriggered,1,-1.4,0.2115472083355912,80
dem_untriggered,1,-1.3,0.24385151420817727,80
dem_untriggered,1,-1.2,0.2406015481155385,80
dem_untriggered,1,-1.1,0.263378571128108,80
dem_untriggered,1,-1.0,0.2530633324736647,80
dem_untriggered,1,-0.9,0.2517909248080395,80
dem_untriggered,1,-0.8,0.22254259027476406,80
dem_untriggered,1,-0.7,0.2136030768521831,80
dem_untriggered,1,-0.6,0.2200336736571457,80
dem_untriggered,1,-0.5,0.20932543269904413,80
dem_untriggered,1,-0.4,0.19963628385612764,80
dem_untriggered,1,-0.3,0.1797102338019758,80
dem_untriggered,1,-0.2,0.19633613464003202,80
dem_untriggered,1,-0.0999999999999996,0.17436602169057128,80
dem_untriggered,1,0.0,0.22471531574325332,80
dem_untriggered,1,0.1,0.2449924513344309,80
dem_untriggered,1,0.2,0.2498327597270163,80
dem_untriggered,1,0.3,0.25091350521516015,80
dem_untriggered,1,0.4,0.22973651143512805,80
dem_untriggered,1,0.5,0.23365748930163227,80
dem_untriggered,1,0.6,0.2312755280260829,80
dem_untriggered,1,0.7,0.27440264473236403,80
dem_untriggered,1,0.8,0.27486112867704254,80
dem_untriggered,1,0.9,0.2614865458602321,80
dem_untriggered,1,1.0,0.3004296895245403,80
dem_untriggered,1,1.1,0.22720391868221598,80
dem_untriggered,1,1.2,0.2515591439748122,80
dem_untriggered,1,1.3,0.2532747758705306,80
dem_untriggered,1,1.4,0.21610794257794094,80
dem_untriggered,1,1.5,0.285539738538059,80
dem_untriggered,1,1.6,0.3183239800535628,80
dem_untriggered,1,1.7,0.31883338792625937,80
dem_untriggered,1,1.8,0.3083740607171953,80
dem_untriggered,1,1.9,0.27940001738934483,80
dem_untriggered,1,2.0,0.33326891846703516,80
dem_untriggered,1,2.1,0.3032810218629959,80
dem_untriggered,1,2.2,0.31203911705365484,80
dem_untriggered,1,2.3,0.3296162823732707,80
dem_untriggered,1,2.4,0.31714886365005374,80
dem_untriggered,1,2.5,0.28075948192680195,80
dem_untriggered,1,2.6,0.2841024275160546,80
dem_untriggered,1,2.7,0.35111964193976747,80
dem_untriggered,1,2.8,0.3082140897134705,80
dem_untriggered,1,2.9,0.30448347622599414,80
dem_untriggered,1,3.0,0.30758433800873064,80
dem_untriggered,1,3.1,0.3101292150795973,80
dem_untriggered,1,3.2,0.2887955872009675,80
dem_untriggered,1,3.3,0.2910081809836925,80
dem_untriggered,1,3.4,0.2691390601374605,80
dem_untriggered,1,3.5,0.2812441901149899,80
dem_untriggered,1,3.6,0.2818392174288683,80
dem_untriggered,1,3.7,0.279787692195482,80
dem_untriggered,1,3.8,0.268559539767334,80
dem_untriggered,1,3.9,0.25627299400253084,80
dem_untriggered,1,4.0,0.2310211592967803,80
dem_untriggered,1,4.1,0.2681511861929752,80
dem_untriggered,1,4.2,0.2332225402659497,80
dem_untriggered,1,4.3,0.273984826514228,80
dem_untriggered,1,4.4,0.29957157738734963,80
dem_untriggered,1,4.5,0.31077026136998,80
dem_untriggered,1,4.6,0.28789014588803213,80
dem_untriggered,1,4.7,0.23396050813571206,80
dem_untriggered,1,4.8,0.20113470510683534,80
dem_untriggered,1,4.9,0.2399214868903194,80
dem_untriggered,1,5.0,0.225423641179135,80
dem_untriggered,1,5.1,0.28716543889770707,80
dem_untriggered,1,5.2,0.27014589358783947,80
dem_untriggered,1,5.3,0.2398497375007576,80
dem_untriggered,1,5.4,0.24898257807446536,80
dem_untriggered,1,5.5,0.23122060521509366,80
dem_untriggered,1,5.6,0.21919072773259676,80
dem_untriggered,1,5.7,0.26074329751528574,80
dem_untriggered,1,5.8,0.2668067659220065,80
dem_untriggered,1,5.9,0.2659288438984086,80
dem_untriggered,3,-3.0,-0.36434122311391637,49
dem_untriggered,3,-2.9,-0.3689226649605899,49
dem_untriggered,3,-2.8,-0.40506723737886735,49
dem_untriggered,3,-2.7,-0.29288052281581006,49
dem_untriggered,3,-2.6,-0.33952355204575374,49
dem_untriggered,3,-2.5,-0.33870108874046895,49
dem_untriggered,3,-2.4,-0.34672954735702655,49
dem_untriggered,3,-2.3,-0.36723913374951983,49
dem_untriggered,3,-2.2,-0.2586150051084614,49
dem_untriggered,3,-2.1,-0.2364992114842459,49
dem_untriggered,3,-2.0,-0.20941841232173045,49
dem_untriggered,3,-1.9,-0.2232118359387234,49
dem_untriggered,3,-1.8,-0.22999623462503158,49
dem_untriggered,3,-1.7,-0.19981764998719057,49
dem_untriggered,3,-1.6,-0.2076597599340709,49
dem_untriggered,3,-1.5,-0.19950534068704162,49
dem_untriggered,3,-1.4,-0.25272495472386547,49
dem_untriggered,3,-1.3,-0.19283846879345257,49
dem_untriggered,3,-1.2,-0.15586219619815772,49
dem_untriggered,3,-1.1,-0.14986118490444478,49
dem_untriggered,3,-1.0,-0.19459825997202684,49
dem_untriggered,3,-0.9,-0.20461524035984058,49
dem_untriggered,3,-0.8,-0.1626312491208845,49
dem_untriggered,3,-0.7,-0.2087619188437149,49
dem_untriggered,3,-0.6,-0.19519039812485867,49
dem_untriggered,3,-0.5,-0.24575696351406284,49
dem_untriggered,3,-0.4,-0.2640919186734561,49
dem_untriggered,3,-0.3,-0.16754464526624216,49
dem_untriggered,3,-0.2,-0.15425368251120564,49
dem_untriggered,3,-0.0999999999999996,-0.10650144961556222,49
dem_untriggered,3,0.0,-0.04591390593529567,49
dem_untriggered,3,0.1,-0.10986836283147097,49
dem_untriggered,3,0.2,-0.05653755469453248,49
dem_untriggered,3,0.3,-0.005603255475756513,49
dem_untriggered,3,0.4,0.08317919698290477,49
dem_untriggered,3,0.5,0.23074269621246493,49
dem_untriggered,3,0.6,0.18550607480640555,49
dem_untriggered,3,0.7,0.26988214170255315,49
dem_untriggered,3,0.8,0.3797207762420993,49
dem_untriggered,3,0.9,0.3310897854267686,49
dem_untriggered,3,1.0,0.3271396777742623,49
dem_untriggered,3,1.1,0.41143124322010094,49
dem_untriggered,3,1.2,0.49156825629380496,49
dem_untriggered,3,1.3,0.44504792414063327,49
dem_untriggered,3,1.4,0.3916293700980077,49
dem_untriggered,3,1.5,0.3893824187100555,49
dem_untriggered,3,1.6,0.4071471291752485,49
dem_untriggered,3,1.7,0.36453157772784806,49
dem_untriggered,3,1.8,0.3383571303276304,49
dem_untriggered,3,1.9,0.42400396570289084,49
dem_untriggered,3,2.0,0.5226197306616353,49
dem_untriggered,3,2.1,0.46031484812688583,49
dem_untriggered,3,2.2,0.4775148366643419,49
dem_untriggered,3,2.3,0.5798332729841651,49
dem_untriggered,3,2.4,0.5476515228366987,49
dem_untriggered,3,2.5,0.6914907013621981,49
dem_untriggered,3,2.6,0.6765481952934158,49
dem_untriggered,3,2.7,0.6311790540249405,49
dem_untriggered,3,2.8,0.5772295737513526,49
dem_untriggered,3,2.9,0.5396094243019136,49
dem_untriggered,3,3.0,0.5529729010974304,49
dem_untriggered,3,3.1,0.47426361777708154,49
dem_untriggered,3,3.2,0.43091471481547705,49
dem_untriggered,3,3.3,0.37327686534137183,49
dem_untriggered,3,3.4,0.4032901935566775,49
dem_untriggered,3,3.5,0.42353542872195155,49
dem_untriggered,3,3.6,0.41952034255551607,49
dem_untriggered,3,3.7,0.44497987452551585,49
dem_untriggered,3,3.8,0.47738694768517426,49
dem_untriggered,3,3.9,0.4730859119095985,49
dem_untriggered,3,4.0,0.5215541521134112,49
dem_untriggered,3,4.1,0.4950286447400519,49
dem_untriggered,3,4.2,0.507222116356613,49
dem_untriggered,3,4.3,0.5023643982407613,49
dem_untriggered,3,4.4,0.5317213523662864,49
dem_untriggered,3,4.5,0.48464202489404046,49
dem_untriggered,3,4.6,0.45069087808578984,49
dem_untriggered,3,4.7,0.4086528481870741,49
dem_untriggered,3,4.8,0.3287732023578691,49
dem_untriggered,3,4.9,0.3744179209042045,49
dem_untriggered,3,5.0,0.35859485929936763,49
dem_untriggered,3,5.1,0.28169347641349823,49
dem_untriggered,3,5.2,0.26071047577051853,49
dem_untriggered,3,5.3,0.23597476383894275,49
dem_untriggered,3,5.4,0.3011422182378027,49
dem_untriggered,3,5.5,0.32189255597296906,49
dem_untriggered,3,5.6,0.3095027400647729,49
dem_untriggered,3,5.7,0.34669507981803704,49
dem_untriggered,3,5.8,0.3729115635820383,49
dem_untriggered,3,5.9,0.3392770362311058,49
dem_untriggered,4,-3.0,0.026487473549270654,59
dem_untriggered,4,-2.9,0.08404433627183945,59
dem_untriggered,4,-2.8,0.06461003453464458,59
dem_untriggered,4,-2.7,0.09431360804330088,59
dem_untriggered,4,-2.6,0.08299975692080548,59
dem_untriggered,4,-2.5,0.07450164142407688,59
dem_untriggered,4,-2.4,0.07371568426327962,59
dem_untriggered,4,-2.3,-0.011248562107068087,59
dem_untriggered,4,-2.2,0.0333611264324133,59
dem_untriggered,4,-2.1,0.1279431882578549,59
dem_untriggered,4,-2.0,0.06233589620881886,59
dem_untriggered,4,-1.9,0.036451240337997126,59
dem_untriggered,4,-1.8,0.0447509129507521,59
dem_untriggered,4,-1.7,0.08215559813717427,59
dem_untriggered,4,-1.6,0.14970036379738402,59
dem_untriggered,4,-1.5,0.12142740652089896,59
dem_untriggered,4,-1.4,0.07457027646472576,59
dem_untriggered,4,-1.3,0.07908192057720777,59
dem_untriggered,4,-1.2,0.10988380467680607,59
dem_untriggered,4,-1.1,-0.040214946436598904,59
dem_untriggered,4,-1.0,0.06597762915112572,59
dem_untriggered,4,-0.9,0.18827907041188718,59
dem_untriggered,4,-0.8,0.10188464567476543,59
dem_untriggered,4,-0.7,0.12020632204025818,59
dem_untriggered,4,-0.6,0.13257261582695848,59
dem_untriggered,4,-0.5,0.13711187078472603,59
dem_untriggered,4,-0.4,0.16190247623673718,59
dem_untriggered,4,-0.3,0.17071026637872252,59
dem_untriggered,4,-0.2,0.19018915314232906,59
dem_untriggered,4,-0.0999999999999996,0.19404538833739757,59
dem_untriggered,4,0.0,0.16539953476386715,59
dem_untriggered,4,0.1,0.22457675934222024,59
dem_untriggered,4,0.2,0.2863077906310345,59
dem_untriggered,4,0.3,0.40267513476722483,59
dem_untriggered,4,0.4,0.3104661016424814,59
dem_untriggered,4,0.5,0.2588530157010333,59
dem_untriggered,4,0.6,0.2820954733071142,59
dem_untriggered,4,0.7,0.18613898168813278,59
dem_untriggered,4,0.8,0.315167440774524,59
dem_untriggered,4,0.9,0.27887478840062996,59
dem_untriggered,4,1.0,0.3287443221418558,59
dem_untriggered,4,1.1,0.3876062885697946,59
dem_untriggered,4,1.2,0.42939363567826455,59
dem_untriggered,4,1.3,0.48098618212025934,59
dem_untriggered,4,1.4,0.5521262633481668,59
dem_untriggered,4,1.5,0.6028071269833613,59
dem_untriggered,4,1.6,0.6460019446464174,59
dem_untriggered,4,1.7,0.5311145021383691,59
dem_untriggered,4,1.8,0.5148148361807738,59
dem_untriggered,4,1.9,0.6627765130363604,59
dem_untriggered,4,2.0,0.6062902132087228,59
dem_untriggered,4,2.1,0.6050590300547503,59
dem_untriggered,4,2.2,0.6105578523233822,59
dem_untriggered,4,2.3,0.5905328765914362,59
dem_untriggered,4,2.4,0.5737840161517147,59
dem_untriggered,4,2.5,0.5189957342860463,59
dem_untriggered,4,2.6,0.3883730760334508,59
dem_untriggered,4,2.7,0.3660743899800159,59
dem_untriggered,4,2.8,0.24732028510961154,59
dem_untriggered,4,2.9,0.18161120423761798,59
dem_untriggered,4,3.0,0.18847294997287814,59
dem_untriggered,4,3.1,0.2218584326426296,59
dem_untriggered,4,3.2,0.38724519185264666,59
dem_untriggered,4,3.3,0.26297503247930953,59
dem_untriggered,4,3.4,0.3188644617961665,59
dem_untriggered,4,3.5,0.4438120306866675,59
dem_untriggered,4,3.6,0.443475986767752,59
dem_untriggered,4,3.7,0.3887911249341161,59
dem_untriggered,4,3.8,0.31775548040754564,59
dem_untriggered,4,3.9,0.21826374717792452,59
dem_untriggered,4,4.0,0.20834630400635193,59
dem_untriggered,4,4.1,0.16978059919013627,59
dem_untriggered,4,4.2,0.0590453643012304,59
dem_untriggered,4,4.3,0.17537063030119987,59
dem_untriggered,4,4.4,0.08232300820530251,59
dem_untriggered,4,4.5,0.12242758640985267,59
dem_untriggered,4,4.6,0.20118124340445426,59
dem_untriggered,4,4.7,0.25752768425468736,59
dem_untriggered,4,4.8,0.24120724784403513,59
dem_untriggered,4,4.9,0.25272657401622095,59
dem_untriggered,4,5.0,0.24604703171326778,59
dem_untriggered,4,5.1,0.24384090050108284,59
dem_untriggered,4,5.2,0.18191133081657648,59
dem_untriggered,4,5.3,0.266890384763762,59
dem_untriggered,4,5.4,0.23608834857926406,59
dem_untriggered,4,5.5,0.1777083629916509,59
dem_untriggered,4,5.6,0.11798161488510127,59
dem_untriggered,4,5.7,0.034717205695254195,59
dem_untriggered,4,5.8,0.042157103783734405,59
dem_untriggered,4,5.9,0.0838141818734945,59
dem_untriggered,5,-3.0,-0.060785729483977306,122
dem_untriggered,5,-2.9,-0.021751022384284287,122
dem_untriggered,5,-2.8,-0.01776433310100462,122
dem_untriggered,5,-2.7,0.01831357622083686,122
dem_untriggered,5,-2.6,-0.04037392120655497,122
dem_untriggered,5,-2.5,-0.05755914967260073,122
dem_untriggered,5,-2.4,-0.050588977376786914,122
dem_untriggered,5,-2.3,-0.0674397076558639,122
dem_untriggered,5,-2.2,-0.06759208681723022,122
dem_untriggered,5,-2.1,-0.10577104108928101,122
dem_untriggered,5,-2.0,-0.10857873040183855,122
dem_untriggered,5,-1.9,-0.13208187470522578,122
dem_untriggered,5,-1.8,-0.1631753396934516,122
dem_untriggered,5,-1.7,-0.14695449711612496,122
dem_untriggered,5,-1.6,-0.16200011773725037,122
dem_untriggered,5,-1.5,-0.145351982226589,122
dem_untriggered,5,-1.4,-0.1353350441667766,122
dem_untriggered,5,-1.3,-0.11909488918586765,122
dem_untriggered,5,-1.2,-0.034750929931217665,122
dem_untriggered,5,-1.1,-0.02652349337625283,122
dem_untriggered,5,-1.0,-0.005619193059927218,122
dem_untriggered,5,-0.9,-0.02549033425973893,122
dem_untriggered,5,-0.8,-0.04776363756808948,122
dem_untriggered,5,-0.7,-0.06242907965934684,122
dem_untriggered,5,-0.6,-0.04891443535438516,122
dem_untriggered,5,-0.5,-0.0518130913594844,122
dem_untriggered,5,-0.4,-0.04779538556643552,122
dem_untriggered,5,-0.3,-0.015078597263713543,122
dem_untriggered,5,-0.2,0.0024201771399943663,122
dem_untriggered,5,-0.0999999999999996,0.008395399409406768,122
dem_untriggered,5,0.0,-0.026801536751060707,122
dem_untriggered,5,0.1,-0.0634479785635506,122
dem_untriggered,5,0.2,-0.06748307339416411,122
dem_untriggered,5,0.3,-0.05483878448505374,122
dem_untriggered,5,0.4,-0.054266882083457514,122
dem_untriggered,5,0.5,-0.06633788160282411,122
dem_untriggered,5,0.6,-0.06266973642452048,122
dem_untriggered,5,0.7,-0.04183962324093636,122
dem_untriggered,5,0.8,-0.01312356238293497,122
dem_untriggered,5,0.9,0.05317897727419782,122
dem_untriggered,5,1.0,0.07673671161182827,122
dem_untriggered,5,1.1,0.12290426752172935,122
dem_untriggered,5,1.2,0.19667835275454293,122
dem_untriggered,5,1.3,0.2595973380475324,122
dem_untriggered,5,1.4,0.2815942044511231,122
dem_untriggered,5,1.5,0.2737573382319716,122
dem_untriggered,5,1.6,0.2759379412946565,122
dem_untriggered,5,1.7,0.33692231148567575,122
dem_untriggered,5,1.8,0.36858389097971606,122
dem_untriggered,5,1.9,0.38079614898222713,122
dem_untriggered,5,2.0,0.4585457652525905,122
dem_untriggered,5,2.1,0.49730126483012116,122
dem_untriggered,5,2.2,0.5059336112256788,122
dem_untriggered,5,2.3,0.44422255331503385,122
dem_untriggered,5,2.4,0.4069650440573026,122
dem_untriggered,5,2.5,0.393762438798537,122
dem_untriggered,5,2.6,0.39155647242865144,122
dem_untriggered,5,2.7,0.37459991085337857,122
dem_untriggered,5,2.8,0.3585740187272705,122
dem_untriggered,5,2.9,0.30513726460435164,122
dem_untriggered,5,3.0,0.24191308444875742,122
dem_untriggered,5,3.1,0.24424379223089543,122
dem_untriggered,5,3.2,0.23131991812794372,122
dem_untriggered,5,3.3,0.19474947565837755,122
dem_untriggered,5,3.4,0.20001101153488235,122
dem_untriggered,5,3.5,0.18760875424366946,122
dem_untriggered,5,3.6,0.1826796348339873,122
dem_untriggered,5,3.7,0.16363744355887094,122
dem_untriggered,5,3.8,0.14480120930751475,122
dem_untriggered,5,3.9,0.09721741892979595,122
dem_untriggered,5,4.0,0.09698339438757766,122
dem_untriggered,5,4.1,0.10576304588061379,122
dem_untriggered,5,4.2,0.11370933692158078,122
dem_untriggered,5,4.3,0.14819930036676943,122
dem_untriggered,5,4.4,0.1561761286358394,122
dem_untriggered,5,4.5,0.1725071718932453,122
dem_untriggered,5,4.6,0.13895593049835758,122
dem_untriggered,5,4.7,0.13460326185746002,122
dem_untriggered,5,4.8,0.154797491713314,122
dem_untriggered,5,4.9,0.14246315460112585,122
dem_untriggered,5,5.0,0.1236654489715219,122
dem_untriggered,5,5.1,0.13512172750278048,122
dem_untriggered,5,5.2,0.17611994217536972,122
dem_untriggered,5,5.3,0.16743802563804103,122
dem_untriggered,5,5.4,0.17804528565319827,122
dem_untriggered,5,5.5,0.19016074855899293,122
dem_untriggered,5,5.6,0.21423755687666993,122
dem_untriggered,5,5.7,0.2358035988468878,122
dem_untriggered,5,5.8,0.2113686968844046,122
dem_untriggered,5,5.9,0.21039148816842926,122
dem_untriggered,6,-3.0,-0.0864784771782272,167
dem_untriggered,6,-2.9,-0.11985820005730319,167
dem_untriggered,6,-2.8,-0.11457924616766857,167
dem_untriggered,6,-2.7,-0.10377598727933882,167
dem_untriggered,6,-2.6,-0.11714864734780714,167
dem_untriggered,6,-2.5,-0.10414887167062115,167
dem_untriggered,6,-2.4,-0.10178387280742146,167
dem_untriggered,6,-2.3,-0.04417265756654,167
dem_untriggered,6,-2.2,-0.06446326358218772,167
dem_untriggered,6,-2.1,-0.11068954450036081,167
dem_untriggered,6,-2.0,-0.04074382467275023,167
dem_untriggered,6,-1.9,-0.04093864482032826,167
dem_untriggered,6,-1.8,-0.0177126596098651,167
dem_untriggered,6,-1.7,-0.008997817615849123,167
dem_untriggered,6,-1.6,0.020567997716789403,167
dem_untriggered,6,-1.5,-0.09119900662961526,167
dem_untriggered,6,-1.4,-0.07125185825110926,167
dem_untriggered,6,-1.3,-0.08931776357055814,167
dem_untriggered,6,-1.2,-0.08657200977522621,167
dem_untriggered,6,-1.1,-0.07576215570730048,167
dem_untriggered,6,-1.0,-0.13904300658288957,167
dem_untriggered,6,-0.9,-0.07807514249687661,167
dem_untriggered,6,-0.8,-0.10862193761826199,167
dem_untriggered,6,-0.7,-0.06658451168675587,167
dem_untriggered,6,-0.6,-0.07933771634482795,167
dem_untriggered,6,-0.5,-0.1843405668124649,167
dem_untriggered,6,-0.4,-0.14112736743557783,167
dem_untriggered,6,-0.3,-0.1623796896648993,167
dem_untriggered,6,-0.2,-0.09649363106672301,167
dem_untriggered,6,-0.0999999999999996,-0.07000181742507847,167
dem_untriggered,6,0.0,-0.0955809562211154,167
dem_untriggered,6,0.1,0.004018661004149717,167
dem_untriggered,6,0.2,-0.036025006054041804,167
dem_untriggered,6,0.3,-0.06997250336296446,167
dem_untriggered,6,0.4,-0.09789917538171465,167
dem_untriggered,6,0.5,-0.04214427027002337,167
dem_untriggered,6,0.6,-0.0826113030589422,167
dem_untriggered,6,0.7,-0.030756226434046484,167
dem_untriggered,6,0.8,-0.06317544482196594,167
dem_untriggered,6,0.9,-0.007150556882812422,167
dem_untriggered,6,1.0,-0.0821245656904692,167
dem_untriggered,6,1.1,-0.0786585008266149,167
dem_untriggered,6,1.2,-0.08553894706046557,167
dem_untriggered,6,1.3,-0.028193165445564737,167
dem_untriggered,6,1.4,-0.03978066158823134,167
dem_untriggered,6,1.5,-0.0564622880777841,167
dem_untriggered,6,1.6,0.04938784680810419,167
dem_untriggered,6,1.7,0.009864894529619589,167
dem_untriggered,6,1.8,-0.006610594481774821,167
dem_untriggered,6,1.9,0.06060240621452691,167
dem_untriggered,6,2.0,0.01672380725335346,167
dem_untriggered,6,2.1,0.05949874675567237,167
dem_untriggered,6,2.2,0.044053023945950856,167
dem_untriggered,6,2.3,-0.05606175545835159,167
dem_untriggered,6,2.4,-0.019565987659196128,167
dem_untriggered,6,2.5,-0.014648584968940366,167
dem_untriggered,6,2.6,0.015126338713119627,167
dem_untriggered,6,2.7,-0.03147220836694708,167
dem_untriggered,6,2.8,0.004944763089441904,167
dem_untriggered,6,2.9,-0.0005679265535023926,167
dem_untriggered,6,3.0,0.03741349202460182,167
dem_untriggered,6,3.1,0.0017362711408357354,167
dem_untriggered,6,3.2,0.0037689053038384612,167
dem_untriggered,6,3.3,-0.055919085535042365,167
dem_untriggered,6,3.4,-0.062034813762579494,167
dem_untriggered,6,3.5,-0.06553407813804109,167
dem_untriggered,6,3.6,-0.005991145077201133,167
dem_untriggered,6,3.7,0.02682192447122039,167
dem_untriggered,6,3.8,0.04048180265714242,167
dem_untriggered,6,3.9,0.043142140603043604,167
dem_untriggered,6,4.0,0.039159114355052704,167
dem_untriggered,6,4.1,0.04811475825389504,167
dem_untriggered,6,4.2,0.045848684360367195,167
dem_untriggered,6,4.3,0.08574130569592282,167
dem_untriggered,6,4.4,0.015799859718292605,167
dem_untriggered,6,4.5,0.021557500490066425,167
dem_untriggered,6,4.6,0.031032237928020394,167
dem_untriggered,6,4.7,0.012573543349064275,167
dem_untriggered,6,4.8,0.056423730537664474,167
dem_untriggered,6,4.9,0.07185733330706341,167
dem_untriggered,6,5.0,0.07578899260361475,167
dem_untriggered,6,5.1,0.0697297524763475,167
dem_untriggered,6,5.2,0.006159218595785733,167
dem_untriggered,6,5.3,0.0294602267729849,167
dem_untriggered,6,5.4,0.005750786137449676,167
dem_untriggered,6,5.5,-0.00516510328530976,167
dem_untriggered,6,5.6,0.02420375723909141,167
dem_untriggered,6,5.7,0.04156820145551855,167
dem_untriggered,6,5.8,-0.016760211199470552,167
dem_untriggered,6,5.9,-0.02864371766133207,167
dem_untriggered,18,-3.0,0.03310932611746341,117
dem_untriggered,18,-2.9,0.023280004625670647,117
dem_untriggered,18,-2.8,-0.0008367209477352898,117
dem_untriggered,18,-2.7,-0.04772604327829907,117
dem_untriggered,18,-2.6,-0.01982276322657852,117
dem_untriggered,18,-2.5,-0.009415059672619427,117
dem_untriggered,18,-2.4,0.01117049474209994,117
dem_untriggered,18,-2.3,0.027577080815636885,117
dem_untriggered,18,-2.2,0.007389455321510492,117
dem_untriggered,18,-2.1,-0.008690883546586717,117
dem_untriggered,18,-2.0,-0.022706607562654267,117
dem_untriggered,18,-1.9,-0.01824988425519222,117
dem_untriggered,18,-1.8,0.023320610522486095,117
dem_untriggered,18,-1.7,0.058386116774886046,117
dem_untriggered,18,-1.6,0.041027173368680156,117
dem_untriggered,18,-1.5,0.07018805588463345,117
dem_untriggered,18,-1.4,0.02753722153851021,117
dem_untriggered,18,-1.3,-0.009653339747163085,117
dem_untriggered,18,-1.2,-0.038943694243415775,117
dem_untriggered,18,-1.1,-0.04523553642609537,117
dem_untriggered,18,-1.0,-0.02043480322440244,117
dem_untriggered,18,-0.9,-0.009726569673017061,117
dem_untriggered,18,-0.8,0.02667585310281003,117
dem_untriggered,18,-0.7,0.07036805892683111,117
dem_untriggered,18,-0.6,0.1179614473666491,117
dem_untriggered,18,-0.5,0.12980823599312338,117
dem_untriggered,18,-0.4,0.10029039193833365,117
dem_untriggered,18,-0.3,0.10474371287221239,117
dem_untriggered,18,-0.2,0.195808363289039,117
dem_untriggered,18,-0.0999999999999996,0.2784749833951019,117
dem_untriggered,18,0.0,0.3186672387918904,117
dem_untriggered,18,0.1,0.27337287266239624,117
dem_untriggered,18,0.2,0.264394066231464,117
dem_untriggered,18,0.3,0.2770487006500901,117
dem_untriggered,18,0.4,0.30510899407235414,117
dem_untriggered,18,0.5,0.3329413005710059,117
dem_untriggered,18,0.6,0.3744743538673511,117
dem_untriggered,18,0.7,0.3952981758105696,117
dem_untriggered,18,0.8,0.3783338934041418,117
dem_untriggered,18,0.9,0.3335051907943867,117
dem_untriggered,18,1.0,0.3075241459300304,117
dem_untriggered,18,1.1,0.2977414569288587,117
dem_untriggered,18,1.2,0.25681840899999375,117
dem_untriggered,18,1.3,0.2970524699650889,117
dem_untriggered,18,1.4,0.32683587051510743,117
dem_untriggered,18,1.5,0.3233680535169019,117
dem_untriggered,18,1.6,0.30322468108668577,117
dem_untriggered,18,1.7,0.28016966227707374,117
dem_untriggered,18,1.8,0.2783991416302405,117
dem_untriggered,18,1.9,0.26908505845606906,117
dem_untriggered,18,2.0,0.3023299797406418,117
dem_untriggered,18,2.1,0.3643137985620048,117
dem_untriggered,18,2.2,0.4517835856235726,117
dem_untriggered,18,2.3,0.46914649477518516,117
dem_untriggered,18,2.4,0.4459043937608697,117
dem_untriggered,18,2.5,0.4400380778296569,117
dem_untriggered,18,2.6,0.39900671543086275,117
dem_untriggered,18,2.7,0.4085638866185449,117
dem_untriggered,18,2.8,0.4223401447019275,117
dem_untriggered,18,2.9,0.43299522947259544,117
dem_untriggered,18,3.0,0.41516842890246175,117
dem_untriggered,18,3.1,0.38949692490342974,117
dem_untriggered,18,3.2,0.3732544747897204,117
dem_untriggered,18,3.3,0.37793590257633397,117
dem_untriggered,18,3.4,0.38025261593335474,117
dem_untriggered,18,3.5,0.43319178662498736,117
dem_untriggered,18,3.6,0.4445529440622809,117
dem_untriggered,18,3.7,0.4759809343669782,117
dem_untriggered,18,3.8,0.43532641866771216,117
dem_untriggered,18,3.9,0.4284226563869632,117
dem_untriggered,18,4.0,0.47228394248500594,117
dem_untriggered,18,4.1,0.4605623126405638,117
dem_untriggered,18,4.2,0.390454728002698,117
dem_untriggered,18,4.3,0.36159736519867414,117
dem_untriggered,18,4.4,0.3480933484677465,117
dem_untriggered,18,4.5,0.3489021637258577,117
dem_untriggered,18,4.6,0.31106179893216584,117
dem_untriggered,18,4.7,0.27079193340735375,117
dem_untriggered,18,4.8,0.22946454814108425,117
dem_untriggered,18,4.9,0.20591638194952447,117
dem_untriggered,18,5.0,0.2502302994627007,117
dem_untriggered,18,5.1,0.21412722912323398,117
dem_untriggered,18,5.2,0.20451948923901409,117
dem_untriggered,18,5.3,0.13410557432309592,117
dem_untriggered,18,5.4,0.1184592521375428,117
dem_untriggered,18,5.5,0.10881758912135915,117
dem_untriggered,18,5.6,0.05047444516772903,117
dem_untriggered,18,5.7,-0.0014082410038315694,117
dem_untriggered,18,5.8,0.03681436831058651,117
dem_untriggered,18,5.9,0.09602070799410087,117
dem_untriggered,19,-3.0,0.07943904753377969,57
dem_untriggered,19,-2.9,0.043513487939136924,57
dem_untriggered,19,-2.8,0.10859869365872445,57
dem_untriggered,19,-2.7,0.04509441429810342,57
dem_untriggered,19,-2.6,0.06428786925667467,57
dem_untriggered,19,-2.5,-0.060760449793860215,57
dem_untriggered,19,-2.4,0.0132973254709674,57
dem_untriggered,19,-2.3,-0.03589728675149522,57
dem_untriggered,19,-2.2,-0.042332002597389916,57
dem_untriggered,19,-2.1,-0.039333160735724626,57
dem_untriggered,19,-2.0,0.02003423577729978,57
dem_untriggered,19,-1.9,-0.054394600194522275,57
dem_untriggered,19,-1.8,0.02237738378937244,57
dem_untriggered,19,-1.7,-0.07177747440585582,57
dem_untriggered,19,-1.6,0.06649635178695996,57
dem_untriggered,19,-1.5,0.07843159356115667,57
dem_untriggered,19,-1.4,0.05107411706592041,57
dem_untriggered,19,-1.3,0.030510810393809304,57
dem_untriggered,19,-1.2,0.11586891894062075,57
dem_untriggered,19,-1.1,0.035406688848606205,57
dem_untriggered,19,-1.0,0.09656475876573166,57
dem_untriggered,19,-0.9,0.0706762803100871,57
dem_untriggered,19,-0.8,0.03729268608206513,57
dem_untriggered,19,-0.7,0.014747797149795747,57
dem_untriggered,19,-0.6,-0.04374014055665823,57
dem_untriggered,19,-0.5,-0.07989513396443203,57
dem_untriggered,19,-0.4,-0.0401037139268948,57
dem_untriggered,19,-0.3,0.010043419874275225,57
dem_untriggered,19,-0.2,0.027922392458759042,57
dem_untriggered,19,-0.0999999999999996,0.035280663794899546,57
dem_untriggered,19,0.0,-0.02926549326543448,57
dem_untriggered,19,0.1,-0.007376649973538623,57
dem_untriggered,19,0.2,-0.12181625845746674,57
dem_untriggered,19,0.3,-0.03450021785746672,57
dem_untriggered,19,0.4,0.02111583266608082,57
dem_untriggered,19,0.5,0.0677641849218288,57
dem_untriggered,19,0.6,0.1276243196510218,57
dem_untriggered,19,0.7,0.12000091382017415,57
dem_untriggered,19,0.8,0.0763185160549298,57
dem_untriggered,19,0.9,0.14782563849083,57
dem_untriggered,19,1.0,0.15197258030875455,57
dem_untriggered,19,1.1,0.22494640058375004,57
dem_untriggered,19,1.2,0.3346316621636735,57
dem_untriggered,19,1.3,0.4932453269018194,57
dem_untriggered,19,1.4,0.4596472408011779,57
dem_untriggered,19,1.5,0.5681135874386495,57
dem_untriggered,19,1.6,0.6066949981050851,57
dem_untriggered,19,1.7,0.5777951367396735,57
dem_untriggered,19,1.8,0.5868993507087248,57
dem_untriggered,19,1.9,0.6127754543028796,57
dem_untriggered,19,2.0,0.6669267405859638,57
dem_untriggered,19,2.1,0.6799796534842989,57
dem_untriggered,19,2.2,0.7203285455160807,57
dem_untriggered,19,2.3,0.5781549784024608,57
dem_untriggered,19,2.4,0.6806156079462155,57
dem_untriggered,19,2.5,0.7375175650006455,57
dem_untriggered,19,2.6,0.6299526355548891,57
dem_untriggered,19,2.7,0.5840729480317868,57
dem_untriggered,19,2.8,0.5830543091075834,57
dem_untriggered,19,2.9,0.49855208295701814,57
dem_untriggered,19,3.0,0.4752360785947883,57
dem_untriggered,19,3.1,0.42410906155295797,57
dem_untriggered,19,3.2,0.4707657803737994,57
dem_untriggered,19,3.3,0.6173680865582657,57
dem_untriggered,19,3.4,0.5932186454442253,57
dem_untriggered,19,3.5,0.5692710368096661,57
dem_untriggered,19,3.6,0.5333698383245294,57
dem_untriggered,19,3.7,0.512482668646185,57
dem_untriggered,19,3.8,0.5439150167145937,57
dem_untriggered,19,3.9,0.6338182988088514,57
dem_untriggered,19,4.0,0.6944839220370584,57
dem_untriggered,19,4.1,0.5785911248083316,57
dem_untriggered,19,4.2,0.6246923262596534,57
dem_untriggered,19,4.3,0.5517035429546363,57
dem_untriggered,19,4.4,0.5301674748421727,57
dem_untriggered,19,4.5,0.5348297399572888,57
dem_untriggered,19,4.6,0.5406075976199969,57
dem_untriggered,19,4.7,0.5866550380657112,57
dem_untriggered,19,4.8,0.5130867914493968,57
dem_untriggered,19,4.9,0.4703230039447696,57
dem_untriggered,19,5.0,0.5380994845316981,57
dem_untriggered,19,5.1,0.46253169471026107,57
dem_untriggered,19,5.2,0.4934111150144064,57
dem_untriggered,19,5.3,0.34180461235747894,57
dem_untriggered,19,5.4,0.41698979605191,57
dem_untriggered,19,5.5,0.32512237398499877,57
dem_untriggered,19,5.6,0.36264652824173077,57
dem_untriggered,19,5.7,0.3429677885008824,57
dem_untriggered,19,5.8,0.2698358460301646,57
dem_untriggered,19,5.9,0.3641915297990771,57
dem_untriggered,27,-3.0,0.019506047494671507,67
dem_untriggered,27,-2.9,-0.04168616644818427,67
dem_untriggered,27,-2.8,-0.10420127622882408,67
dem_untriggered,27,-2.7,-0.11308134118115747,67
dem_untriggered,27,-2.6,-0.11999494792385151,67
dem_untriggered,27,-2.5,-0.07518337612328195,67
dem_untriggered,27,-2.4,-0.045683415087291346,67
dem_untriggered,27,-2.3,-0.003925219538298495,67
dem_untriggered,27,-2.2,0.06531070398689824,67
dem_untriggered,27,-2.1,0.05234041131461816,67
dem_untriggered,27,-2.0,-0.0016681507219914013,67
dem_untriggered,27,-1.9,-0.015183936013306346,67
dem_untriggered,27,-1.8,0.07315488503512542,67
dem_untriggered,27,-1.7,0.06419227788964718,67
dem_untriggered,27,-1.6,0.047673043570886454,67
dem_untriggered,27,-1.5,0.0290419236823213,67
dem_untriggered,27,-1.4,0.011097850893970383,67
dem_untriggered,27,-1.3,-0.03413880118259975,67
dem_untriggered,27,-1.2,-0.1442457508993891,67
dem_untriggered,27,-1.1,-0.2278373619946696,67
dem_untriggered,27,-1.0,-0.2379124907905946,67
dem_untriggered,27,-0.9,-0.22094207138194175,67
dem_untriggered,27,-0.8,-0.22852134869012278,67
dem_untriggered,27,-0.7,-0.26525379120372383,67
dem_untriggered,27,-0.6,-0.29691782784077386,67
dem_untriggered,27,-0.5,-0.2688325190836061,67
dem_untriggered,27,-0.4,-0.2509053880840219,67
dem_untriggered,27,-0.3,-0.2145784501067472,67
dem_untriggered,27,-0.2,-0.21545713738518793,67
dem_untriggered,27,-0.0999999999999996,-0.17026731623576077,67
dem_untriggered,27,0.0,-0.1733396937757175,67
dem_untriggered,27,0.1,-0.18458887288459438,67
dem_untriggered,27,0.2,-0.1947006657149465,67
dem_untriggered,27,0.3,-0.17875548274300487,67
dem_untriggered,27,0.4,-0.11376543682041217,67
dem_untriggered,27,0.5,-0.09682843166497478,67
dem_untriggered,27,0.6,-0.06759217600240224,67
dem_untriggered,27,0.7,-0.04505076282338448,67
dem_untriggered,27,0.8,0.005752320719994014,67
dem_untriggered,27,0.9,0.045957829059180284,67
dem_untriggered,27,1.0,0.09306301301566575,67
dem_untriggered,27,1.1,0.1353622853939022,67
dem_untriggered,27,1.2,0.13976797082587963,67
dem_untriggered,27,1.3,0.1411968212232404,67
dem_untriggered,27,1.4,0.1931420753797929,67
dem_untriggered,27,1.5,0.24147057569219144,67
dem_untriggered,27,1.6,0.2474881885912268,67
dem_untriggered,27,1.7,0.22388726837805176,67
dem_untriggered,27,1.8,0.18736463233938355,67
dem_untriggered,27,1.9,0.15679749429188922,67
dem_untriggered,27,2.0,0.13229673097102243,67
dem_untriggered,27,2.1,0.14472904212069684,67
dem_untriggered,27,2.2,0.17037166327798864,67
dem_untriggered,27,2.3,0.14536791292167023,67
dem_untriggered,27,2.4,0.2565424463543368,67
dem_untriggered,27,2.5,0.3551966745616202,67
dem_untriggered,27,2.6,0.37319954249474063,67
dem_untriggered,27,2.7,0.31019665688857395,67
dem_untriggered,27,2.8,0.29886802984045574,67
dem_untriggered,27,2.9,0.23934672761265308,67
dem_untriggered,27,3.0,0.24774218628551514,67
dem_untriggered,27,3.1,0.1938150951913679,67
dem_untriggered,27,3.2,0.1713614325976901,67
dem_untriggered,27,3.3,0.17500513661110084,67
dem_untriggered,27,3.4,0.2673581370568782,67
dem_untriggered,27,3.5,0.34842705725263157,67
dem_untriggered,27,3.6,0.29170630522715935,67
dem_untriggered,27,3.7,0.21912564815831662,67
dem_untriggered,27,3.8,0.16993125461560668,67
dem_untriggered,27,3.9,0.1513237922071087,67
dem_untriggered,27,4.0,0.13097715726851145,67
dem_untriggered,27,4.1,0.17715067155517245,67
dem_untriggered,27,4.2,0.1335400437750423,67
dem_untriggered,27,4.3,0.13583914828013027,67
dem_untriggered,27,4.4,0.17235746919258588,67
dem_untriggered,27,4.5,0.21492906193399194,67
dem_untriggered,27,4.6,0.28281886843595455,67
dem_untriggered,27,4.7,0.3377708130156491,67
dem_untriggered,27,4.8,0.313030423545673,67
dem_untriggered,27,4.9,0.2766831551683135,67
dem_untriggered,27,5.0,0.2219381736752355,67
dem_untriggered,27,5.1,0.22899279875466447,67
dem_untriggered,27,5.2,0.1794521132391849,67
dem_untriggered,27,5.3,0.15477863911119938,67
dem_untriggered,27,5.4,0.1545315914443323,67
dem_untriggered,27,5.5,0.12418837887875539,67
dem_untriggered,27,5.6,0.09715865093649119,67
dem_untriggered,27,5.7,0.03064255485681105,67
dem_untriggered,27,5.8,-0.06016726799961953,67
dem_untriggered,27,5.9,-0.08659944141869177,67
dem_untriggered,35,-3.0,0.0015698394461590452,55
dem_untriggered,35,-2.9,0.023295319961496225,55
dem_untriggered,35,-2.8,-0.18495595318723582,55
dem_untriggered,35,-2.7,-0.14905095417691955,55
dem_untriggered,35,-2.6,-0.14043182341745075,55
dem_untriggered,35,-2.5,-0.19456883817086992,55
dem_untriggered,35,-2.4,-0.12742080923222598,55
dem_untriggered,35,-2.3,-0.08243381608154411,55
dem_untriggered,35,-2.2,-0.08849110395244018,55
dem_untriggered,35,-2.1,-0.16428443362657935,55
dem_untriggered,35,-2.0,-0.11543270473279106,55
dem_untriggered,35,-1.9,-0.18739982955371898,55
dem_untriggered,35,-1.8,-0.07805477538239546,55
dem_untriggered,35,-1.7,-0.05134531741774393,55
dem_untriggered,35,-1.6,-0.2132075074963324,55
dem_untriggered,35,-1.5,-0.15523442390683656,55
dem_untriggered,35,-1.4,-0.17822450134322343,55
dem_untriggered,35,-1.3,-0.1502153012934445,55
dem_untriggered,35,-1.2,0.0019618720184573094,55
dem_untriggered,35,-1.1,-0.12945491095463782,55
dem_untriggered,35,-1.0,-0.030630873750404623,55
dem_untriggered,35,-0.9,0.0915954253951431,55
dem_untriggered,35,-0.8,-0.03147624916249325,55
dem_untriggered,35,-0.7,-0.0015508148372459527,55
dem_untriggered,35,-0.6,-0.19433591679642506,55
dem_untriggered,35,-0.5,-0.08323130503330015,55
dem_untriggered,35,-0.4,0.11532073997875485,55
dem_untriggered,35,-0.3,0.08170031698093491,55
dem_untriggered,35,-0.2,0.1625974146869608,55
dem_untriggered,35,-0.0999999999999996,0.026437772324532403,55
dem_untriggered,35,0.0,0.11566020758353023,55
dem_untriggered,35,0.1,0.19159705338849337,55
dem_untriggered,35,0.2,0.21203041442400905,55
dem_untriggered,35,0.3,0.2172574608079284,55
dem_untriggered,35,0.4,0.09066650501348103,55
dem_untriggered,35,0.5,0.06472260632586152,55
dem_untriggered,35,0.6,0.10484261343854344,55
dem_untriggered,35,0.7,0.18517003893323158,55
dem_untriggered,35,0.8,0.1390466714498738,55
dem_untriggered,35,0.9,0.15075364999266735,55
dem_untriggered,35,1.0,0.06289649909954294,55
dem_untriggered,35,1.1,0.08282009516752044,55
dem_untriggered,35,1.2,0.05632151218075736,55
dem_untriggered,35,1.3,0.2030665182160138,55
dem_untriggered,35,1.4,0.19587351982813436,55
dem_untriggered,35,1.5,0.16803774209406255,55
dem_untriggered,35,1.6,0.2762981122256446,55
dem_untriggered,35,1.7,0.3330425802616045,55
dem_untriggered,35,1.8,0.3144365361254995,55
dem_untriggered,35,1.9,0.28533777142690225,55
dem_untriggered,35,2.0,0.3589258924808564,55
dem_untriggered,35,2.1,0.5211142963981648,55
dem_untriggered,35,2.2,0.48337213241032606,55
dem_untriggered,35,2.3,0.478827028227821,55
dem_untriggered,35,2.4,0.5233100513934167,55
dem_untriggered,35,2.5,0.45592642663331767,55
dem_untriggered,35,2.6,0.46204469979335877,55
dem_untriggered,35,2.7,0.5045920662020804,55
dem_untriggered,35,2.8,0.5409881754411262,55
dem_untriggered,35,2.9,0.5203491364895069,55
dem_untriggered,35,3.0,0.3764497303426337,55
dem_untriggered,35,3.1,0.4262271245105831,55
dem_untriggered,35,3.2,0.35439450360488517,55
dem_untriggered,35,3.3,0.4526603746189596,55
dem_untriggered,35,3.4,0.2983955982389798,55
dem_untriggered,35,3.5,0.4263207152076318,55
dem_untriggered,35,3.6,0.4881640538134427,55
dem_untriggered,35,3.7,0.44966957558246223,55
dem_untriggered,35,3.8,0.45837290260763547,55
dem_untriggered,35,3.9,0.22813627019286392,55
dem_untriggered,35,4.0,0.3276039335129068,55
dem_untriggered,35,4.1,0.38114887268062003,55
dem_untriggered,35,4.2,0.17667361088584815,55
dem_untriggered,35,4.3,0.2391850023948956,55
dem_untriggered,35,4.4,0.31629662459375685,55
dem_untriggered,35,4.5,0.3077627803374404,55
dem_untriggered,35,4.6,0.36474293827146326,55
dem_untriggered,35,4.7,0.3921643110428349,55
dem_untriggered,35,4.8,0.547818365280415,55
dem_untriggered,35,4.9,0.4383596235466273,55
dem_untriggered,35,5.0,0.3151303065024927,55
dem_untriggered,35,5.1,0.18521224955996637,55
dem_untriggered,35,5.2,0.3416687803302377,55
dem_untriggered,35,5.3,0.29229160526408254,55
dem_untriggered,35,5.4,0.1677858434712917,55
dem_untriggered,35,5.5,0.06572150929137643,55
dem_untriggered,35,5.6,0.03235788060975724,55
dem_untriggered,35,5.7,0.14382790182400548,55
dem_untriggered,35,5.8,0.21320530576936747,55
dem_untriggered,35,5.9,0.2885767576274623,55
observe_inside,1,-3.0,0.2598514014791846,33
observe_inside,1,-2.9,0.32621992657522864,33
observe_inside,1,-2.8,0.30249601257303116,33
observe_inside,1,-2.7,0.2737731488580468,33
observe_inside,1,-2.6,0.3228892466741648,33
observe_inside,1,-2.5,0.30568307951794654,33
observe_inside,1,-2.4,0.3177698091758974,33
observe_inside,1,-2.3,0.29789886854557057,33
observe_inside,1,-2.2,0.37682513309933025,33
observe_inside,1,-2.1,0.3078304643230826,33
observe_inside,1,-2.0,0.24623578485517905,33
observe_inside,1,-1.9,0.27317786457775295,33
observe_inside,1,-1.8,0.3316627340566177,33
observe_inside,1,-1.7,0.33270518138369576,33
observe_inside,1,-1.6,0.34195962004341546,33
observe_inside,1,-1.5,0.3585162010924616,33
observe_inside,1,-1.4,0.3110347204722756,33
observe_inside,1,-1.3,0.3211182248468034,33
observe_inside,1,-1.2,0.3153542635270822,33
observe_inside,1,-1.1,0.353530633637698,33
observe_inside,1,-1.0,0.27704069183704305,33
observe_inside,1,-0.9,0.23995719624884246,33
observe_inside,1,-0.8,0.2530125168368237,33
observe_inside,1,-0.7,0.28185113110127463,33
observe_inside,1,-0.6,0.31588329767827805,33
observe_inside,1,-0.5,0.35549245114013406,33
observe_inside,1,-0.4,0.31227226685729803,33
observe_inside,1,-0.3,0.30315774183579663,33
observe_inside,1,-0.2,0.26467298941743517,33
observe_inside,1,-0.0999999999999996,0.27172794764980573,33
observe_inside,1,0.0,0.2840181433809256,33
observe_inside,1,0.1,0.25829487163533454,33
observe_inside,1,0.2,0.314317575973725,33
observe_inside,1,0.3,0.30953822500655626,33
observe_inside,1,0.4,0.36158736670859876,33
observe_inside,1,0.5,0.31728905729228746,33
observe_inside,1,0.6,0.30804842202865257,33
observe_inside,1,0.7,0.31281680070518625,33
observe_inside,1,0.8,0.2920372060132986,33
observe_inside,1,0.9,0.31962888620078617,33
observe_inside,1,1.0,0.29509307731403034,33
observe_inside,1,1.1,0.29353706674356106,33
observe_inside,1,1.2,0.3590617935806318,33
observe_inside,1,1.3,0.3134540546049431,33
observe_inside,1,1.4,0.2951288567886499,33
observe_inside,1,1.5,0.3350748086065639,33
observe_inside,1,1.6,0.3672951343495862,33
observe_inside,1,1.7,0.38329506622632037,33
observe_inside,1,1.8,0.3600868757056082,33
observe_inside,1,1.9,0.387293297788505,33
observe_inside,1,2.0,0.3923812123126918,33
observe_inside,1,2.1,0.39221938294773356,33
observe_inside,1,2.2,0.38825240835027924,33
observe_inside,1,2.3,0.4427777119577905,33
observe_inside,1,2.4,0.48805710532177626,33
observe_inside,1,2.5,0.5159733470530138,33
observe_inside,1,2.6,0.5143065007057521,33
observe_inside,1,2.7,0.5080843383991357,33
observe_inside,1,2.8,0.47307500393987667,33
observe_inside,1,2.9,0.40463118717766944,33
observe_inside,1,3.0,0.36323801067113326,33
observe_inside,1,3.1,0.35306523755021413,33
observe_inside,1,3.2,0.32512708314389566,33
observe_inside,1,3.3,0.35373716192892557,33
observe_inside,1,3.4,0.36741498149032364,33
observe_inside,1,3.5,0.30187231704130285,33
observe_inside,1,3.6,0.32143160387722614,33
observe_inside,1,3.7,0.29198928618130515,33
observe_inside,1,3.8,0.3688623256537278,33
observe_inside,1,3.9,0.3634292274494148,33
observe_inside,1,4.0,0.31424506581015943,33
observe_inside,1,4.1,0.2959302681463976,33
observe_inside,1,4.2,0.3400341695616214,33
observe_inside,1,4.3,0.3248174220187321,33
observe_inside,1,4.4,0.30173041837448733,33
observe_inside,1,4.5,0.3774042965752465,33
observe_inside,1,4.6,0.3595514403749494,33
observe_inside,1,4.7,0.35073971700715373,33
observe_inside,1,4.8,0.2584244560082619,33
observe_inside,1,4.9,0.3035780622279734,33
observe_inside,1,5.0,0.2789153482757345,33
observe_inside,1,5.1,0.2571846946837279,33
observe_inside,1,5.2,0.2533742076005462,33
observe_inside,1,5.3,0.23563501453991706,33
observe_inside,1,5.4,0.258496376278191,33
observe_inside,1,5.5,0.2562949517368918,33
observe_inside,1,5.6,0.22783255635623598,33
observe_inside,1,5.7,0.21797503179668318,33
observe_inside,1,5.8,0.1896793484704109,33
observe_inside,1,5.9,0.20619525272047776,33
observe_inside,3,-3.0,-0.21804301611821425,20
observe_inside,3,-2.9,-0.22746910777909743,20
observe_inside,3,-2.8,-0.13836032184377656,20
observe_inside,3,-2.7,-0.12463236076296233,20
observe_inside,3,-2.6,-0.1716433740830649,20
observe_inside,3,-2.5,-0.16088775439992922,20
observe_inside,3,-2.4,-0.14823109231590537,20
observe_inside,3,-2.3,-0.25672769742971846,20
observe_inside,3,-2.2,-0.3098692509512385,20
observe_inside,3,-2.1,-0.3005091925584842,20
observe_inside,3,-2.0,-0.40964434218248147,20
observe_inside,3,-1.9,-0.2708133189119495,20
observe_inside,3,-1.8,-0.28265328208181917,20
observe_inside,3,-1.7,-0.38412800698325644,20
observe_inside,3,-1.6,-0.3962309440412784,20
observe_inside,3,-1.5,-0.3651923169317376,20
observe_inside,3,-1.4,-0.22262788747907405,20
observe_inside,3,-1.3,-0.15952109609371662,20
observe_inside,3,-1.2,-0.2043068491347539,20
observe_inside,3,-1.1,-0.3435088048127467,20
observe_inside,3,-1.0,-0.4136536557034162,20
observe_inside,3,-0.9,-0.3642273333996452,20
observe_inside,3,-0.8,-0.30510788525569643,20
observe_inside,3,-0.7,-0.3225570747238394,20
observe_inside,3,-0.6,-0.3349758813857291,20
observe_inside,3,-0.5,-0.37577839132102336,20
observe_inside,3,-0.4,-0.3792498913069178,20
observe_inside,3,-0.3,-0.3785648126065822,20
observe_inside,3,-0.2,-0.4175591527685768,20
observe_inside,3,-0.0999999999999996,-0.3826800183668567,20
observe_inside,3,0.0,-0.3336469633870912,20
observe_inside,3,0.1,-0.22020566061754715,20
observe_inside,3,0.2,-0.054097483545691064,20
observe_inside,3,0.3,0.026890076986400436,20
observe_inside,3,0.4,0.07568031342181578,20
observe_inside,3,0.5,0.16233001247187556,20
observe_inside,3,0.6,0.394902126797945,20
observe_inside,3,0.7,0.4723815363450988,20
observe_inside,3,0.8,0.40193858997235843,20
observe_inside,3,0.9,0.4073541925938609,20
observe_inside,3,1.0,0.36027764283647534,20
observe_inside,3,1.1,0.29768486297353414,20
observe_inside,3,1.2,0.15962240870170813,20
observe_inside,3,1.3,0.05287072138549607,20
observe_inside,3,1.4,0.01957410977755136,20
observe_inside,3,1.5,-0.020565906233376376,20
observe_inside,3,1.6,0.11294970179176486,20
observe_inside,3,1.7,0.16917095615676914,20
observe_inside,3,1.8,0.2593738421622237,20
observe_inside,3,1.9,0.37851308751084073,20
observe_inside,3,2.0,0.34738054989281897,20
observe_inside,3,2.1,0.25495988381886464,20
observe_inside,3,2.2,0.3290527470811128,20
observe_inside,3,2.3,0.3528331222438833,20
observe_inside,3,2.4,0.43767437300313017,20
observe_inside,3,2.5,0.4840971697890561,20
observe_inside,3,2.6,0.32394082474612274,20
observe_inside,3,2.7,0.226572127568118,20
observe_inside,3,2.8,0.2696628859515835,20
observe_inside,3,2.9,0.2721402650822802,20
observe_inside,3,3.0,0.25268444084386676,20
observe_inside,3,3.1,0.22063210319615245,20
observe_inside,3,3.2,0.28625592488930274,20
observe_inside,3,3.3,0.3108285090768631,20
observe_inside,3,3.4,0.35869416712428037,20
observe_inside,3,3.5,0.499699457976572,20
observe_inside,3,3.6,0.5207472467319777,20
observe_inside,3,3.7,0.586924190552228,20
observe_inside,3,3.8,0.46918158169279894,20
observe_inside,3,3.9,0.42378212446379415,20
observe_inside,3,4.0,0.3551012034753235,20
observe_inside,3,4.1,0.4776469814116554,20
observe_inside,3,4.2,0.40478352113972005,20
observe_inside,3,4.3,0.3805474908551116,20
observe_inside,3,4.4,0.3185274681167903,20
observe_inside,3,4.5,0.3589566508707684,20
observe_inside,3,4.6,0.4281287345097523,20
observe_inside,3,4.7,0.40455563667170624,20
observe_inside,3,4.8,0.31204645751093796,20
observe_inside,3,4.9,0.30319824734258227,20
observe_inside,3,5.0,0.24276959458599032,20
observe_inside,3,5.1,0.2715700161261398,20
observe_inside,3,5.2,0.2513305290186035,20
observe_inside,3,5.3,0.3633769881004635,20
observe_inside,3,5.4,0.5291642168466326,20
observe_inside,3,5.5,0.5249412628025996,20
observe_inside,3,5.6,0.48623416964722477,20
observe_inside,3,5.7,0.2855972131049393,20
observe_inside,3,5.8,0.3048660831751221,20
observe_inside,3,5.9,0.38056760973209697,20
observe_inside,4,-3.0,-0.003540472376902539,91
observe_inside,4,-2.9,0.0341284355678796,91
observe_inside,4,-2.8,0.05130799083012871,91
observe_inside,4,-2.7,0.08492857431248846,91
observe_inside,4,-2.6,-0.040055554165635936,91
observe_inside,4,-2.5,-0.11968442517020347,91
observe_inside,4,-2.4,-0.06615470548138766,91
observe_inside,4,-2.3,-0.046772852515519756,91
observe_inside,4,-2.2,-0.11205834925824337,91
observe_inside,4,-2.1,-0.0641773136417535,91
observe_inside,4,-2.0,-0.0032063197501121248,91
observe_inside,4,-1.9,-0.002372266076254929,91
observe_inside,4,-1.8,0.0032071872444527478,91
observe_inside,4,-1.7,-0.015261404562156158,91
observe_inside,4,-1.6,-0.07110825928447234,91
observe_inside,4,-1.5,-0.10500441523945009,91
observe_inside,4,-1.4,-0.11864460741021926,91
observe_inside,4,-1.3,-0.18356527271399398,91
observe_inside,4,-1.2,-0.1737430637360045,91
observe_inside,4,-1.1,-0.25145494979624144,91
observe_inside,4,-1.0,-0.28848742684628914,91
observe_inside,4,-0.9,-0.2654324753428597,91
observe_inside,4,-0.8,-0.3558690482628522,91
observe_inside,4,-0.7,-0.38538494965533776,91
observe_inside,4,-0.6,-0.40298118010647527,91
observe_inside,4,-0.5,-0.36165471209559097,91
observe_inside,4,-0.4,-0.3499668168711305,91
observe_inside,4,-0.3,-0.30177045722080564,91
observe_inside,4,-0.2,-0.28575124704073174,91
observe_inside,4,-0.0999999999999996,-0.18308380569415103,91
observe_inside,4,0.0,-0.1453498108845633,91
observe_inside,4,0.1,-0.10598474933405198,91
observe_inside,4,0.2,-0.09315205367116738,91
observe_inside,4,0.3,0.008227426429380272,91
observe_inside,4,0.4,0.0019080969482265027,91
observe_inside,4,0.5,0.09886329936771796,91
observe_inside,4,0.6,0.03808146656655122,91
observe_inside,4,0.7,0.11046397437332821,91
observe_inside,4,0.8,0.1707643807275441,91
observe_inside,4,0.9,0.1761746712037933,91
observe_inside,4,1.0,0.23562562404744994,91
observe_inside,4,1.1,0.23721589315869623,91
observe_inside,4,1.2,0.265466657178058,91
observe_inside,4,1.3,0.25086695189636915,91
observe_inside,4,1.4,0.2099599496094681,91
observe_inside,4,1.5,0.1120850134294254,91
observe_inside,4,1.6,0.06806880064662296,91
observe_inside,4,1.7,0.13213521620495502,91
observe_inside,4,1.8,0.1776100991571407,91
observe_inside,4,1.9,0.22545112178151502,91
observe_inside,4,2.0,0.2604694848285116,91
observe_inside,4,2.1,0.30560766976209286,91
observe_inside,4,2.2,0.30648231103163526,91
observe_inside,4,2.3,0.2148395278969124,91
observe_inside,4,2.4,0.17651041357491137,91
observe_inside,4,2.5,0.16771414713215924,91
observe_inside,4,2.6,0.1634567739020084,91
observe_inside,4,2.7,0.17667740296601286,91
observe_inside,4,2.8,0.2669195094676468,91
observe_inside,4,2.9,0.33724630411924333,91
observe_inside,4,3.0,0.2760404729430284,91
observe_inside,4,3.1,0.24905408656205166,91
observe_inside,4,3.2,0.2913227121464924,91
observe_inside,4,3.3,0.28901541715935625,91
observe_inside,4,3.4,0.22448762750203877,91
observe_inside,4,3.5,0.341718409526185,91
observe_inside,4,3.6,0.35526420193203817,91
observe_inside,4,3.7,0.31001529219220364,91
observe_inside,4,3.8,0.3181060245937318,91
observe_inside,4,3.9,0.23802540647938686,91
observe_inside,4,4.0,0.21850684889294306,91
observe_inside,4,4.1,0.18468471214994453,91
observe_inside,4,4.2,0.13238729052831347,91
observe_inside,4,4.3,0.149971637698175,91
observe_inside,4,4.4,0.10672757452360916,91
observe_inside,4,4.5,0.07013598467037233,91
observe_inside,4,4.6,0.023264351374741605,91
observe_inside,4,4.7,0.04110930528207738,91
observe_inside,4,4.8,0.0637269543762419,91
observe_inside,4,4.9,0.04910261293810166,91
observe_inside,4,5.0,0.09461335284164155,91
observe_inside,4,5.1,0.04232107802228463,91
observe_inside,4,5.2,0.059701972677697224,91
observe_inside,4,5.3,0.08517470965049266,91
observe_inside,4,5.4,0.12800837680026797,91
observe_inside,4,5.5,0.09030686623370424,91
observe_inside,4,5.6,0.07068428132865029,91
observe_inside,4,5.7,0.08012614798726693,91
observe_inside,4,5.8,0.036062038084997104,91
observe_inside,4,5.9,0.06836528806111966,91
observe_inside,5,-3.0,0.014797409927931944,106
observe_inside,5,-2.9,0.03800051645696001,106
observe_inside,5,-2.8,0.013887664524371112,106
observe_inside,5,-2.7,-0.010743084957641062,106
observe_inside,5,-2.6,0.02838394436408715,106
observe_inside,5,-2.5,-0.005128023330848892,106
observe_inside,5,-2.4,-0.006245264206318713,106
observe_inside,5,-2.3,0.08173461385167265,106
observe_inside,5,-2.2,0.09386494004965344,106
observe_inside,5,-2.1,0.05871700016021416,106
observe_inside,5,-2.0,0.020838180045745048,106
observe_inside,5,-1.9,-0.06390909527677824,106
observe_inside,5,-1.8,-0.0741839217644906,106
observe_inside,5,-1.7,-0.1041880832977549,106
observe_inside,5,-1.6,-0.1117725443972928,106
observe_inside,5,-1.5,-0.1013164620732626,106
observe_inside,5,-1.4,-0.0783838671587095,106
observe_inside,5,-1.3,-0.09680122315446124,106
observe_inside,5,-1.2,-0.14564945094246365,106
observe_inside,5,-1.1,-0.18660291061414225,106
observe_inside,5,-1.0,-0.2449131883734241,106
observe_inside,5,-0.9,-0.2746300647178986,106
observe_inside,5,-0.8,-0.3095099313675692,106
observe_inside,5,-0.7,-0.3590259184238052,106
observe_inside,5,-0.6,-0.3566967717848458,106
observe_inside,5,-0.5,-0.3775628328962396,106
observe_inside,5,-0.4,-0.3906258538414702,106
observe_inside,5,-0.3,-0.4131058004557057,106
observe_inside,5,-0.2,-0.42797016944896843,106
observe_inside,5,-0.0999999999999996,-0.4262172252323488,106
observe_inside,5,0.0,-0.37229833483416475,106
observe_inside,5,0.1,-0.365109043812691,106
observe_inside,5,0.2,-0.33206934683018374,106
observe_inside,5,0.3,-0.33373385362178687,106
observe_inside,5,0.4,-0.33785146242884123,106
observe_inside,5,0.5,-0.3164700456816317,106
observe_inside,5,0.6,-0.24516680056129422,106
observe_inside,5,0.7,-0.18939642668459733,106
observe_inside,5,0.8,-0.1370052188495976,106
observe_inside,5,0.9,-0.09234893536354716,106
observe_inside,5,1.0,-0.03197893318691458,106
observe_inside,5,1.1,-0.008391728907139618,106
observe_inside,5,1.2,0.009510630854304312,106
observe_inside,5,1.3,-0.016270292634570416,106
observe_inside,5,1.4,0.04887887863985455,106
observe_inside,5,1.5,0.11580303426239083,106
observe_inside,5,1.6,0.10183601585568249,106
observe_inside,5,1.7,0.16107794387599952,106
observe_inside,5,1.8,0.2311700486680632,106
observe_inside,5,1.9,0.26043953857903623,106
observe_inside,5,2.0,0.279437488912538,106
observe_inside,5,2.1,0.21091261328177136,106
observe_inside,5,2.2,0.22754022017266512,106
observe_inside,5,2.3,0.25552040275955895,106
observe_inside,5,2.4,0.263240122604122,106
observe_inside,5,2.5,0.31197154991495907,106
observe_inside,5,2.6,0.33043632886205454,106
observe_inside,5,2.7,0.3128795689275955,106
observe_inside,5,2.8,0.3148518149668986,106
observe_inside,5,2.9,0.28944143439573955,106
observe_inside,5,3.0,0.30234096335583577,106
observe_inside,5,3.1,0.3302799244536387,106
observe_inside,5,3.2,0.3434711036576466,106
observe_inside,5,3.3,0.2885624325926348,106
observe_inside,5,3.4,0.26445581605375046,106
observe_inside,5,3.5,0.24033511115568537,106
observe_inside,5,3.6,0.19292264654649244,106
observe_inside,5,3.7,0.1907466781074116,106
observe_inside,5,3.8,0.219554013394842,106
observe_inside,5,3.9,0.2640860251389761,106
observe_inside,5,4.0,0.23365091549705588,106
observe_inside,5,4.1,0.22560409426317568,106
observe_inside,5,4.2,0.1951917215486522,106
observe_inside,5,4.3,0.17522172324485197,106
observe_inside,5,4.4,0.13313150449733324,106
observe_inside,5,4.5,0.10247119969821472,106
observe_inside,5,4.6,0.07598938668094062,106
observe_inside,5,4.7,0.1374236368287392,106
observe_inside,5,4.8,0.1427126666525212,106
observe_inside,5,4.9,0.14617698070660456,106
observe_inside,5,5.0,0.15762149878332418,106
observe_inside,5,5.1,0.15841746695373535,106
observe_inside,5,5.2,0.16715482090923844,106
observe_inside,5,5.3,0.1810556602148002,106
observe_inside,5,5.4,0.18466035195030125,106
observe_inside,5,5.5,0.24456576992555942,106
observe_inside,5,5.6,0.1848321585839845,106
observe_inside,5,5.7,0.17736348296646626,106
observe_inside,5,5.8,0.171639405410504,106
observe_inside,5,5.9,0.1097702158842005,106
observe_inside,6,-3.0,-0.07527910776236851,91
observe_inside,6,-2.9,-0.09805947323250461,91
observe_inside,6,-2.8,-0.10402084288172582,91
observe_inside,6,-2.7,-0.03744880018450172,91
observe_inside,6,-2.6,-0.05190663302892078,91
observe_inside,6,-2.5,-0.041593074107867486,91
observe_inside,6,-2.4,0.034541486794800035,91
observe_inside,6,-2.3,0.03077133830255351,91
observe_inside,6,-2.2,-0.050047147592135875,91
observe_inside,6,-2.1,0.02511291249793404,91
observe_inside,6,-2.0,-0.002045324209991109,91
observe_inside,6,-1.9,0.035313084171257884,91
observe_inside,6,-1.8,0.038615432566068385,91
observe_inside,6,-1.7,0.0128483562117912,91
observe_inside,6,-1.6,0.022215240084247797,91
observe_inside,6,-1.5,0.0032956896967451577,91
observe_inside,6,-1.4,0.0526570157812764,91
observe_inside,6,-1.3,-0.015766560813010602,91
observe_inside,6,-1.2,-0.10013447296586116,91
observe_inside,6,-1.1,-0.08903290096780198,91
observe_inside,6,-1.0,-0.07366402023733136,91
observe_inside,6,-0.9,-0.08770506960034055,91
observe_inside,6,-0.8,-0.05432565462571912,91
observe_inside,6,-0.7,-0.11034866565192836,91
observe_inside,6,-0.6,-0.104735320452483,91
observe_inside,6,-0.5,-0.03286004451012549,91
observe_inside,6,-0.4,-0.08162265721950919,91
observe_inside,6,-0.3,-0.027021972229547653,91
observe_inside,6,-0.2,-0.13795887931506182,91
observe_inside,6,-0.0999999999999996,-0.11946152797679276,91
observe_inside,6,0.0,-0.1730033915689373,91
observe_inside,6,0.1,-0.1642281841388771,91
observe_inside,6,0.2,-0.14531419440552065,91
observe_inside,6,0.3,-0.07618937068361671,91
observe_inside,6,0.4,-0.10395673195917475,91
observe_inside,6,0.5,-0.12163225926843083,91
observe_inside,6,0.6,-0.1691114965260819,91
observe_inside,6,0.7,-0.14592935265992096,91
observe_inside,6,0.8,-0.041919338328967846,91
observe_inside,6,0.9,-0.10009457817011432,91
observe_inside,6,1.0,-0.06319135510331811,91
observe_inside,6,1.1,-0.11890292529757372,91
observe_inside,6,1.2,-0.015424310110032233,91
observe_inside,6,1.3,-0.051181354569228815,91
observe_inside,6,1.4,-0.015250720684211704,91
observe_inside,6,1.5,0.04502306206497696,91
observe_inside,6,1.6,0.05312016031408067,91
observe_inside,6,1.7,0.048560961423620354,91
observe_inside,6,1.8,0.024191916140440032,91
observe_inside,6,1.9,0.07323905598714943,91
observe_inside,6,2.0,0.04305005149245236,91
observe_inside,6,2.1,-0.019053293771182398,91
observe_inside,6,2.2,0.059405631115581684,91
observe_inside,6,2.3,0.03361372197830153,91
observe_inside,6,2.4,0.06062852103662313,91
observe_inside,6,2.5,0.07320652452353926,91
observe_inside,6,2.6,0.10148676185002418,91
observe_inside,6,2.7,0.10737231953934502,91
observe_inside,6,2.8,0.0391408151700133,91
observe_inside,6,2.9,0.03056011955112335,91
observe_inside,6,3.0,0.0030594290885947372,91
observe_inside,6,3.1,-0.009208789652938873,91
observe_inside,6,3.2,-0.007921454869476752,91
observe_inside,6,3.3,-0.030427686678460707,91
observe_inside,6,3.4,-0.026792443658384686,91
observe_inside,6,3.5,0.10279311177780961,91
observe_inside,6,3.6,0.023683534341225238,91
observe_inside,6,3.7,0.0418478163807756,91
observe_inside,6,3.8,-0.02094612758309281,91
observe_inside,6,3.9,0.06129701469830679,91
observe_inside,6,4.0,-0.027580713603429067,91
observe_inside,6,4.1,-0.05975480626434941,91
observe_inside,6,4.2,0.004734281788386176,91
observe_inside,6,4.3,-0.045708862179041625,91
observe_inside,6,4.4,-0.043828349165705105,91
observe_inside,6,4.5,-0.09178294056539807,91
observe_inside,6,4.6,-0.03221673127044736,91
observe_inside,6,4.7,-0.02210708491009239,91
observe_inside,6,4.8,-0.015786915263605608,91
observe_inside,6,4.9,-0.04096766845898524,91
observe_inside,6,5.0,-0.028695200415223974,91
observe_inside,6,5.1,0.04574946354356952,91
observe_inside,6,5.2,0.0010576088818288162,91
observe_inside,6,5.3,-0.0330709158352792,91
observe_inside,6,5.4,-0.05220472333763079,91
observe_inside,6,5.5,-0.08488998955472203,91
observe_inside,6,5.6,0.0416470903333856,91
observe_inside,6,5.7,0.01196232808980604,91
observe_inside,6,5.8,0.012860713138963385,91
observe_inside,6,5.9,-0.02879701418188902,91
observe_inside,18,-3.0,0.17704539044764162,74
observe_inside,18,-2.9,0.07843852929133767,74
observe_inside,18,-2.8,0.03046018441800794,74
observe_inside,18,-2.7,-0.02152849838482449,74
observe_inside,18,-2.6,-0.10015595623471163,74
observe_inside,18,-2.5,-0.13320050244950937,74
observe_inside,18,-2.4,-0.1376518344605162,74
observe_inside,18,-2.3,-0.14540129465019433,74
observe_inside,18,-2.2,-0.22304347613845749,74
observe_inside,18,-2.1,-0.26285807069031225,74
observe_inside,18,-2.0,-0.3170105842206293,74
observe_inside,18,-1.9,-0.3391725068256434,74
observe_inside,18,-1.8,-0.3164949957809869,74
observe_inside,18,-1.7,-0.34919907242250053,74
observe_inside,18,-1.6,-0.37579322079605426,74
observe_inside,18,-1.5,-0.28787846271334766,74
observe_inside,18,-1.4,-0.2930319617794508,74
observe_inside,18,-1.3,-0.2633267759675748,74
observe_inside,18,-1.2,-0.301256039890634,74
observe_inside,18,-1.1,-0.29746481349399106,74
observe_inside,18,-1.0,-0.31307397290296884,74
observe_inside,18,-0.9,-0.29290939304889646,74
observe_inside,18,-0.8,-0.2868853025028277,74
observe_inside,18,-0.7,-0.2865164070443804,74
observe_inside,18,-0.6,-0.26970549457117654,74
observe_inside,18,-0.5,-0.27633895422585153,74
observe_inside,18,-0.4,-0.28818575577557637,74
observe_inside,18,-0.3,-0.2920872944282597,74
observe_inside,18,-0.2,-0.2679985541077258,74
observe_inside,18,-0.0999999999999996,-0.23048826029715486,74
observe_inside,18,0.0,-0.08590765778026181,74
observe_inside,18,0.1,0.06456578942542726,74
observe_inside,18,0.2,0.23852232213102048,74
observe_inside,18,0.3,0.5104117230406737,74
observe_inside,18,0.4,0.7215171989940756,74
observe_inside,18,0.5,0.8229524574002273,74
observe_inside,18,0.6,0.9024485390167256,74
observe_inside,18,0.7,0.918747411289022,74
observe_inside,18,0.8,0.9108642821342462,74
observe_inside,18,0.9,0.8634377897938761,74
observe_inside,18,1.0,0.8718766022494744,74
observe_inside,18,1.1,0.7688798607688669,74
observe_inside,18,1.2,0.7292886723791252,74
observe_inside,18,1.3,0.6816190785582315,74
observe_inside,18,1.4,0.6315590534206731,74
observe_inside,18,1.5,0.6009679423724102,74
observe_inside,18,1.6,0.5710883342676996,74
observe_inside,18,1.7,0.5135795155963238,74
observe_inside,18,1.8,0.4238153532215403,74
observe_inside,18,1.9,0.3345507314682431,74
observe_inside,18,2.0,0.2738504490287735,74
observe_inside,18,2.1,0.1919692972589677,74
observe_inside,18,2.2,0.21214894699364617,74
observe_inside,18,2.3,0.2122815826836728,74
observe_inside,18,2.4,0.17814590332360206,74
observe_inside,18,2.5,0.24142025856716662,74
observe_inside,18,2.6,0.2460901243322401,74
observe_inside,18,2.7,0.16124407833565713,74
observe_inside,18,2.8,0.17233594026863774,74
observe_inside,18,2.9,0.17629653348764168,74
observe_inside,18,3.0,0.11530844194803155,74
observe_inside,18,3.1,0.1073389612763295,74
observe_inside,18,3.2,0.1030036616395039,74
observe_inside,18,3.3,0.1210095217549312,74
observe_inside,18,3.4,0.0933118898562483,74
observe_inside,18,3.5,0.10162497671733668,74
observe_inside,18,3.6,0.09789564429738036,74
observe_inside,18,3.7,0.15010246424824106,74
observe_inside,18,3.8,0.23795325700356929,74
observe_inside,18,3.9,0.26011721002703997,74
observe_inside,18,4.0,0.22390178082891732,74
observe_inside,18,4.1,0.22147403673510394,74
observe_inside,18,4.2,0.22203782305224845,74
observe_inside,18,4.3,0.1917901637633628,74
observe_inside,18,4.4,0.11702171025054028,74
observe_inside,18,4.5,0.10904336384514286,74
observe_inside,18,4.6,0.11106045887856246,74
observe_inside,18,4.7,0.11371046588506029,74
observe_inside,18,4.8,0.1347959128688233,74
observe_inside,18,4.9,0.12273923285119362,74
observe_inside,18,5.0,0.09189718566744026,74
observe_inside,18,5.1,0.09647628122786091,74
observe_inside,18,5.2,0.07471818517819302,74
observe_inside,18,5.3,0.04585257096754614,74
observe_inside,18,5.4,0.049058629591438745,74
observe_inside,18,5.5,0.056071010260435254,74
observe_inside,18,5.6,0.024142230092295342,74
observe_inside,18,5.7,0.006461557731013197,74
observe_inside,18,5.8,-0.021233148034581064,74
observe_inside,18,5.9,-0.0679795707374373,74
observe_inside,19,-3.0,-0.26409917850655823,30
observe_inside,19,-2.9,-0.18848535543789768,30
observe_inside,19,-2.8,-0.15902240943753576,30
observe_inside,19,-2.7,-0.2289313531601423,30
observe_inside,19,-2.6,-0.22471911336916853,30
observe_inside,19,-2.5,-0.2033710095324485,30
observe_inside,19,-2.4,-0.17770469949786585,30
observe_inside,19,-2.3,-0.18909819146811863,30
observe_inside,19,-2.2,-0.24835559057884152,30
observe_inside,19,-2.1,-0.21082183959351505,30
observe_inside,19,-2.0,-0.29498069124687293,30
observe_inside,19,-1.9,-0.23934814570958896,30
observe_inside,19,-1.8,-0.2946323797959704,30
observe_inside,19,-1.7,-0.2668099038081479,30
observe_inside,19,-1.6,-0.2433570210425176,30
observe_inside,19,-1.5,-0.21376709462146692,30
observe_inside,19,-1.4,-0.11091432109153355,30
observe_inside,19,-1.3,-0.07188405443181235,30
observe_inside,19,-1.2,-0.047062726859546135,30
observe_inside,19,-1.1,-0.08752957433404339,30
observe_inside,19,-1.0,-0.12185140855261005,30
observe_inside,19,-0.9,-0.19668577018205366,30
observe_inside,19,-0.8,-0.3021708275766972,30
observe_inside,19,-0.7,-0.24651113905448,30
observe_inside,19,-0.6,-0.24518995545714053,30
observe_inside,19,-0.5,-0.16295391308494542,30
observe_inside,19,-0.4,-0.25302363456964183,30
observe_inside,19,-0.3,-0.2537253502601756,30
observe_inside,19,-0.2,-0.2553836488395392,30
observe_inside,19,-0.0999999999999996,-0.18139037250657006,30
observe_inside,19,0.0,-0.22784234336360115,30
observe_inside,19,0.1,-0.1945444612571009,30
observe_inside,19,0.2,-0.25684087906020503,30
observe_inside,19,0.3,-0.165899670602585,30
observe_inside,19,0.4,-0.10174243500602995,30
observe_inside,19,0.5,-0.018935488828571875,30
observe_inside,19,0.6,-0.012266997795930861,30
observe_inside,19,0.7,0.15391634227678827,30
observe_inside,19,0.8,0.15024190413585847,30
observe_inside,19,0.9,0.3005351366330104,30
observe_inside,19,1.0,0.27364675708589525,30
observe_inside,19,1.1,0.3159206934445053,30
observe_inside,19,1.2,0.2537014420942199,30
observe_inside,19,1.3,0.3499956444875888,30
observe_inside,19,1.4,0.20909587105578933,30
observe_inside,19,1.5,0.19080364076821948,30
observe_inside,19,1.6,0.15297495642605038,30
observe_inside,19,1.7,0.08023059660088434,30
observe_inside,19,1.8,0.027459766558065726,30
observe_inside,19,1.9,0.10621044257250105,30
observe_inside,19,2.0,-0.09132441513583056,30
observe_inside,19,2.1,-0.011652822427199576,30
observe_inside,19,2.2,-0.011023602688298634,30
observe_inside,19,2.3,-0.003245518147545379,30
observe_inside,19,2.4,0.08094036127018565,30
observe_inside,19,2.5,0.14085538147527388,30
observe_inside,19,2.6,0.32094916054404954,30
observe_inside,19,2.7,0.24486203246582453,30
observe_inside,19,2.8,0.3043934866670475,30
observe_inside,19,2.9,0.2968606664332102,30
observe_inside,19,3.0,0.4454355494964658,30
observe_inside,19,3.1,0.3865479191783295,30
observe_inside,19,3.2,0.4395050489061839,30
observe_inside,19,3.3,0.3580592089239752,30
observe_inside,19,3.4,0.3921164618590422,30
observe_inside,19,3.5,0.4192280136020221,30
observe_inside,19,3.6,0.5304954526959194,30
observe_inside,19,3.7,0.5507837693368222,30
observe_inside,19,3.8,0.5864045270469714,30
observe_inside,19,3.9,0.394081117150842,30
observe_inside,19,4.0,0.4408780112242169,30
observe_inside,19,4.1,0.3399627273636194,30
observe_inside,19,4.2,0.3988951840814479,30
observe_inside,19,4.3,0.3603698566978977,30
observe_inside,19,4.4,0.32184198945531123,30
observe_inside,19,4.5,0.3385083884606692,30
observe_inside,19,4.6,0.298875597523511,30
observe_inside,19,4.7,0.10191057953584859,30
observe_inside,19,4.8,0.0874306917874381,30
observe_inside,19,4.9,0.0700435049073152,30
observe_inside,19,5.0,0.08051982222572655,30
observe_inside,19,5.1,0.18373994087392995,30
observe_inside,19,5.2,0.08624360981362557,30
observe_inside,19,5.3,0.11511404626610608,30
observe_inside,19,5.4,0.15957516054543486,30
observe_inside,19,5.5,0.16471673920218946,30
observe_inside,19,5.6,0.14623352934483894,30
observe_inside,19,5.7,0.20727754449976085,30
observe_inside,19,5.8,0.24564990960104388,30
observe_inside,19,5.9,0.16842925284231927,30
observe_inside,27,-3.0,0.24024835050283902,77
observe_inside,27,-2.9,0.23838154789525098,77
observe_inside,27,-2.8,0.19482887592237552,77
observe_inside,27,-2.7,0.15936885726943179,77
observe_inside,27,-2.6,0.11560749819097729,77
observe_inside,27,-2.5,0.21424574703269098,77
observe_inside,27,-2.4,0.30595143123526036,77
observe_inside,27,-2.3,0.3828152145156507,77
observe_inside,27,-2.2,0.38641074500580114,77
observe_inside,27,-2.1,0.30105625179683954,77
observe_inside,27,-2.0,0.2765188233379902,77
observe_inside,27,-1.9,0.36209569746986847,77
observe_inside,27,-1.8,0.40093519500072555,77
observe_inside,27,-1.7,0.3294914151742372,77
observe_inside,27,-1.6,0.2982066288229142,77
observe_inside,27,-1.5,0.20979634719128396,77
observe_inside,27,-1.4,0.09719747508468139,77
observe_inside,27,-1.3,0.05898467299060329,77
observe_inside,27,-1.2,0.037444819188478064,77
observe_inside,27,-1.1,-0.04959523617696117,77
observe_inside,27,-1.0,-0.12712724519357707,77
observe_inside,27,-0.9,-0.13307944708862315,77
observe_inside,27,-0.8,-0.21148807624066737,77
observe_inside,27,-0.7,-0.28270170357947433,77
observe_inside,27,-0.6,-0.316854590727764,77
observe_inside,27,-0.5,-0.34285997928528616,77
observe_inside,27,-0.4,-0.33890216249800986,77
observe_inside,27,-0.3,-0.29103228614864785,77
observe_inside,27,-0.2,-0.21422218257589645,77
observe_inside,27,-0.0999999999999996,-0.14912397990612616,77
observe_inside,27,0.0,-0.1107705561563833,77
observe_inside,27,0.1,-0.07837639473022849,77
observe_inside,27,0.2,-0.10708705048386977,77
observe_inside,27,0.3,-0.10783115050635679,77
observe_inside,27,0.4,-0.05118848886711998,77
observe_inside,27,0.5,0.014983251859048736,77
observe_inside,27,0.6,0.08192121471775562,77
observe_inside,27,0.7,0.13044320025598996,77
observe_inside,27,0.8,0.10959593998791416,77
observe_inside,27,0.9,0.09352036172150498,77
observe_inside,27,1.0,0.0870900015871197,77
observe_inside,27,1.1,0.09421303183460646,77
observe_inside,27,1.2,0.11390984789538121,77
observe_inside,27,1.3,0.09153030810156783,77
observe_inside,27,1.4,0.041704835942313515,77
observe_inside,27,1.5,0.014735050825999635,77
observe_inside,27,1.6,0.05302221892618882,77
observe_inside,27,1.7,0.07576525436642961,77
observe_inside,27,1.8,0.07794349259612726,77
observe_inside,27,1.9,0.03567168196185342,77
observe_inside,27,2.0,0.051281808799446674,77
observe_inside,27,2.1,0.08414266597790601,77
observe_inside,27,2.2,0.06855207541586153,77
observe_inside,27,2.3,0.03550656412117641,77
observe_inside,27,2.4,0.07120406276579164,77
observe_inside,27,2.5,0.06490051040395736,77
observe_inside,27,2.6,0.12107038619679389,77
observe_inside,27,2.7,0.11666262626994434,77
observe_inside,27,2.8,0.08504208941655236,77
observe_inside,27,2.9,0.09879532354105912,77
observe_inside,27,3.0,0.16278236385660003,77
observe_inside,27,3.1,0.21337954861464334,77
observe_inside,27,3.2,0.18698350070870404,77
observe_inside,27,3.3,0.23537314551364139,77
observe_inside,27,3.4,0.3139927967558303,77
observe_inside,27,3.5,0.28900441901192997,77
observe_inside,27,3.6,0.32236284633937823,77
observe_inside,27,3.7,0.31574208770842344,77
observe_inside,27,3.8,0.34086540276405525,77
observe_inside,27,3.9,0.2712671139116785,77
observe_inside,27,4.0,0.2417425892066038,77
observe_inside,27,4.1,0.2636217172845966,77
observe_inside,27,4.2,0.20294502186577612,77
observe_inside,27,4.3,0.13543204802514114,77
observe_inside,27,4.4,0.14390077728465087,77
observe_inside,27,4.5,0.13578808344769575,77
observe_inside,27,4.6,0.15085588960887758,77
observe_inside,27,4.7,0.18143673443889402,77
observe_inside,27,4.8,0.15470147013784621,77
observe_inside,27,4.9,0.13703950598627154,77
observe_inside,27,5.0,0.16728705185227435,77
observe_inside,27,5.1,0.11370632673542892,77
observe_inside,27,5.2,0.1037401357892262,77
observe_inside,27,5.3,0.060754497997367235,77
observe_inside,27,5.4,0.013677462193149779,77
observe_inside,27,5.5,-0.011233569813903305,77
observe_inside,27,5.6,-0.01782511557623581,77
observe_inside,27,5.7,0.023083097398251026,77
observe_inside,27,5.8,-0.00430135434330003,77
observe_inside,27,5.9,-0.017585292830641135,77
observe_inside,35,-3.0,-0.3367079592949526,19
observe_inside,35,-2.9,0.03934547977004156,19
observe_inside,35,-2.8,0.052199513339373664,19
observe_inside,35,-2.7,-0.1687481367946094,19
observe_inside,35,-2.6,-0.2451535321543055,19
observe_inside,35,-2.5,-0.06780914539358995,19
observe_inside,35,-2.4,-0.09406502168740637,19
observe_inside,35,-2.3,-0.28737042694098247,19
observe_inside,35,-2.2,-0.13722010708829724,19
observe_inside,35,-2.1,0.027642067906502723,19
observe_inside,35,-2.0,0.09488004319476451,19
observe_inside,35,-1.9,-0.07160527433162392,19
observe_inside,35,-1.8,-0.1462246645486014,19
observe_inside,35,-1.7,-0.16470772699987196,19
observe_inside,35,-1.6,-0.3693006619453943,19
observe_inside,35,-1.5,-0.3442312721431864,19
observe_inside,35,-1.4,-0.3195751833104372,19
observe_inside,35,-1.3,-0.20382561127888602,19
observe_inside,35,-1.2,-0.1389185514324958,19
observe_inside,35,-1.1,-0.029976190620405248,19
observe_inside,35,-1.0,-0.1521118125464246,19
observe_inside,35,-0.9,-0.03455344294480495,19
observe_inside,35,-0.8,-0.04953084960778616,19
observe_inside,35,-0.7,0.12190031890976856,19
observe_inside,35,-0.6,-0.08677446097492367,19
observe_inside,35,-0.5,0.04547094851761341,19
observe_inside,35,-0.4,0.02734088982071732,19
observe_inside,35,-0.3,0.0053726848381469485,19
observe_inside,35,-0.2,-0.11544281949647983,19
observe_inside,35,-0.0999999999999996,-0.09992368380267791,19
observe_inside,35,0.0,0.04844805117261056,19
observe_inside,35,0.1,0.2641160106801838,19
observe_inside,35,0.2,0.13721681933550647,19
observe_inside,35,0.3,0.26099225231441514,19
observe_inside,35,0.4,0.14985762874961833,19
observe_inside,35,0.5,0.16888435488817463,19
observe_inside,35,0.6,0.23793973857129633,19
observe_inside,35,0.7,0.17047263744693017,19
observe_inside,35,0.8,0.14036613651108532,19
observe_inside,35,0.9,0.2114210882421939,19
observe_inside,35,1.0,0.3065009803964536,19
observe_inside,35,1.1,0.13234888321200722,19
observe_inside,35,1.2,0.012493150094268534,19
observe_inside,35,1.3,0.08306925350418629,19
observe_inside,35,1.4,0.18469074715846842,19
observe_inside,35,1.5,0.19652780759924307,19
observe_inside,35,1.6,0.46195119832926257,19
observe_inside,35,1.7,0.5480843479880949,19
observe_inside,35,1.8,0.9292233222560484,19
observe_inside,35,1.9,0.7946139882531745,19
observe_inside,35,2.0,0.803084267113363,19
observe_inside,35,2.1,0.6953612599714368,19
observe_inside,35,2.2,0.6729520662173551,19
observe_inside,35,2.3,0.6299342668152139,19
observe_inside,35,2.4,0.5186684572124157,19
observe_inside,35,2.5,0.5021063922510539,19
observe_inside,35,2.6,0.5484460017309347,19
observe_inside,35,2.7,0.5241444329449759,19
observe_inside,35,2.8,0.5680700496086649,19
observe_inside,35,2.9,0.5365614167933801,19
observe_inside,35,3.0,0.5681977145855055,19
observe_inside,35,3.1,0.4768341320351401,19
observe_inside,35,3.2,0.41993196843791164,19
observe_inside,35,3.3,0.2783361388639911,19
observe_inside,35,3.4,0.26535657667695794,19
observe_inside,35,3.5,0.29098005930659326,19
observe_inside,35,3.6,0.27282563980440894,19
observe_inside,35,3.7,0.1329890883626391,19
observe_inside,35,3.8,0.05142573275591865,19
observe_inside,35,3.9,0.17736754442872035,19
observe_inside,35,4.0,0.22809051833788802,19
observe_inside,35,4.1,0.07606430194855873,19
observe_inside,35,4.2,-0.2756385547678313,19
observe_inside,35,4.3,0.06339730549100835,19
observe_inside,35,4.4,0.2200958214982773,19
observe_inside,35,4.5,0.006563771930109024,19
observe_inside,35,4.6,0.2105269254785411,19
observe_inside,35,4.7,0.17517858978098552,19
observe_inside,35,4.8,0.23134176139646243,19
observe_inside,35,4.9,0.28705178792221886,19
observe_inside,35,5.0,0.41339952565558075,19
observe_inside,35,5.1,0.6368495074787238,19
observe_inside,35,5.2,0.6684119962392426,19
observe_inside,35,5.3,0.5599457062783555,19
observe_inside,35,5.4,0.5200821741890607,19
observe_inside,35,5.5,0.4512290111734356,19
observe_inside,35,5.6,0.5693767070145921,19
observe_inside,35,5.7,0.46474450039458215,19
observe_inside,35,5.8,0.5187961796107677,19
observe_inside,35,5.9,0.6707444169837415,19
observe_outside,1,-3.0,0.02222378635660755,281
observe_outside,1,-2.9,0.021524452081166323,281
observe_outside,1,-2.8,0.020395959321557442,281
observe_outside,1,-2.7,0.012760810698091658,281
observe_outside,1,-2.6,0.01620580059608114,281
observe_outside,1,-2.5,0.014011903276702393,281
observe_outside,1,-2.4,-0.008266816915113814,281
observe_outside,1,-2.3,-0.019561036411989096,281
observe_outside,1,-2.2,-0.006214800030884307,281
observe_outside,1,-2.1,-0.015020936646397132,281
observe_outside,1,-2.0,-0.025011232946162067,281
observe_outside,1,-1.9,-0.011085663233091202,281
observe_outside,1,-1.8,-0.00538339032124284,281
observe_outside,1,-1.7,-0.006846598202422987,281
observe_outside,1,-1.6,-0.008326911429882398,281
observe_outside,1,-1.5,-0.008844323646688903,281
observe_outside,1,-1.4,-0.004466579818392683,281
observe_outside,1,-1.3,0.00023680588801609233,281
observe_outside,1,-1.2,-0.01822284567915282,281
observe_outside,1,-1.1,-0.043408208873414386,281
observe_outside,1,-1.0,-0.023656989760076543,281
observe_outside,1,-0.9,-0.02509903437275095,281
observe_outside,1,-0.8,-0.02623482361735883,281
observe_outside,1,-0.7,-0.03167095269592389,281
observe_outside,1,-0.6,-0.04863642307372404,281
observe_outside,1,-0.5,-0.046239827059217115,281
observe_outside,1,-0.4,-0.05972804337867217,281
observe_outside,1,-0.3,-0.04507102573919312,281
observe_outside,1,-0.2,-0.0575005226974446,281
observe_outside,1,-0.0999999999999996,-0.059696949087274465,281
observe_outside,1,0.0,-0.06502060693695406,281
observe_outside,1,0.1,-0.044387511877262406,281
observe_outside,1,0.2,-0.04734318593806719,281
observe_outside,1,0.3,-0.05461313531144031,281
observe_outside,1,0.4,-0.060167420050942846,281
observe_outside,1,0.5,-0.043056449523041,281
observe_outside,1,0.6,-0.020278829506084423,281
observe_outside,1,0.7,0.013710010967892858,281
observe_outside,1,0.8,0.009783194418167503,281
observe_outside,1,0.9,0.027601065720751647,281
observe_outside,1,1.0,0.021093117765219487,281
observe_outside,1,1.1,0.03368020504802346,281
observe_outside,1,1.2,0.033973706365575056,281
observe_outside,1,1.3,0.011441494515654183,281
observe_outside,1,1.4,0.010122939273630824,281
observe_outside,1,1.5,0.03071316506879803,281
observe_outside,1,1.6,0.014873177043729303,281
observe_outside,1,1.7,0.010812367090500546,281
observe_outside,1,1.8,0.010585421016554459,281
observe_outside,1,1.9,0.020554098000811316,281
observe_outside,1,2.0,0.03135757793204839,281
observe_outside,1,2.1,0.0315937914681167,281
observe_outside,1,2.2,0.01902881164709329,281
observe_outside,1,2.3,0.005450807404891261,281
observe_outside,1,2.4,-0.003742613718543819,281
observe_outside,1,2.5,-0.0024165644987708145,281
observe_outside,1,2.6,-0.004099616119825342,281
observe_outside,1,2.7,0.0007648764709868031,281
observe_outside,1,2.8,0.0215048305776469,281
observe_outside,1,2.9,0.02264488193249074,281
observe_outside,1,3.0,-0.0005371687461924107,281
observe_outside,1,3.1,-0.006407451325898408,281
observe_outside,1,3.2,-0.010387314151913005,281
observe_outside,1,3.3,-0.01704153908967649,281
observe_outside,1,3.4,-0.018666434985552753,281
observe_outside,1,3.5,-0.014975082188214363,281
observe_outside,1,3.6,-0.02856575299931194,281
observe_outside,1,3.7,-0.036176966473819426,281
observe_outside,1,3.8,-0.050855931888504374,281
observe_outside,1,3.9,-0.05050477224784337,281
observe_outside,1,4.0,-0.07799428041389336,281
observe_outside,1,4.1,-0.06804235538454424,281
observe_outside,1,4.2,-0.06958821948009179,281
observe_outside,1,4.3,-0.06111824639050544,281
observe_outside,1,4.4,-0.04645069372643374,281
observe_outside,1,4.5,-0.039193167273232465,281
observe_outside,1,4.6,-0.04190297738418925,281
observe_outside,1,4.7,-0.051116449491647224,281
observe_outside,1,4.8,-0.04163683360606779,281
observe_outside,1,4.9,-0.056949723349172705,281
observe_outside,1,5.0,-0.04770497037124672,281
observe_outside,1,5.1,-0.040269856734590416,281
observe_outside,1,5.2,-0.038375633597115814,281
observe_outside,1,5.3,-0.03661871708317582,281
observe_outside,1,5.4,-0.015546562063267133,281
observe_outside,1,5.5,-0.020160326386879333,281
observe_outside,1,5.6,0.0008125536783941753,281
observe_outside,1,5.7,0.030069525114925885,281
observe_outside,1,5.8,0.027337044702537033,281
observe_outside,1,5.9,0.03402808240478018,281
observe_outside,3,-3.0,-0.1208939180606731,247
observe_outside,3,-2.9,-0.09402692227684362,247
observe_outside,3,-2.8,-0.11163542642738983,247
observe_outside,3,-2.7,-0.09486905641188209,247
observe_outside,3,-2.6,-0.12032980122223191,247
observe_outside,3,-2.5,-0.14844530205148748,247
observe_outside,3,-2.4,-0.17034404077292226,247
observe_outside,3,-2.3,-0.15700563202005788,247
observe_outside,3,-2.2,-0.17498652849376842,247
observe_outside,3,-2.1,-0.18287062941556795,247
observe_outside,3,-2.0,-0.19520223398234315,247
observe_outside,3,-1.9,-0.18161413105661695,247
observe_outside,3,-1.8,-0.17827610157032192,247
observe_outside,3,-1.7,-0.17709112320927708,247
observe_outside,3,-1.6,-0.14857183679083977,247
observe_outside,3,-1.5,-0.1678497879594176,247
observe_outside,3,-1.4,-0.1484651283085053,247
observe_outside,3,-1.3,-0.1805358151012573,247
observe_outside,3,-1.2,-0.18232178203787366,247
observe_outside,3,-1.1,-0.15378048292435964,247
observe_outside,3,-1.0,-0.12987196796838557,247
observe_outside,3,-0.9,-0.111495317053321,247
observe_outside,3,-0.8,-0.13316387938842572,247
observe_outside,3,-0.7,-0.16673801172804908,247
observe_outside,3,-0.6,-0.16427821792357986,247
observe_outside,3,-0.5,-0.19286213871950772,247
observe_outside,3,-0.4,-0.19663427075802806,247
observe_outside,3,-0.3,-0.23954421848036575,247
observe_outside,3,-0.2,-0.23051822731344554,247
observe_outside,3,-0.0999999999999996,-0.22722778343940037,247
observe_outside,3,0.0,-0.29228198267211963,247
observe_outside,3,0.1,-0.28946686254511383,247
observe_outside,3,0.2,-0.26714807448828565,247
observe_outside,3,0.3,-0.22243629615637597,247
observe_outside,3,0.4,-0.18267720796647338,247
observe_outside,3,0.5,-0.14631927499376274,247
observe_outside,3,0.6,-0.15148317810035386,247
observe_outside,3,0.7,-0.1363030385123912,247
observe_outside,3,0.8,-0.1176487939490604,247
observe_outside,3,0.9,-0.1004674087620827,247
observe_outside,3,1.0,-0.0741584298203448,247
observe_outside,3,1.1,-0.08408247302069685,247
observe_outside,3,1.2,-0.07078747549512346,247
observe_outside,3,1.3,-0.0868430242024383,247
observe_outside,3,1.4,-0.08283478122012014,247
observe_outside,3,1.5,-0.09006245188135503,247
observe_outside,3,1.6,-0.08069892257967906,247
observe_outside,3,1.7,-0.11090288048300095,247
observe_outside,3,1.8,-0.1250692954368235,247
observe_outside,3,1.9,-0.12633817569712585,247
observe_outside,3,2.0,-0.14359782129544008,247
observe_outside,3,2.1,-0.13779667487165492,247
observe_outside,3,2.2,-0.1608636424340504,247
observe_outside,3,2.3,-0.1721300828743398,247
observe_outside,3,2.4,-0.19868323680743563,247
observe_outside,3,2.5,-0.18027736702661587,247
observe_outside,3,2.6,-0.16427117362354826,247
observe_outside,3,2.7,-0.18194592617619484,247
observe_outside,3,2.8,-0.20241438779744134,247
observe_outside,3,2.9,-0.20017129160364758,247
observe_outside,3,3.0,-0.19738464990002785,247
observe_outside,3,3.1,-0.184124244075383,247
observe_outside,3,3.2,-0.2235092482622309,247
observe_outside,3,3.3,-0.24843608920616592,247
observe_outside,3,3.4,-0.29377115622183597,247
observe_outside,3,3.5,-0.3129760300244736,247
observe_outside,3,3.6,-0.2939380174370643,247
observe_outside,3,3.7,-0.26655051189173035,247
observe_outside,3,3.8,-0.27324475602349046,247
observe_outside,3,3.9,-0.2492927918354418,247
observe_outside,3,4.0,-0.2435050435032459,247
observe_outside,3,4.1,-0.22967066341075396,247
observe_outside,3,4.2,-0.18662058435319875,247
observe_outside,3,4.3,-0.17402985913860905,247
observe_outside,3,4.4,-0.1523757328554629,247
observe_outside,3,4.5,-0.1454290203242394,247
observe_outside,3,4.6,-0.15472591437251262,247
observe_outside,3,4.7,-0.16413142675481315,247
observe_outside,3,4.8,-0.13312188620650098,247
observe_outside,3,4.9,-0.14987395723580807,247
observe_outside,3,5.0,-0.13619832205362864,247
observe_outside,3,5.1,-0.11503563627973265,247
observe_outside,3,5.2,-0.08938362538252097,247
observe_outside,3,5.3,-0.08086152625296042,247
observe_outside,3,5.4,-0.09290901729064802,247
observe_outside,3,5.5,-0.09912289867762658,247
observe_outside,3,5.6,-0.09945284059762162,247
observe_outside,3,5.7,-0.12155727151689537,247
observe_outside,3,5.8,-0.09056327530760058,247
observe_outside,3,5.9,-0.081851097170154,247
observe_outside,4,-3.0,-0.02683951450177291,281
observe_outside,4,-2.9,-0.013512088150628578,281
observe_outside,4,-2.8,0.015986544211248753,281
observe_outside,4,-2.7,0.011447161738442197,281
observe_outside,4,-2.6,0.0024783808034547963,281
observe_outside,4,-2.5,-0.04175401771138485,281
observe_outside,4,-2.4,-0.08442403242553075,281
observe_outside,4,-2.3,-0.09397785268721986,281
observe_outside,4,-2.2,-0.12804650932027128,281
observe_outside,4,-2.1,-0.1241054145507351,281
observe_outside,4,-2.0,-0.07721583930758566,281
observe_outside,4,-1.9,-0.07122504715614192,281
observe_outside,4,-1.8,-0.10804752313446331,281
observe_outside,4,-1.7,-0.11809079542631287,281
observe_outside,4,-1.6,-0.1435105245550735,281
observe_outside,4,-1.5,-0.1433835769551819,281
observe_outside,4,-1.4,-0.13679909219407446,281
observe_outside,4,-1.3,-0.15436756693835613,281
observe_outside,4,-1.2,-0.1769059214112703,281
observe_outside,4,-1.1,-0.1688821248590365,281
observe_outside,4,-1.0,-0.21374770500372753,281
observe_outside,4,-0.9,-0.24735075854203958,281
observe_outside,4,-0.8,-0.2548738390416662,281
observe_outside,4,-0.7,-0.2341753278546103,281
observe_outside,4,-0.6,-0.2624400753781899,281
observe_outside,4,-0.5,-0.24902518613118169,281
observe_outside,4,-0.4,-0.2444097638896217,281
observe_outside,4,-0.3,-0.2276373592201841,281
observe_outside,4,-0.2,-0.1626224289195106,281
observe_outside,4,-0.0999999999999996,-0.08813663003468802,281
observe_outside,4,0.0,-0.07119577968382841,281
observe_outside,4,0.1,-0.07427545663402622,281
observe_outside,4,0.2,-0.07383018461919594,281
observe_outside,4,0.3,-0.06503065458601263,281
observe_outside,4,0.4,-0.01938837452312373,281
observe_outside,4,0.5,0.00822379101972269,281
observe_outside,4,0.6,0.004246644626944947,281
observe_outside,4,0.7,0.01102983623594232,281
observe_outside,4,0.8,-0.025549107060284862,281
observe_outside,4,0.9,-0.015198196308274644,281
observe_outside,4,1.0,-0.02456659549869575,281
observe_outside,4,1.1,-0.019732996288698817,281
observe_outside,4,1.2,-0.017509549012276988,281
observe_outside,4,1.3,0.006366838904504782,281
observe_outside,4,1.4,-0.04600371702395449,281
observe_outside,4,1.5,-0.008616194006438543,281
observe_outside,4,1.6,-0.01700470910638249,281
observe_outside,4,1.7,-0.0015632139782871001,281
observe_outside,4,1.8,-0.030228154149987297,281
observe_outside,4,1.9,-0.019916337350066957,281
observe_outside,4,2.0,-0.0003896324410166929,281
observe_outside,4,2.1,-0.019092454413380436,281
observe_outside,4,2.2,0.013598790694455453,281
observe_outside,4,2.3,-0.0117312234300307,281
observe_outside,4,2.4,-0.024252764185922454,281
observe_outside,4,2.5,0.015696797582959932,281
observe_outside,4,2.6,0.05024150998101821,281
observe_outside,4,2.7,0.09665770011499561,281
observe_outside,4,2.8,0.03895712088993367,281
observe_outside,4,2.9,0.07548652230512261,281
observe_outside,4,3.0,0.054981347249293266,281
observe_outside,4,3.1,0.013236390998632358,281
observe_outside,4,3.2,-0.0038989207988644526,281
observe_outside,4,3.3,0.005379431545490034,281
observe_outside,4,3.4,0.02244584503597529,281
observe_outside,4,3.5,-0.015513917236597095,281
observe_outside,4,3.6,-0.02603253494047523,281
observe_outside,4,3.7,-0.00044971141474146214,281
observe_outside,4,3.8,0.053480650836464486,281
observe_outside,4,3.9,0.03068050567375666,281
observe_outside,4,4.0,0.02512790190647903,281
observe_outside,4,4.1,-0.02062303420316874,281
observe_outside,4,4.2,-0.04130035648294732,281
observe_outside,4,4.3,-0.007919820927342055,281
observe_outside,4,4.4,0.0058683502751595285,281
observe_outside,4,4.5,-0.005547182946373884,281
observe_outside,4,4.6,-0.014676353448692194,281
observe_outside,4,4.7,-0.024656725143724457,281
observe_outside,4,4.8,-0.029001129542409868,281
observe_outside,4,4.9,-0.0071807180120735115,281
observe_outside,4,5.0,0.049886532869640045,281
observe_outside,4,5.1,0.028012329423840524,281
observe_outside,4,5.2,0.0455410238983205,281
observe_outside,4,5.3,0.04496462129294671,281
observe_outside,4,5.4,0.03617305377358227,281
observe_outside,4,5.5,0.03381918182322529,281
observe_outside,4,5.6,-0.005865894011356974,281
observe_outside,4,5.7,0.022573898026118127,281
observe_outside,4,5.8,0.03363394268717409,281
observe_outside,4,5.9,0.04788089334485216,281
observe_outside,5,-3.0,-0.05234481520728687,205
observe_outside,5,-2.9,-0.08119359409393667,205
observe_outside,5,-2.8,-0.06669719593830756,205
observe_outside,5,-2.7,-0.06801563628617645,205
observe_outside,5,-2.6,-0.04783179226862227,205
observe_outside,5,-2.5,-0.0868726494201654,205
observe_outside,5,-2.4,-0.09787503622312992,205
observe_outside,5,-2.3,-0.10603120182433923,205
observe_outside,5,-2.2,-0.12065112734744794,205
observe_outside,5,-2.1,-0.1578934891103653,205
observe_outside,5,-2.0,-0.1669682704635419,205
observe_outside,5,-1.9,-0.21148902283563772,205
observe_outside,5,-1.8,-0.24646539660722824,205
observe_outside,5,-1.7,-0.25727229470653507,205
observe_outside,5,-1.6,-0.24505078226120622,205
observe_outside,5,-1.5,-0.20917129994959063,205
observe_outside,5,-1.4,-0.20357923213133725,205
observe_outside,5,-1.3,-0.20350856606687825,205
observe_outside,5,-1.2,-0.22662136904626448,205
observe_outside,5,-1.1,-0.25397553023694003,205
observe_outside,5,-1.0,-0.2698358649733642,205
observe_outside,5,-0.9,-0.27180954464654206,205
observe_outside,5,-0.8,-0.3209642206219191,205
observe_outside,5,-0.7,-0.361657607007241,205
observe_outside,5,-0.6,-0.40468888779435824,205
observe_outside,5,-0.5,-0.4044774071762444,205
observe_outside,5,-0.4,-0.40534628849335197,205
observe_outside,5,-0.3,-0.41434751201843567,205
observe_outside,5,-0.2,-0.4517042104140265,205
observe_outside,5,-0.0999999999999996,-0.4662235063363312,205
observe_outside,5,0.0,-0.42040688235537993,205
observe_outside,5,0.1,-0.39891266193296676,205
observe_outside,5,0.2,-0.35205115685338634,205
observe_outside,5,0.3,-0.3263033417190113,205
observe_outside,5,0.4,-0.3047267301592168,205
observe_outside,5,0.5,-0.2485915831292536,205
observe_outside,5,0.6,-0.19827529424059948,205
observe_outside,5,0.7,-0.15873101952760502,205
observe_outside,5,0.8,-0.13871344577047923,205
observe_outside,5,0.9,-0.14226799176383725,205
observe_outside,5,1.0,-0.12424669901217687,205
observe_outside,5,1.1,-0.11591839995288085,205
observe_outside,5,1.2,-0.0692852790815041,205
observe_outside,5,1.3,-0.040252619976805216,205
observe_outside,5,1.4,-0.0408524072495123,205
observe_outside,5,1.5,-0.03674331439062528,205
observe_outside,5,1.6,-0.011988873067746132,205
observe_outside,5,1.7,-0.038917345323559324,205
observe_outside,5,1.8,-0.03386854884937491,205
observe_outside,5,1.9,-0.08380863032896592,205
observe_outside,5,2.0,-0.0990420525733454,205
observe_outside,5,2.1,-0.08086887672821726,205
observe_outside,5,2.2,-0.10088535219406353,205
observe_outside,5,2.3,-0.06266735329879135,205
observe_outside,5,2.4,-0.07377147928145668,205
observe_outside,5,2.5,-0.0732892154757666,205
observe_outside,5,2.6,-0.09198551016305431,205
observe_outside,5,2.7,-0.11133094965827113,205
observe_outside,5,2.8,-0.10747080182050413,205
observe_outside,5,2.9,-0.10869409517532226,205
observe_outside,5,3.0,-0.09147628587847806,205
observe_outside,5,3.1,-0.07329124792145508,205
observe_outside,5,3.2,-0.07678541920957761,205
observe_outside,5,3.3,-0.05009286262513948,205
observe_outside,5,3.4,-0.010294317317623113,205
observe_outside,5,3.5,-0.01771828236248986,205
observe_outside,5,3.6,-0.03064659868481625,205
observe_outside,5,3.7,-0.04630504463408089,205
observe_outside,5,3.8,-0.030239094917930583,205
observe_outside,5,3.9,-0.03203549864824551,205
observe_outside,5,4.0,-0.04373518739003064,205
observe_outside,5,4.1,-0.05689252080245374,205
observe_outside,5,4.2,-0.06732146983987204,205
observe_outside,5,4.3,-0.06740155417460397,205
observe_outside,5,4.4,-0.06409006672254722,205
observe_outside,5,4.5,-0.08926031414295942,205
observe_outside,5,4.6,-0.12271320487075307,205
observe_outside,5,4.7,-0.14206247788073514,205
observe_outside,5,4.8,-0.16555876120932594,205
observe_outside,5,4.9,-0.14832338868784398,205
observe_outside,5,5.0,-0.11630308902952405,205
observe_outside,5,5.1,-0.11149462767968712,205
observe_outside,5,5.2,-0.08439903357131151,205
observe_outside,5,5.3,-0.086390979910773,205
observe_outside,5,5.4,-0.07131742864474395,205
observe_outside,5,5.5,-0.07808132892085137,205
observe_outside,5,5.6,-0.07997779532193502,205
observe_outside,5,5.7,-0.06834764601122924,205
observe_outside,5,5.8,-0.0755098390418348,205
observe_outside,5,5.9,-0.10447648636039057,205
observe_outside,6,-3.0,-0.03393355790662606,358
observe_outside,6,-2.9,-0.05951511746228794,358
observe_outside,6,-2.8,0.010922374007885797,358
observe_outside,6,-2.7,-0.016476185870501044,358
observe_outside,6,-2.6,0.02326778990120477,358
observe_outside,6,-2.5,-0.053011714993755066,358
observe_outside,6,-2.4,-0.01559172623836635,358
observe_outside,6,-2.3,-0.015481955553397448,358
observe_outside,6,-2.2,0.0041538663235798565,358
observe_outside,6,-2.1,-0.047832959943408894,358
observe_outside,6,-2.0,0.015915175609254,358
observe_outside,6,-1.9,0.03746790249940107,358
observe_outside,6,-1.8,-0.013765202048250231,358
observe_outside,6,-1.7,0.00034989953087665815,358
observe_outside,6,-1.6,0.02767843557927389,358
observe_outside,6,-1.5,0.009276586237581026,358
observe_outside,6,-1.4,-0.0012563168686312862,358
observe_outside,6,-1.3,0.020614060393516178,358
observe_outside,6,-1.2,-0.02349843503697525,358
observe_outside,6,-1.1,-0.07718699972529185,358
observe_outside,6,-1.0,-0.045004377503420574,358
observe_outside,6,-0.9,-0.059441290386622825,358
observe_outside,6,-0.8,-0.03977559550628967,358
observe_outside,6,-0.7,-0.05931258949979679,358
observe_outside,6,-0.6,-0.13556766405219042,358
observe_outside,6,-0.5,-0.17478263944864417,358
observe_outside,6,-0.4,-0.20679243844750678,358
observe_outside,6,-0.3,-0.2272174004367586,358
observe_outside,6,-0.2,-0.22118736719834678,358
observe_outside,6,-0.0999999999999996,-0.23825423474899995,358
observe_outside,6,0.0,-0.28707509868168085,358
observe_outside,6,0.1,-0.29016245175267397,358
observe_outside,6,0.2,-0.27768768943695116,358
observe_outside,6,0.3,-0.2861563439481186,358
observe_outside,6,0.4,-0.25324037891830214,358
observe_outside,6,0.5,-0.23026716085097562,358
observe_outside,6,0.6,-0.22175340903500873,358
observe_outside,6,0.7,-0.23028901851862804,358
observe_outside,6,0.8,-0.20877048370026655,358
observe_outside,6,0.9,-0.232097532539742,358
observe_outside,6,1.0,-0.19783958091856585,358
observe_outside,6,1.1,-0.21918843149990344,358
observe_outside,6,1.2,-0.23545024623062866,358
observe_outside,6,1.3,-0.20030830669108046,358
observe_outside,6,1.4,-0.20938695551778652,358
observe_outside,6,1.5,-0.17136602558890035,358
observe_outside,6,1.6,-0.2172363127307123,358
observe_outside,6,1.7,-0.14288222659135572,358
observe_outside,6,1.8,-0.12253607857411333,358
observe_outside,6,1.9,-0.154524789476831,358
observe_outside,6,2.0,-0.12976123067424286,358
observe_outside,6,2.1,-0.10073563069585798,358
observe_outside,6,2.2,-0.10818257485898015,358
observe_outside,6,2.3,-0.11011146932813914,358
observe_outside,6,2.4,-0.09858608399893733,358
observe_outside,6,2.5,-0.10967636252519888,358
observe_outside,6,2.6,-0.12023983127279239,358
observe_outside,6,2.7,-0.11487277216164143,358
observe_outside,6,2.8,-0.09348443934511359,358
observe_outside,6,2.9,-0.11226062547891909,358
observe_outside,6,3.0,-0.09888414000524376,358
observe_outside,6,3.1,-0.12431960662802663,358
observe_outside,6,3.2,-0.1418003395234435,358
observe_outside,6,3.3,-0.11915683855087632,358
observe_outside,6,3.4,-0.09085683898408918,358
observe_outside,6,3.5,-0.09723863900041528,358
observe_outside,6,3.6,-0.06655887529998425,358
observe_outside,6,3.7,-0.06701928702536918,358
observe_outside,6,3.8,-0.058813612241774414,358
observe_outside,6,3.9,-0.07881665908590849,358
observe_outside,6,4.0,-0.0894658305062706,358
observe_outside,6,4.1,-0.0743888686315663,358
observe_outside,6,4.2,-0.11304698422129011,358
observe_outside,6,4.3,-0.05555057891377386,358
observe_outside,6,4.4,-0.09650732956311193,358
observe_outside,6,4.5,-0.10171691477594766,358
observe_outside,6,4.6,-0.11977482484401519,358
observe_outside,6,4.7,-0.11807014878710662,358
observe_outside,6,4.8,-0.1374234243774118,358
observe_outside,6,4.9,-0.1363505488599489,358
observe_outside,6,5.0,-0.15590672919791607,358
observe_outside,6,5.1,-0.13948744752406883,358
observe_outside,6,5.2,-0.12313268916162354,358
observe_outside,6,5.3,-0.10075798737009772,358
observe_outside,6,5.4,-0.12404893293504639,358
observe_outside,6,5.5,-0.13868953297036712,358
observe_outside,6,5.6,-0.1711774782742659,358
observe_outside,6,5.7,-0.15459728071214238,358
observe_outside,6,5.8,-0.14956504814216323,358
observe_outside,6,5.9,-0.12659702168377077,358
observe_outside,18,-3.0,-0.3054473151747598,214
observe_outside,18,-2.9,-0.2963088402544291,214
observe_outside,18,-2.8,-0.2856275641303453,214
observe_outside,18,-2.7,-0.30660985799811125,214
observe_outside,18,-2.6,-0.32315120012973336,214
observe_outside,18,-2.5,-0.3384812293736609,214
observe_outside,18,-2.4,-0.3466353332815826,214
observe_outside,18,-2.3,-0.35869287350087126,214
observe_outside,18,-2.2,-0.3414643315190652,214
observe_outside,18,-2.1,-0.3606163553995003,214
observe_outside,18,-2.0,-0.33288888006888673,214
observe_outside,18,-1.9,-0.349352205985498,214
observe_outside,18,-1.8,-0.3687608198252896,214
observe_outside,18,-1.7,-0.3907681124621337,214
observe_outside,18,-1.6,-0.3971289926416934,214
observe_outside,18,-1.5,-0.38997110748281916,214
observe_outside,18,-1.4,-0.3980435631585241,214
observe_outside,18,-1.3,-0.38006567744268854,214
observe_outside,18,-1.2,-0.4041978585500352,214
observe_outside,18,-1.1,-0.43676865695281714,214
observe_outside,18,-1.0,-0.45732653464258316,214
observe_outside,18,-0.9,-0.4505372925832387,214
observe_outside,18,-0.8,-0.44814404607280356,214
observe_outside,18,-0.7,-0.4822699525434199,214
observe_outside,18,-0.6,-0.48131429466933257,214
observe_outside,18,-0.5,-0.48034182562990574,214
observe_outside,18,-0.4,-0.4784913580261203,214
observe_outside,18,-0.3,-0.4833499354398662,214
observe_outside,18,-0.2,-0.46023251906999246,214
observe_outside,18,-0.0999999999999996,-0.4539101109128164,214
observe_outside,18,0.0,-0.4075111670207061,214
observe_outside,18,0.1,-0.3348193058411322,214
observe_outside,18,0.2,-0.2638388701244816,214
observe_outside,18,0.3,-0.18099702093381065,214
observe_outside,18,0.4,-0.1456282256408562,214
observe_outside,18,0.5,-0.10724510236794671,214
observe_outside,18,0.6,-0.07231418182500321,214
observe_outside,18,0.7,-0.04023284245996122,214
observe_outside,18,0.8,-0.0015659390410490681,214
observe_outside,18,0.9,-0.024138012338329372,214
observe_outside,18,1.0,-0.01601042778081837,214
observe_outside,18,1.1,-0.012908648709889841,214
observe_outside,18,1.2,0.0023221559708879323,214
observe_outside,18,1.3,-0.003076921493365613,214
observe_outside,18,1.4,3.2564503680027836e-05,214
observe_outside,18,1.5,-0.029925419125663346,214
observe_outside,18,1.6,-0.06298899340959904,214
observe_outside,18,1.7,-0.10311090616266969,214
observe_outside,18,1.8,-0.10797635537170149,214
observe_outside,18,1.9,-0.08324321538743877,214
observe_outside,18,2.0,-0.0860700921709521,214
observe_outside,18,2.1,-0.07845862974944287,214
observe_outside,18,2.2,-0.06612163828738905,214
observe_outside,18,2.3,-0.08357564312281417,214
observe_outside,18,2.4,-0.135684030460882,214
observe_outside,18,2.5,-0.18798317710651238,214
observe_outside,18,2.6,-0.18986769173767762,214
observe_outside,18,2.7,-0.19999485057325894,214
observe_outside,18,2.8,-0.19195010826009015,214
observe_outside,18,2.9,-0.17481394099265052,214
observe_outside,18,3.0,-0.17878233218002615,214
observe_outside,18,3.1,-0.1391690331314859,214
observe_outside,18,3.2,-0.12180337342210083,214
observe_outside,18,3.3,-0.14569286063906758,214
observe_outside,18,3.4,-0.1433497623893943,214
observe_outside,18,3.5,-0.14385393688443085,214
observe_outside,18,3.6,-0.16301077545461778,214
observe_outside,18,3.7,-0.17938815394906438,214
observe_outside,18,3.8,-0.17939357489020608,214
observe_outside,18,3.9,-0.1676118819916312,214
observe_outside,18,4.0,-0.1469453202204007,214
observe_outside,18,4.1,-0.17405459600128126,214
observe_outside,18,4.2,-0.1908592202105634,214
observe_outside,18,4.3,-0.1851586707573641,214
observe_outside,18,4.4,-0.15383022167541482,214
observe_outside,18,4.5,-0.1609370714261395,214
observe_outside,18,4.6,-0.12883162742578727,214
observe_outside,18,4.7,-0.11152031768336049,214
observe_outside,18,4.8,-0.09372291125909524,214
observe_outside,18,4.9,-0.08755234753537512,214
observe_outside,18,5.0,-0.11509043632014365,214
observe_outside,18,5.1,-0.09158706033295852,214
observe_outside,18,5.2,-0.10247778041306739,214
observe_outside,18,5.3,-0.10838214326547192,214
observe_outside,18,5.4,-0.10643958110857338,214
observe_outside,18,5.5,-0.08838277675418153,214
observe_outside,18,5.6,-0.06931477434301443,214
observe_outside,18,5.7,-0.05682251481129514,214
observe_outside,18,5.8,-0.0383630941006488,214
observe_outside,18,5.9,-0.05442459482311727,214
observe_outside,19,-3.0,-0.3060992780801835,72
observe_outside,19,-2.9,-0.33556740411178637,72
observe_outside,19,-2.8,-0.40436907611522765,72
observe_outside,19,-2.7,-0.4260923743159175,72
observe_outside,19,-2.6,-0.2629850383166278,72
observe_outside,19,-2.5,-0.3568854922830812,72
observe_outside,19,-2.4,-0.1703017888618258,72
observe_outside,19,-2.3,-0.3117202748237655,72
observe_outside,19,-2.2,-0.2933650972826762,72
observe_outside,19,-2.1,-0.28593176555282795,72
observe_outside,19,-2.0,-0.28617143420438307,72
observe_outside,19,-1.9,-0.3110040038850727,72
observe_outside,19,-1.8,-0.2665604934269795,72
observe_outside,19,-1.7,-0.2980682318233112,72
observe_outside,19,-1.6,-0.3065749197817068,72
observe_outside,19,-1.5,-0.2973538750082503,72
observe_outside,19,-1.4,-0.23044709344791472,72
observe_outside,19,-1.3,-0.31946320615358403,72
observe_outside,19,-1.2,-0.34220781595517036,72
observe_outside,19,-1.1,-0.27235615201101426,72
observe_outside,19,-1.0,-0.25494127350498547,72
observe_outside,19,-0.9,-0.12066645163635685,72
observe_outside,19,-0.8,-0.21013392550879428,72
observe_outside,19,-0.7,-0.19511699054314235,72
observe_outside,19,-0.6,-0.19401789980308054,72
observe_outside,19,-0.5,-0.1930230913651104,72
observe_outside,19,-0.4,-0.35354520312740534,72
observe_outside,19,-0.3,-0.3010291360692227,72
observe_outside,19,-0.2,-0.39141169604108267,72
observe_outside,19,-0.0999999999999996,-0.3487082375148714,72
observe_outside,19,0.0,-0.349621244685899,72
observe_outside,19,0.1,-0.3561503847063997,72
observe_outside,19,0.2,-0.2602828841186727,72
observe_outside,19,0.3,-0.3022240969173357,72
observe_outside,19,0.4,-0.29076915214290483,72
observe_outside,19,0.5,-0.19732730034451282,72
observe_outside,19,0.6,-0.13097950350870563,72
observe_outside,19,0.7,-0.12978779044705768,72
observe_outside,19,0.8,-0.17648586752078396,72
observe_outside,19,0.9,-0.16165400416884543,72
observe_outside,19,1.0,-0.18117313704264898,72
observe_outside,19,1.1,-0.24923043987164353,72
observe_outside,19,1.2,-0.230676861615088,72
observe_outside,19,1.3,-0.2586992020240512,72
observe_outside,19,1.4,-0.28156479960259667,72
observe_outside,19,1.5,-0.24594452437449435,72
observe_outside,19,1.6,-0.2689207210200773,72
observe_outside,19,1.7,-0.19435652935677794,72
observe_outside,19,1.8,-0.24857094452688955,72
observe_outside,19,1.9,-0.13992053363451606,72
observe_outside,19,2.0,-0.17660042968450915,72
observe_outside,19,2.1,-0.12489938572957142,72
observe_outside,19,2.2,-0.17394196603838621,72
observe_outside,19,2.3,-0.17854201726523872,72
observe_outside,19,2.4,-0.1543337520184882,72
observe_outside,19,2.5,-0.10108379336490524,72
observe_outside,19,2.6,-0.12540701890020867,72
observe_outside,19,2.7,-0.16502389284725016,72
observe_outside,19,2.8,-0.19676841257786187,72
observe_outside,19,2.9,-0.08066725315615199,72
observe_outside,19,3.0,-0.13522043312418397,72
observe_outside,19,3.1,-0.11693414868865047,72
observe_outside,19,3.2,-0.11422446715144385,72
observe_outside,19,3.3,-0.14127149322920035,72
observe_outside,19,3.4,-0.19378945072065604,72
observe_outside,19,3.5,-0.13597187592752905,72
observe_outside,19,3.6,-0.15186331537575257,72
observe_outside,19,3.7,-0.11884729760169375,72
observe_outside,19,3.8,-0.14481345088350858,72
observe_outside,19,3.9,-0.14230309505721034,72
observe_outside,19,4.0,-0.05939799161098713,72
observe_outside,19,4.1,-0.09738988599714597,72
observe_outside,19,4.2,-0.11554715510429098,72
observe_outside,19,4.3,-0.04870501425512132,72
observe_outside,19,4.4,-0.12131167722948082,72
observe_outside,19,4.5,-0.13198663408402142,72
observe_outside,19,4.6,-0.14263299459601234,72
observe_outside,19,4.7,-0.28094573796977773,72
observe_outside,19,4.8,-0.21059108943241447,72
observe_outside,19,4.9,-0.24339005482873965,72
observe_outside,19,5.0,-0.27768886227642314,72
observe_outside,19,5.1,-0.26762179893931143,72
observe_outside,19,5.2,-0.26065018952459207,72
observe_outside,19,5.3,-0.30137273307359747,72
observe_outside,19,5.4,-0.3647385682668218,72
observe_outside,19,5.5,-0.20186935063082476,72
observe_outside,19,5.6,-0.2673418286904969,72
observe_outside,19,5.7,-0.2791325221497904,72
observe_outside,19,5.8,-0.28787341725526255,72
observe_outside,19,5.9,-0.2102896106229292,72
observe_outside,27,-3.0,0.07683367122069315,296
observe_outside,27,-2.9,0.09254785678639894,296
observe_outside,27,-2.8,0.13319582325557267,296
observe_outside,27,-2.7,0.1478934675770997,296
observe_outside,27,-2.6,0.11445745072117562,296
observe_outside,27,-2.5,0.08349164664300465,296
observe_outside,27,-2.4,0.060449661416481684,296
observe_outside,27,-2.3,0.04564063680024211,296
observe_outside,27,-2.2,0.010737943214255339,296
observe_outside,27,-2.1,-0.027067915504184307,296
observe_outside,27,-2.0,-0.021116386472464065,296
observe_outside,27,-1.9,-0.032203827198730765,296
observe_outside,27,-1.8,-0.042268162463713274,296
observe_outside,27,-1.7,-0.05673580633231837,296
observe_outside,27,-1.6,-0.0762149256713833,296
observe_outside,27,-1.5,-0.06587416795011872,296
observe_outside,27,-1.4,-0.09002461900198623,296
observe_outside,27,-1.3,-0.09931966752765753,296
observe_outside,27,-1.2,-0.14037608215727906,296
observe_outside,27,-1.1,-0.17457460293577456,296
observe_outside,27,-1.0,-0.22304935918996777,296
observe_outside,27,-0.9,-0.26379534563494117,296
observe_outside,27,-0.8,-0.32233912467532244,296
observe_outside,27,-0.7,-0.3333732871766074,296
observe_outside,27,-0.6,-0.3731183526121904,296
observe_outside,27,-0.5,-0.38681409499083386,296
observe_outside,27,-0.4,-0.37475640287751255,296
observe_outside,27,-0.3,-0.3493739443588198,296
observe_outside,27,-0.2,-0.3011559966022314,296
observe_outside,27,-0.0999999999999996,-0.2739924133731003,296
observe_outside,27,0.0,-0.23847721212837814,296
observe_outside,27,0.1,-0.22250738751557134,296
observe_outside,27,0.2,-0.20563567836595953,296
observe_outside,27,0.3,-0.20399458885546914,296
observe_outside,27,0.4,-0.18198697509629058,296
observe_outside,27,0.5,-0.19403007561915891,296
observe_outside,27,0.6,-0.2017621864363935,296
observe_outside,27,0.7,-0.1594014116202882,296
observe_outside,27,0.8,-0.13310219410561588,296
observe_outside,27,0.9,-0.13134226035032015,296
observe_outside,27,1.0,-0.15038117659819938,296
observe_outside,27,1.1,-0.13249875019810756,296
observe_outside,27,1.2,-0.09729461540499734,296
observe_outside,27,1.3,-0.08671541591939712,296
observe_outside,27,1.4,-0.09009434084376564,296
observe_outside,27,1.5,-0.0812446605989902,296
observe_outside,27,1.6,-0.06665744967781119,296
observe_outside,27,1.7,-0.06676269731901086,296
observe_outside,27,1.8,-0.07312333511219228,296
observe_outside,27,1.9,-0.08497842245057408,296
observe_outside,27,2.0,-0.0962539380169599,296
observe_outside,27,2.1,-0.08454944606823762,296
observe_outside,27,2.2,-0.08207142422264964,296
observe_outside,27,2.3,-0.10828030979883825,296
observe_outside,27,2.4,-0.09690103703084216,296
observe_outside,27,2.5,-0.05683449121771161,296
observe_outside,27,2.6,-0.05791148710638957,296
observe_outside,27,2.7,-0.050657809848604615,296
observe_outside,27,2.8,-0.0333452692758498,296
observe_outside,27,2.9,-0.035828111253912075,296
observe_outside,27,3.0,-0.05646675502735909,296
observe_outside,27,3.1,-0.0611583517412291,296
observe_outside,27,3.2,-0.051392573117180415,296
observe_outside,27,3.3,-0.044802423200879675,296
observe_outside,27,3.4,-0.059202396779277494,296
observe_outside,27,3.5,-0.04907917467952292,296
observe_outside,27,3.6,-0.03628228149870324,296
observe_outside,27,3.7,-0.015480495779787957,296
observe_outside,27,3.8,0.0018995364992818791,296
observe_outside,27,3.9,0.009082279217671331,296
observe_outside,27,4.0,-0.0021625056775112536,296
observe_outside,27,4.1,-0.010383687605741586,296
observe_outside,27,4.2,-0.049462691038122925,296
observe_outside,27,4.3,-0.08433114458614573,296
observe_outside,27,4.4,-0.0962952158785908,296
observe_outside,27,4.5,-0.0884119873629154,296
observe_outside,27,4.6,-0.08932061592107066,296
observe_outside,27,4.7,-0.10105596539637327,296
observe_outside,27,4.8,-0.10374393277168625,296
observe_outside,27,4.9,-0.06078687159120653,296
observe_outside,27,5.0,-0.046734262770240016,296
observe_outside,27,5.1,-0.058783027624324864,296
observe_outside,27,5.2,-0.009582812539200692,296
observe_outside,27,5.3,0.019509831419304804,296
observe_outside,27,5.4,-0.0072427857370113025,296
observe_outside,27,5.5,-0.034820190730368614,296
observe_outside,27,5.6,-0.0463859893042383,296
observe_outside,27,5.7,-0.03815295138762764,296
observe_outside,27,5.8,-0.041415439652394095,296
observe_outside,27,5.9,-0.04508643193432094,296
observe_outside,35,-3.0,-0.04358272042361216,229
observe_outside,35,-2.9,-0.04735030658506101,229
observe_outside,35,-2.8,-0.05819525852674006,229
observe_outside,35,-2.7,-0.02233141296232319,229
observe_outside,35,-2.6,-0.03995653151824526,229
observe_outside,35,-2.5,0.010318018849613564,229
observe_outside,35,-2.4,-0.025051967538972944,229
observe_outside,35,-2.3,-0.06791741001067808,229
observe_outside,35,-2.2,0.03272136099888138,229
observe_outside,35,-2.1,-0.05057255104732877,229
observe_outside,35,-2.0,0.013570720924693637,229
observe_outside,35,-1.9,-0.036185792229562155,229
observe_outside,35,-1.8,-0.0347791578529052,229
observe_outside,35,-1.7,-0.08782797042131625,229
observe_outside,35,-1.6,-0.0908818224790151,229
observe_outside,35,-1.5,-0.08594242363790125,229
observe_outside,35,-1.4,-0.15410085764588274,229
observe_outside,35,-1.3,-0.07974911105098471,229
observe_outside,35,-1.2,-0.06910987572075171,229
observe_outside,35,-1.1,-0.1340966532348387,229
observe_outside,35,-1.0,-0.10978542529751834,229
observe_outside,35,-0.9,-0.09953825326956434,229
observe_outside,35,-0.8,-0.1542524965441916,229
observe_outside,35,-0.7,-0.08433085841526179,229
observe_outside,35,-0.6,-0.03371955229548195,229
observe_outside,35,-0.5,-0.09706464411799143,229
observe_outside,35,-0.4,-0.15406032679722018,229
observe_outside,35,-0.3,-0.22926203903358067,229
observe_outside,35,-0.2,-0.29933480974265103,229
observe_outside,35,-0.0999999999999996,-0.30328861593153444,229
observe_outside,35,0.0,-0.3936296264906561,229
observe_outside,35,0.1,-0.4179860772774366,229
observe_outside,35,0.2,-0.40533009502753464,229
observe_outside,35,0.3,-0.37289443807003053,229
observe_outside,35,0.4,-0.33636152742859976,229
observe_outside,35,0.5,-0.3061313227982632,229
observe_outside,35,0.6,-0.24204315401979715,229
observe_outside,35,0.7,-0.21956146765236903,229
observe_outside,35,0.8,-0.18415483392295437,229
observe_outside,35,0.9,-0.24634629549944395,229
observe_outside,35,1.0,-0.2037825645381088,229
observe_outside,35,1.1,-0.16267046825818307,229
observe_outside,35,1.2,-0.21690420430854004,229
observe_outside,35,1.3,-0.21927180784756858,229
observe_outside,35,1.4,-0.22984728829357123,229
observe_outside,35,1.5,-0.2805665892935807,229
observe_outside,35,1.6,-0.2732075932731016,229
observe_outside,35,1.7,-0.3016631336995032,229
observe_outside,35,1.8,-0.22888361605585475,229
observe_outside,35,1.9,-0.16935168588447225,229
observe_outside,35,2.0,-0.11438471743376272,229
observe_outside,35,2.1,-0.15243849114323094,229
observe_outside,35,2.2,-0.19181629225536811,229
observe_outside,35,2.3,-0.16793928325346724,229
observe_outside,35,2.4,-0.21312534479597225,229
observe_outside,35,2.5,-0.22149466345690144,229
observe_outside,35,2.6,-0.11768510573162795,229
observe_outside,35,2.7,-0.10925733786572818,229
observe_outside,35,2.8,-0.1634097495964244,229
observe_outside,35,2.9,-0.1056342783897091,229
observe_outside,35,3.0,-0.08914965291782917,229
observe_outside,35,3.1,-0.04728684080587029,229
observe_outside,35,3.2,-0.10360232999253276,229
observe_outside,35,3.3,-0.08463835406155235,229
observe_outside,35,3.4,-0.08199552406485791,229
observe_outside,35,3.5,-0.08689887612533374,229
observe_outside,35,3.6,-0.07521204982767121,229
observe_outside,35,3.7,-0.09745357568573153,229
observe_outside,35,3.8,-0.02851123746390769,229
observe_outside,35,3.9,0.00010548847395448024,229
observe_outside,35,4.0,0.021448370180345178,229
observe_outside,35,4.1,0.015900492702372534,229
observe_outside,35,4.2,-0.007538710835078051,229
observe_outside,35,4.3,-0.006072657836826035,229
observe_outside,35,4.4,0.0014733885730309204,229
observe_outside,35,4.5,-0.018483823926824784,229
observe_outside,35,4.6,-0.05364933177205642,229
observe_outside,35,4.7,-0.10469565398165907,229
observe_outside,35,4.8,-0.07833671170462077,229
observe_outside,35,4.9,-0.07835768099906844,229
observe_outside,35,5.0,-0.10890697031175903,229
observe_outside,35,5.1,-0.05389614515310227,229
observe_outside,35,5.2,-0.09024535892516626,229
observe_outside,35,5.3,-0.04424918033481704,229
observe_outside,35,5.4,-0.06281449039036159,229
observe_outside,35,5.5,0.02633577889283264,229
observe_outside,35,5.6,-0.04224750341962983,229
observe_outside,35,5.7,0.011813659685688437,229
observe_outside,35,5.8,-0.045486900284540804,229
observe_outside,35,5.9,-0.11067611663959094,229
observer_feeding,1,-3.0,-0.11107130067911462,29
observer_feeding,1,-2.9,-0.08676454930713035,29
observer_feeding,1,-2.8,0.030037384302327618,29
observer_feeding,1,-2.7,0.013055854462171371,29
observer_feeding,1,-2.6,-0.07413570585472579,29
observer_feeding,1,-2.5,-0.07348501147273609,29
observer_feeding,1,-2.4,-0.030120697392249863,29
observer_feeding,1,-2.3,-0.1360832985354803,29
observer_feeding,1,-2.2,-0.11332181327100344,29
observer_feeding,1,-2.1,-0.13230232876175615,29
observer_feeding,1,-2.0,-0.1524043574163618,29
observer_feeding,1,-1.9,-0.18033126152929982,29
observer_feeding,1,-1.8,-0.21411332797072452,29
observer_feeding,1,-1.7,-0.15043196785161436,29
observer_feeding,1,-1.6,-0.0824342206256319,29
observer_feeding,1,-1.5,-0.0860967125890599,29
observer_feeding,1,-1.4,-0.11409724007735009,29
observer_feeding,1,-1.3,-0.11391535104723842,29
observer_feeding,1,-1.2,-0.09312580872915202,29
observer_feeding,1,-1.1,-0.1128811929485563,29
observer_feeding,1,-1.0,-0.08590323690991145,29
observer_feeding,1,-0.9,-0.032426453037732485,29
observer_feeding,1,-0.8,-0.016112153249959824,29
observer_feeding,1,-0.7,-0.08832503828566723,29
observer_feeding,1,-0.6,0.027293063498270684,29
observer_feeding,1,-0.5,-0.01397127770505893,29
observer_feeding,1,-0.4,-0.07872538653776598,29
observer_feeding,1,-0.3,-0.039399255720218886,29
observer_feeding,1,-0.2,-0.036448800376681786,29
observer_feeding,1,-0.0999999999999996,-0.1040902428528202,29
observer_feeding,1,0.0,-0.03804888178358423,29
observer_feeding,1,0.1,-0.021475571704423588,29
observer_feeding,1,0.2,0.007829425213560283,29
observer_feeding,1,0.3,0.023350105141196717,29
observer_feeding,1,0.4,-0.0031178817251449656,29
observer_feeding,1,0.5,0.0009727167169100657,29
observer_feeding,1,0.6,0.019422991299160523,29
observer_feeding,1,0.7,-0.00852036405215573,29
observer_feeding,1,0.8,-0.03216079972593034,29
observer_feeding,1,0.9,-0.008158255154932754,29
observer_feeding,1,1.0,0.03590298979027517,29
observer_feeding,1,1.1,0.06479649729038602,29
observer_feeding,1,1.2,0.029371342885832406,29
observer_feeding,1,1.3,0.05647468686238104,29
observer_feeding,1,1.4,0.13074203402322396,29
observer_feeding,1,1.5,0.1861001502451996,29
observer_feeding,1,1.6,0.3253379600413117,29
observer_feeding,1,1.7,0.26787546845280746,29
observer_feeding,1,1.8,0.26091587740786354,29
observer_feeding,1,1.9,0.24894143714077036,29
observer_feeding,1,2.0,0.33119311124844303,29
observer_feeding,1,2.1,0.33758829358990794,29
observer_feeding,1,2.2,0.32758094916772723,29
observer_feeding,1,2.3,0.39657585370070286,29
observer_feeding,1,2.4,0.450293500489988,29
observer_feeding,1,2.5,0.4166050838889669,29
observer_feeding,1,2.6,0.4673747508725505,29
observer_feeding,1,2.7,0.39853044581544134,29
observer_feeding,1,2.8,0.346184514536155,29
observer_feeding,1,2.9,0.3656443152109628,29
observer_feeding,1,3.0,0.3128293177928116,29
observer_feeding,1,3.1,0.2617487765941922,29
observer_feeding,1,3.2,0.2836688007050285,29
observer_feeding,1,3.3,0.21019352782229483,29
observer_feeding,1,3.4,0.20768748639391524,29
observer_feeding,1,3.5,0.16130957287155798,29
observer_feeding,1,3.6,0.16553140165409652,29
observer_feeding,1,3.7,0.11864369446756876,29
observer_feeding,1,3.8,0.09717255421984416,29
observer_feeding,1,3.9,0.06602147498815523,29
observer_feeding,1,4.0,0.15541751391618153,29
observer_feeding,1,4.1,0.08735636761047298,29
observer_feeding,1,4.2,0.16159931578565762,29
observer_feeding,1,4.3,0.16379671671676116,29
observer_feeding,1,4.4,0.15473812805883463,29
observer_feeding,1,4.5,0.16137310656441636,29
observer_feeding,1,4.6,0.15173982987828413,29
observer_feeding,1,4.7,0.09842738527064449,29
observer_feeding,1,4.8,0.12318339214980564,29
observer_feeding,1,4.9,0.13359899248443682,29
observer_feeding,1,5.0,0.08305983468014572,29
observer_feeding,1,5.1,0.06793841059900943,29
observer_feeding,1,5.2,0.11110899702187454,29
observer_feeding,1,5.3,0.08864154113058234,29
observer_feeding,1,5.4,0.07470329141413057,29
observer_feeding,1,5.5,0.09395355388859078,29
observer_feeding,1,5.6,0.08145890759533204,29
observer_feeding,1,5.7,0.08749202144652848,29
observer_feeding,1,5.8,0.02572809549410022,29
observer_feeding,1,5.9,0.10040179739265928,29
observer_feeding,3,-3.0,-0.18913177866698447,29
observer_feeding,3,-2.9,-0.16066153210577036,29
observer_feeding,3,-2.8,-0.21255375113136848,29
observer_feeding,3,-2.7,-0.09642295261272184,29
observer_feeding,3,-2.6,0.08163876430990322,29
observer_feeding,3,-2.5,0.044057099907969896,29
observer_feeding,3,-2.4,0.18083640632046466,29
observer_feeding,3,-2.3,0.0913535050910775,29
observer_feeding,3,-2.2,0.1442270455634832,29
observer_feeding,3,-2.1,0.38248248757024983,29
observer_feeding,3,-2.0,0.424171495402511,29
observer_feeding,3,-1.9,0.42810303298180585,29
observer_feeding,3,-1.8,0.5661051875141444,29
observer_feeding,3,-1.7,0.6362542907398482,29
observer_feeding,3,-1.6,0.5755272146763525,29
observer_feeding,3,-1.5,0.7088849120605334,29
observer_feeding,3,-1.4,0.7784911075002884,29
observer_feeding,3,-1.3,0.9021829614751907,29
observer_feeding,3,-1.2,0.9396120682584183,29
observer_feeding,3,-1.1,0.962836734078434,29
observer_feeding,3,-1.0,0.9083823090636879,29
observer_feeding,3,-0.9,0.8751517283318253,29
observer_feeding,3,-0.8,0.9499544364253092,29
observer_feeding,3,-0.7,0.8108973652494051,29
observer_feeding,3,-0.6,0.9312720308690758,29
observer_feeding,3,-0.5,1.073600962327887,29
observer_feeding,3,-0.4,1.265511626373053,29
observer_feeding,3,-0.3,1.2815192610132338,29
observer_feeding,3,-0.2,1.2337459109034106,29
observer_feeding,3,-0.0999999999999996,1.2423874952901937,29
observer_feeding,3,0.0,1.1952402345837205,29
observer_feeding,3,0.1,1.1220232527156548,29
observer_feeding,3,0.2,1.0841324834111803,29
observer_feeding,3,0.3,1.0926130697382581,29
observer_feeding,3,0.4,1.0522057367805167,29
observer_feeding,3,0.5,1.0580186020656261,29
observer_feeding,3,0.6,1.0669878480651882,29
observer_feeding,3,0.7,1.045862867645363,29
observer_feeding,3,0.8,1.0615488093151912,29
observer_feeding,3,0.9,1.0920307475831421,29
observer_feeding,3,1.0,1.208200627384443,29
observer_feeding,3,1.1,1.389799882500234,29
observer_feeding,3,1.2,1.5600490779897667,29
observer_feeding,3,1.3,1.74328046864709,29
observer_feeding,3,1.4,1.7993642170928128,29
observer_feeding,3,1.5,1.864170267297734,29
observer_feeding,3,1.6,1.7030481801947437,29
observer_feeding,3,1.7,1.7726894452895805,29
observer_feeding,3,1.8,1.686870955406117,29
observer_feeding,3,1.9,1.5367177390954432,29
observer_feeding,3,2.0,1.5550699415498912,29
observer_feeding,3,2.1,1.5618206221216717,29
observer_feeding,3,2.2,1.6257758721011484,29
observer_feeding,3,2.3,1.6102924544580164,29
observer_feeding,3,2.4,1.6294185756860993,29
observer_feeding,3,2.5,1.5665346742843942,29
observer_feeding,3,2.6,1.512569866476985,29
observer_feeding,3,2.7,1.385179760442425,29
observer_feeding,3,2.8,1.2987932388986168,29
observer_feeding,3,2.9,1.2949564493944876,29
observer_feeding,3,3.0,1.244333959114575,29
observer_feeding,3,3.1,1.172076952547791,29
observer_feeding,3,3.2,1.1146021693687636,29
observer_feeding,3,3.3,1.1062322663673239,29
observer_feeding,3,3.4,1.1320976530757223,29
observer_feeding,3,3.5,1.0385666960896935,29
observer_feeding,3,3.6,1.1411034048796997,29
observer_feeding,3,3.7,1.1158462598306644,29
observer_feeding,3,3.8,1.1908717265886521,29
observer_feeding,3,3.9,1.2135023819223385,29
observer_feeding,3,4.0,1.2214153606824667,29
observer_feeding,3,4.1,1.2764597935095143,29
observer_feeding,3,4.2,1.2746646996924402,29
observer_feeding,3,4.3,1.216505502720244,29
observer_feeding,3,4.4,1.1348175078917209,29
observer_feeding,3,4.5,1.1957083094290186,29
observer_feeding,3,4.6,1.118403548195291,29
observer_feeding,3,4.7,1.1167200861415334,29
observer_feeding,3,4.8,1.0333879639739627,29
observer_feeding,3,4.9,1.0714840921657796,29
observer_feeding,3,5.0,1.0666705816347652,29
observer_feeding,3,5.1,0.9891771084099097,29
observer_feeding,3,5.2,0.9395816211309684,29
observer_feeding,3,5.3,0.9207100637812299,29
observer_feeding,3,5.4,0.9843011492158273,29
observer_feeding,3,5.5,0.9444257071359885,29
observer_feeding,3,5.6,1.0338304548912336,29
observer_feeding,3,5.7,0.9803704624497501,29
observer_feeding,3,5.8,0.9715793411468693,29
observer_feeding,3,5.9,0.9439237017203186,29
observer_feeding,4,-3.0,-0.07921251285295904,74
observer_feeding,4,-2.9,-0.03572711955212472,74
observer_feeding,4,-2.8,0.0475813265164125,74
observer_feeding,4,-2.7,0.028384641879328938,74
observer_feeding,4,-2.6,0.06483849321755933,74
observer_feeding,4,-2.5,0.1062767770393486,74
observer_feeding,4,-2.4,0.15380648261328655,74
observer_feeding,4,-2.3,0.11174020124916717,74
observer_feeding,4,-2.2,0.08480357015784828,74
observer_feeding,4,-2.1,0.11178306652035404,74
observer_feeding,4,-2.0,0.13905097879438635,74
observer_feeding,4,-1.9,0.062314306632375395,74
observer_feeding,4,-1.8,0.10140113120386951,74
observer_feeding,4,-1.7,0.1776159002719039,74
observer_feeding,4,-1.6,0.22604969061709812,74
observer_feeding,4,-1.5,0.44673072552952725,74
observer_feeding,4,-1.4,0.5630446118975444,74
observer_feeding,4,-1.3,0.6225067795177532,74
observer_feeding,4,-1.2,0.6934243835070895,74
observer_feeding,4,-1.1,0.7726083354270443,74
observer_feeding,4,-1.0,0.8026245103799903,74
observer_feeding,4,-0.9,0.7658065071384808,74
observer_feeding,4,-0.8,0.9139640658680974,74
observer_feeding,4,-0.7,0.956084554658295,74
observer_feeding,4,-0.6,0.8924506677536814,74
observer_feeding,4,-0.5,0.8408298537305776,74
observer_feeding,4,-0.4,0.801544434071278,74
observer_feeding,4,-0.3,0.7395238232695416,74
observer_feeding,4,-0.2,0.6945034229250967,74
observer_feeding,4,-0.0999999999999996,0.608603947022834,74
observer_feeding,4,0.0,0.6490329996215469,74
observer_feeding,4,0.1,0.5764868388879839,74
observer_feeding,4,0.2,0.5065909305799359,74
observer_feeding,4,0.3,0.4148408895895513,74
observer_feeding,4,0.4,0.27511620340031523,74
observer_feeding,4,0.5,0.20766976041112434,74
observer_feeding,4,0.6,0.38278478563563517,74
observer_feeding,4,0.7,0.7115958509346707,74
observer_feeding,4,0.8,1.0152482534992362,74
observer_feeding,4,0.9,1.2227918367872836,74
observer_feeding,4,1.0,1.2632136563695575,74
observer_feeding,4,1.1,1.1683938090450792,74
observer_feeding,4,1.2,0.9494930924154609,74
observer_feeding,4,1.3,0.7481382285579286,74
observer_feeding,4,1.4,0.6749641084446574,74
observer_feeding,4,1.5,0.6554254778869715,74
observer_feeding,4,1.6,0.5710951180890176,74
observer_feeding,4,1.7,0.5205402599221922,74
observer_feeding,4,1.8,0.4387606118336837,74
observer_feeding,4,1.9,0.2678795177239608,74
observer_feeding,4,2.0,0.2053581868960519,74
observer_feeding,4,2.1,0.13158902244556664,74
observer_feeding,4,2.2,0.1264527555998241,74
observer_feeding,4,2.3,0.17936811636438757,74
observer_feeding,4,2.4,0.1320763714590824,74
observer_feeding,4,2.5,0.10199307795757002,74
observer_feeding,4,2.6,0.11133864319503346,74
observer_feeding,4,2.7,0.14771403634428634,74
observer_feeding,4,2.8,0.043185642723498605,74
observer_feeding,4,2.9,0.10615821956940444,74
observer_feeding,4,3.0,0.056737593565060265,74
observer_feeding,4,3.1,0.016405637490911028,74
observer_feeding,4,3.2,-0.04313301522563183,74
observer_feeding,4,3.3,-0.005727442366638759,74
observer_feeding,4,3.4,-0.04930053998945862,74
observer_feeding,4,3.5,-0.11362920499648911,74
observer_feeding,4,3.6,-0.09167639884193601,74
observer_feeding,4,3.7,-0.061278258623141436,74
observer_feeding,4,3.8,0.008866782584484204,74
observer_feeding,4,3.9,0.02439152568685237,74
observer_feeding,4,4.0,-0.05035148665199263,74
observer_feeding,4,4.1,-0.025954604076374833,74
observer_feeding,4,4.2,0.04330172265230022,74
observer_feeding,4,4.3,0.010862117801174118,74
observer_feeding,4,4.4,0.05704443577943079,74
observer_feeding,4,4.5,0.08285175065368348,74
observer_feeding,4,4.6,0.09685695329478047,74
observer_feeding,4,4.7,0.061082982446081055,74
observer_feeding,4,4.8,0.09297511785131574,74
observer_feeding,4,4.9,0.07275043835389629,74
observer_feeding,4,5.0,0.026960518401867656,74
observer_feeding,4,5.1,-0.04762754297786809,74
observer_feeding,4,5.2,-0.02416592759093356,74
observer_feeding,4,5.3,-0.11287573113038293,74
observer_feeding,4,5.4,-0.08670096223811992,74
observer_feeding,4,5.5,-0.08491302147724211,74
observer_feeding,4,5.6,-0.10745225476207079,74
observer_feeding,4,5.7,-0.16489804335087485,74
observer_feeding,4,5.8,-0.12442372973015345,74
observer_feeding,4,5.9,-0.12478625203516676,74
observer_feeding,5,-3.0,-0.03444587697346158,87
observer_feeding,5,-2.9,-0.0494084746429232,87
observer_feeding,5,-2.8,-0.025180397442839744,87
observer_feeding,5,-2.7,-0.050177150873141986,87
observer_feeding,5,-2.6,-0.10287603323759241,87
observer_feeding,5,-2.5,-0.16646207813776853,87
observer_feeding,5,-2.4,-0.17337464243032447,87
observer_feeding,5,-2.3,-0.16137723331642229,87
observer_feeding,5,-2.2,-0.10795497772033627,87
observer_feeding,5,-2.1,-0.0648405571152308,87
observer_feeding,5,-2.0,-0.09244712457860209,87
observer_feeding,5,-1.9,-0.1105226523631249,87
observer_feeding,5,-1.8,-0.137065761172622,87
observer_feeding,5,-1.7,-0.1616006464287719,87
observer_feeding,5,-1.6,-0.1565411718021244,87
observer_feeding,5,-1.5,-0.12141998021109081,87
observer_feeding,5,-1.4,-0.08724908059008918,87
observer_feeding,5,-1.3,-0.0629405901651151,87
observer_feeding,5,-1.2,-0.06507923946192931,87
observer_feeding,5,-1.1,-0.005970317977481656,87
observer_feeding,5,-1.0,-0.009082205732437204,87
observer_feeding,5,-0.9,0.07537953956566987,87
observer_feeding,5,-0.8,0.1442157158807749,87
observer_feeding,5,-0.7,0.13838380105336126,87
observer_feeding,5,-0.6,0.19040363548462247,87
observer_feeding,5,-0.5,0.2725016883015369,87
observer_feeding,5,-0.4,0.29636954500809676,87
observer_feeding,5,-0.3,0.23663125083433098,87
observer_feeding,5,-0.2,0.22158394700445802,87
observer_feeding,5,-0.0999999999999996,0.22738863095489503,87
observer_feeding,5,0.0,0.2283103074060278,87
observer_feeding,5,0.1,0.16791693184749615,87
observer_feeding,5,0.2,0.11898208287066621,87
observer_feeding,5,0.3,0.025323449140541333,87
observer_feeding,5,0.4,-0.010693231989973953,87
observer_feeding,5,0.5,0.07844761521230506,87
observer_feeding,5,0.6,0.294371419225802,87
observer_feeding,5,0.7,0.7506603289159892,87
observer_feeding,5,0.8,1.3381987855736701,87
observer_feeding,5,0.9,1.6297920914542268,87
observer_feeding,5,1.0,1.684081201301039,87
observer_feeding,5,1.1,1.5302334952957177,87
observer_feeding,5,1.2,1.4148433873039172,87
observer_feeding,5,1.3,1.3384204888875095,87
observer_feeding,5,1.4,1.2573966469413427,87
observer_feeding,5,1.5,1.1676475434923481,87
observer_feeding,5,1.6,1.0532118355224869,87
observer_feeding,5,1.7,1.0015983379787758,87
observer_feeding,5,1.8,0.8899509236682807,87
observer_feeding,5,1.9,0.8000934462384656,87
observer_feeding,5,2.0,0.7767200117948204,87
observer_feeding,5,2.1,0.7369749240289091,87
observer_feeding,5,2.2,0.7142737622634903,87
observer_feeding,5,2.3,0.6988434712421744,87
observer_feeding,5,2.4,0.6660699379603287,87
observer_feeding,5,2.5,0.5856477858170178,87
observer_feeding,5,2.6,0.4835421316283249,87
observer_feeding,5,2.7,0.45353549037658586,87
observer_feeding,5,2.8,0.39133056721830295,87
observer_feeding,5,2.9,0.42207773574697893,87
observer_feeding,5,3.0,0.34328109509701804,87
observer_feeding,5,3.1,0.35236692885473986,87
observer_feeding,5,3.2,0.3458001545698231,87
observer_feeding,5,3.3,0.2952808200448191,87
observer_feeding,5,3.4,0.21202375251396613,87
observer_feeding,5,3.5,0.19708204005179877,87
observer_feeding,5,3.6,0.23780961658869507,87
observer_feeding,5,3.7,0.22006346748267974,87
observer_feeding,5,3.8,0.22409251382957193,87
observer_feeding,5,3.9,0.21218599576572925,87
observer_feeding,5,4.0,0.1923120847918987,87
observer_feeding,5,4.1,0.1781152518108619,87
observer_feeding,5,4.2,0.14538341375059233,87
observer_feeding,5,4.3,0.14003898151311853,87
observer_feeding,5,4.4,0.11332715245764965,87
observer_feeding,5,4.5,0.12875302506003472,87
observer_feeding,5,4.6,0.19678394663385024,87
observer_feeding,5,4.7,0.22958414713789904,87
observer_feeding,5,4.8,0.24802757423103272,87
observer_feeding,5,4.9,0.2559485943336744,87
observer_feeding,5,5.0,0.28578730444683187,87
observer_feeding,5,5.1,0.3188708966734998,87
observer_feeding,5,5.2,0.30980639586529934,87
observer_feeding,5,5.3,0.2403462357845344,87
observer_feeding,5,5.4,0.17944163822044928,87
observer_feeding,5,5.5,0.19923284494240662,87
observer_feeding,5,5.6,0.22197387004909291,87
observer_feeding,5,5.7,0.23706466844341442,87
observer_feeding,5,5.8,0.19442583732607882,87
observer_feeding,5,5.9,0.1913577117929409,87
observer_feeding,6,-3.0,-0.06392137969228649,111
observer_feeding,6,-2.9,-0.0553744978233427,111
observer_feeding,6,-2.8,0.00989778431864001,111
observer_feeding,6,-2.7,-0.055250222717871625,111
observer_feeding,6,-2.6,0.0013072506186277996,111
observer_feeding,6,-2.5,0.05068334627959941,111
observer_feeding,6,-2.4,-0.0321599823415484,111
observer_feeding,6,-2.3,0.03304095223285865,111
observer_feeding,6,-2.2,0.09553862643643929,111
observer_feeding,6,-2.1,0.07315977276844353,111
observer_feeding,6,-2.0,0.03393825378032955,111
observer_feeding,6,-1.9,0.042113114125647166,111
observer_feeding,6,-1.8,0.11402782656810807,111
observer_feeding,6,-1.7,0.17489758858167967,111
observer_feeding,6,-1.6,0.1904581475015788,111
observer_feeding,6,-1.5,0.16502319223725015,111
observer_feeding,6,-1.4,0.2173696077908256,111
observer_feeding,6,-1.3,0.2134564410649362,111
observer_feeding,6,-1.2,0.24402307710010568,111
observer_feeding,6,-1.1,0.2393830731816092,111
observer_feeding,6,-1.0,0.2014002902420798,111
observer_feeding,6,-0.9,0.1897298704347848,111
observer_feeding,6,-0.8,0.2313371958967463,111
observer_feeding,6,-0.7,0.20134949540418667,111
observer_feeding,6,-0.6,0.14714998630216344,111
observer_feeding,6,-0.5,0.09518715542101519,111
observer_feeding,6,-0.4,0.00955976981969562,111
observer_feeding,6,-0.3,-0.0919350961480188,111
observer_feeding,6,-0.2,0.05467570091278232,111
observer_feeding,6,-0.0999999999999996,0.12272826257540599,111
observer_feeding,6,0.0,0.19513227312392248,111
observer_feeding,6,0.1,0.19430433054979562,111
observer_feeding,6,0.2,0.24076827793148695,111
observer_feeding,6,0.3,0.15454516138908508,111
observer_feeding,6,0.4,0.08978097103712254,111
observer_feeding,6,0.5,0.032575894996391026,111
observer_feeding,6,0.6,0.14897998486925504,111
observer_feeding,6,0.7,0.3553743116845299,111
observer_feeding,6,0.8,0.5648114899327795,111
observer_feeding,6,0.9,0.7285915506789512,111
observer_feeding,6,1.0,0.6929892621340703,111
observer_feeding,6,1.1,0.7122315138180868,111
observer_feeding,6,1.2,0.6029043081388823,111
observer_feeding,6,1.3,0.49069469032988033,111
observer_feeding,6,1.4,0.3745706862816067,111
observer_feeding,6,1.5,0.2911777781445039,111
observer_feeding,6,1.6,0.2620551988669923,111
observer_feeding,6,1.7,0.12759962695598676,111
observer_feeding,6,1.8,0.12026359415007407,111
observer_feeding,6,1.9,0.11442024272088674,111
observer_feeding,6,2.0,0.11847791499454934,111
observer_feeding,6,2.1,0.07020177311875117,111
observer_feeding,6,2.2,-0.0029812715235181435,111
observer_feeding,6,2.3,0.020595468014453222,111
observer_feeding,6,2.4,0.03798100218656806,111
observer_feeding,6,2.5,-0.010662020745114492,111
observer_feeding,6,2.6,-0.010896878631992239,111
observer_feeding,6,2.7,-0.044429675112420866,111
observer_feeding,6,2.8,0.014148716843237876,111
observer_feeding,6,2.9,-0.014934055973420539,111
observer_feeding,6,3.0,-0.04667243469079372,111
observer_feeding,6,3.1,-0.034685746273944544,111
observer_feeding,6,3.2,0.08079237534661171,111
observer_feeding,6,3.3,0.005584522703145907,111
observer_feeding,6,3.4,0.015927368743072125,111
observer_feeding,6,3.5,-0.008051651085523392,111
observer_feeding,6,3.6,0.010891430040209692,111
observer_feeding,6,3.7,0.02815031806678581,111
observer_feeding,6,3.8,0.005420900361045908,111
observer_feeding,6,3.9,-0.027887828308558897,111
observer_feeding,6,4.0,0.03217923699140659,111
observer_feeding,6,4.1,0.07131696746300528,111
observer_feeding,6,4.2,0.025706263611946726,111
observer_feeding,6,4.3,0.06505560063582554,111
observer_feeding,6,4.4,0.028701388864327812,111
observer_feeding,6,4.5,0.07205073817519482,111
observer_feeding,6,4.6,0.07947270191313865,111
observer_feeding,6,4.7,0.04613529651534875,111
observer_feeding,6,4.8,0.05635628412560662,111
observer_feeding,6,4.9,0.14054073966131211,111
observer_feeding,6,5.0,0.0741337138453095,111
observer_feeding,6,5.1,0.13544688729959217,111
observer_feeding,6,5.2,0.054962360051017366,111
observer_feeding,6,5.3,0.022063891998653423,111
observer_feeding,6,5.4,0.03423339312240326,111
observer_feeding,6,5.5,0.03366118302953749,111
observer_feeding,6,5.6,-0.01312662646656661,111
observer_feeding,6,5.7,0.01624784695576449,111
observer_feeding,6,5.8,0.041109870702031134,111
observer_feeding,6,5.9,-0.01740890893906419,111
observer_feeding,18,-3.0,0.27741864312315756,93
observer_feeding,18,-2.9,0.30615436242435223,93
observer_feeding,18,-2.8,0.3741839291675128,93
observer_feeding,18,-2.7,0.42100358269563126,93
observer_feeding,18,-2.6,0.4798880691264462,93
observer_feeding,18,-2.5,0.48327990157172707,93
observer_feeding,18,-2.4,0.4882153365241426,93
observer_feeding,18,-2.3,0.523507101164773,93
observer_feeding,18,-2.2,0.6255514937798983,93
observer_feeding,18,-2.1,0.6498255242012586,93
observer_feeding,18,-2.0,0.7055333383424439,93
observer_feeding,18,-1.9,0.7097533725482711,93
observer_feeding,18,-1.8,0.676883708093587,93
observer_feeding,18,-1.7,0.6922483458925167,93
observer_feeding,18,-1.6,0.6634410087939518,93
observer_feeding,18,-1.5,0.7009291500852235,93
observer_feeding,18,-1.4,0.702967258549132,93
observer_feeding,18,-1.3,0.749261303467447,93
observer_feeding,18,-1.2,0.7224752691007588,93
observer_feeding,18,-1.1,0.6568011063461713,93
observer_feeding,18,-1.0,0.64451405198579,93
observer_feeding,18,-0.9,0.5726661697101577,93
observer_feeding,18,-0.8,0.5574595063013369,93
observer_feeding,18,-0.7,0.5219406623750924,93
observer_feeding,18,-0.6,0.47582435161853176,93
observer_feeding,18,-0.5,0.39917192112456273,93
observer_feeding,18,-0.4,0.33324435399291596,93
observer_feeding,18,-0.3,0.3016200286539472,93
observer_feeding,18,-0.2,0.19761196971832828,93
observer_feeding,18,-0.0999999999999996,0.16957252379654403,93
observer_feeding,18,0.0,0.17811626251359214,93
observer_feeding,18,0.1,0.34966701486841434,93
observer_feeding,18,0.2,0.39842983129504334,93
observer_feeding,18,0.3,0.3269670264210558,93
observer_feeding,18,0.4,0.2708356284291122,93
observer_feeding,18,0.5,0.18266768755018967,93
observer_feeding,18,0.6,0.1352822423826998,93
observer_feeding,18,0.7,0.20872393450320562,93
observer_feeding,18,0.8,0.3866496728754977,93
observer_feeding,18,0.9,0.835239062080786,93
observer_feeding,18,1.0,1.2525963353960798,93
observer_feeding,18,1.1,1.589677613814111,93
observer_feeding,18,1.2,1.7432525283271973,93
observer_feeding,18,1.3,1.795673566966223,93
observer_feeding,18,1.4,1.741697424959396,93
observer_feeding,18,1.5,1.6762646718425214,93
observer_feeding,18,1.6,1.5941410910655747,93
observer_feeding,18,1.7,1.5129248294027176,93
observer_feeding,18,1.8,1.4202576360285142,93
observer_feeding,18,1.9,1.3159041907507236,93
observer_feeding,18,2.0,1.232598271544955,93
observer_feeding,18,2.1,1.1707762039188467,93
observer_feeding,18,2.2,1.0740033922922299,93
observer_feeding,18,2.3,1.0911170190754027,93
observer_feeding,18,2.4,1.0448235172837863,93
observer_feeding,18,2.5,1.0299209394338205,93
observer_feeding,18,2.6,0.9599236430505449,93
observer_feeding,18,2.7,0.8773880345667918,93
observer_feeding,18,2.8,0.8232858468597272,93
observer_feeding,18,2.9,0.7767475255396148,93
observer_feeding,18,3.0,0.7346819475172182,93
observer_feeding,18,3.1,0.6970545908370213,93
observer_feeding,18,3.2,0.7312119645444137,93
observer_feeding,18,3.3,0.7060630571517327,93
observer_feeding,18,3.4,0.7440444112325193,93
observer_feeding,18,3.5,0.7332357459068913,93
observer_feeding,18,3.6,0.7261848244676319,93
observer_feeding,18,3.7,0.6830244106061113,93
observer_feeding,18,3.8,0.7254281830532209,93
observer_feeding,18,3.9,0.695468599092026,93
observer_feeding,18,4.0,0.6122219182165597,93
observer_feeding,18,4.1,0.5939236575388896,93
observer_feeding,18,4.2,0.5175045146449258,93
observer_feeding,18,4.3,0.5071969403031997,93
observer_feeding,18,4.4,0.5224506505271004,93
observer_feeding,18,4.5,0.46966304620156474,93
observer_feeding,18,4.6,0.5033871620377274,93
observer_feeding,18,4.7,0.48031727026560683,93
observer_feeding,18,4.8,0.502072879831838,93
observer_feeding,18,4.9,0.48919281496662,93
observer_feeding,18,5.0,0.47411175918594367,93
observer_feeding,18,5.1,0.46574939031181034,93
observer_feeding,18,5.2,0.4174102694308893,93
observer_feeding,18,5.3,0.3782082671468785,93
observer_feeding,18,5.4,0.3861666553551658,93
observer_feeding,18,5.5,0.38936092240679215,93
observer_feeding,18,5.6,0.3693310546403264,93
observer_feeding,18,5.7,0.3638323193033721,93
observer_feeding,18,5.8,0.33114766988436556,93
observer_feeding,18,5.9,0.3307366100070008,93
observer_feeding,19,-3.0,-0.0008494613469812243,32
observer_feeding,19,-2.9,-0.02521288853549604,32
observer_feeding,19,-2.8,0.0841975317185982,32
observer_feeding,19,-2.7,0.08229513500732252,32
observer_feeding,19,-2.6,0.030770333632581526,32
observer_feeding,19,-2.5,-0.023746559903016162,32
observer_feeding,19,-2.4,-0.02651911905688161,32
observer_feeding,19,-2.3,-0.17676642964750341,32
observer_feeding,19,-2.2,-0.06858288303272383,32
observer_feeding,19,-2.1,-0.03031843795082724,32
observer_feeding,19,-2.0,-0.06319495647014459,32
observer_feeding,19,-1.9,0.0221040655205945,32
observer_feeding,19,-1.8,-0.0009829721573870638,32
observer_feeding,19,-1.7,0.047681821736477434,32
observer_feeding,19,-1.6,0.08132537148870314,32
observer_feeding,19,-1.5,0.17472400263174093,32
observer_feeding,19,-1.4,0.04424751938529536,32
observer_feeding,19,-1.3,0.10186392451091814,32
observer_feeding,19,-1.2,0.2528048508083551,32
observer_feeding,19,-1.1,0.16278628720853258,32
observer_feeding,19,-1.0,0.1712207101591969,32
observer_feeding,19,-0.9,0.11863634660566338,32
observer_feeding,19,-0.8,0.1650839284235667,32
observer_feeding,19,-0.7,0.22401916481284434,32
observer_feeding,19,-0.6,0.2250619858780561,32
observer_feeding,19,-0.5,0.1899617046240632,32
observer_feeding,19,-0.4,0.12205614968608364,32
observer_feeding,19,-0.3,0.16588524732369175,32
observer_feeding,19,-0.2,0.20504032368347608,32
observer_feeding,19,-0.0999999999999996,0.24658379779992115,32
observer_feeding,19,0.0,0.2485431434085601,32
observer_feeding,19,0.1,0.2600271563126657,32
observer_feeding,19,0.2,0.17030532668948534,32
observer_feeding,19,0.3,0.15745322692615382,32
observer_feeding,19,0.4,0.13006547951731928,32
observer_feeding,19,0.5,0.15671231439289346,32
observer_feeding,19,0.6,0.20894255320927785,32
observer_feeding,19,0.7,0.30848712553235125,32
observer_feeding,19,0.8,0.5605857866350696,32
observer_feeding,19,0.9,0.8942262257618261,32
observer_feeding,19,1.0,1.286582909552482,32
observer_feeding,19,1.1,1.4326538544258929,32
observer_feeding,19,1.2,1.6772620193904768,32
observer_feeding,19,1.3,1.7471879625305928,32
observer_feeding,19,1.4,1.6072560114009604,32
observer_feeding,19,1.5,1.7313981526456947,32
observer_feeding,19,1.6,1.6519235246680406,32
observer_feeding,19,1.7,1.8216662126027243,32
observer_feeding,19,1.8,1.7896160570870172,32
observer_feeding,19,1.9,1.717785039477116,32
observer_feeding,19,2.0,1.5945288554884063,32
observer_feeding,19,2.1,1.5130987379296357,32
observer_feeding,19,2.2,1.4740062445352649,32
observer_feeding,19,2.3,1.3644527160133764,32
observer_feeding,19,2.4,1.202205894206637,32
observer_feeding,19,2.5,1.1544004263765832,32
observer_feeding,19,2.6,1.0095811016210907,32
observer_feeding,19,2.7,0.9302722027793687,32
observer_feeding,19,2.8,0.8646724837629862,32
observer_feeding,19,2.9,0.9038941484473555,32
observer_feeding,19,3.0,0.8171868001606304,32
observer_feeding,19,3.1,0.7779440208061023,32
observer_feeding,19,3.2,0.8241296372211135,32
observer_feeding,19,3.3,0.8076352260947919,32
observer_feeding,19,3.4,0.8761481515180347,32
observer_feeding,19,3.5,0.8879053706141791,32
observer_feeding,19,3.6,0.8598156126764842,32
observer_feeding,19,3.7,0.846932744850549,32
observer_feeding,19,3.8,0.9066100952426213,32
observer_feeding,19,3.9,0.877050125878535,32
observer_feeding,19,4.0,0.8277837319056436,32
observer_feeding,19,4.1,0.780589623167313,32
observer_feeding,19,4.2,0.7578500320428551,32
observer_feeding,19,4.3,0.718444754754852,32
observer_feeding,19,4.4,0.7859830092081623,32
observer_feeding,19,4.5,0.7531664410881127,32
observer_feeding,19,4.6,0.7372054584182148,32
observer_feeding,19,4.7,0.6448458804400865,32
observer_feeding,19,4.8,0.6261306297444055,32
observer_feeding,19,4.9,0.6765249414569625,32
observer_feeding,19,5.0,0.6974862259934351,32
observer_feeding,19,5.1,0.7135585489460727,32
observer_feeding,19,5.2,0.6673248738184674,32
observer_feeding,19,5.3,0.5822546191126836,32
observer_feeding,19,5.4,0.6070490520621314,32
observer_feeding,19,5.5,0.6261284859816942,32
observer_feeding,19,5.6,0.6890279600599154,32
observer_feeding,19,5.7,0.5847218128004111,32
observer_feeding,19,5.8,0.6470698258435837,32
observer_feeding,19,5.9,0.6140005165848892,32
observer_feeding,27,-3.0,-0.010932634845889837,53
observer_feeding,27,-2.9,-0.08490273229887085,53
observer_feeding,27,-2.8,-0.13728469350468503,53
observer_feeding,27,-2.7,-0.13711818154825428,53
observer_feeding,27,-2.6,-0.09143243272514937,53
observer_feeding,27,-2.5,-0.16087237844053157,53
observer_feeding,27,-2.4,-0.06426018837419938,53
observer_feeding,27,-2.3,0.11803383431226981,53
observer_feeding,27,-2.2,0.18495872115649095,53
observer_feeding,27,-2.1,0.22198717276272706,53
observer_feeding,27,-2.0,0.21408036738901304,53
observer_feeding,27,-1.9,0.24970404151313808,53
observer_feeding,27,-1.8,0.2709788109735291,53
observer_feeding,27,-1.7,0.2512867910745541,53
observer_feeding,27,-1.6,0.32389805497045876,53
observer_feeding,27,-1.5,0.3494197397937674,53
observer_feeding,27,-1.4,0.3323183543334751,53
observer_feeding,27,-1.3,0.3096157649646545,53
observer_feeding,27,-1.2,0.32646783713610084,53
observer_feeding,27,-1.1,0.31929698482084684,53
observer_feeding,27,-1.0,0.3417299129004796,53
observer_feeding,27,-0.9,0.40990069202667295,53
observer_feeding,27,-0.8,0.43855518998217624,53
observer_feeding,27,-0.7,0.6195065644491707,53
observer_feeding,27,-0.6,0.7001773093160402,53
observer_feeding,27,-0.5,0.7312716856538377,53
observer_feeding,27,-0.4,0.8229668794137804,53
observer_feeding,27,-0.3,0.6642460261504053,53
observer_feeding,27,-0.2,0.5518845177753008,53
observer_feeding,27,-0.0999999999999996,0.5645977462724627,53
observer_feeding,27,0.0,0.5511965055982915,53
observer_feeding,27,0.1,0.4026963421938173,53
observer_feeding,27,0.2,0.2708867531630427,53
observer_feeding,27,0.3,0.20174103987457304,53
observer_feeding,27,0.4,0.21898421446585242,53
observer_feeding,27,0.5,0.3072031069242471,53
observer_feeding,27,0.6,0.6063396716725618,53
observer_feeding,27,0.7,1.1614719077386573,53
observer_feeding,27,0.8,1.764801253994237,53
observer_feeding,27,0.9,2.0503267418965,53
observer_feeding,27,1.0,2.0032780391170255,53
observer_feeding,27,1.1,1.8450632968304619,53
observer_feeding,27,1.2,1.6375100773805857,53
observer_feeding,27,1.3,1.503473444951696,53
observer_feeding,27,1.4,1.4196109078746832,53
observer_feeding,27,1.5,1.2471753499218015,53
observer_feeding,27,1.6,1.202158476980919,53
observer_feeding,27,1.7,1.113850181178373,53
observer_feeding,27,1.8,1.0427090727029948,53
observer_feeding,27,1.9,0.9222242688076101,53
observer_feeding,27,2.0,0.8889003230619016,53
observer_feeding,27,2.1,0.8362724484543667,53
observer_feeding,27,2.2,0.7461718147818853,53
observer_feeding,27,2.3,0.6385242596862413,53
observer_feeding,27,2.4,0.6246069555286513,53
observer_feeding,27,2.5,0.5465676511718514,53
observer_feeding,27,2.6,0.46750712522016946,53
observer_feeding,27,2.7,0.40084707235679956,53
observer_feeding,27,2.8,0.4344797314126874,53
observer_feeding,27,2.9,0.43617425627158185,53
observer_feeding,27,3.0,0.4401376613342774,53
observer_feeding,27,3.1,0.344457265128527,53
observer_feeding,27,3.2,0.23826113691677092,53
observer_feeding,27,3.3,0.1882780261583484,53
observer_feeding,27,3.4,0.13931462478786086,53
observer_feeding,27,3.5,0.07278867613966482,53
observer_feeding,27,3.6,0.034283230216245526,53
observer_feeding,27,3.7,0.02495671015696403,53
observer_feeding,27,3.8,0.029400818036799087,53
observer_feeding,27,3.9,-0.028368772648311155,53
observer_feeding,27,4.0,-0.072802452125657,53
observer_feeding,27,4.1,-0.09923793857933098,53
observer_feeding,27,4.2,-0.046113577327419594,53
observer_feeding,27,4.3,-0.006715558414319457,53
observer_feeding,27,4.4,-0.02956504537576545,53
observer_feeding,27,4.5,-0.002623082673316616,53
observer_feeding,27,4.6,-0.01790474471451977,53
observer_feeding,27,4.7,-0.027112990073888312,53
observer_feeding,27,4.8,-0.020683622045140206,53
observer_feeding,27,4.9,-0.002870126162454202,53
observer_feeding,27,5.0,0.022416141109366263,53
observer_feeding,27,5.1,0.06691527645949606,53
observer_feeding,27,5.2,0.031698328654307405,53
observer_feeding,27,5.3,-0.022859874077466487,53
observer_feeding,27,5.4,-0.008439878243283115,53
observer_feeding,27,5.5,-0.0671758683359542,53
observer_feeding,27,5.6,-0.03331651482245292,53
observer_feeding,27,5.7,-0.0519776414688123,53
observer_feeding,27,5.8,-0.08932225574335047,53
observer_feeding,27,5.9,-0.07797633380265438,53
observer_feeding,35,-3.0,0.35462875544312217,30
observer_feeding,35,-2.9,0.28851354901993953,30
observer_feeding,35,-2.8,0.22736408244268516,30
observer_feeding,35,-2.7,0.11213516907793998,30
observer_feeding,35,-2.6,0.1453185700758153,30
observer_feeding,35,-2.5,0.10069619710990188,30
observer_feeding,35,-2.4,0.19977649355915228,30
observer_feeding,35,-2.3,0.12972916221079386,30
observer_feeding,35,-2.2,0.31818265769097803,30
observer_feeding,35,-2.1,0.3261977170887198,30
observer_feeding,35,-2.0,0.40249974985027664,30
observer_feeding,35,-1.9,0.1995807891859401,30
observer_feeding,35,-1.8,0.5915767917092337,30
observer_feeding,35,-1.7,0.6268063777622319,30
observer_feeding,35,-1.6,0.7596331298299476,30
observer_feeding,35,-1.5,0.5303238078214861,30
observer_feeding,35,-1.4,0.40980807722599266,30
observer_feeding,35,-1.3,0.41745723522622924,30
observer_feeding,35,-1.2,0.4873834997377605,30
observer_feeding,35,-1.1,0.5463680023477868,30
observer_feeding,35,-1.0,0.47440792051255953,30
observer_feeding,35,-0.9,0.8816036544952015,30
observer_feeding,35,-0.8,0.5535442094469846,30
observer_feeding,35,-0.7,0.7426397866598305,30
observer_feeding,35,-0.6,0.6477471566954736,30
observer_feeding,35,-0.5,0.3187666510961204,30
observer_feeding,35,-0.4,0.360425265015923,30
observer_feeding,35,-0.3,0.38439290502404533,30
observer_feeding,35,-0.2,0.3598855543745018,30
observer_feeding,35,-0.0999999999999996,0.5089976180432337,30
observer_feeding,35,0.0,0.2999118776304675,30
observer_feeding,35,0.1,0.4922607503729613,30
observer_feeding,35,0.2,0.37757328963281156,30
observer_feeding,35,0.3,0.3567828967810366,30
observer_feeding,35,0.4,0.33779143317456395,30
observer_feeding,35,0.5,0.06464057839733219,30
observer_feeding,35,0.6,0.17478824718721075,30
observer_feeding,35,0.7,0.28563700061411923,30
observer_feeding,35,0.8,0.08974744235004842,30
observer_feeding,35,0.9,0.5832190677524297,30
observer_feeding,35,1.0,0.7079443472273736,30
observer_feeding,35,1.1,0.9792504717019987,30
observer_feeding,35,1.2,1.1276786164374968,30
observer_feeding,35,1.3,1.16567205680636,30
observer_feeding,35,1.4,1.106357588576389,30
observer_feeding,35,1.5,1.237425702788545,30
observer_feeding,35,1.6,1.0896481125958197,30
observer_feeding,35,1.7,1.4283531539682273,30
observer_feeding,35,1.8,1.1118931532234935,30
observer_feeding,35,1.9,0.8417997024647644,30
observer_feeding,35,2.0,0.8612383834445771,30
observer_feeding,35,2.1,1.00932344219406,30
observer_feeding,35,2.2,1.1403191945648017,30
observer_feeding,35,2.3,0.960578355086357,30
observer_feeding,35,2.4,0.9320851835772902,30
observer_feeding,35,2.5,0.9388679500253542,30
observer_feeding,35,2.6,0.757987775471745,30
observer_feeding,35,2.7,0.8315983602348809,30
observer_feeding,35,2.8,0.956324593493327,30
observer_feeding,35,2.9,0.8320901849364268,30
observer_feeding,35,3.0,0.8207225108078945,30
observer_feeding,35,3.1,0.9476587778852542,30
observer_feeding,35,3.2,0.9908558509797696,30
observer_feeding,35,3.3,0.9305451445973956,30
observer_feeding,35,3.4,0.9307885238340653,30
observer_feeding,35,3.5,0.879728449611798,30
observer_feeding,35,3.6,0.7165836391488855,30
observer_feeding,35,3.7,0.7331953319196534,30
observer_feeding,35,3.8,0.7646115341087263,30
observer_feeding,35,3.9,0.7358681337873058,30
observer_feeding,35,4.0,0.635603497801178,30
observer_feeding,35,4.1,0.5668160460875632,30
observer_feeding,35,4.2,0.6244172936081254,30
observer_feeding,35,4.3,0.5937735277905085,30
observer_feeding,35,4.4,0.399721741138715,30
observer_feeding,35,4.5,0.6870028747594188,30
observer_feeding,35,4.6,0.5280692028251609,30
observer_feeding,35,4.7,0.6541220882989438,30
observer_feeding,35,4.8,0.47930627277510135,30
observer_feeding,35,4.9,0.33918892302503584,30
observer_feeding,35,5.0,0.3649790943493688,30
observer_feeding,35,5.1,0.3935689314867354,30
observer_feeding,35,5.2,0.295750336168694,30
observer_feeding,35,5.3,0.4127493439843591,30
observer_feeding,35,5.4,0.41384808870969275,30
observer_feeding,35,5.5,0.3693492498309181,30
observer_feeding,35,5.6,0.33916564914631653,30
observer_feeding,35,5.7,0.487923050213125,30
observer_feeding,35,5.8,0.4232471072327115,30
observer_feeding,35,5.9,0.4002251139917975,30
random_noobserve_inside,1,-3.0,0.010997913383773237,50
random_noobserve_inside,1,-2.9,0.014862866905797438,50
random_noobserve_inside,1,-2.8,0.03492019531789245,50
random_noobserve_inside,1,-2.7,-0.015227856128133663,50
random_noobserve_inside,1,-2.6,0.051021523813192776,50
random_noobserve_inside,1,-2.5,0.04095314975529669,50
random_noobserve_inside,1,-2.4,0.06490272910285551,50
random_noobserve_inside,1,-2.3,0.0502251135559227,50
random_noobserve_inside,1,-2.2,0.028020154456205718,50
random_noobserve_inside,1,-2.1,0.05750674246814446,50
random_noobserve_inside,1,-2.0,0.08775747493563811,50
random_noobserve_inside,1,-1.9,0.047743795594686674,50
random_noobserve_inside,1,-1.8,0.01971497260051098,50
random_noobserve_inside,1,-1.7,0.02219171785833577,50
random_noobserve_inside,1,-1.6,-0.017672586956295346,50
random_noobserve_inside,1,-1.5,-0.03142720509556365,50
random_noobserve_inside,1,-1.4,-0.09267956095305249,50
random_noobserve_inside,1,-1.3,-0.06819790180537236,50
random_noobserve_inside,1,-1.2,-0.13535524039994654,50
random_noobserve_inside,1,-1.1,-0.09751125409779517,50
random_noobserve_inside,1,-1.0,-0.0660526047302489,50
random_noobserve_inside,1,-0.9,-0.07392614937669137,50
random_noobserve_inside,1,-0.8,-0.018021646704970105,50
random_noobserve_inside,1,-0.7,-0.0248347193046211,50
random_noobserve_inside,1,-0.6,0.0014288006384897394,50
random_noobserve_inside,1,-0.5,-0.002250757646449382,50
random_noobserve_inside,1,-0.4,0.023738752968079733,50
random_noobserve_inside,1,-0.3,0.008225558429927997,50
random_noobserve_inside,1,-0.2,0.018640606556372,50
random_noobserve_inside,1,-0.0999999999999996,0.045005462885943516,50
random_noobserve_inside,1,0.0,0.05943023718995801,50
random_noobserve_inside,1,0.1,0.001758976839905445,50
random_noobserve_inside,1,0.2,-0.014666607688824081,50
random_noobserve_inside,1,0.3,-0.022977477242784424,50
random_noobserve_inside,1,0.4,-0.018411415729174197,50
random_noobserve_inside,1,0.5,-0.011203336593226778,50
random_noobserve_inside,1,0.6,-0.07364149215009456,50
random_noobserve_inside,1,0.7,-0.020723280129298735,50
random_noobserve_inside,1,0.8,0.01104736779075359,50
random_noobserve_inside,1,0.9,0.005206352195543117,50
random_noobserve_inside,1,1.0,0.004101815598651961,50
random_noobserve_inside,1,1.1,-0.000599278497811544,50
random_noobserve_inside,1,1.2,-0.013705446060641802,50
random_noobserve_inside,1,1.3,-0.05798803502606754,50
random_noobserve_inside,1,1.4,0.019689020370884994,50
random_noobserve_inside,1,1.5,0.05167054695503763,50
random_noobserve_inside,1,1.6,0.09340751976527674,50
random_noobserve_inside,1,1.7,0.08341887358153763,50
random_noobserve_inside,1,1.8,0.02849220796770366,50
random_noobserve_inside,1,1.9,0.007114834326422952,50
random_noobserve_inside,1,2.0,-0.022547068133907194,50
random_noobserve_inside,1,2.1,-0.0013912531554561313,50
random_noobserve_inside,1,2.2,-0.024179274352838682,50
random_noobserve_inside,1,2.3,-0.004978726591104637,50
random_noobserve_inside,1,2.4,0.001998956937175744,50
random_noobserve_inside,1,2.5,-0.012606265901916398,50
random_noobserve_inside,1,2.6,0.022410590930395467,50
random_noobserve_inside,1,2.7,0.02438372215164538,50
random_noobserve_inside,1,2.8,0.03567778812244473,50
random_noobserve_inside,1,2.9,0.02000467639003129,50
random_noobserve_inside,1,3.0,-0.01905212334497319,50
random_noobserve_inside,1,3.1,-0.008718432099945234,50
random_noobserve_inside,1,3.2,-0.008540331961198497,50
random_noobserve_inside,1,3.3,0.004413878588765789,50
random_noobserve_inside,1,3.4,0.03484482586549011,50
random_noobserve_inside,1,3.5,0.033515997244135606,50
random_noobserve_inside,1,3.6,-0.008324307946064135,50
random_noobserve_inside,1,3.7,0.004410042073491232,50
random_noobserve_inside,1,3.8,0.043860946975032074,50
random_noobserve_inside,1,3.9,0.06072521527211009,50
random_noobserve_inside,1,4.0,0.049287337789142655,50
random_noobserve_inside,1,4.1,0.03292773221408342,50
random_noobserve_inside,1,4.2,0.04860499294420159,50
random_noobserve_inside,1,4.3,0.1115759433278649,50
random_noobserve_inside,1,4.4,0.029776470053212763,50
random_noobserve_inside,1,4.5,0.05640083417508816,50
random_noobserve_inside,1,4.6,0.02531181393376907,50
random_noobserve_inside,1,4.7,0.031676483167372524,50
random_noobserve_inside,1,4.8,0.004390102703469123,50
random_noobserve_inside,1,4.9,0.023189188782616683,50
random_noobserve_inside,1,5.0,0.027772622400889374,50
random_noobserve_inside,1,5.1,0.007497042237464053,50
random_noobserve_inside,1,5.2,0.01763487730337318,50
random_noobserve_inside,1,5.3,0.05045724973243608,50
random_noobserve_inside,1,5.4,0.0823687785375224,50
random_noobserve_inside,1,5.5,0.04223786017792471,50
random_noobserve_inside,1,5.6,0.07696626163994871,50
random_noobserve_inside,1,5.7,0.1065891824163576,50
random_noobserve_inside,1,5.8,0.10546445455480051,50
random_noobserve_inside,1,5.9,0.08276023560161824,50
random_noobserve_inside,3,-3.0,0.16869897961511923,74
random_noobserve_inside,3,-2.9,0.17171706717321408,74
random_noobserve_inside,3,-2.8,0.1373122411633785,74
random_noobserve_inside,3,-2.7,0.08912530319692089,74
random_noobserve_inside,3,-2.6,0.09460512151876062,74
random_noobserve_inside,3,-2.5,0.07021374202496503,74
random_noobserve_inside,3,-2.4,0.07946638573795828,74
random_noobserve_inside,3,-2.3,0.0362645711106607,74
random_noobserve_inside,3,-2.2,0.03653007105010514,74
random_noobserve_inside,3,-2.1,0.04994220040663594,74
random_noobserve_inside,3,-2.0,-0.09910602530456013,74
random_noobserve_inside,3,-1.9,-0.08056268295035669,74
random_noobserve_inside,3,-1.8,-0.09702754818209618,74
random_noobserve_inside,3,-1.7,-0.043454550253673584,74
random_noobserve_inside,3,-1.6,-0.06775037607085875,74
random_noobserve_inside,3,-1.5,-0.11530432087495016,74
random_noobserve_inside,3,-1.4,-0.06871803406620669,74
random_noobserve_inside,3,-1.3,-0.013298815392246283,74
random_noobserve_inside,3,-1.2,-0.09954270481243052,74
random_noobserve_inside,3,-1.1,-0.08324398445965014,74
random_noobserve_inside,3,-1.0,-0.05259681032243245,74
random_noobserve_inside,3,-0.9,-0.03305680079414149,74
random_noobserve_inside,3,-0.8,0.007228793323570467,74
random_noobserve_inside,3,-0.7,-0.01488892274737103,74
random_noobserve_inside,3,-0.6,0.025093651357159907,74
random_noobserve_inside,3,-0.5,0.017405119581342818,74
random_noobserve_inside,3,-0.4,-0.01692841715870001,74
random_noobserve_inside,3,-0.3,-0.009813724723805652,74
random_noobserve_inside,3,-0.2,-0.033145668915108624,74
random_noobserve_inside,3,-0.0999999999999996,-0.07516969449774305,74
random_noobserve_inside,3,0.0,-0.10309182004087634,74
random_noobserve_inside,3,0.1,-0.1301768360492908,74
random_noobserve_inside,3,0.2,-0.13141461637893193,74
random_noobserve_inside,3,0.3,-0.058920760730309246,74
random_noobserve_inside,3,0.4,-0.08716824817929611,74
random_noobserve_inside,3,0.5,-0.10585363677632609,74
random_noobserve_inside,3,0.6,-0.13387032957162026,74
random_noobserve_inside,3,0.7,-0.19742270808453447,74
random_noobserve_inside,3,0.8,-0.2369833363832667,74
random_noobserve_inside,3,0.9,-0.301935961913296,74
random_noobserve_inside,3,1.0,-0.3261825046228291,74
random_noobserve_inside,3,1.1,-0.3402880339005113,74
random_noobserve_inside,3,1.2,-0.3081849608262806,74
random_noobserve_inside,3,1.3,-0.27690327329844616,74
random_noobserve_inside,3,1.4,-0.24802054998534578,74
random_noobserve_inside,3,1.5,-0.20543555382499748,74
random_noobserve_inside,3,1.6,-0.21703159384636173,74
random_noobserve_inside,3,1.7,-0.19859669026358343,74
random_noobserve_inside,3,1.8,-0.23694984491150659,74
random_noobserve_inside,3,1.9,-0.29604576016155965,74
random_noobserve_inside,3,2.0,-0.280831864159937,74
random_noobserve_inside,3,2.1,-0.3181139376072624,74
random_noobserve_inside,3,2.2,-0.31754830497850306,74
random_noobserve_inside,3,2.3,-0.2961959288464543,74
random_noobserve_inside,3,2.4,-0.2299441628346757,74
random_noobserve_inside,3,2.5,-0.23202293881081934,74
random_noobserve_inside,3,2.6,-0.25853145058824534,74
random_noobserve_inside,3,2.7,-0.2601016420207129,74
random_noobserve_inside,3,2.8,-0.27143812425130154,74
random_noobserve_inside,3,2.9,-0.26518651115253805,74
random_noobserve_inside,3,3.0,-0.3458521784664191,74
random_noobserve_inside,3,3.1,-0.30113569631925274,74
random_noobserve_inside,3,3.2,-0.3380970041411046,74
random_noobserve_inside,3,3.3,-0.3129429092160348,74
random_noobserve_inside,3,3.4,-0.3727681957061996,74
random_noobserve_inside,3,3.5,-0.3770673064165644,74
random_noobserve_inside,3,3.6,-0.36581040036044893,74
random_noobserve_inside,3,3.7,-0.34363442188039195,74
random_noobserve_inside,3,3.8,-0.31542731863807694,74
random_noobserve_inside,3,3.9,-0.296713559852723,74
random_noobserve_inside,3,4.0,-0.2649643543005357,74
random_noobserve_inside,3,4.1,-0.3758486826987889,74
random_noobserve_inside,3,4.2,-0.4093583780917298,74
random_noobserve_inside,3,4.3,-0.3830537386404439,74
random_noobserve_inside,3,4.4,-0.38513486417336096,74
random_noobserve_inside,3,4.5,-0.38167698455381216,74
random_noobserve_inside,3,4.6,-0.48799605371459265,74
random_noobserve_inside,3,4.7,-0.5091336565332083,74
random_noobserve_inside,3,4.8,-0.5042661398007205,74
random_noobserve_inside,3,4.9,-0.4812693602798089,74
random_noobserve_inside,3,5.0,-0.48987609664791615,74
random_noobserve_inside,3,5.1,-0.5324914766736935,74
random_noobserve_inside,3,5.2,-0.5466469860919332,74
random_noobserve_inside,3,5.3,-0.5630578516065935,74
random_noobserve_inside,3,5.4,-0.5247632831922687,74
random_noobserve_inside,3,5.5,-0.5325922182009888,74
random_noobserve_inside,3,5.6,-0.5040726148734063,74
random_noobserve_inside,3,5.7,-0.5392103276147363,74
random_noobserve_inside,3,5.8,-0.580022288870268,74
random_noobserve_inside,3,5.9,-0.5882408122059165,74
random_noobserve_inside,4,-3.0,0.015935338063622826,85
random_noobserve_inside,4,-2.9,0.08161366035460885,85
random_noobserve_inside,4,-2.8,0.05065707675701003,85
random_noobserve_inside,4,-2.7,0.08059202153784743,85
random_noobserve_inside,4,-2.6,0.10254702451619206,85
random_noobserve_inside,4,-2.5,0.05248228087483965,85
random_noobserve_inside,4,-2.4,-0.006118583026035189,85
random_noobserve_inside,4,-2.3,0.05278539213686154,85
random_noobserve_inside,4,-2.2,0.051883040373122455,85
random_noobserve_inside,4,-2.1,0.03751080024969694,85
random_noobserve_inside,4,-2.0,0.10753263307966028,85
random_noobserve_inside,4,-1.9,0.13628176435556605,85
random_noobserve_inside,4,-1.8,0.07033192672583755,85
random_noobserve_inside,4,-1.7,0.012007750860198724,85
random_noobserve_inside,4,-1.6,0.005213614892179309,85
random_noobserve_inside,4,-1.5,-0.0380199622544848,85
random_noobserve_inside,4,-1.4,-0.0885770641622904,85
random_noobserve_inside,4,-1.3,-0.07591291497084929,85
random_noobserve_inside,4,-1.2,-0.17525124268491082,85
random_noobserve_inside,4,-1.1,-0.21468802969036582,85
random_noobserve_inside,4,-1.0,-0.258806527988307,85
random_noobserve_inside,4,-0.9,-0.30113417569363016,85
random_noobserve_inside,4,-0.8,-0.18978901060783207,85
random_noobserve_inside,4,-0.7,-0.10604459305519073,85
random_noobserve_inside,4,-0.6,-0.14534595646183412,85
random_noobserve_inside,4,-0.5,-0.22767648428883588,85
random_noobserve_inside,4,-0.4,-0.1610266552257378,85
random_noobserve_inside,4,-0.3,-0.1740236257223733,85
random_noobserve_inside,4,-0.2,-0.21267165910348457,85
random_noobserve_inside,4,-0.0999999999999996,-0.17448174889061743,85
random_noobserve_inside,4,0.0,-0.21966687145550579,85
random_noobserve_inside,4,0.1,-0.151039576398238,85
random_noobserve_inside,4,0.2,-0.10957805838321236,85
random_noobserve_inside,4,0.3,-0.26191391781651874,85
random_noobserve_inside,4,0.4,-0.2489827077535471,85
random_noobserve_inside,4,0.5,-0.2899618172551021,85
random_noobserve_inside,4,0.6,-0.22750981139549792,85
random_noobserve_inside,4,0.7,-0.23193143536958336,85
random_noobserve_inside,4,0.8,-0.22212453558298426,85
random_noobserve_inside,4,0.9,-0.2623641375694901,85
random_noobserve_inside,4,1.0,-0.25655008060434586,85
random_noobserve_inside,4,1.1,-0.18039524412643734,85
random_noobserve_inside,4,1.2,-0.18300157924400057,85
random_noobserve_inside,4,1.3,-0.1798592004297354,85
random_noobserve_inside,4,1.4,-0.21746830141578175,85
random_noobserve_inside,4,1.5,-0.22098152574116178,85
random_noobserve_inside,4,1.6,-0.25499889359604677,85
random_noobserve_inside,4,1.7,-0.2642320232391846,85
random_noobserve_inside,4,1.8,-0.25879680754363454,85
random_noobserve_inside,4,1.9,-0.36527064091081374,85
random_noobserve_inside,4,2.0,-0.35323870405623065,85
random_noobserve_inside,4,2.1,-0.3177129569660943,85
random_noobserve_inside,4,2.2,-0.29826681973505936,85
random_noobserve_inside,4,2.3,-0.32737775093990074,85
random_noobserve_inside,4,2.4,-0.3458003632590893,85
random_noobserve_inside,4,2.5,-0.3491498022312896,85
random_noobserve_inside,4,2.6,-0.350813381831599,85
random_noobserve_inside,4,2.7,-0.41365732094939683,85
random_noobserve_inside,4,2.8,-0.43956407898621513,85
random_noobserve_inside,4,2.9,-0.4821979522808046,85
random_noobserve_inside,4,3.0,-0.4771571598340813,85
random_noobserve_inside,4,3.1,-0.4447934348285261,85
random_noobserve_inside,4,3.2,-0.3974558279774073,85
random_noobserve_inside,4,3.3,-0.390586252123284,85
random_noobserve_inside,4,3.4,-0.41519570194984035,85
random_noobserve_inside,4,3.5,-0.35543975823197843,85
random_noobserve_inside,4,3.6,-0.3564043655094659,85
random_noobserve_inside,4,3.7,-0.2963124202902681,85
random_noobserve_inside,4,3.8,-0.2956583704079271,85
random_noobserve_inside,4,3.9,-0.2912320051645887,85
random_noobserve_inside,4,4.0,-0.2390690276391247,85
random_noobserve_inside,4,4.1,-0.3058629610360245,85
random_noobserve_inside,4,4.2,-0.3775396811600585,85
random_noobserve_inside,4,4.3,-0.3758336011529066,85
random_noobserve_inside,4,4.4,-0.3918470548371196,85
random_noobserve_inside,4,4.5,-0.45098812570507335,85
random_noobserve_inside,4,4.6,-0.5554629601715253,85
random_noobserve_inside,4,4.7,-0.5963779588847004,85
random_noobserve_inside,4,4.8,-0.5050818919016997,85
random_noobserve_inside,4,4.9,-0.5879406380727018,85
random_noobserve_inside,4,5.0,-0.5791433870128031,85
random_noobserve_inside,4,5.1,-0.5500508473274673,85
random_noobserve_inside,4,5.2,-0.5180100031505477,85
random_noobserve_inside,4,5.3,-0.4624739201204819,85
random_noobserve_inside,4,5.4,-0.32999749904823394,85
random_noobserve_inside,4,5.5,-0.3552159449320558,85
random_noobserve_inside,4,5.6,-0.2517930843748222,85
random_noobserve_inside,4,5.7,-0.22294821946423035,85
random_noobserve_inside,4,5.8,-0.2671081481217851,85
random_noobserve_inside,4,5.9,-0.3741544210785045,85
random_noobserve_inside,5,-3.0,-0.04969550280501197,180
random_noobserve_inside,5,-2.9,-0.02569137685400708,180
random_noobserve_inside,5,-2.8,-0.05150871525846123,180
random_noobserve_inside,5,-2.7,-0.002945759126263677,180
random_noobserve_inside,5,-2.6,0.03368347666757793,180
random_noobserve_inside,5,-2.5,0.01706388961441999,180
random_noobserve_inside,5,-2.4,-0.012808796773464687,180
random_noobserve_inside,5,-2.3,-0.03902103998094143,180
random_noobserve_inside,5,-2.2,-0.05813973662800444,180
random_noobserve_inside,5,-2.1,-0.023255125233231345,180
random_noobserve_inside,5,-2.0,0.009771699008320468,180
random_noobserve_inside,5,-1.9,0.03686991155987134,180
random_noobserve_inside,5,-1.8,0.05950358551859039,180
random_noobserve_inside,5,-1.7,0.07554345875848342,180
random_noobserve_inside,5,-1.6,0.052456507536795725,180
random_noobserve_inside,5,-1.5,0.04911221346033598,180
random_noobserve_inside,5,-1.4,0.02016105345389626,180
random_noobserve_inside,5,-1.3,-0.013314742240007456,180
random_noobserve_inside,5,-1.2,-0.013126479525465942,180
random_noobserve_inside,5,-1.1,-0.021050341379429724,180
random_noobserve_inside,5,-1.0,-0.04360817977400262,180
random_noobserve_inside,5,-0.9,-0.045380142254833326,180
random_noobserve_inside,5,-0.8,-0.0834450948111054,180
random_noobserve_inside,5,-0.7,-0.12573349062042014,180
random_noobserve_inside,5,-0.6,-0.17533634556298663,180
random_noobserve_inside,5,-0.5,-0.17841344210588714,180
random_noobserve_inside,5,-0.4,-0.18477849230500673,180
random_noobserve_inside,5,-0.3,-0.1750454239974633,180
random_noobserve_inside,5,-0.2,-0.1788504597671916,180
random_noobserve_inside,5,-0.0999999999999996,-0.15299882317681923,180
random_noobserve_inside,5,0.0,-0.1254901114796368,180
random_noobserve_inside,5,0.1,-0.1171625997085693,180
random_noobserve_inside,5,0.2,-0.11052144805315339,180
random_noobserve_inside,5,0.3,-0.10649112474899512,180
random_noobserve_inside,5,0.4,-0.0908722080011684,180
random_noobserve_inside,5,0.5,-0.0756370442078524,180
random_noobserve_inside,5,0.6,-0.08379246067213122,180
random_noobserve_inside,5,0.7,-0.0712086463734519,180
random_noobserve_inside,5,0.8,-0.0490732581040694,180
random_noobserve_inside,5,0.9,-0.06816122960316781,180
random_noobserve_inside,5,1.0,-0.09280175029355311,180
random_noobserve_inside,5,1.1,-0.1398657713694703,180
random_noobserve_inside,5,1.2,-0.15629954050389488,180
random_noobserve_inside,5,1.3,-0.157043652441071,180
random_noobserve_inside,5,1.4,-0.18900772980265085,180
random_noobserve_inside,5,1.5,-0.2263632359613097,180
random_noobserve_inside,5,1.6,-0.22168483048285792,180
random_noobserve_inside,5,1.7,-0.2351758626792578,180
random_noobserve_inside,5,1.8,-0.18181089931816996,180
random_noobserve_inside,5,1.9,-0.16901063819552434,180
random_noobserve_inside,5,2.0,-0.1514881759366841,180
random_noobserve_inside,5,2.1,-0.15438316046816924,180
random_noobserve_inside,5,2.2,-0.1260377201326072,180
random_noobserve_inside,5,2.3,-0.1215849320503437,180
random_noobserve_inside,5,2.4,-0.09740853735804798,180
random_noobserve_inside,5,2.5,-0.0687990529212458,180
random_noobserve_inside,5,2.6,-0.0993743027443945,180
random_noobserve_inside,5,2.7,-0.12148490500592245,180
random_noobserve_inside,5,2.8,-0.15076501127857259,180
random_noobserve_inside,5,2.9,-0.21933055288723624,180
random_noobserve_inside,5,3.0,-0.23474511531768413,180
random_noobserve_inside,5,3.1,-0.25016436730790187,180
random_noobserve_inside,5,3.2,-0.25613061414141536,180
random_noobserve_inside,5,3.3,-0.2541325830163864,180
random_noobserve_inside,5,3.4,-0.234453825815622,180
random_noobserve_inside,5,3.5,-0.2535655669390739,180
random_noobserve_inside,5,3.6,-0.2722209820198207,180
random_noobserve_inside,5,3.7,-0.2600651632721085,180
random_noobserve_inside,5,3.8,-0.21235384308180466,180
random_noobserve_inside,5,3.9,-0.21345342636541706,180
random_noobserve_inside,5,4.0,-0.24930110942215397,180
random_noobserve_inside,5,4.1,-0.28671358157550547,180
random_noobserve_inside,5,4.2,-0.27650576059983106,180
random_noobserve_inside,5,4.3,-0.2580626226055255,180
random_noobserve_inside,5,4.4,-0.23979955058397448,180
random_noobserve_inside,5,4.5,-0.2685191553120404,180
random_noobserve_inside,5,4.6,-0.30412175954481757,180
random_noobserve_inside,5,4.7,-0.32578170449394095,180
random_noobserve_inside,5,4.8,-0.3518604834949323,180
random_noobserve_inside,5,4.9,-0.3451744835897859,180
random_noobserve_inside,5,5.0,-0.3843582610345983,180
random_noobserve_inside,5,5.1,-0.3522613426038884,180
random_noobserve_inside,5,5.2,-0.3486061294157405,180
random_noobserve_inside,5,5.3,-0.372234679578994,180
random_noobserve_inside,5,5.4,-0.3894677472956995,180
random_noobserve_inside,5,5.5,-0.3923725019224632,180
random_noobserve_inside,5,5.6,-0.42216747144203237,180
random_noobserve_inside,5,5.7,-0.4120527369687208,180
random_noobserve_inside,5,5.8,-0.3695157971544736,180
random_noobserve_inside,5,5.9,-0.3563613698864615,180
random_noobserve_inside,6,-3.0,-0.17044611368513235,29
random_noobserve_inside,6,-2.9,0.05183909890262167,29
random_noobserve_inside,6,-2.8,0.03538798572261569,29
random_noobserve_inside,6,-2.7,0.1374689792244116,29
random_noobserve_inside,6,-2.6,0.009225403229104872,29
random_noobserve_inside,6,-2.5,0.05601852908877936,29
random_noobserve_inside,6,-2.4,0.06741281939237612,29
random_noobserve_inside,6,-2.3,-0.09106597539719422,29
random_noobserve_inside,6,-2.2,-0.14558281075675136,29
random_noobserve_inside,6,-2.1,-0.17663175905822207,29
random_noobserve_inside,6,-2.0,-0.028336140680504007,29
random_noobserve_inside,6,-1.9,-0.06409664126360279,29
random_noobserve_inside,6,-1.8,0.05327798968242581,29
random_noobserve_inside,6,-1.7,0.039997030945909035,29
random_noobserve_inside,6,-1.6,0.1690590663569668,29
random_noobserve_inside,6,-1.5,0.04676676832033292,29
random_noobserve_inside,6,-1.4,-0.003634026883486509,29
random_noobserve_inside,6,-1.3,0.005160539589496837,29
random_noobserve_inside,6,-1.2,-0.001566590016569658,29
random_noobserve_inside,6,-1.1,0.025445303485766013,29
random_noobserve_inside,6,-1.0,-0.015699456199344472,29
random_noobserve_inside,6,-0.9,-0.09219473093476858,29
random_noobserve_inside,6,-0.8,0.07294654799021384,29
random_noobserve_inside,6,-0.7,0.07326153931626118,29
random_noobserve_inside,6,-0.6,0.024106608301492055,29
random_noobserve_inside,6,-0.5,0.09702313660010695,29
random_noobserve_inside,6,-0.4,0.004683926443117391,29
random_noobserve_inside,6,-0.3,0.17390285459891497,29
random_noobserve_inside,6,-0.2,0.0620424290257761,29
random_noobserve_inside,6,-0.0999999999999996,-0.00780119110274358,29
random_noobserve_inside,6,0.0,0.06990542011526701,29
random_noobserve_inside,6,0.1,-0.08776594189933942,29
random_noobserve_inside,6,0.2,0.03998959174540357,29
random_noobserve_inside,6,0.3,0.014454345472267198,29
random_noobserve_inside,6,0.4,0.07914386776339224,29
random_noobserve_inside,6,0.5,-0.024338150628937117,29
random_noobserve_inside,6,0.6,-0.038157678539237294,29
random_noobserve_inside,6,0.7,-0.09760619305781884,29
random_noobserve_inside,6,0.8,-0.13023666543414264,29
random_noobserve_inside,6,0.9,-0.09692814317866315,29
random_noobserve_inside,6,1.0,-0.05037341909017554,29
random_noobserve_inside,6,1.1,-0.048511623389543554,29
random_noobserve_inside,6,1.2,0.1055310680724631,29
random_noobserve_inside,6,1.3,0.0025653761959831324,29
random_noobserve_inside,6,1.4,-0.022911571045129343,29
random_noobserve_inside,6,1.5,-0.02374432562471769,29
random_noobserve_inside,6,1.6,-0.068297661564366,29
random_noobserve_inside,6,1.7,-0.06690581220321004,29
random_noobserve_inside,6,1.8,0.026242206044980038,29
random_noobserve_inside,6,1.9,-0.004980917693686821,29
random_noobserve_inside,6,2.0,-0.06667558135274523,29
random_noobserve_inside,6,2.1,0.027639790775239075,29
random_noobserve_inside,6,2.2,0.05667573662852387,29
random_noobserve_inside,6,2.3,-0.04523224187979869,29
random_noobserve_inside,6,2.4,0.06326712690116285,29
random_noobserve_inside,6,2.5,-0.0405992827257648,29
random_noobserve_inside,6,2.6,0.044159039368739605,29
random_noobserve_inside,6,2.7,-0.14088043396442307,29
random_noobserve_inside,6,2.8,-0.044781692040160186,29
random_noobserve_inside,6,2.9,0.00375368458841788,29
random_noobserve_inside,6,3.0,0.012570923213441627,29
random_noobserve_inside,6,3.1,0.0765568499384099,29
random_noobserve_inside,6,3.2,0.09063381833890785,29
random_noobserve_inside,6,3.3,0.12175662382965557,29
random_noobserve_inside,6,3.4,-0.032945488425904446,29
random_noobserve_inside,6,3.5,-0.03553439564239655,29
random_noobserve_inside,6,3.6,-0.10552750965305427,29
random_noobserve_inside,6,3.7,-0.14439121441557312,29
random_noobserve_inside,6,3.8,0.07378314643546,29
random_noobserve_inside,6,3.9,0.18858083130271,29
random_noobserve_inside,6,4.0,0.1530226176788847,29
random_noobserve_inside,6,4.1,0.09860360843449634,29
random_noobserve_inside,6,4.2,0.1468204597215887,29
random_noobserve_inside,6,4.3,0.04961983820499369,29
random_noobserve_inside,6,4.4,-0.02404582093889776,29
random_noobserve_inside,6,4.5,-0.0997589036194622,29
random_noobserve_inside,6,4.6,-0.15288671567461717,29
random_noobserve_inside,6,4.7,-0.05054955905859979,29
random_noobserve_inside,6,4.8,-0.02503274195651708,29
random_noobserve_inside,6,4.9,-0.05617560933541379,29
random_noobserve_inside,6,5.0,-0.06306651655577214,29
random_noobserve_inside,6,5.1,-0.0706779992600487,29
random_noobserve_inside,6,5.2,-0.12079104092335345,29
random_noobserve_inside,6,5.3,-0.05581980138656427,29
random_noobserve_inside,6,5.4,-0.026096758510292792,29
random_noobserve_inside,6,5.5,-0.07250863044994811,29
random_noobserve_inside,6,5.6,-0.06485214675008556,29
random_noobserve_inside,6,5.7,-0.049270590108693675,29
random_noobserve_inside,6,5.8,-0.027550353926732683,29
random_noobserve_inside,6,5.9,-0.1032856011273306,29
random_noobserve_inside,18,-3.0,-0.07797444915321931,151
random_noobserve_inside,18,-2.9,-0.07967202246906932,151
random_noobserve_inside,18,-2.8,-0.05728177883778662,151
random_noobserve_inside,18,-2.7,-0.025241863780038447,151
random_noobserve_inside,18,-2.6,-0.008259813042706732,151
random_noobserve_inside,18,-2.5,-0.002636211810741247,151
random_noobserve_inside,18,-2.4,-0.01908742065267733,151
random_noobserve_inside,18,-2.3,0.020448173175258898,151
random_noobserve_inside,18,-2.2,0.05391538709159728,151
random_noobserve_inside,18,-2.1,0.05800590729651993,151
random_noobserve_inside,18,-2.0,0.07177391242799125,151
random_noobserve_inside,18,-1.9,0.05753590819552697,151
random_noobserve_inside,18,-1.8,0.024846279600307497,151
random_noobserve_inside,18,-1.7,0.022594137118049116,151
random_noobserve_inside,18,-1.6,0.014918430432319257,151
random_noobserve_inside,18,-1.5,9.628542960733925e-05,151
random_noobserve_inside,18,-1.4,0.0006206891575047792,151
random_noobserve_inside,18,-1.3,0.0005569852107411871,151
random_noobserve_inside,18,-1.2,-0.008390872613340703,151
random_noobserve_inside,18,-1.1,-0.003151561360412957,151
random_noobserve_inside,18,-1.0,-0.043616101415430854,151
random_noobserve_inside,18,-0.9,0.009504164525882984,151
random_noobserve_inside,18,-0.8,0.005401926250657655,151
random_noobserve_inside,18,-0.7,0.038344339541497525,151
random_noobserve_inside,18,-0.6,0.025214486700558494,151
random_noobserve_inside,18,-0.5,0.04967985667964162,151
random_noobserve_inside,18,-0.4,0.042924066391317274,151
random_noobserve_inside,18,-0.3,0.008004743512978495,151
random_noobserve_inside,18,-0.2,0.0062581957264485006,151
random_noobserve_inside,18,-0.0999999999999996,-0.02715033963374268,151
random_noobserve_inside,18,0.0,-0.02686593022676808,151
random_noobserve_inside,18,0.1,-0.027917911561778044,151
random_noobserve_inside,18,0.2,-0.026539063932310952,151
random_noobserve_inside,18,0.3,-0.00878977082501665,151
random_noobserve_inside,18,0.4,0.0036001559433815316,151
random_noobserve_inside,18,0.5,-0.007001872388898322,151
random_noobserve_inside,18,0.6,-0.05837305622397358,151
random_noobserve_inside,18,0.7,-0.04546127627689674,151
random_noobserve_inside,18,0.8,-0.07694219583747589,151
random_noobserve_inside,18,0.9,-0.09147127961359391,151
random_noobserve_inside,18,1.0,-0.10534406616753252,151
random_noobserve_inside,18,1.1,-0.13029068746595107,151
random_noobserve_inside,18,1.2,-0.13632366039439364,151
random_noobserve_inside,18,1.3,-0.14363956372293488,151
random_noobserve_inside,18,1.4,-0.16373406567430937,151
random_noobserve_inside,18,1.5,-0.19334534882419338,151
random_noobserve_inside,18,1.6,-0.22181043076391946,151
random_noobserve_inside,18,1.7,-0.18086408463384285,151
random_noobserve_inside,18,1.8,-0.1912021176247362,151
random_noobserve_inside,18,1.9,-0.20115202406672578,151
random_noobserve_inside,18,2.0,-0.23501008188241462,151
random_noobserve_inside,18,2.1,-0.2545121837241871,151
random_noobserve_inside,18,2.2,-0.24956168079964683,151
random_noobserve_inside,18,2.3,-0.21628877487053247,151
random_noobserve_inside,18,2.4,-0.152291576782733,151
random_noobserve_inside,18,2.5,-0.15523464260042127,151
random_noobserve_inside,18,2.6,-0.13143058929538196,151
random_noobserve_inside,18,2.7,-0.12471287574887942,151
random_noobserve_inside,18,2.8,-0.11681047011866252,151
random_noobserve_inside,18,2.9,-0.12792414308061853,151
random_noobserve_inside,18,3.0,-0.11680095208237595,151
random_noobserve_inside,18,3.1,-0.16400694707502012,151
random_noobserve_inside,18,3.2,-0.196299260384621,151
random_noobserve_inside,18,3.3,-0.18362924711580997,151
random_noobserve_inside,18,3.4,-0.1717656622130914,151
random_noobserve_inside,18,3.5,-0.17411648882372524,151
random_noobserve_inside,18,3.6,-0.19594608829128154,151
random_noobserve_inside,18,3.7,-0.24324024066629835,151
random_noobserve_inside,18,3.8,-0.23353346833045643,151
random_noobserve_inside,18,3.9,-0.22740119908358708,151
random_noobserve_inside,18,4.0,-0.25544223044628755,151
random_noobserve_inside,18,4.1,-0.23585527746741553,151
random_noobserve_inside,18,4.2,-0.25188750848566327,151
random_noobserve_inside,18,4.3,-0.2975885791837385,151
random_noobserve_inside,18,4.4,-0.33356885167431716,151
random_noobserve_inside,18,4.5,-0.35974795450546376,151
random_noobserve_inside,18,4.6,-0.32645762529617955,151
random_noobserve_inside,18,4.7,-0.33819015134625174,151
random_noobserve_inside,18,4.8,-0.33403534352063713,151
random_noobserve_inside,18,4.9,-0.32679109457720806,151
random_noobserve_inside,18,5.0,-0.32498288353045995,151
random_noobserve_inside,18,5.1,-0.33715545584606454,151
random_noobserve_inside,18,5.2,-0.34318614566592504,151
random_noobserve_inside,18,5.3,-0.3592714386987667,151
random_noobserve_inside,18,5.4,-0.38715477199201787,151
random_noobserve_inside,18,5.5,-0.37180252471664016,151
random_noobserve_inside,18,5.6,-0.3780996899881638,151
random_noobserve_inside,18,5.7,-0.3538594855905388,151
random_noobserve_inside,18,5.8,-0.3319265364128547,151
random_noobserve_inside,18,5.9,-0.36773633479054246,151
random_noobserve_inside,19,-3.0,-0.060728804089268604,121
random_noobserve_inside,19,-2.9,0.028140828096514612,121
random_noobserve_inside,19,-2.8,-0.04201537018062698,121
random_noobserve_inside,19,-2.7,0.04620446151852154,121
random_noobserve_inside,19,-2.6,0.05726278983046925,121
random_noobserve_inside,19,-2.5,0.07287666857705957,121
random_noobserve_inside,19,-2.4,0.11334452801518494,121
random_noobserve_inside,19,-2.3,0.071767122363848,121
random_noobserve_inside,19,-2.2,0.09161266929252715,121
random_noobserve_inside,19,-2.1,0.031636649673320895,121
random_noobserve_inside,19,-2.0,0.0285645873854412,121
random_noobserve_inside,19,-1.9,-0.004778092360650999,121
random_noobserve_inside,19,-1.8,0.005503372184191671,121
random_noobserve_inside,19,-1.7,0.006307472294082447,121
random_noobserve_inside,19,-1.6,-0.03862283221006008,121
random_noobserve_inside,19,-1.5,-0.10922888117228251,121
random_noobserve_inside,19,-1.4,-0.082610981084761,121
random_noobserve_inside,19,-1.3,-0.04151922222750458,121
random_noobserve_inside,19,-1.2,-0.07868217743487181,121
random_noobserve_inside,19,-1.1,-0.038816484393889836,121
random_noobserve_inside,19,-1.0,-0.05621830407724456,121
random_noobserve_inside,19,-0.9,-0.0752845292615615,121
random_noobserve_inside,19,-0.8,-0.036909945783698085,121
random_noobserve_inside,19,-0.7,-0.0332243052009847,121
random_noobserve_inside,19,-0.6,-0.04767013346938849,121
random_noobserve_inside,19,-0.5,-0.07705799607447306,121
random_noobserve_inside,19,-0.4,-0.1445214554146879,121
random_noobserve_inside,19,-0.3,-0.09132141671724701,121
random_noobserve_inside,19,-0.2,-0.060222506080033884,121
random_noobserve_inside,19,-0.0999999999999996,-0.04637983034040025,121
random_noobserve_inside,19,0.0,-0.03108153403680039,121
random_noobserve_inside,19,0.1,-0.05585388346025814,121
random_noobserve_inside,19,0.2,-0.06562647473152967,121
random_noobserve_inside,19,0.3,-0.03777558995090875,121
random_noobserve_inside,19,0.4,-0.05048844466453978,121
random_noobserve_inside,19,0.5,-0.031825559155286974,121
random_noobserve_inside,19,0.6,-0.02172519601510783,121
random_noobserve_inside,19,0.7,-0.0274772501023383,121
random_noobserve_inside,19,0.8,-0.05463799386869213,121
random_noobserve_inside,19,0.9,-0.020271843027852305,121
random_noobserve_inside,19,1.0,-0.07327930242508127,121
random_noobserve_inside,19,1.1,-0.06106641436859234,121
random_noobserve_inside,19,1.2,-0.03630475805964286,121
random_noobserve_inside,19,1.3,-0.0791194690487797,121
random_noobserve_inside,19,1.4,-0.1174728416592217,121
random_noobserve_inside,19,1.5,-0.14625643396396226,121
random_noobserve_inside,19,1.6,-0.19873565417805375,121
random_noobserve_inside,19,1.7,-0.18509210517873081,121
random_noobserve_inside,19,1.8,-0.122113261117076,121
random_noobserve_inside,19,1.9,-0.11373346274489471,121
random_noobserve_inside,19,2.0,-0.0830893358994799,121
random_noobserve_inside,19,2.1,-0.14967687260104515,121
random_noobserve_inside,19,2.2,-0.16357669965785737,121
random_noobserve_inside,19,2.3,-0.10342581772503014,121
random_noobserve_inside,19,2.4,-0.05788829418099716,121
random_noobserve_inside,19,2.5,-0.09753505620668929,121
random_noobserve_inside,19,2.6,-0.13624291246914266,121
random_noobserve_inside,19,2.7,-0.18671301304554433,121
random_noobserve_inside,19,2.8,-0.22536214664800538,121
random_noobserve_inside,19,2.9,-0.18091957095718647,121
random_noobserve_inside,19,3.0,-0.2507238293420504,121
random_noobserve_inside,19,3.1,-0.2451052252171987,121
random_noobserve_inside,19,3.2,-0.2589781072226333,121
random_noobserve_inside,19,3.3,-0.2008636003868513,121
random_noobserve_inside,19,3.4,-0.2023579293621079,121
random_noobserve_inside,19,3.5,-0.14450877092882317,121
random_noobserve_inside,19,3.6,-0.21662426622887523,121
random_noobserve_inside,19,3.7,-0.23276188376673063,121
random_noobserve_inside,19,3.8,-0.21549939525896925,121
random_noobserve_inside,19,3.9,-0.19415503705670153,121
random_noobserve_inside,19,4.0,-0.17197935401779715,121
random_noobserve_inside,19,4.1,-0.18290212319185986,121
random_noobserve_inside,19,4.2,-0.22774276560482704,121
random_noobserve_inside,19,4.3,-0.20263950682487664,121
random_noobserve_inside,19,4.4,-0.21271488912577172,121
random_noobserve_inside,19,4.5,-0.20108549273147563,121
random_noobserve_inside,19,4.6,-0.23960913192758082,121
random_noobserve_inside,19,4.7,-0.20658276749414992,121
random_noobserve_inside,19,4.8,-0.2194070246622235,121
random_noobserve_inside,19,4.9,-0.27333482012772015,121
random_noobserve_inside,19,5.0,-0.2715525184727581,121
random_noobserve_inside,19,5.1,-0.24451883951098502,121
random_noobserve_inside,19,5.2,-0.28631262598898255,121
random_noobserve_inside,19,5.3,-0.2772254018978129,121
random_noobserve_inside,19,5.4,-0.30613535201359166,121
random_noobserve_inside,19,5.5,-0.30697321062453925,121
random_noobserve_inside,19,5.6,-0.282689566282463,121
random_noobserve_inside,19,5.7,-0.2990344932786002,121
random_noobserve_inside,19,5.8,-0.2406698965445876,121
random_noobserve_inside,19,5.9,-0.24345540028007032,121
random_noobserve_inside,27,-3.0,-0.024173363474400855,41
random_noobserve_inside,27,-2.9,-0.06214989502659363,41
random_noobserve_inside,27,-2.8,-0.14011757160119176,41
random_noobserve_inside,27,-2.7,-0.241205721671628,41
random_noobserve_inside,27,-2.6,-0.21635143959567116,41
random_noobserve_inside,27,-2.5,-0.08375701334817333,41
random_noobserve_inside,27,-2.4,-0.11882138049892528,41
random_noobserve_inside,27,-2.3,-0.07938889897753007,41
random_noobserve_inside,27,-2.2,-0.053696863157779925,41
random_noobserve_inside,27,-2.1,0.09809785656860039,41
random_noobserve_inside,27,-2.0,0.11746283204586336,41
random_noobserve_inside,27,-1.9,0.09152002130320552,41
random_noobserve_inside,27,-1.8,-0.030283117556734927,41
random_noobserve_inside,27,-1.7,-0.054907409099585885,41
random_noobserve_inside,27,-1.6,-0.019849179776637207,41
random_noobserve_inside,27,-1.5,0.0012254548913914823,41
random_noobserve_inside,27,-1.4,0.056868235480490595,41
random_noobserve_inside,27,-1.3,0.1188359423651823,41
random_noobserve_inside,27,-1.2,0.191558991547869,41
random_noobserve_inside,27,-1.1,0.26798912103177436,41
random_noobserve_inside,27,-1.0,0.18114339855047495,41
random_noobserve_inside,27,-0.9,0.09299728695613196,41
random_noobserve_inside,27,-0.8,0.1817462166893894,41
random_noobserve_inside,27,-0.7,0.28012458815775104,41
random_noobserve_inside,27,-0.6,0.2739817106612203,41
random_noobserve_inside,27,-0.5,0.4067598427507788,41
random_noobserve_inside,27,-0.4,0.36172454880266613,41
random_noobserve_inside,27,-0.3,0.3136050839405192,41
random_noobserve_inside,27,-0.2,0.20306183104237602,41
random_noobserve_inside,27,-0.0999999999999996,0.14927144167153839,41
random_noobserve_inside,27,0.0,0.14066726319696152,41
random_noobserve_inside,27,0.1,0.20790801945981524,41
random_noobserve_inside,27,0.2,0.11905097195408591,41
random_noobserve_inside,27,0.3,0.0758485636450187,41
random_noobserve_inside,27,0.4,0.06280334119103559,41
random_noobserve_inside,27,0.5,0.13311629046030726,41
random_noobserve_inside,27,0.6,0.10360849613482664,41
random_noobserve_inside,27,0.7,0.12278167525215758,41
random_noobserve_inside,27,0.8,0.18243748774821356,41
random_noobserve_inside,27,0.9,0.08951679627362849,41
random_noobserve_inside,27,1.0,0.034117117590669765,41
random_noobserve_inside,27,1.1,0.005600966350572735,41
random_noobserve_inside,27,1.2,0.026321230405495312,41
random_noobserve_inside,27,1.3,0.01963582769677756,41
random_noobserve_inside,27,1.4,0.02755298445588665,41
random_noobserve_inside,27,1.5,-0.008031726354096097,41
random_noobserve_inside,27,1.6,-0.06863326112521008,41
random_noobserve_inside,27,1.7,-0.1126784734232836,41
random_noobserve_inside,27,1.8,-0.11525846938776221,41
random_noobserve_inside,27,1.9,-0.11621120941223483,41
random_noobserve_inside,27,2.0,-0.09150935462625474,41
random_noobserve_inside,27,2.1,0.026581286312686896,41
random_noobserve_inside,27,2.2,-0.0016441236214272037,41
random_noobserve_inside,27,2.3,0.01876622983415572,41
random_noobserve_inside,27,2.4,-0.001953756604702707,41
random_noobserve_inside,27,2.5,-0.0066080280023826906,41
random_noobserve_inside,27,2.6,0.016140167821104993,41
random_noobserve_inside,27,2.7,0.008025780635173988,41
random_noobserve_inside,27,2.8,-0.0014086013591404747,41
random_noobserve_inside,27,2.9,-0.034508021134900785,41
random_noobserve_inside,27,3.0,-0.021736790409533087,41
random_noobserve_inside,27,3.1,-0.10728238149710277,41
random_noobserve_inside,27,3.2,-0.03551795784695408,41
random_noobserve_inside,27,3.3,-0.03698141447481636,41
random_noobserve_inside,27,3.4,-0.06767185617626423,41
random_noobserve_inside,27,3.5,-0.08168754547905382,41
random_noobserve_inside,27,3.6,-0.08717517927296191,41
random_noobserve_inside,27,3.7,-0.10592409582809531,41
random_noobserve_inside,27,3.8,-0.1458729413814401,41
random_noobserve_inside,27,3.9,-0.11162142325706885,41
random_noobserve_inside,27,4.0,-0.1201090231391458,41
random_noobserve_inside,27,4.1,-0.07564834573338725,41
random_noobserve_inside,27,4.2,-0.022613415442407622,41
random_noobserve_inside,27,4.3,0.053737665572799624,41
random_noobserve_inside,27,4.4,0.07537937040737057,41
random_noobserve_inside,27,4.5,0.14318358132591064,41
random_noobserve_inside,27,4.6,0.13043275500425144,41
random_noobserve_inside,27,4.7,0.12060706274240196,41
random_noobserve_inside,27,4.8,-0.019416404226390065,41
random_noobserve_inside,27,4.9,-0.1919594792097043,41
random_noobserve_inside,27,5.0,-0.19720940638930373,41
random_noobserve_inside,27,5.1,-0.19415541678249745,41
random_noobserve_inside,27,5.2,-0.18123448507754997,41
random_noobserve_inside,27,5.3,-0.16294275747488413,41
random_noobserve_inside,27,5.4,-0.15582032135687085,41
random_noobserve_inside,27,5.5,-0.11410285772924245,41
random_noobserve_inside,27,5.6,-0.11136934380449458,41
random_noobserve_inside,27,5.7,-0.06730632369370429,41
random_noobserve_inside,27,5.8,-0.08744084460161851,41
random_noobserve_inside,27,5.9,-0.09486728738770271,41
random_noobserve_inside,35,-3.0,0.013416209400073553,89
random_noobserve_inside,35,-2.9,-0.06072784785485365,89
random_noobserve_inside,35,-2.8,0.05877136020425129,89
random_noobserve_inside,35,-2.7,0.061952481529909544,89
random_noobserve_inside,35,-2.6,-0.04003345351220926,89
random_noobserve_inside,35,-2.5,0.07368271918003003,89
random_noobserve_inside,35,-2.4,0.029206071708945496,89
random_noobserve_inside,35,-2.3,0.2219356369938882,89
random_noobserve_inside,35,-2.2,0.026557085632011358,89
random_noobserve_inside,35,-2.1,-0.006349493988306964,89
random_noobserve_inside,35,-2.0,-0.05885273392524005,89
random_noobserve_inside,35,-1.9,-0.0979344920529097,89
random_noobserve_inside,35,-1.8,-0.09381491325662714,89
random_noobserve_inside,35,-1.7,0.04526846351334221,89
random_noobserve_inside,35,-1.6,-0.00457671233752987,89
random_noobserve_inside,35,-1.5,-0.0762127696387124,89
random_noobserve_inside,35,-1.4,-0.045967938325785,89
random_noobserve_inside,35,-1.3,-0.035694647021832865,89
random_noobserve_inside,35,-1.2,-0.06596422984544764,89
random_noobserve_inside,35,-1.1,-0.0036965368848321687,89
random_noobserve_inside,35,-1.0,-0.016811766850838208,89
random_noobserve_inside,35,-0.9,-0.002367813917521999,89
random_noobserve_inside,35,-0.8,-0.03232657567184866,89
random_noobserve_inside,35,-0.7,0.11859437306662451,89
random_noobserve_inside,35,-0.6,-0.07812675245169944,89
random_noobserve_inside,35,-0.5,0.12965426405152272,89
random_noobserve_inside,35,-0.4,-0.04014778104187859,89
random_noobserve_inside,35,-0.3,0.010593455852992869,89
random_noobserve_inside,35,-0.2,0.05420838194866444,89
random_noobserve_inside,35,-0.0999999999999996,0.043128620419095924,89
random_noobserve_inside,35,0.0,0.1349596526561903,89
random_noobserve_inside,35,0.1,0.12331403974239627,89
random_noobserve_inside,35,0.2,0.07614007927223958,89
random_noobserve_inside,35,0.3,0.11796312997353359,89
random_noobserve_inside,35,0.4,0.0835122508353364,89
random_noobserve_inside,35,0.5,0.03398777767734816,89
random_noobserve_inside,35,0.6,0.06056229948358713,89
random_noobserve_inside,35,0.7,-0.0655929185270904,89
random_noobserve_inside,35,0.8,0.002376856200824111,89
random_noobserve_inside,35,0.9,-0.12392169438577506,89
random_noobserve_inside,35,1.0,0.05191394544714441,89
random_noobserve_inside,35,1.1,0.034377868699915236,89
random_noobserve_inside,35,1.2,-0.09442636625022334,89
random_noobserve_inside,35,1.3,-0.11507338553185234,89
random_noobserve_inside,35,1.4,0.06975679701760083,89
random_noobserve_inside,35,1.5,0.14664328853841913,89
random_noobserve_inside,35,1.6,0.08875596465064398,89
random_noobserve_inside,35,1.7,0.09784532085260748,89
random_noobserve_inside,35,1.8,0.17795128109299874,89
random_noobserve_inside,35,1.9,-0.03893007764335967,89
random_noobserve_inside,35,2.0,0.007342374882224404,89
random_noobserve_inside,35,2.1,0.03479203584275334,89
random_noobserve_inside,35,2.2,-0.14887357445457874,89
random_noobserve_inside,35,2.3,-0.03509509408514669,89
random_noobserve_inside,35,2.4,-0.018576038619435103,89
random_noobserve_inside,35,2.5,-0.09949596254643259,89
random_noobserve_inside,35,2.6,-0.0038909412974975446,89
random_noobserve_inside,35,2.7,-0.1025730870332389,89
random_noobserve_inside,35,2.8,-0.1278095131996393,89
random_noobserve_inside,35,2.9,0.010514960890937784,89
random_noobserve_inside,35,3.0,-0.11353644458566665,89
random_noobserve_inside,35,3.1,-0.03400952572254931,89
random_noobserve_inside,35,3.2,0.012557110748948004,89
random_noobserve_inside,35,3.3,0.07827886414292726,89
random_noobserve_inside,35,3.4,0.015228719145653252,89
random_noobserve_inside,35,3.5,-0.09160722442936735,89
random_noobserve_inside,35,3.6,-6.654193052639862e-05,89
random_noobserve_inside,35,3.7,-0.03259914318407771,89
random_noobserve_inside,35,3.8,-0.053300617537634355,89
random_noobserve_inside,35,3.9,-0.02594413429250803,89
random_noobserve_inside,35,4.0,-0.15586319437479207,89
random_noobserve_inside,35,4.1,-0.1718896153470037,89
random_noobserve_inside,35,4.2,-0.14286340304223355,89
random_noobserve_inside,35,4.3,-0.18181589621167885,89
random_noobserve_inside,35,4.4,0.036659017352973965,89
random_noobserve_inside,35,4.5,0.017031187815588777,89
random_noobserve_inside,35,4.6,-0.021460400349186375,89
random_noobserve_inside,35,4.7,-0.16733474257215852,89
random_noobserve_inside,35,4.8,-0.08510341530201031,89
random_noobserve_inside,35,4.9,-0.12186305086724512,89
random_noobserve_inside,35,5.0,-0.10269639147976284,89
random_noobserve_inside,35,5.1,-0.12740810781322634,89
random_noobserve_inside,35,5.2,-0.15889901985346508,89
random_noobserve_inside,35,5.3,-0.038570711073254244,89
random_noobserve_inside,35,5.4,-0.08648628626021965,89
random_noobserve_inside,35,5.5,-0.085685121833437,89
random_noobserve_inside,35,5.6,-0.031195809742066663,89
random_noobserve_inside,35,5.7,-0.006798869384541221,89
random_noobserve_inside,35,5.8,-0.10789380422885504,89
random_noobserve_inside,35,5.9,-0.05727610840388798,89
random_noobserve_outside,1,-3.0,-0.0038591063279892067,113
random_noobserve_outside,1,-2.9,0.002098942152994492,113
random_noobserve_outside,1,-2.8,-0.015198672115931742,113
random_noobserve_outside,1,-2.7,0.0006984559879270647,113
random_noobserve_outside,1,-2.6,-0.01899055127079091,113
random_noobserve_outside,1,-2.5,-0.03581134973758594,113
random_noobserve_outside,1,-2.4,-0.021009142698367803,113
random_noobserve_outside,1,-2.3,-0.014819278567375709,113
random_noobserve_outside,1,-2.2,0.0285845329642936,113
random_noobserve_outside,1,-2.1,0.012599868634013257,113
random_noobserve_outside,1,-2.0,-0.019690945758730018,113
random_noobserve_outside,1,-1.9,-0.02442180088273063,113
random_noobserve_outside,1,-1.8,-0.02361618454196677,113
random_noobserve_outside,1,-1.7,-0.00473060903498848,113
random_noobserve_outside,1,-1.6,0.022165432248386067,113
random_noobserve_outside,1,-1.5,0.042091695191761494,113
random_noobserve_outside,1,-1.4,0.01362060868776125,113
random_noobserve_outside,1,-1.3,0.005503600118202018,113
random_noobserve_outside,1,-1.2,0.013946556914372533,113
random_noobserve_outside,1,-1.1,0.00713791922264402,113
random_noobserve_outside,1,-1.0,0.010344403804413564,113
random_noobserve_outside,1,-0.9,0.039135690272198924,113
random_noobserve_outside,1,-0.8,0.02160733075205297,113
random_noobserve_outside,1,-0.7,0.006816965247908153,113
random_noobserve_outside,1,-0.6,0.02650898928394643,113
random_noobserve_outside,1,-0.5,-0.034708763607645916,113
random_noobserve_outside,1,-0.4,-0.040041513120867206,113
random_noobserve_outside,1,-0.3,-0.052596245314371216,113
random_noobserve_outside,1,-0.2,-0.028092252533536984,113
random_noobserve_outside,1,-0.0999999999999996,-0.022808971048087188,113
random_noobserve_outside,1,0.0,-0.031457422140633254,113
random_noobserve_outside,1,0.1,-0.055977833468935895,113
random_noobserve_outside,1,0.2,-0.03229036144290405,113
random_noobserve_outside,1,0.3,-0.05259127852139856,113
random_noobserve_outside,1,0.4,-0.04067596738846295,113
random_noobserve_outside,1,0.5,-0.0029396132907324,113
random_noobserve_outside,1,0.6,-0.05365003305719625,113
random_noobserve_outside,1,0.7,-0.038874810125124885,113
random_noobserve_outside,1,0.8,-0.04075811479456288,113
random_noobserve_outside,1,0.9,-0.061045066185421326,113
random_noobserve_outside,1,1.0,-0.027808396700738022,113
random_noobserve_outside,1,1.1,-0.025907168535817166,113
random_noobserve_outside,1,1.2,-0.031154572153148513,113
random_noobserve_outside,1,1.3,-0.052644104077138834,113
random_noobserve_outside,1,1.4,-0.06722672266442604,113
random_noobserve_outside,1,1.5,-0.044254675096497074,113
random_noobserve_outside,1,1.6,-0.052142636013434315,113
random_noobserve_outside,1,1.7,-0.05158651066136036,113
random_noobserve_outside,1,1.8,-0.049413375214037915,113
random_noobserve_outside,1,1.9,-0.040782207061691056,113
random_noobserve_outside,1,2.0,-0.0454510296496217,113
random_noobserve_outside,1,2.1,-0.03838253024890915,113
random_noobserve_outside,1,2.2,-0.05149170787826898,113
random_noobserve_outside,1,2.3,-0.02902069852636019,113
random_noobserve_outside,1,2.4,-0.020619970715592403,113
random_noobserve_outside,1,2.5,-0.010900763199622387,113
random_noobserve_outside,1,2.6,-0.027418027547021433,113
random_noobserve_outside,1,2.7,-0.009033189958737226,113
random_noobserve_outside,1,2.8,-0.03356506478241573,113
random_noobserve_outside,1,2.9,-0.03436162922100432,113
random_noobserve_outside,1,3.0,-0.01071981905266206,113
random_noobserve_outside,1,3.1,-0.005427403251180045,113
random_noobserve_outside,1,3.2,-0.01743826669282169,113
random_noobserve_outside,1,3.3,0.003544761612880619,113
random_noobserve_outside,1,3.4,-0.015539595923798015,113
random_noobserve_outside,1,3.5,0.004916769106367331,113
random_noobserve_outside,1,3.6,0.002831993801042085,113
random_noobserve_outside,1,3.7,-0.009761108358234117,113
random_noobserve_outside,1,3.8,-0.013832642438443964,113
random_noobserve_outside,1,3.9,-0.0347283459441046,113
random_noobserve_outside,1,4.0,-0.03672042810072321,113
random_noobserve_outside,1,4.1,-0.05548305488330535,113
random_noobserve_outside,1,4.2,-0.03934921993892932,113
random_noobserve_outside,1,4.3,-0.02820381163283793,113
random_noobserve_outside,1,4.4,-0.033949368609189255,113
random_noobserve_outside,1,4.5,-0.04601553917977493,113
random_noobserve_outside,1,4.6,-0.012537701145371703,113
random_noobserve_outside,1,4.7,-0.011313822501229835,113
random_noobserve_outside,1,4.8,-0.023628411459935647,113
random_noobserve_outside,1,4.9,-0.008898514130404258,113
random_noobserve_outside,1,5.0,-0.01961488666617363,113
random_noobserve_outside,1,5.1,-0.012164341007595371,113
random_noobserve_outside,1,5.2,-0.024375592388675826,113
random_noobserve_outside,1,5.3,-0.008704673579599033,113
random_noobserve_outside,1,5.4,-0.011894553219536351,113
random_noobserve_outside,1,5.5,0.01462964135099823,113
random_noobserve_outside,1,5.6,0.011522547543568133,113
random_noobserve_outside,1,5.7,0.0006479990005610992,113
random_noobserve_outside,1,5.8,0.004510047046218083,113
random_noobserve_outside,1,5.9,-0.0013914017811859415,113
random_noobserve_outside,3,-3.0,0.08233008284189772,121
random_noobserve_outside,3,-2.9,0.04384336284365394,121
random_noobserve_outside,3,-2.8,0.0809372597017445,121
random_noobserve_outside,3,-2.7,0.10883812778523963,121
random_noobserve_outside,3,-2.6,0.09818662187568077,121
random_noobserve_outside,3,-2.5,0.08667384165354734,121
random_noobserve_outside,3,-2.4,0.0634214599248413,121
random_noobserve_outside,3,-2.3,0.03648233217030368,121
random_noobserve_outside,3,-2.2,0.026317464960882074,121
random_noobserve_outside,3,-2.1,0.01882354866490823,121
random_noobserve_outside,3,-2.0,-0.042162233562084164,121
random_noobserve_outside,3,-1.9,-0.04432284853281594,121
random_noobserve_outside,3,-1.8,-0.030931195049535367,121
random_noobserve_outside,3,-1.7,-0.06007016276673122,121
random_noobserve_outside,3,-1.6,-0.016807973450663285,121
random_noobserve_outside,3,-1.5,-0.03357906833788726,121
random_noobserve_outside,3,-1.4,-0.05918753938317463,121
random_noobserve_outside,3,-1.3,-0.07804675705146769,121
random_noobserve_outside,3,-1.2,-0.0972896643148815,121
random_noobserve_outside,3,-1.1,-0.10096714468772942,121
random_noobserve_outside,3,-1.0,-0.04535812272159583,121
random_noobserve_outside,3,-0.9,-0.020830987335841402,121
random_noobserve_outside,3,-0.8,-0.054851304740923416,121
random_noobserve_outside,3,-0.7,-0.0855626603923112,121
random_noobserve_outside,3,-0.6,-0.09049741578134465,121
random_noobserve_outside,3,-0.5,-0.09998565517484441,121
random_noobserve_outside,3,-0.4,-0.11827669221707122,121
random_noobserve_outside,3,-0.3,-0.13939729316687458,121
random_noobserve_outside,3,-0.2,-0.12261308236962502,121
random_noobserve_outside,3,-0.0999999999999996,-0.11698924720855237,121
random_noobserve_outside,3,0.0,-0.13766602616300988,121
random_noobserve_outside,3,0.1,-0.11499009185901944,121
random_noobserve_outside,3,0.2,-0.1441258099884924,121
random_noobserve_outside,3,0.3,-0.16467275892389177,121
random_noobserve_outside,3,0.4,-0.15554058281902589,121
random_noobserve_outside,3,0.5,-0.14520353293074165,121
random_noobserve_outside,3,0.6,-0.12907166830960462,121
random_noobserve_outside,3,0.7,-0.129638256014231,121
random_noobserve_outside,3,0.8,-0.09638215662508863,121
random_noobserve_outside,3,0.9,-0.1244164709647085,121
random_noobserve_outside,3,1.0,-0.12712592246553947,121
random_noobserve_outside,3,1.1,-0.13428782994491925,121
random_noobserve_outside,3,1.2,-0.17670732387030708,121
random_noobserve_outside,3,1.3,-0.16114748808640014,121
random_noobserve_outside,3,1.4,-0.22564895316227968,121
random_noobserve_outside,3,1.5,-0.2346424112516392,121
random_noobserve_outside,3,1.6,-0.26421726135177215,121
random_noobserve_outside,3,1.7,-0.22616040380339794,121
random_noobserve_outside,3,1.8,-0.25195484662534323,121
random_noobserve_outside,3,1.9,-0.23245265243133248,121
random_noobserve_outside,3,2.0,-0.25964080320411415,121
random_noobserve_outside,3,2.1,-0.2867763308295362,121
random_noobserve_outside,3,2.2,-0.22965188658917665,121
random_noobserve_outside,3,2.3,-0.22227761840044347,121
random_noobserve_outside,3,2.4,-0.16907831479974558,121
random_noobserve_outside,3,2.5,-0.17039870287258085,121
random_noobserve_outside,3,2.6,-0.17774516746258626,121
random_noobserve_outside,3,2.7,-0.20375013336726258,121
random_noobserve_outside,3,2.8,-0.26070390457606535,121
random_noobserve_outside,3,2.9,-0.2613812800911907,121
random_noobserve_outside,3,3.0,-0.2942357390072389,121
random_noobserve_outside,3,3.1,-0.32862385422230256,121
random_noobserve_outside,3,3.2,-0.35072045837187654,121
random_noobserve_outside,3,3.3,-0.3593181454227984,121
random_noobserve_outside,3,3.4,-0.36718092099753574,121
random_noobserve_outside,3,3.5,-0.39384209241346185,121
random_noobserve_outside,3,3.6,-0.41376681767444434,121
random_noobserve_outside,3,3.7,-0.40875558515853516,121
random_noobserve_outside,3,3.8,-0.3882589344991386,121
random_noobserve_outside,3,3.9,-0.4303230730750695,121
random_noobserve_outside,3,4.0,-0.4440046528332385,121
random_noobserve_outside,3,4.1,-0.4712524469756062,121
random_noobserve_outside,3,4.2,-0.46107121427120934,121
random_noobserve_outside,3,4.3,-0.4600180585134132,121
random_noobserve_outside,3,4.4,-0.4967716688923656,121
random_noobserve_outside,3,4.5,-0.5317147425231081,121
random_noobserve_outside,3,4.6,-0.537516845057838,121
random_noobserve_outside,3,4.7,-0.48028205940269203,121
random_noobserve_outside,3,4.8,-0.46777320998141303,121
random_noobserve_outside,3,4.9,-0.5350680053348466,121
random_noobserve_outside,3,5.0,-0.5639721861344852,121
random_noobserve_outside,3,5.1,-0.5777194381099786,121
random_noobserve_outside,3,5.2,-0.5418958480594703,121
random_noobserve_outside,3,5.3,-0.5578250822795514,121
random_noobserve_outside,3,5.4,-0.5883442372528388,121
random_noobserve_outside,3,5.5,-0.625769971182868,121
random_noobserve_outside,3,5.6,-0.5942477442764346,121
random_noobserve_outside,3,5.7,-0.6105543790414939,121
random_noobserve_outside,3,5.8,-0.5982244551869926,121
random_noobserve_outside,3,5.9,-0.6327389448200818,121
random_noobserve_outside,4,-3.0,0.21292816245774035,130
random_noobserve_outside,4,-2.9,0.19113946327024414,130
random_noobserve_outside,4,-2.8,0.19392058582881835,130
random_noobserve_outside,4,-2.7,0.18489889290450728,130
random_noobserve_outside,4,-2.6,0.12626873695943852,130
random_noobserve_outside,4,-2.5,0.03727576328007644,130
random_noobserve_outside,4,-2.4,0.014111470230298701,130
random_noobserve_outside,4,-2.3,-0.024237518780791664,130
random_noobserve_outside,4,-2.2,0.0007849100260299357,130
random_noobserve_outside,4,-2.1,0.0028532498208887567,130
random_noobserve_outside,4,-2.0,-0.024041778669078154,130
random_noobserve_outside,4,-1.9,-0.05644991044461797,130
random_noobserve_outside,4,-1.8,0.002832286816693189,130
random_noobserve_outside,4,-1.7,-0.0032733018523185458,130
random_noobserve_outside,4,-1.6,-0.0497051149318135,130
random_noobserve_outside,4,-1.5,-0.09220929176466859,130
random_noobserve_outside,4,-1.4,-0.18725422407124012,130
random_noobserve_outside,4,-1.3,-0.16769837769168086,130
random_noobserve_outside,4,-1.2,-0.14865666100393277,130
random_noobserve_outside,4,-1.1,-0.15108993532106335,130
random_noobserve_outside,4,-1.0,-0.06239740706353025,130
random_noobserve_outside,4,-0.9,-0.04480774231981297,130
random_noobserve_outside,4,-0.8,-0.08244364597327335,130
random_noobserve_outside,4,-0.7,-0.07046609615593918,130
random_noobserve_outside,4,-0.6,-0.06541973945868765,130
random_noobserve_outside,4,-0.5,-0.06720008390564243,130
random_noobserve_outside,4,-0.4,-0.09876278887384876,130
random_noobserve_outside,4,-0.3,-0.11192604455114186,130
random_noobserve_outside,4,-0.2,-0.17174590458007624,130
random_noobserve_outside,4,-0.0999999999999996,-0.18342717969140732,130
random_noobserve_outside,4,0.0,-0.1512659300649644,130
random_noobserve_outside,4,0.1,-0.19090025107614542,130
random_noobserve_outside,4,0.2,-0.19263664078948456,130
random_noobserve_outside,4,0.3,-0.1768201932153932,130
random_noobserve_outside,4,0.4,-0.22557926159753183,130
random_noobserve_outside,4,0.5,-0.23376179567335745,130
random_noobserve_outside,4,0.6,-0.2580641484024995,130
random_noobserve_outside,4,0.7,-0.21714653534827294,130
random_noobserve_outside,4,0.8,-0.21678097512773573,130
random_noobserve_outside,4,0.9,-0.14344207948524937,130
random_noobserve_outside,4,1.0,-0.14205215444495842,130
random_noobserve_outside,4,1.1,-0.12096007892088363,130
random_noobserve_outside,4,1.2,-0.15536577276653868,130
random_noobserve_outside,4,1.3,-0.17557585566499131,130
random_noobserve_outside,4,1.4,-0.11548271680744666,130
random_noobserve_outside,4,1.5,-0.1549250308814229,130
random_noobserve_outside,4,1.6,-0.18201608139991335,130
random_noobserve_outside,4,1.7,-0.20415982161331456,130
random_noobserve_outside,4,1.8,-0.25483787855655005,130
random_noobserve_outside,4,1.9,-0.271657686079102,130
random_noobserve_outside,4,2.0,-0.23836346755455756,130
random_noobserve_outside,4,2.1,-0.22304035893016463,130
random_noobserve_outside,4,2.2,-0.2653519825552303,130
random_noobserve_outside,4,2.3,-0.30925621891798954,130
random_noobserve_outside,4,2.4,-0.24692358946579188,130
random_noobserve_outside,4,2.5,-0.22001956556715277,130
random_noobserve_outside,4,2.6,-0.23782390938189782,130
random_noobserve_outside,4,2.7,-0.19710282798885934,130
random_noobserve_outside,4,2.8,-0.14992517318563187,130
random_noobserve_outside,4,2.9,-0.14879652256029874,130
random_noobserve_outside,4,3.0,-0.18263625618305432,130
random_noobserve_outside,4,3.1,-0.20293761631310916,130
random_noobserve_outside,4,3.2,-0.2357464497057462,130
random_noobserve_outside,4,3.3,-0.2209689206187108,130
random_noobserve_outside,4,3.4,-0.2340964284014481,130
random_noobserve_outside,4,3.5,-0.28674103803244,130
random_noobserve_outside,4,3.6,-0.3113645588894224,130
random_noobserve_outside,4,3.7,-0.23599675370639975,130
random_noobserve_outside,4,3.8,-0.22858543468895323,130
random_noobserve_outside,4,3.9,-0.20682257607552135,130
random_noobserve_outside,4,4.0,-0.24163348230563242,130
random_noobserve_outside,4,4.1,-0.2751804605326548,130
random_noobserve_outside,4,4.2,-0.3009417182957902,130
random_noobserve_outside,4,4.3,-0.32110954961594235,130
random_noobserve_outside,4,4.4,-0.30338174120779404,130
random_noobserve_outside,4,4.5,-0.3217457194162952,130
random_noobserve_outside,4,4.6,-0.32575433335407766,130
random_noobserve_outside,4,4.7,-0.3070252527975275,130
random_noobserve_outside,4,4.8,-0.304932045180433,130
random_noobserve_outside,4,4.9,-0.328875717300135,130
random_noobserve_outside,4,5.0,-0.3037629309924069,130
random_noobserve_outside,4,5.1,-0.2880422882520824,130
random_noobserve_outside,4,5.2,-0.28383738657124363,130
random_noobserve_outside,4,5.3,-0.31694213657557135,130
random_noobserve_outside,4,5.4,-0.3491486957042326,130
random_noobserve_outside,4,5.5,-0.3800187757478293,130
random_noobserve_outside,4,5.6,-0.40768634144841703,130
random_noobserve_outside,4,5.7,-0.37417285570820535,130
random_noobserve_outside,4,5.8,-0.39261668899623015,130
random_noobserve_outside,4,5.9,-0.36712420838934057,130
random_noobserve_outside,5,-3.0,0.011811878956277085,219
random_noobserve_outside,5,-2.9,0.02000918504683226,219
random_noobserve_outside,5,-2.8,0.008639228347203669,219
random_noobserve_outside,5,-2.7,-0.011441152013108974,219
random_noobserve_outside,5,-2.6,0.00034459883584748215,219
random_noobserve_outside,5,-2.5,0.016135857139951245,219
random_noobserve_outside,5,-2.4,0.031696372978247525,219
random_noobserve_outside,5,-2.3,0.0045920738640291055,219
random_noobserve_outside,5,-2.2,-0.011093924510176689,219
random_noobserve_outside,5,-2.1,-0.027282605401608158,219
random_noobserve_outside,5,-2.0,-0.013469138234441054,219
random_noobserve_outside,5,-1.9,-0.034669115329830136,219
random_noobserve_outside,5,-1.8,-0.009417763070708194,219
random_noobserve_outside,5,-1.7,-0.0019787075587888114,219
random_noobserve_outside,5,-1.6,-0.03938393226799454,219
random_noobserve_outside,5,-1.5,-0.05071909497091806,219
random_noobserve_outside,5,-1.4,-0.04223999133651108,219
random_noobserve_outside,5,-1.3,0.032461568380112785,219
random_noobserve_outside,5,-1.2,0.0369557527784583,219
random_noobserve_outside,5,-1.1,0.025842972552030028,219
random_noobserve_outside,5,-1.0,0.053205935815095945,219
random_noobserve_outside,5,-0.9,0.02986073884930879,219
random_noobserve_outside,5,-0.8,-0.012469597512222796,219
random_noobserve_outside,5,-0.7,0.0033166906187192032,219
random_noobserve_outside,5,-0.6,-0.010825650721621439,219
random_noobserve_outside,5,-0.5,0.014489310780602607,219
random_noobserve_outside,5,-0.4,0.009617948483405017,219
random_noobserve_outside,5,-0.3,-0.002889371205182833,219
random_noobserve_outside,5,-0.2,0.011298781989287812,219
random_noobserve_outside,5,-0.0999999999999996,0.011004614120928713,219
random_noobserve_outside,5,0.0,0.02717287578595867,219
random_noobserve_outside,5,0.1,-0.0060886757773570156,219
random_noobserve_outside,5,0.2,0.032299479802951614,219
random_noobserve_outside,5,0.3,-0.011148893728705108,219
random_noobserve_outside,5,0.4,-0.0006564175095383017,219
random_noobserve_outside,5,0.5,-0.03516431031293764,219
random_noobserve_outside,5,0.6,-0.07912939558138762,219
random_noobserve_outside,5,0.7,-0.08037344179954452,219
random_noobserve_outside,5,0.8,-0.029530980180757296,219
random_noobserve_outside,5,0.9,0.020651380861826947,219
random_noobserve_outside,5,1.0,0.007136889406420386,219
random_noobserve_outside,5,1.1,0.01449623451977639,219
random_noobserve_outside,5,1.2,-0.014233348181593384,219
random_noobserve_outside,5,1.3,-0.05181837704797209,219
random_noobserve_outside,5,1.4,-0.0747052895458765,219
random_noobserve_outside,5,1.5,-0.12170541556714423,219
random_noobserve_outside,5,1.6,-0.12903358220702632,219
random_noobserve_outside,5,1.7,-0.1525739779107165,219
random_noobserve_outside,5,1.8,-0.14225677971363393,219
random_noobserve_outside,5,1.9,-0.16750636339348143,219
random_noobserve_outside,5,2.0,-0.20406171743146537,219
random_noobserve_outside,5,2.1,-0.205805422059966,219
random_noobserve_outside,5,2.2,-0.1777681290420666,219
random_noobserve_outside,5,2.3,-0.1762979135705029,219
random_noobserve_outside,5,2.4,-0.1680649020034727,219
random_noobserve_outside,5,2.5,-0.14796938482511598,219
random_noobserve_outside,5,2.6,-0.17463253853150335,219
random_noobserve_outside,5,2.7,-0.17376917405131762,219
random_noobserve_outside,5,2.8,-0.1838914114689804,219
random_noobserve_outside,5,2.9,-0.19966577867758833,219
random_noobserve_outside,5,3.0,-0.20406861007694968,219
random_noobserve_outside,5,3.1,-0.18199323901233505,219
random_noobserve_outside,5,3.2,-0.20442258585444806,219
random_noobserve_outside,5,3.3,-0.2296183058150849,219
random_noobserve_outside,5,3.4,-0.25514211138564064,219
random_noobserve_outside,5,3.5,-0.2566915516629222,219
random_noobserve_outside,5,3.6,-0.2485832105256172,219
random_noobserve_outside,5,3.7,-0.25186428721510395,219
random_noobserve_outside,5,3.8,-0.25382859560524673,219
random_noobserve_outside,5,3.9,-0.2275810586044411,219
random_noobserve_outside,5,4.0,-0.24317468135835557,219
random_noobserve_outside,5,4.1,-0.2512734061764839,219
random_noobserve_outside,5,4.2,-0.2559733462606715,219
random_noobserve_outside,5,4.3,-0.2504329627156254,219
random_noobserve_outside,5,4.4,-0.2551411940956639,219
random_noobserve_outside,5,4.5,-0.26293653188497584,219
random_noobserve_outside,5,4.6,-0.2710004995587298,219
random_noobserve_outside,5,4.7,-0.2453277711952913,219
random_noobserve_outside,5,4.8,-0.2319628404561147,219
random_noobserve_outside,5,4.9,-0.23462247287313454,219
random_noobserve_outside,5,5.0,-0.22739716744115257,219
random_noobserve_outside,5,5.1,-0.2145563371986253,219
random_noobserve_outside,5,5.2,-0.22100690712105941,219
random_noobserve_outside,5,5.3,-0.2637438765131015,219
random_noobserve_outside,5,5.4,-0.29658840855828345,219
random_noobserve_outside,5,5.5,-0.31503545902460195,219
random_noobserve_outside,5,5.6,-0.318227868458564,219
random_noobserve_outside,5,5.7,-0.35113059151901516,219
random_noobserve_outside,5,5.8,-0.3612845560898502,219
random_noobserve_outside,5,5.9,-0.3291548959989737,219
random_noobserve_outside,6,-3.0,-0.15397664307638217,39
random_noobserve_outside,6,-2.9,-0.15961857314281774,39
random_noobserve_outside,6,-2.8,-0.108859880858085,39
random_noobserve_outside,6,-2.7,0.005603925384604126,39
random_noobserve_outside,6,-2.6,0.015611748313406752,39
random_noobserve_outside,6,-2.5,0.17613586108865822,39
random_noobserve_outside,6,-2.4,0.1599551584037906,39
random_noobserve_outside,6,-2.3,0.012171521463876015,39
random_noobserve_outside,6,-2.2,-0.07392493673361576,39
random_noobserve_outside,6,-2.1,0.011383527165249565,39
random_noobserve_outside,6,-2.0,0.09745307838545303,39
random_noobserve_outside,6,-1.9,0.011041915464887204,39
random_noobserve_outside,6,-1.8,0.05358603036652555,39
random_noobserve_outside,6,-1.7,0.04814842497965641,39
random_noobserve_outside,6,-1.6,-0.021582435761892886,39
random_noobserve_outside,6,-1.5,0.0020578969198205496,39
random_noobserve_outside,6,-1.4,0.012770737061330112,39
random_noobserve_outside,6,-1.3,-0.1388009361038814,39
random_noobserve_outside,6,-1.2,0.009218544499498544,39
random_noobserve_outside,6,-1.1,-0.01611549919442769,39
random_noobserve_outside,6,-1.0,0.05774053537434623,39
random_noobserve_outside,6,-0.9,-0.01728497408359836,39
random_noobserve_outside,6,-0.8,0.04533664659699232,39
random_noobserve_outside,6,-0.7,0.011926697057839367,39
random_noobserve_outside,6,-0.6,-0.09671549788890775,39
random_noobserve_outside,6,-0.5,-0.07471049811686022,39
random_noobserve_outside,6,-0.4,0.0022662444919525995,39
random_noobserve_outside,6,-0.3,-0.007776024764455476,39
random_noobserve_outside,6,-0.2,0.02534945607764213,39
random_noobserve_outside,6,-0.0999999999999996,-0.05700051825048405,39
random_noobserve_outside,6,0.0,-0.16479016364325033,39
random_noobserve_outside,6,0.1,0.1178979501627948,39
random_noobserve_outside,6,0.2,-0.05556803967094576,39
random_noobserve_outside,6,0.3,-0.13683238792831412,39
random_noobserve_outside,6,0.4,-0.03042365278187554,39
random_noobserve_outside,6,0.5,-0.051775868477760265,39
random_noobserve_outside,6,0.6,0.006437669902924921,39
random_noobserve_outside,6,0.7,0.016746004979298148,39
random_noobserve_outside,6,0.8,-0.07153283216273475,39
random_noobserve_outside,6,0.9,-0.0955331976439728,39
random_noobserve_outside,6,1.0,-0.22280637287774946,39
random_noobserve_outside,6,1.1,-0.2621937334781195,39
random_noobserve_outside,6,1.2,-0.25516714395077034,39
random_noobserve_outside,6,1.3,-0.27717331411225143,39
random_noobserve_outside,6,1.4,-0.2045311934009657,39
random_noobserve_outside,6,1.5,-0.002714438337177202,39
random_noobserve_outside,6,1.6,-0.14492569742420036,39
random_noobserve_outside,6,1.7,-0.09334156631217012,39
random_noobserve_outside,6,1.8,-0.046599772292424145,39
random_noobserve_outside,6,1.9,-0.09758193549164429,39
random_noobserve_outside,6,2.0,-0.030890809325895108,39
random_noobserve_outside,6,2.1,-0.11733708857502283,39
random_noobserve_outside,6,2.2,-0.11394567418434189,39
random_noobserve_outside,6,2.3,-0.1825599906908508,39
random_noobserve_outside,6,2.4,-0.22468351647306783,39
random_noobserve_outside,6,2.5,-0.20452151102761054,39
random_noobserve_outside,6,2.6,-0.1923622516328225,39
random_noobserve_outside,6,2.7,-0.1869957839697103,39
random_noobserve_outside,6,2.8,-0.26398673133808875,39
random_noobserve_outside,6,2.9,-0.28193325912917266,39
random_noobserve_outside,6,3.0,-0.1454109125817184,39
random_noobserve_outside,6,3.1,-0.2866137793881689,39
random_noobserve_outside,6,3.2,-0.16201998080355406,39
random_noobserve_outside,6,3.3,-0.09519163214953359,39
random_noobserve_outside,6,3.4,-0.1779740007666358,39
random_noobserve_outside,6,3.5,-0.24127750838391324,39
random_noobserve_outside,6,3.6,-0.11245807916460074,39
random_noobserve_outside,6,3.7,-0.17377435498542076,39
random_noobserve_outside,6,3.8,-0.16653015456845424,39
random_noobserve_outside,6,3.9,-0.11915124093928856,39
random_noobserve_outside,6,4.0,-0.09802420271288079,39
random_noobserve_outside,6,4.1,-0.14185058790323213,39
random_noobserve_outside,6,4.2,-0.19328489713966035,39
random_noobserve_outside,6,4.3,-0.16962566400081236,39
random_noobserve_outside,6,4.4,-0.24015734150019882,39
random_noobserve_outside,6,4.5,-0.2267753711470653,39
random_noobserve_outside,6,4.6,-0.24478684563089545,39
random_noobserve_outside,6,4.7,-0.1774697413709084,39
random_noobserve_outside,6,4.8,-0.1825022037344892,39
random_noobserve_outside,6,4.9,-0.04121332209658195,39
random_noobserve_outside,6,5.0,-0.16463225483252333,39
random_noobserve_outside,6,5.1,-0.17506276465701684,39
random_noobserve_outside,6,5.2,-0.17362443549173767,39
random_noobserve_outside,6,5.3,-0.24994073176841305,39
random_noobserve_outside,6,5.4,-0.1765822437119325,39
random_noobserve_outside,6,5.5,-0.19959927100740274,39
random_noobserve_outside,6,5.6,-0.22157644729859505,39
random_noobserve_outside,6,5.7,-0.25884596376448576,39
random_noobserve_outside,6,5.8,-0.18382639681098864,39
random_noobserve_outside,6,5.9,-0.1297336817245583,39
random_noobserve_outside,18,-3.0,0.07152764534042924,214
random_noobserve_outside,18,-2.9,0.06586440602660855,214
random_noobserve_outside,18,-2.8,0.07737031030449641,214
random_noobserve_outside,18,-2.7,0.08218316192440817,214
random_noobserve_outside,18,-2.6,0.07914955397032028,214
random_noobserve_outside,18,-2.5,0.04304456543631562,214
random_noobserve_outside,18,-2.4,0.007413941949696852,214
random_noobserve_outside,18,-2.3,-0.0031918464662931416,214
random_noobserve_outside,18,-2.2,0.0032722366308039937,214
random_noobserve_outside,18,-2.1,-0.0317338154661932,214
random_noobserve_outside,18,-2.0,-0.023096223487331126,214
random_noobserve_outside,18,-1.9,-0.025385327434811148,214
random_noobserve_outside,18,-1.8,-0.047794296321527326,214
random_noobserve_outside,18,-1.7,-0.05236172336646241,214
random_noobserve_outside,18,-1.6,-0.05308556604723645,214
random_noobserve_outside,18,-1.5,-0.04079282218310472,214
random_noobserve_outside,18,-1.4,-0.01344681662991797,214
random_noobserve_outside,18,-1.3,-0.0412758924158963,214
random_noobserve_outside,18,-1.2,-0.0320330969694464,214
random_noobserve_outside,18,-1.1,-0.04093015727167873,214
random_noobserve_outside,18,-1.0,-0.024698237523179734,214
random_noobserve_outside,18,-0.9,-0.045255366098505605,214
random_noobserve_outside,18,-0.8,-0.06711229368998203,214
random_noobserve_outside,18,-0.7,-0.095749105290416,214
random_noobserve_outside,18,-0.6,-0.10201255330683158,214
random_noobserve_outside,18,-0.5,-0.1224231745102135,214
random_noobserve_outside,18,-0.4,-0.1532014529919206,214
random_noobserve_outside,18,-0.3,-0.15339560680150519,214
random_noobserve_outside,18,-0.2,-0.17888459588429123,214
random_noobserve_outside,18,-0.0999999999999996,-0.2056861561189353,214
random_noobserve_outside,18,0.0,-0.22192630286603549,214
random_noobserve_outside,18,0.1,-0.24975807677927903,214
random_noobserve_outside,18,0.2,-0.23326950329928206,214
random_noobserve_outside,18,0.3,-0.24287573658822786,214
random_noobserve_outside,18,0.4,-0.2754065106450511,214
random_noobserve_outside,18,0.5,-0.2643974623317698,214
random_noobserve_outside,18,0.6,-0.24211144428772854,214
random_noobserve_outside,18,0.7,-0.22208487279263306,214
random_noobserve_outside,18,0.8,-0.19702542793269628,214
random_noobserve_outside,18,0.9,-0.219765548353757,214
random_noobserve_outside,18,1.0,-0.19934402447664717,214
random_noobserve_outside,18,1.1,-0.2223422107946247,214
random_noobserve_outside,18,1.2,-0.24196401080008645,214
random_noobserve_outside,18,1.3,-0.24090112265825886,214
random_noobserve_outside,18,1.4,-0.24907101751073854,214
random_noobserve_outside,18,1.5,-0.23853537036075104,214
random_noobserve_outside,18,1.6,-0.24646026185454706,214
random_noobserve_outside,18,1.7,-0.2596316764702037,214
random_noobserve_outside,18,1.8,-0.2538339208608383,214
random_noobserve_outside,18,1.9,-0.24895617694455782,214
random_noobserve_outside,18,2.0,-0.23658645537437056,214
random_noobserve_outside,18,2.1,-0.21029072256303305,214
random_noobserve_outside,18,2.2,-0.2141538325541655,214
random_noobserve_outside,18,2.3,-0.1897156685281664,214
random_noobserve_outside,18,2.4,-0.15953681570267642,214
random_noobserve_outside,18,2.5,-0.1403483118316617,214
random_noobserve_outside,18,2.6,-0.16016587629406828,214
random_noobserve_outside,18,2.7,-0.17741159196114317,214
random_noobserve_outside,18,2.8,-0.19162914904106726,214
random_noobserve_outside,18,2.9,-0.24760835713314883,214
random_noobserve_outside,18,3.0,-0.2617461851737352,214
random_noobserve_outside,18,3.1,-0.2813978949828723,214
random_noobserve_outside,18,3.2,-0.29803626944355743,214
random_noobserve_outside,18,3.3,-0.31972574847274327,214
random_noobserve_outside,18,3.4,-0.34085179391388304,214
random_noobserve_outside,18,3.5,-0.34276315511326116,214
random_noobserve_outside,18,3.6,-0.324900838715943,214
random_noobserve_outside,18,3.7,-0.30671908659865765,214
random_noobserve_outside,18,3.8,-0.3279050125372902,214
random_noobserve_outside,18,3.9,-0.3286863901358952,214
random_noobserve_outside,18,4.0,-0.3360792997550095,214
random_noobserve_outside,18,4.1,-0.3286481474037641,214
random_noobserve_outside,18,4.2,-0.318857490277824,214
random_noobserve_outside,18,4.3,-0.33584745156715584,214
random_noobserve_outside,18,4.4,-0.36565451687749456,214
random_noobserve_outside,18,4.5,-0.3742862460301107,214
random_noobserve_outside,18,4.6,-0.3822476181021777,214
random_noobserve_outside,18,4.7,-0.3600088969225926,214
random_noobserve_outside,18,4.8,-0.3938327644185235,214
random_noobserve_outside,18,4.9,-0.4102600093634878,214
random_noobserve_outside,18,5.0,-0.4358728489857358,214
random_noobserve_outside,18,5.1,-0.4418105307532674,214
random_noobserve_outside,18,5.2,-0.4183074368676077,214
random_noobserve_outside,18,5.3,-0.3807472801190104,214
random_noobserve_outside,18,5.4,-0.37054437873704743,214
random_noobserve_outside,18,5.5,-0.3629684937223311,214
random_noobserve_outside,18,5.6,-0.34728001274137366,214
random_noobserve_outside,18,5.7,-0.36191060151525867,214
random_noobserve_outside,18,5.8,-0.38608494530217763,214
random_noobserve_outside,18,5.9,-0.4031538836943476,214
random_noobserve_outside,19,-3.0,0.09532844959545635,151
random_noobserve_outside,19,-2.9,0.07805680785502332,151
random_noobserve_outside,19,-2.8,0.0780001170117673,151
random_noobserve_outside,19,-2.7,0.027612233688491458,151
random_noobserve_outside,19,-2.6,-0.010724671577909833,151
random_noobserve_outside,19,-2.5,-0.018655019719531752,151
random_noobserve_outside,19,-2.4,-0.0033983001104931003,151
random_noobserve_outside,19,-2.3,-0.0309790442356251,151
random_noobserve_outside,19,-2.2,-0.014616751891923357,151
random_noobserve_outside,19,-2.1,-0.014968767476564764,151
random_noobserve_outside,19,-2.0,-0.005765210967311171,151
random_noobserve_outside,19,-1.9,-0.023308486258001856,151
random_noobserve_outside,19,-1.8,-0.07292843626314319,151
random_noobserve_outside,19,-1.7,-0.0069568473360481645,151
random_noobserve_outside,19,-1.6,0.005153846500125294,151
random_noobserve_outside,19,-1.5,0.02646003013295201,151
random_noobserve_outside,19,-1.4,-0.021737634517664667,151
random_noobserve_outside,19,-1.3,-0.04135832285801284,151
random_noobserve_outside,19,-1.2,-0.022533736457747647,151
random_noobserve_outside,19,-1.1,-0.009887442680419247,151
random_noobserve_outside,19,-1.0,-0.01279281243341869,151
random_noobserve_outside,19,-0.9,-0.0423905635340669,151
random_noobserve_outside,19,-0.8,-0.050057739655286045,151
random_noobserve_outside,19,-0.7,-0.05101029724883576,151
random_noobserve_outside,19,-0.6,-0.025041912991262804,151
random_noobserve_outside,19,-0.5,-0.01384496197607646,151
random_noobserve_outside,19,-0.4,0.012774320853627714,151
random_noobserve_outside,19,-0.3,-0.005348942333043945,151
random_noobserve_outside,19,-0.2,-0.08540865140894263,151
random_noobserve_outside,19,-0.0999999999999996,-0.040656584777042745,151
random_noobserve_outside,19,0.0,-0.031303887930779276,151
random_noobserve_outside,19,0.1,-0.06919491064272003,151
random_noobserve_outside,19,0.2,-0.055923693531209004,151
random_noobserve_outside,19,0.3,-0.06286368358316924,151
random_noobserve_outside,19,0.4,-0.08254903968430648,151
random_noobserve_outside,19,0.5,-0.08904904974015168,151
random_noobserve_outside,19,0.6,-0.06534953280458708,151
random_noobserve_outside,19,0.7,-0.04390059226910002,151
random_noobserve_outside,19,0.8,-0.014127473695241878,151
random_noobserve_outside,19,0.9,-0.08650463834663802,151
random_noobserve_outside,19,1.0,-0.056725645713154874,151
random_noobserve_outside,19,1.1,-0.14236402784139535,151
random_noobserve_outside,19,1.2,-0.08765221815828075,151
random_noobserve_outside,19,1.3,-0.13576727329235433,151
random_noobserve_outside,19,1.4,-0.10443690026869848,151
random_noobserve_outside,19,1.5,-0.11778851021711115,151
random_noobserve_outside,19,1.6,-0.14277276217041862,151
random_noobserve_outside,19,1.7,-0.1484263981201585,151
random_noobserve_outside,19,1.8,-0.1751225171870595,151
random_noobserve_outside,19,1.9,-0.18199854471044571,151
random_noobserve_outside,19,2.0,-0.20229551229778103,151
random_noobserve_outside,19,2.1,-0.22040560019075597,151
random_noobserve_outside,19,2.2,-0.21128669337180006,151
random_noobserve_outside,19,2.3,-0.20396678832458026,151
random_noobserve_outside,19,2.4,-0.20675821369379074,151
random_noobserve_outside,19,2.5,-0.20809681411939807,151
random_noobserve_outside,19,2.6,-0.2182048370244817,151
random_noobserve_outside,19,2.7,-0.17203367765335884,151
random_noobserve_outside,19,2.8,-0.16826144820840233,151
random_noobserve_outside,19,2.9,-0.17828013292109862,151
random_noobserve_outside,19,3.0,-0.11144103612823478,151
random_noobserve_outside,19,3.1,-0.12511660645480693,151
random_noobserve_outside,19,3.2,-0.12077058255066216,151
random_noobserve_outside,19,3.3,-0.08869847887046291,151
random_noobserve_outside,19,3.4,-0.11483354020294058,151
random_noobserve_outside,19,3.5,-0.0960655928259893,151
random_noobserve_outside,19,3.6,-0.061443948720509886,151
random_noobserve_outside,19,3.7,-0.09652941973670953,151
random_noobserve_outside,19,3.8,-0.1491006663269272,151
random_noobserve_outside,19,3.9,-0.15999978658094285,151
random_noobserve_outside,19,4.0,-0.1529588065990511,151
random_noobserve_outside,19,4.1,-0.20009466956205632,151
random_noobserve_outside,19,4.2,-0.24381890922152508,151
random_noobserve_outside,19,4.3,-0.1984064936007637,151
random_noobserve_outside,19,4.4,-0.14914010191952126,151
random_noobserve_outside,19,4.5,-0.2238263275411519,151
random_noobserve_outside,19,4.6,-0.18568831390046675,151
random_noobserve_outside,19,4.7,-0.25877947222231107,151
random_noobserve_outside,19,4.8,-0.2701249691478914,151
random_noobserve_outside,19,4.9,-0.23520463424594684,151
random_noobserve_outside,19,5.0,-0.20217572897227243,151
random_noobserve_outside,19,5.1,-0.2042955203272293,151
random_noobserve_outside,19,5.2,-0.16653106082640842,151
random_noobserve_outside,19,5.3,-0.1864365259194286,151
random_noobserve_outside,19,5.4,-0.17205709392269983,151
random_noobserve_outside,19,5.5,-0.18261715050359129,151
random_noobserve_outside,19,5.6,-0.16642708801987988,151
random_noobserve_outside,19,5.7,-0.23364504677932915,151
random_noobserve_outside,19,5.8,-0.19730406089729088,151
random_noobserve_outside,19,5.9,-0.21277336306003497,151
random_noobserve_outside,27,-3.0,-0.10812520642482926,75
random_noobserve_outside,27,-2.9,-0.1544419192287306,75
random_noobserve_outside,27,-2.8,-0.029397155831284227,75
random_noobserve_outside,27,-2.7,0.0693237726013876,75
random_noobserve_outside,27,-2.6,0.15830931158209605,75
random_noobserve_outside,27,-2.5,0.1238076286747679,75
random_noobserve_outside,27,-2.4,0.02044148591287377,75
random_noobserve_outside,27,-2.3,-0.013990421383860134,75
random_noobserve_outside,27,-2.2,-0.020924923783349498,75
random_noobserve_outside,27,-2.1,0.018112684109626312,75
random_noobserve_outside,27,-2.0,0.04738947665548748,75
random_noobserve_outside,27,-1.9,0.0449450484821401,75
random_noobserve_outside,27,-1.8,-0.028618043916981105,75
random_noobserve_outside,27,-1.7,-0.10833357600500136,75
random_noobserve_outside,27,-1.6,-0.09961238934847727,75
random_noobserve_outside,27,-1.5,-0.08792883831873977,75
random_noobserve_outside,27,-1.4,-0.07639477510502685,75
random_noobserve_outside,27,-1.3,-0.003269108329694475,75
random_noobserve_outside,27,-1.2,0.05886936567740977,75
random_noobserve_outside,27,-1.1,0.12344608451545007,75
random_noobserve_outside,27,-1.0,0.06639149946473559,75
random_noobserve_outside,27,-0.9,0.03548552894862648,75
random_noobserve_outside,27,-0.8,-0.012956667404450693,75
random_noobserve_outside,27,-0.7,-0.06772877268357592,75
random_noobserve_outside,27,-0.6,-0.07877759757460234,75
random_noobserve_outside,27,-0.5,-0.08775335729307682,75
random_noobserve_outside,27,-0.4,-0.06947450495140493,75
random_noobserve_outside,27,-0.3,-0.021173512369735338,75
random_noobserve_outside,27,-0.2,0.02369663884749946,75
random_noobserve_outside,27,-0.0999999999999996,0.03667907091894502,75
random_noobserve_outside,27,0.0,0.03960080378993875,75
random_noobserve_outside,27,0.1,0.023895022678889558,75
random_noobserve_outside,27,0.2,-0.0016992296863238407,75
random_noobserve_outside,27,0.3,0.0034323791868277565,75
random_noobserve_outside,27,0.4,0.013063058897336706,75
random_noobserve_outside,27,0.5,0.06802894518654577,75
random_noobserve_outside,27,0.6,0.007786938004641836,75
random_noobserve_outside,27,0.7,-0.05534095628295101,75
random_noobserve_outside,27,0.8,-0.11140591420983145,75
random_noobserve_outside,27,0.9,-0.21826592318720633,75
random_noobserve_outside,27,1.0,-0.22962803541137025,75
random_noobserve_outside,27,1.1,-0.16564580225410117,75
random_noobserve_outside,27,1.2,-0.16269957875691712,75
random_noobserve_outside,27,1.3,-0.13630479573969076,75
random_noobserve_outside,27,1.4,-0.13114764736826184,75
random_noobserve_outside,27,1.5,-0.14735546191301674,75
random_noobserve_outside,27,1.6,-0.13117223079697668,75
random_noobserve_outside,27,1.7,-0.10468474299553525,75
random_noobserve_outside,27,1.8,-0.08061020322805416,75
random_noobserve_outside,27,1.9,-0.07529792115215549,75
random_noobserve_outside,27,2.0,-0.09629271341777072,75
random_noobserve_outside,27,2.1,-0.05460493793941094,75
random_noobserve_outside,27,2.2,-0.050211214678087056,75
random_noobserve_outside,27,2.3,-0.011558051583838394,75
random_noobserve_outside,27,2.4,-0.04433983294326881,75
random_noobserve_outside,27,2.5,-0.11660798498870015,75
random_noobserve_outside,27,2.6,-0.10230400163173953,75
random_noobserve_outside,27,2.7,-0.04672368333875105,75
random_noobserve_outside,27,2.8,-0.04673186623501293,75
random_noobserve_outside,27,2.9,-0.03440342935504574,75
random_noobserve_outside,27,3.0,-0.03535094327149776,75
random_noobserve_outside,27,3.1,-0.015663371016018095,75
random_noobserve_outside,27,3.2,-0.046363966061113746,75
random_noobserve_outside,27,3.3,-0.023511847405632006,75
random_noobserve_outside,27,3.4,-0.03473805416528639,75
random_noobserve_outside,27,3.5,-0.03803723378580209,75
random_noobserve_outside,27,3.6,-0.06309472009332857,75
random_noobserve_outside,27,3.7,-0.040141829329498585,75
random_noobserve_outside,27,3.8,-0.0724122864039368,75
random_noobserve_outside,27,3.9,-0.10625600160312032,75
random_noobserve_outside,27,4.0,-0.1389630641947681,75
random_noobserve_outside,27,4.1,-0.19019191796973936,75
random_noobserve_outside,27,4.2,-0.19210465197496543,75
random_noobserve_outside,27,4.3,-0.22547494152919745,75
random_noobserve_outside,27,4.4,-0.21066061782269643,75
random_noobserve_outside,27,4.5,-0.22787620440459985,75
random_noobserve_outside,27,4.6,-0.22311593957237003,75
random_noobserve_outside,27,4.7,-0.14991500596643156,75
random_noobserve_outside,27,4.8,-0.13606810263007682,75
random_noobserve_outside,27,4.9,-0.10831984609700827,75
random_noobserve_outside,27,5.0,-0.04050037349251897,75
random_noobserve_outside,27,5.1,-0.05647368554688995,75
random_noobserve_outside,27,5.2,-0.11940293869431384,75
random_noobserve_outside,27,5.3,-0.06065197461076612,75
random_noobserve_outside,27,5.4,-0.06488061088624637,75
random_noobserve_outside,27,5.5,-0.123127423012928,75
random_noobserve_outside,27,5.6,-0.16432491878584424,75
random_noobserve_outside,27,5.7,-0.19492606110673538,75
random_noobserve_outside,27,5.8,-0.23040313786088243,75
random_noobserve_outside,27,5.9,-0.27552665181846275,75
random_noobserve_outside,35,-3.0,0.1268415619456422,145
random_noobserve_outside,35,-2.9,0.10860211509277726,145
random_noobserve_outside,35,-2.8,0.04088619184960512,145
random_noobserve_outside,35,-2.7,0.10135692670632936,145
random_noobserve_outside,35,-2.6,0.07046528089220341,145
random_noobserve_outside,35,-2.5,0.09416856103671103,145
random_noobserve_outside,35,-2.4,0.012291666385901812,145
random_noobserve_outside,35,-2.3,-0.013651688237022777,145
random_noobserve_outside,35,-2.2,0.05166238469783749,145
random_noobserve_outside,35,-2.1,0.054719444626560414,145
random_noobserve_outside,35,-2.0,0.07638033889366068,145
random_noobserve_outside,35,-1.9,0.05492226599211124,145
random_noobserve_outside,35,-1.8,-0.08459113885586102,145
random_noobserve_outside,35,-1.7,0.01100744086973208,145
random_noobserve_outside,35,-1.6,-0.07967701457941682,145
random_noobserve_outside,35,-1.5,-0.12001178500518664,145
random_noobserve_outside,35,-1.4,-0.0907597987707009,145
random_noobserve_outside,35,-1.3,-0.05526951190196606,145
random_noobserve_outside,35,-1.2,-0.12883770591491103,145
random_noobserve_outside,35,-1.1,-0.10304016335846022,145
random_noobserve_outside,35,-1.0,-0.07893127272993904,145
random_noobserve_outside,35,-0.9,-0.15115502688472343,145
random_noobserve_outside,35,-0.8,-0.11665197218819573,145
random_noobserve_outside,35,-0.7,-0.06272411679525322,145
random_noobserve_outside,35,-0.6,-0.057529285498288646,145
random_noobserve_outside,35,-0.5,-0.07111491601095565,145
random_noobserve_outside,35,-0.4,-0.05799426121241993,145
random_noobserve_outside,35,-0.3,-0.22167349715311124,145
random_noobserve_outside,35,-0.2,-0.07859568594804223,145
random_noobserve_outside,35,-0.0999999999999996,-0.10353578645390853,145
random_noobserve_outside,35,0.0,-0.21639331088504604,145
random_noobserve_outside,35,0.1,-0.05982670421511851,145
random_noobserve_outside,35,0.2,-0.13310596620894832,145
random_noobserve_outside,35,0.3,-0.12990748808541208,145
random_noobserve_outside,35,0.4,-0.1199565082299344,145
random_noobserve_outside,35,0.5,-0.12400342972252294,145
random_noobserve_outside,35,0.6,-0.07756402685156695,145
random_noobserve_outside,35,0.7,-0.06957873691224656,145
random_noobserve_outside,35,0.8,0.02608717596180284,145
random_noobserve_outside,35,0.9,-0.04471456899493373,145
random_noobserve_outside,35,1.0,-0.10801224125461754,145
random_noobserve_outside,35,1.1,-0.11407801012725308,145
random_noobserve_outside,35,1.2,-0.10119151163739332,145
random_noobserve_outside,35,1.3,-0.04891848784477043,145
random_noobserve_outside,35,1.4,-0.0608206432470651,145
random_noobserve_outside,35,1.5,-0.10886638116003232,145
random_noobserve_outside,35,1.6,-0.1202831578388546,145
random_noobserve_outside,35,1.7,-0.1321248248553908,145
random_noobserve_outside,35,1.8,-0.18121538356416197,145
random_noobserve_outside,35,1.9,-0.13749009731213244,145
random_noobserve_outside,35,2.0,-0.11877958638079633,145
random_noobserve_outside,35,2.1,-0.12521373639797712,145
random_noobserve_outside,35,2.2,-0.1749268328956793,145
random_noobserve_outside,35,2.3,0.04062971357249534,145
random_noobserve_outside,35,2.4,-0.10876052823634307,145
random_noobserve_outside,35,2.5,-0.08001305284520209,145
random_noobserve_outside,35,2.6,-0.21979290383682243,145
random_noobserve_outside,35,2.7,-0.20360040897511056,145
random_noobserve_outside,35,2.8,-0.17604539208362027,145
random_noobserve_outside,35,2.9,-0.23698838172600079,145
random_noobserve_outside,35,3.0,-0.13830555369676695,145
random_noobserve_outside,35,3.1,-0.03872317347214194,145
random_noobserve_outside,35,3.2,-0.09251291945825493,145
random_noobserve_outside,35,3.3,0.004582217293898556,145
random_noobserve_outside,35,3.4,-0.15088245987193705,145
random_noobserve_outside,35,3.5,-0.08340842761788617,145
random_noobserve_outside,35,3.6,-0.12703075347751266,145
random_noobserve_outside,35,3.7,-0.1530664946219248,145
random_noobserve_outside,35,3.8,-0.07794573375498105,145
random_noobserve_outside,35,3.9,-0.09289213062248323,145
random_noobserve_outside,35,4.0,-0.16993911996551464,145
random_noobserve_outside,35,4.1,-0.22123572317120663,145
random_noobserve_outside,35,4.2,-0.07943588795958068,145
random_noobserve_outside,35,4.3,-0.16403727525226788,145
random_noobserve_outside,35,4.4,-0.12449270282635225,145
random_noobserve_outside,35,4.5,-0.19692166975142253,145
random_noobserve_outside,35,4.6,-0.2061516821705569,145
random_noobserve_outside,35,4.7,-0.17562599670027132,145
random_noobserve_outside,35,4.8,-0.21442532797410846,145
random_noobserve_outside,35,4.9,-0.08477899797741122,145
random_noobserve_outside,35,5.0,-0.20774009872083118,145
random_noobserve_outside,35,5.1,-0.12413996320081012,145
random_noobserve_outside,35,5.2,-0.14671641897353876,145
random_noobserve_outside,35,5.3,-0.10379698589027306,145
random_noobserve_outside,35,5.4,-0.10572305463957174,145
random_noobserve_outside,35,5.5,-0.1592914829984566,145
random_noobserve_outside,35,5.6,-0.19091956434068869,145
random_noobserve_outside,35,5.7,-0.13643908086241807,145
random_noobserve_outside,35,5.8,-0.13019182894481218,145
random_noobserve_outside,35,5.9,-0.1335411013182645,145
