panel,unit,traj,role,value,model,low,high
social_value,held-out trajectory,0.0,Follower,0.398717457401464,,,
social_value,held-out trajectory,0.0,Leader,0.1486896911866953,,,
social_value,held-out trajectory,5.0,Follower,0.3920668589123108,,,
social_value,held-out trajectory,5.0,Leader,-0.0095015597312357,,,
social_value,held-out trajectory,10.0,Follower,0.1466091289661179,,,
social_value,held-out trajectory,10.0,Leader,0.1154351830856706,,,
social_value,held-out trajectory,15.0,Follower,0.6593319341808898,,,
social_value,held-out trajectory,15.0,Leader,0.0138335802471223,,,
social_value,held-out trajectory,20.0,Follower,0.2604587132017056,,,
social_value,held-out trajectory,20.0,Leader,0.1523569244915405,,,
social_value,held-out trajectory,25.0,Follower,0.4360059437503008,,,
social_value,held-out trajectory,25.0,Leader,-0.03955619409617,,,
social_value,held-out trajectory,30.0,Follower,0.1814460768408131,,,
social_value,held-out trajectory,30.0,Leader,0.2152339256786614,,,
social_value,held-out trajectory,35.0,Follower,0.0658051962039853,,,
social_value,held-out trajectory,35.0,Leader,-0.123395111584023,,,
social_value,held-out trajectory,40.0,Follower,0.4901667421765414,,,
social_value,held-out trajectory,40.0,Leader,0.0628256748137457,,,
social_value,held-out trajectory,45.0,Follower,0.3413362626350175,,,
social_value,held-out trajectory,45.0,Leader,0.1023031545662338,,,
social_value,held-out trajectory,50.0,Follower,0.1825396864042406,,,
social_value,held-out trajectory,50.0,Leader,0.1764870842792456,,,
social_value,held-out trajectory,55.0,Follower,0.1272147702336109,,,
social_value,held-out trajectory,55.0,Leader,-0.0201567728096187,,,
social_value,held-out trajectory,60.0,Follower,0.3046664570288155,,,
social_value,held-out trajectory,60.0,Leader,0.0294010669726508,,,
social_value,held-out trajectory,65.0,Follower,0.1134198909934398,,,
social_value,held-out trajectory,65.0,Leader,-0.0038433599811518,,,
social_value,held-out trajectory,70.0,Follower,0.1801298119381438,,,
social_value,held-out trajectory,70.0,Leader,0.0344534139450933,,,
social_value,held-out trajectory,75.0,Follower,0.3447347531882482,,,
social_value,held-out trajectory,75.0,Leader,0.026433879509501,,,
social_value,held-out trajectory,80.0,Follower,0.1274635765032355,,,
social_value,held-out trajectory,80.0,Leader,-0.0554602475336145,,,
social_value,held-out trajectory,85.0,Follower,0.5522811499058318,,,
social_value,held-out trajectory,85.0,Leader,-0.284150789952192,,,
social_value,held-out trajectory,90.0,Follower,0.5284123915599815,,,
social_value,held-out trajectory,90.0,Leader,-0.0326957004281354,,,
social_value,held-out trajectory,95.0,Follower,0.370689499255219,,,
social_value,held-out trajectory,95.0,Leader,0.0064386868514364,,,
social_value,held-out trajectory,100.0,Follower,-0.2119458613739378,,,
social_value,held-out trajectory,100.0,Leader,0.3321029628027432,,,
social_value,held-out trajectory,105.0,Follower,0.1696871475512189,,,
social_value,held-out trajectory,105.0,Leader,0.0420477993139437,,,
social_value,held-out trajectory,110.0,Follower,0.0105112340546382,,,
social_value,held-out trajectory,110.0,Leader,0.2957867478278017,,,
social_value,held-out trajectory,115.0,Follower,-0.032299677758496,,,
social_value,held-out trajectory,115.0,Leader,-0.0885115180916658,,,
social_value,held-out trajectory,120.0,Follower,0.3350528691295926,,,
social_value,held-out trajectory,120.0,Leader,0.0937360750281457,,,
social_value,held-out trajectory,125.0,Follower,0.267788977262312,,,
social_value,held-out trajectory,125.0,Leader,0.1232268571453979,,,
social_value,held-out trajectory,130.0,Follower,0.1584063267137558,,,
social_value,held-out trajectory,130.0,Leader,-0.0166465556999791,,,
social_value,held-out trajectory,135.0,Follower,0.4277941631927104,,,
social_value,held-out trajectory,135.0,Leader,-0.0385457368568292,,,
social_value,held-out trajectory,140.0,Follower,0.2598900670936832,,,
social_value,held-out trajectory,140.0,Leader,0.0310289048153655,,,
social_value,held-out trajectory,145.0,Follower,0.7575271673324453,,,
social_value,held-out trajectory,145.0,Leader,0.0184301710207985,,,
social_value,held-out trajectory,150.0,Follower,-0.0481049306987369,,,
social_value,held-out trajectory,150.0,Leader,0.0622959812807556,,,
social_value,held-out trajectory,155.0,Follower,0.140988539197231,,,
social_value,held-out trajectory,155.0,Leader,0.2730156643191445,,,
social_value,held-out trajectory,160.0,Follower,0.4646729300184091,,,
social_value,held-out trajectory,160.0,Leader,0.0091889839615807,,,
social_value,held-out trajectory,165.0,Follower,-0.0310628951424258,,,
social_value,held-out trajectory,165.0,Leader,0.1949059636202386,,,
social_value,held-out trajectory,170.0,Follower,0.17938410241438,,,
social_value,held-out trajectory,170.0,Leader,0.0472198890727608,,,
social_value,held-out trajectory,175.0,Follower,0.2924361805873517,,,
social_value,held-out trajectory,175.0,Leader,-0.0157259902960902,,,
social_value,held-out trajectory,180.0,Follower,0.1293956122373109,,,
social_value,held-out trajectory,180.0,Leader,0.1867178859313617,,,
social_value,held-out trajectory,185.0,Follower,0.3300965567437688,,,
social_value,held-out trajectory,185.0,Leader,0.0436669721594709,,,
social_value,held-out trajectory,190.0,Follower,0.1709541765861675,,,
social_value,held-out trajectory,190.0,Leader,0.0006813568439507,,,
social_value,held-out trajectory,195.0,Follower,0.4211854602851011,,,
social_value,held-out trajectory,195.0,Leader,-0.0003422323819099,,,
social_value,held-out trajectory,200.0,Follower,0.2040079748232958,,,
social_value,held-out trajectory,200.0,Leader,0.0763757918664652,,,
social_value,held-out trajectory,205.0,Follower,0.2636064686110183,,,
social_value,held-out trajectory,205.0,Leader,0.0502575600875077,,,
social_value,held-out trajectory,210.0,Follower,0.1689790825979759,,,
social_value,held-out trajectory,210.0,Leader,0.0038225748691314,,,
social_value,held-out trajectory,215.0,Follower,-0.0917505053869432,,,
social_value,held-out trajectory,215.0,Leader,0.3351492126350875,,,
social_value,held-out trajectory,220.0,Follower,0.8310038041222236,,,
social_value,held-out trajectory,220.0,Leader,0.0053553915058853,,,
social_value,held-out trajectory,225.0,Follower,0.2829093426331662,,,
social_value,held-out trajectory,225.0,Leader,0.1517895767986764,,,
social_value,held-out trajectory,230.0,Follower,0.1936831234594982,,,
social_value,held-out trajectory,230.0,Leader,0.0667872594543217,,,
social_value,held-out trajectory,235.0,Follower,0.2720961257873509,,,
social_value,held-out trajectory,235.0,Leader,0.0939440064380821,,,
social_value,held-out trajectory,240.0,Follower,0.2803497686599188,,,
social_value,held-out trajectory,240.0,Leader,0.0057841384912251,,,
social_value,held-out trajectory,245.0,Follower,0.2788720204490646,,,
social_value,held-out trajectory,245.0,Leader,-0.0666056116894605,,,
social_value,held-out trajectory,250.0,Follower,0.2215651593484336,,,
social_value,held-out trajectory,250.0,Leader,0.1199758294595187,,,
social_value,held-out trajectory,255.0,Follower,0.2370069676150743,,,
social_value,held-out trajectory,255.0,Leader,0.0734021716703388,,,
social_value,held-out trajectory,260.0,Follower,0.4248498713688047,,,
social_value,held-out trajectory,260.0,Leader,0.0211031325427102,,,
social_value,held-out trajectory,265.0,Follower,0.2622841211309821,,,
social_value,held-out trajectory,265.0,Leader,-0.0314376412220482,,,
social_value,held-out trajectory,270.0,Follower,0.4838100953709422,,,
social_value,held-out trajectory,270.0,Leader,-0.0355161356643375,,,
social_value,held-out trajectory,275.0,Follower,0.2798064778841941,,,
social_value,held-out trajectory,275.0,Leader,-0.1123948763579533,,,
social_value,held-out trajectory,280.0,Follower,0.2209902109977683,,,
social_value,held-out trajectory,280.0,Leader,0.1503855090410493,,,
social_value,held-out trajectory,285.0,Follower,0.0514098211911808,,,
social_value,held-out trajectory,285.0,Leader,-0.1167276456446604,,,
social_value,held-out trajectory,290.0,Follower,0.560085029461774,,,
social_value,held-out trajectory,290.0,Leader,-0.1155605968441622,,,
social_value,held-out trajectory,295.0,Follower,0.5891419089505531,,,
social_value,held-out trajectory,295.0,Leader,-0.1321019597698034,,,
social_value,held-out trajectory,300.0,Follower,-0.0318378030439719,,,
social_value,held-out trajectory,300.0,Leader,0.0591960900251235,,,
social_value,held-out trajectory,305.0,Follower,0.7135888081002999,,,
social_value,held-out trajectory,305.0,Leader,0.0215139463612015,,,
social_value,held-out trajectory,310.0,Follower,0.1944842939495344,,,
social_value,held-out trajectory,310.0,Leader,0.0092557270298969,,,
social_value,held-out trajectory,315.0,Follower,0.1627146872761483,,,
social_value,held-out trajectory,315.0,Leader,0.1244712990821869,,,
social_value,held-out trajectory,320.0,Follower,0.1333119462087802,,,
social_value,held-out trajectory,320.0,Leader,0.0165795974124849,,,
social_value,held-out trajectory,325.0,Follower,0.1329659946249514,,,
social_value,held-out trajectory,325.0,Leader,0.0595557418148584,,,
social_value,held-out trajectory,330.0,Follower,0.692511522692811,,,
social_value,held-out trajectory,330.0,Leader,-0.0395208353394681,,,
social_value,held-out trajectory,335.0,Follower,0.1508037031990935,,,
social_value,held-out trajectory,335.0,Leader,-0.0384845913107327,,,
social_value,held-out trajectory,340.0,Follower,0.2257210454233898,,,
social_value,held-out trajectory,340.0,Leader,0.2222783486417922,,,
social_value,held-out trajectory,345.0,Follower,-0.0730781992513193,,,
social_value,held-out trajectory,345.0,Leader,0.3515705249846773,,,
social_value,held-out trajectory,350.0,Follower,0.615493100983432,,,
social_value,held-out trajectory,350.0,Leader,0.0601420465440223,,,
social_value,held-out trajectory,355.0,Follower,0.1163112733085046,,,
social_value,held-out trajectory,355.0,Leader,0.0649229983101171,,,
social_value,held-out trajectory,360.0,Follower,0.0671140042752812,,,
social_value,held-out trajectory,360.0,Leader,0.0190205277050964,,,
social_value,held-out trajectory,365.0,Follower,0.1410879002666528,,,
social_value,held-out trajectory,365.0,Leader,-0.0551004339901341,,,
social_value,held-out trajectory,370.0,Follower,0.2140055368324722,,,
social_value,held-out trajectory,370.0,Leader,0.0030464324386546,,,
social_value,held-out trajectory,375.0,Follower,0.0699016653165915,,,
social_value,held-out trajectory,375.0,Leader,0.1032792094621603,,,
social_value,held-out trajectory,380.0,Follower,0.3613572051328674,,,
social_value,held-out trajectory,380.0,Leader,-0.3036800236960143,,,
social_value,held-out trajectory,385.0,Follower,0.2058426690021541,,,
social_value,held-out trajectory,385.0,Leader,-0.0300844807965502,,,
social_value,held-out trajectory,390.0,Follower,0.2406942002160998,,,
social_value,held-out trajectory,390.0,Leader,0.0481247584831764,,,
social_value,held-out trajectory,395.0,Follower,0.2664079292946084,,,
social_value,held-out trajectory,395.0,Leader,-0.1051924372625249,,,
social_value,held-out trajectory,400.0,Follower,0.1135112451974602,,,
social_value,held-out trajectory,400.0,Leader,-0.0218551747058587,,,
social_value,held-out trajectory,405.0,Follower,0.2612354675725517,,,
social_value,held-out trajectory,405.0,Leader,0.0174768082343289,,,
social_value,held-out trajectory,410.0,Follower,-0.0966704795947309,,,
social_value,held-out trajectory,410.0,Leader,0.0606732519792642,,,
social_value,held-out trajectory,415.0,Follower,-0.0512707756437371,,,
social_value,held-out trajectory,415.0,Leader,-0.1119155423639928,,,
social_value,held-out trajectory,420.0,Follower,0.0989688764324603,,,
social_value,held-out trajectory,420.0,Leader,-0.004313824640486,,,
social_value,held-out trajectory,425.0,Follower,0.285547402110106,,,
social_value,held-out trajectory,425.0,Leader,0.1002086682020526,,,
social_value,held-out trajectory,430.0,Follower,0.0307264359380124,,,
social_value,held-out trajectory,430.0,Leader,0.1665514382961624,,,
social_value,held-out trajectory,435.0,Follower,0.7512916984588125,,,
social_value,held-out trajectory,435.0,Leader,0.0184301710207985,,,
social_value,held-out trajectory,440.0,Follower,0.1660772938041592,,,
social_value,held-out trajectory,440.0,Leader,0.0234988749588679,,,
social_value,held-out trajectory,445.0,Follower,0.135693833919556,,,
social_value,held-out trajectory,445.0,Leader,0.1873800740192439,,,
social_value,held-out trajectory,450.0,Follower,0.4303297870737989,,,
social_value,held-out trajectory,450.0,Leader,0.0330443599466828,,,
social_value,held-out trajectory,455.0,Follower,0.1929355195652179,,,
social_value,held-out trajectory,455.0,Leader,0.0344391107994989,,,
social_value,held-out trajectory,460.0,Follower,0.2772415828321628,,,
social_value,held-out trajectory,460.0,Leader,-0.030276453327997,,,
social_value,held-out trajectory,465.0,Follower,0.5196065172900612,,,
social_value,held-out trajectory,465.0,Leader,0.057967128566694,,,
social_value,held-out trajectory,470.0,Follower,0.5091185500801336,,,
social_value,held-out trajectory,470.0,Leader,-0.1435696745636281,,,
social_value,held-out trajectory,475.0,Follower,0.0761250334930234,,,
social_value,held-out trajectory,475.0,Leader,-0.0027331411481015,,,
social_value,held-out trajectory,480.0,Follower,0.2589783731766359,,,
social_value,held-out trajectory,480.0,Leader,0.0113819320942597,,,
social_value,held-out trajectory,485.0,Follower,0.4870153125969739,,,
social_value,held-out trajectory,485.0,Leader,-0.0113423996292478,,,
social_value,held-out trajectory,490.0,Follower,-0.0732264592310323,,,
social_value,held-out trajectory,490.0,Leader,0.1378508024366664,,,
social_value,held-out trajectory,495.0,Follower,0.0824394521703795,,,
social_value,held-out trajectory,495.0,Leader,-0.1185671244430044,,,
social_value,held-out trajectory,500.0,Follower,0.0229909241005108,,,
social_value,held-out trajectory,500.0,Leader,-0.1592634751075389,,,
social_value,held-out trajectory,505.0,Follower,0.390496184446553,,,
social_value,held-out trajectory,505.0,Leader,-0.0093287291220361,,,
social_value,held-out trajectory,510.0,Follower,0.3494692647325169,,,
social_value,held-out trajectory,510.0,Leader,0.1282653818541265,,,
social_value,held-out trajectory,515.0,Follower,0.1857073392286226,,,
social_value,held-out trajectory,515.0,Leader,-0.0292203520426522,,,
social_value,held-out trajectory,520.0,Follower,0.1783809370304779,,,
social_value,held-out trajectory,520.0,Leader,0.159924954137351,,,
social_value,held-out trajectory,525.0,Follower,0.0831066677257964,,,
social_value,held-out trajectory,525.0,Leader,0.144320246095909,,,
social_value,held-out trajectory,530.0,Follower,0.1212809738991218,,,
social_value,held-out trajectory,530.0,Leader,-0.0422107912055312,,,
social_value,held-out trajectory,535.0,Follower,0.423894583441041,,,
social_value,held-out trajectory,535.0,Leader,0.0025430529947365,,,
social_value,held-out trajectory,540.0,Follower,0.1245210528031686,,,
social_value,held-out trajectory,540.0,Leader,0.0303623896680312,,,
social_value,held-out trajectory,545.0,Follower,0.3112273680236181,,,
social_value,held-out trajectory,545.0,Leader,0.0275939353316344,,,
social_value,held-out trajectory,550.0,Follower,0.2999590648157558,,,
social_value,held-out trajectory,550.0,Leader,-0.0156166411998238,,,
social_value,held-out trajectory,555.0,Follower,-0.1014437455956355,,,
social_value,held-out trajectory,555.0,Leader,0.1115752151105439,,,
social_value,held-out trajectory,560.0,Follower,0.3763226680205858,,,
social_value,held-out trajectory,560.0,Leader,0.0735454567698677,,,
social_value,held-out trajectory,565.0,Follower,0.0556595891488173,,,
social_value,held-out trajectory,565.0,Leader,0.1550228530062336,,,
social_value,held-out trajectory,570.0,Follower,0.0882269763814365,,,
social_value,held-out trajectory,570.0,Leader,0.3003874070313732,,,
social_value,held-out trajectory,575.0,Follower,0.5093907669231353,,,
social_value,held-out trajectory,575.0,Leader,0.0267535689974295,,,
social_value,held-out trajectory,580.0,Follower,0.282846215056426,,,
social_value,held-out trajectory,580.0,Leader,0.1392918384016375,,,
social_value,held-out trajectory,585.0,Follower,0.1068861371392392,,,
social_value,held-out trajectory,585.0,Leader,-0.1556620876728988,,,
social_value,held-out trajectory,590.0,Follower,0.1084725000185121,,,
social_value,held-out trajectory,590.0,Leader,0.0957638219459323,,,
social_value,held-out trajectory,595.0,Follower,0.7113707034906125,,,
social_value,held-out trajectory,595.0,Leader,0.0215139463612015,,,
social_value,held-out trajectory,600.0,Follower,0.4382375396824547,,,
social_value,held-out trajectory,600.0,Leader,-0.0639436812003044,,,
social_value,held-out trajectory,605.0,Follower,0.0289420140623328,,,
social_value,held-out trajectory,605.0,Leader,-0.1274663661488884,,,
social_value,held-out trajectory,610.0,Follower,0.1694160607330161,,,
social_value,held-out trajectory,610.0,Leader,0.2267127283013977,,,
social_value,held-out trajectory,615.0,Follower,-0.0487245708288069,,,
social_value,held-out trajectory,615.0,Leader,0.2169564890892327,,,
social_value,held-out trajectory,620.0,Follower,0.3535497762076855,,,
social_value,held-out trajectory,620.0,Leader,0.1462628727168157,,,
social_value,held-out trajectory,625.0,Follower,0.1383934261609687,,,
social_value,held-out trajectory,625.0,Leader,0.1296782471515133,,,
social_value,held-out trajectory,630.0,Follower,0.4683000388951892,,,
social_value,held-out trajectory,630.0,Leader,0.0120310999933311,,,
social_value,held-out trajectory,635.0,Follower,-0.4802861517909602,,,
social_value,held-out trajectory,635.0,Leader,-0.0057510528307343,,,
social_value,held-out trajectory,640.0,Follower,0.2158022799733513,,,
social_value,held-out trajectory,640.0,Leader,-0.0005192821433179,,,
social_value,held-out trajectory,645.0,Follower,0.4406037118964356,,,
social_value,held-out trajectory,645.0,Leader,0.032408058198232,,,
social_value,held-out trajectory,650.0,Follower,0.4476450431552338,,,
social_value,held-out trajectory,650.0,Leader,-0.041285571995411,,,
social_value,held-out trajectory,655.0,Follower,0.5189325063197792,,,
social_value,held-out trajectory,655.0,Leader,0.0217209835305852,,,
social_value,held-out trajectory,660.0,Follower,0.0466968630020439,,,
social_value,held-out trajectory,660.0,Leader,0.1092968358685764,,,
social_value,held-out trajectory,665.0,Follower,0.3404127186058281,,,
social_value,held-out trajectory,665.0,Leader,-0.0349653264145178,,,
social_value,held-out trajectory,670.0,Follower,0.6035158267671334,,,
social_value,held-out trajectory,670.0,Leader,-0.0278394787508769,,,
social_value,held-out trajectory,675.0,Follower,0.006715324949261,,,
social_value,held-out trajectory,675.0,Leader,0.3660472760269332,,,
social_value,held-out trajectory,680.0,Follower,0.6586154149857433,,,
social_value,held-out trajectory,680.0,Leader,0.0093805556263556,,,
social_value,held-out trajectory,685.0,Follower,0.232174672865383,,,
social_value,held-out trajectory,685.0,Leader,-0.1124216163822083,,,
social_value,held-out trajectory,690.0,Follower,0.1478178049714513,,,
social_value,held-out trajectory,690.0,Leader,-0.1633553057881238,,,
social_value,held-out trajectory,695.0,Follower,0.1109815701644281,,,
social_value,held-out trajectory,695.0,Leader,0.1375897030453641,,,
social_value,held-out trajectory,700.0,Follower,-0.1631069174612102,,,
social_value,held-out trajectory,700.0,Leader,0.1604904449846298,,,
social_value,held-out trajectory,705.0,Follower,0.2625242031757802,,,
social_value,held-out trajectory,705.0,Leader,-0.0249991979159364,,,
social_value,held-out trajectory,710.0,Follower,0.270588003085141,,,
social_value,held-out trajectory,710.0,Leader,-0.0315753262072978,,,
social_value,held-out trajectory,715.0,Follower,0.1946708279680498,,,
social_value,held-out trajectory,715.0,Leader,0.1128670984762336,,,
social_value,held-out trajectory,720.0,Follower,0.2267452843841119,,,
social_value,held-out trajectory,720.0,Leader,-0.0084802056337167,,,
social_value,held-out trajectory,725.0,Follower,0.3171205072566571,,,
social_value,held-out trajectory,725.0,Leader,0.1251244010805645,,,
social_value,held-out trajectory,730.0,Follower,0.5850275616860715,,,
social_value,held-out trajectory,730.0,Leader,-0.0608578762147221,,,
social_value,held-out trajectory,735.0,Follower,0.0986865042482347,,,
social_value,held-out trajectory,735.0,Leader,-0.0465079701410231,,,
social_value,held-out trajectory,740.0,Follower,0.1013475032880308,,,
social_value,held-out trajectory,740.0,Leader,0.0657748315294035,,,
social_value,held-out trajectory,745.0,Follower,0.313608981606798,,,
social_value,held-out trajectory,745.0,Leader,-0.0370074996221838,,,
social_value,held-out trajectory,750.0,Follower,-0.0392130898962173,,,
social_value,held-out trajectory,750.0,Leader,-0.0588903267160872,,,
social_value,held-out trajectory,755.0,Follower,0.3486066542323942,,,
social_value,held-out trajectory,755.0,Leader,-0.0055668106179477,,,
social_value,held-out trajectory,760.0,Follower,0.5513854693308561,,,
social_value,held-out trajectory,760.0,Leader,0.0192307696228507,,,
social_value,held-out trajectory,765.0,Follower,0.3983378448587082,,,
social_value,held-out trajectory,765.0,Leader,0.0190256315404179,,,
social_value,held-out trajectory,770.0,Follower,0.3260618609861558,,,
social_value,held-out trajectory,770.0,Leader,0.0596944391890178,,,
social_value,held-out trajectory,775.0,Follower,0.2906540324152994,,,
social_value,held-out trajectory,775.0,Leader,0.0257011641157769,,,
social_value,held-out trajectory,780.0,Follower,0.4627050193299812,,,
social_value,held-out trajectory,780.0,Leader,0.0169735962395329,,,
social_value,held-out trajectory,785.0,Follower,0.1974754563634812,,,
social_value,held-out trajectory,785.0,Leader,-0.069199617998033,,,
social_value,held-out trajectory,790.0,Follower,0.3053978696936772,,,
social_value,held-out trajectory,790.0,Leader,0.0178978151823765,,,
social_value,held-out trajectory,795.0,Follower,0.0488771046176787,,,
social_value,held-out trajectory,795.0,Leader,0.0184241734361313,,,
social_value,held-out trajectory,800.0,Follower,0.4641356806402558,,,
social_value,held-out trajectory,800.0,Leader,0.0176164374222465,,,
social_value,held-out trajectory,805.0,Follower,0.1045398630332014,,,
social_value,held-out trajectory,805.0,Leader,0.1590489985489265,,,
social_value,held-out trajectory,810.0,Follower,0.5202826045249805,,,
social_value,held-out trajectory,810.0,Leader,0.0147687265612032,,,
social_value,held-out trajectory,815.0,Follower,0.3215141941060994,,,
social_value,held-out trajectory,815.0,Leader,-0.014005503176021,,,
social_value,held-out trajectory,820.0,Follower,0.4474536188585915,,,
social_value,held-out trajectory,820.0,Leader,-0.0429988341332698,,,
social_value,held-out trajectory,825.0,Follower,0.5654850171935677,,,
social_value,held-out trajectory,825.0,Leader,0.108169047905659,,,
social_value,held-out trajectory,830.0,Follower,0.3198650732122655,,,
social_value,held-out trajectory,830.0,Leader,-0.0690267827713263,,,
social_value,held-out trajectory,835.0,Follower,-0.0147601062380636,,,
social_value,held-out trajectory,835.0,Leader,0.0305325798379339,,,
social_value,held-out trajectory,840.0,Follower,0.6633767021964974,,,
social_value,held-out trajectory,840.0,Leader,0.008069607625677,,,
social_value,held-out trajectory,845.0,Follower,0.3315026758259743,,,
social_value,held-out trajectory,845.0,Leader,0.1206138030283192,,,
social_value,held-out trajectory,850.0,Follower,-0.0203930503724247,,,
social_value,held-out trajectory,850.0,Leader,0.1711283406942905,,,
social_value,held-out trajectory,855.0,Follower,0.3135101891515985,,,
social_value,held-out trajectory,855.0,Leader,0.052704076988769,,,
social_value,held-out trajectory,860.0,Follower,0.6916305050728502,,,
social_value,held-out trajectory,860.0,Leader,0.0054080410456681,,,
social_value,held-out trajectory,865.0,Follower,0.2133596700025686,,,
social_value,held-out trajectory,865.0,Leader,0.1996961434305446,,,
social_value,held-out trajectory,870.0,Follower,0.2565525816329796,,,
social_value,held-out trajectory,870.0,Leader,0.2110008946731181,,,
social_value,held-out trajectory,875.0,Follower,0.0689982616202796,,,
social_value,held-out trajectory,875.0,Leader,-0.0415812317270034,,,
social_value,held-out trajectory,880.0,Follower,-0.0549467749619512,,,
social_value,held-out trajectory,880.0,Leader,-0.0749339448362801,,,
social_value,held-out trajectory,885.0,Follower,0.582512614147147,,,
social_value,held-out trajectory,885.0,Leader,0.0058901083823744,,,
social_value,held-out trajectory,890.0,Follower,0.1721126210651558,,,
social_value,held-out trajectory,890.0,Leader,0.340919952053577,,,
social_value,held-out trajectory,895.0,Follower,0.1675855513009446,,,
social_value,held-out trajectory,895.0,Leader,0.0588175466833937,,,
social_value,held-out trajectory,900.0,Follower,0.5246998800703648,,,
social_value,held-out trajectory,900.0,Leader,0.0865576718518425,,,
social_value,held-out trajectory,905.0,Follower,0.5643796422993862,,,
social_value,held-out trajectory,905.0,Leader,0.0927641375046703,,,
social_value,held-out trajectory,910.0,Follower,0.2974617813059759,,,
social_value,held-out trajectory,910.0,Leader,0.0378991773244697,,,
social_value,held-out trajectory,915.0,Follower,0.2756366277260659,,,
social_value,held-out trajectory,915.0,Leader,0.0084068963731004,,,
social_value,held-out trajectory,920.0,Follower,0.2713169112005579,,,
social_value,held-out trajectory,920.0,Leader,0.0219042938694902,,,
social_value,held-out trajectory,925.0,Follower,0.1623241106760077,,,
social_value,held-out trajectory,925.0,Leader,0.0184741344073272,,,
social_value,held-out trajectory,930.0,Follower,0.1288099790996485,,,
social_value,held-out trajectory,930.0,Leader,-0.0622537333133822,,,
social_value,held-out trajectory,935.0,Follower,0.0177774199628861,,,
social_value,held-out trajectory,935.0,Leader,-0.0955381938560853,,,
social_value,held-out trajectory,940.0,Follower,0.3559779292520566,,,
social_value,held-out trajectory,940.0,Leader,0.2043884658754706,,,
social_value,held-out trajectory,945.0,Follower,0.2173437284870601,,,
social_value,held-out trajectory,945.0,Leader,0.1217721313352429,,,
social_value,held-out trajectory,950.0,Follower,0.4290656808299996,,,
social_value,held-out trajectory,950.0,Leader,0.0513207956209171,,,
social_value,held-out trajectory,955.0,Follower,0.1138322345666101,,,
social_value,held-out trajectory,955.0,Leader,0.059863504314508,,,
social_value,held-out trajectory,960.0,Follower,0.389016303943054,,,
social_value,held-out trajectory,960.0,Leader,0.0120301168150536,,,
social_value,held-out trajectory,965.0,Follower,0.2193487901377259,,,
social_value,held-out trajectory,965.0,Leader,0.0080965506542756,,,
social_value,held-out trajectory,970.0,Follower,0.0828908177709421,,,
social_value,held-out trajectory,970.0,Leader,0.0994708971073385,,,
social_value,held-out trajectory,975.0,Follower,0.2894587862536112,,,
social_value,held-out trajectory,975.0,Leader,0.0449238654245671,,,
social_value,held-out trajectory,980.0,Follower,0.5539786060904077,,,
social_value,held-out trajectory,980.0,Leader,0.0007203028178855,,,
social_value,held-out trajectory,985.0,Follower,0.2109931045476733,,,
social_value,held-out trajectory,985.0,Leader,-0.1492528615937626,,,
social_value,held-out trajectory,990.0,Follower,0.2176363618307882,,,
social_value,held-out trajectory,990.0,Leader,0.0751225594181385,,,
social_value,held-out trajectory,995.0,Follower,0.5395279098322475,,,
social_value,held-out trajectory,995.0,Leader,0.004640983731447,,,
predictive_nll,held-out trajectory,0.0,Follower,1.2884907726493116,self_logit,,
predictive_nll,held-out trajectory,0.0,Follower,1.0220102154715365,social_logit,,
predictive_nll,held-out trajectory,0.0,Follower,1.2150608469538235,rf_full,,
predictive_nll,held-out trajectory,5.0,Follower,1.1405745401590173,self_logit,,
predictive_nll,held-out trajectory,5.0,Follower,0.7751613441598709,social_logit,,
predictive_nll,held-out trajectory,5.0,Follower,0.7468163969632606,rf_full,,
predictive_nll,held-out trajectory,10.0,Follower,1.2366457162593816,self_logit,,
predictive_nll,held-out trajectory,10.0,Follower,1.185275664989238,social_logit,,
predictive_nll,held-out trajectory,10.0,Follower,1.1576676168690945,rf_full,,
predictive_nll,held-out trajectory,15.0,Follower,1.2253566067415285,self_logit,,
predictive_nll,held-out trajectory,15.0,Follower,0.594047697308559,social_logit,,
predictive_nll,held-out trajectory,15.0,Follower,0.2899638467167842,rf_full,,
predictive_nll,held-out trajectory,20.0,Follower,1.1182414666450495,self_logit,,
predictive_nll,held-out trajectory,20.0,Follower,0.8940492121024017,social_logit,,
predictive_nll,held-out trajectory,20.0,Follower,0.7751702004958198,rf_full,,
predictive_nll,held-out trajectory,25.0,Follower,1.7537603919847191,self_logit,,
predictive_nll,held-out trajectory,25.0,Follower,1.2995245256285823,social_logit,,
predictive_nll,held-out trajectory,25.0,Follower,0.8495631542303188,rf_full,,
predictive_nll,held-out trajectory,30.0,Follower,0.8184538816954108,self_logit,,
predictive_nll,held-out trajectory,30.0,Follower,0.6280720405103404,social_logit,,
predictive_nll,held-out trajectory,30.0,Follower,0.6268644331607237,rf_full,,
predictive_nll,held-out trajectory,35.0,Follower,1.0290779140049688,self_logit,,
predictive_nll,held-out trajectory,35.0,Follower,0.9500376530359188,social_logit,,
predictive_nll,held-out trajectory,35.0,Follower,0.9069343423850385,rf_full,,
predictive_nll,held-out trajectory,40.0,Follower,1.359437696111947,self_logit,,
predictive_nll,held-out trajectory,40.0,Follower,0.9294280247077398,social_logit,,
predictive_nll,held-out trajectory,40.0,Follower,0.6507555327204037,rf_full,,
predictive_nll,held-out trajectory,45.0,Follower,1.0521879045905878,self_logit,,
predictive_nll,held-out trajectory,45.0,Follower,0.7329313858454855,social_logit,,
predictive_nll,held-out trajectory,45.0,Follower,0.590030867115373,rf_full,,
predictive_nll,held-out trajectory,50.0,Follower,0.8451395112076426,self_logit,,
predictive_nll,held-out trajectory,50.0,Follower,0.7370920688960294,social_logit,,
predictive_nll,held-out trajectory,50.0,Follower,0.8043212265533191,rf_full,,
predictive_nll,held-out trajectory,55.0,Follower,1.2689336427874938,self_logit,,
predictive_nll,held-out trajectory,55.0,Follower,1.0938115283633336,social_logit,,
predictive_nll,held-out trajectory,55.0,Follower,0.9978966624169988,rf_full,,
predictive_nll,held-out trajectory,60.0,Follower,1.108575507907394,self_logit,,
predictive_nll,held-out trajectory,60.0,Follower,0.8346827580053624,social_logit,,
predictive_nll,held-out trajectory,60.0,Follower,1.0121783054918856,rf_full,,
predictive_nll,held-out trajectory,65.0,Follower,1.5641070135236652,self_logit,,
predictive_nll,held-out trajectory,65.0,Follower,1.4763719523393255,social_logit,,
predictive_nll,held-out trajectory,65.0,Follower,1.267598241409816,rf_full,,
predictive_nll,held-out trajectory,70.0,Follower,1.0420706158120496,self_logit,,
predictive_nll,held-out trajectory,70.0,Follower,0.8459863765799085,social_logit,,
predictive_nll,held-out trajectory,70.0,Follower,0.9758098981926104,rf_full,,
predictive_nll,held-out trajectory,75.0,Follower,1.1655527450699512,self_logit,,
predictive_nll,held-out trajectory,75.0,Follower,0.9093517019615468,social_logit,,
predictive_nll,held-out trajectory,75.0,Follower,0.897446458280677,rf_full,,
predictive_nll,held-out trajectory,80.0,Follower,1.503722738095531,self_logit,,
predictive_nll,held-out trajectory,80.0,Follower,1.433563889075093,social_logit,,
predictive_nll,held-out trajectory,80.0,Follower,1.4262147548528803,rf_full,,
predictive_nll,held-out trajectory,85.0,Follower,0.9105338924592696,self_logit,,
predictive_nll,held-out trajectory,85.0,Follower,0.3238774510944635,social_logit,,
predictive_nll,held-out trajectory,85.0,Follower,0.4394038183305528,rf_full,,
predictive_nll,held-out trajectory,90.0,Follower,1.3980025537050793,self_logit,,
predictive_nll,held-out trajectory,90.0,Follower,0.841652963445719,social_logit,,
predictive_nll,held-out trajectory,90.0,Follower,0.6300333860704181,rf_full,,
predictive_nll,held-out trajectory,95.0,Follower,1.2394237319064585,self_logit,,
predictive_nll,held-out trajectory,95.0,Follower,0.8713372254115025,social_logit,,
predictive_nll,held-out trajectory,95.0,Follower,0.6650959651890281,rf_full,,
predictive_nll,held-out trajectory,100.0,Follower,0.7450460985271731,self_logit,,
predictive_nll,held-out trajectory,100.0,Follower,0.98441198211897,social_logit,,
predictive_nll,held-out trajectory,100.0,Follower,0.8717432288976181,rf_full,,
predictive_nll,held-out trajectory,105.0,Follower,0.9103281699585912,self_logit,,
predictive_nll,held-out trajectory,105.0,Follower,0.7542984026877176,social_logit,,
predictive_nll,held-out trajectory,105.0,Follower,0.8104642625630029,rf_full,,
predictive_nll,held-out trajectory,110.0,Follower,1.4096697562726368,self_logit,,
predictive_nll,held-out trajectory,110.0,Follower,1.319328733411922,social_logit,,
predictive_nll,held-out trajectory,110.0,Follower,1.2755503413896878,rf_full,,
predictive_nll,held-out trajectory,115.0,Follower,1.298079644056035,self_logit,,
predictive_nll,held-out trajectory,115.0,Follower,1.2669901778877368,social_logit,,
predictive_nll,held-out trajectory,115.0,Follower,1.0709312402796152,rf_full,,
predictive_nll,held-out trajectory,120.0,Follower,1.2696978580519551,self_logit,,
predictive_nll,held-out trajectory,120.0,Follower,0.9200090481983854,social_logit,,
predictive_nll,held-out trajectory,120.0,Follower,1.0484421198469889,rf_full,,
predictive_nll,held-out trajectory,125.0,Follower,1.3030057750673518,self_logit,,
predictive_nll,held-out trajectory,125.0,Follower,1.0339449600768242,social_logit,,
predictive_nll,held-out trajectory,125.0,Follower,0.9932421109768348,rf_full,,
predictive_nll,held-out trajectory,130.0,Follower,1.0769460996765745,self_logit,,
predictive_nll,held-out trajectory,130.0,Follower,0.9061240159060252,social_logit,,
predictive_nll,held-out trajectory,130.0,Follower,0.8661432684549186,rf_full,,
predictive_nll,held-out trajectory,135.0,Follower,2.0953457601671923,self_logit,,
predictive_nll,held-out trajectory,135.0,Follower,1.7152326190430016,social_logit,,
predictive_nll,held-out trajectory,135.0,Follower,1.59451312073868,rf_full,,
predictive_nll,held-out trajectory,140.0,Follower,1.4450679581783237,self_logit,,
predictive_nll,held-out trajectory,140.0,Follower,1.2047625490678386,social_logit,,
predictive_nll,held-out trajectory,140.0,Follower,1.2796258363953283,rf_full,,
predictive_nll,held-out trajectory,145.0,Follower,0.9028793711546508,self_logit,,
predictive_nll,held-out trajectory,145.0,Follower,0.1340653145078181,social_logit,,
predictive_nll,held-out trajectory,145.0,Follower,0.1533682900851664,rf_full,,
predictive_nll,held-out trajectory,150.0,Follower,1.123467780812895,self_logit,,
predictive_nll,held-out trajectory,150.0,Follower,1.0876928827799373,social_logit,,
predictive_nll,held-out trajectory,150.0,Follower,1.2535930707369742,rf_full,,
predictive_nll,held-out trajectory,155.0,Follower,0.8883336069224992,self_logit,,
predictive_nll,held-out trajectory,155.0,Follower,0.8074629762877588,social_logit,,
predictive_nll,held-out trajectory,155.0,Follower,0.7173381377512285,rf_full,,
predictive_nll,held-out trajectory,160.0,Follower,1.0101276391088192,self_logit,,
predictive_nll,held-out trajectory,160.0,Follower,0.5213911698909779,social_logit,,
predictive_nll,held-out trajectory,160.0,Follower,0.4796563088433085,rf_full,,
predictive_nll,held-out trajectory,165.0,Follower,0.9472494131923994,self_logit,,
predictive_nll,held-out trajectory,165.0,Follower,0.9728359827614554,social_logit,,
predictive_nll,held-out trajectory,165.0,Follower,0.8840569957279951,rf_full,,
predictive_nll,held-out trajectory,170.0,Follower,1.0586610770646827,self_logit,,
predictive_nll,held-out trajectory,170.0,Follower,0.828724049770865,social_logit,,
predictive_nll,held-out trajectory,170.0,Follower,0.7485900499172409,rf_full,,
predictive_nll,held-out trajectory,175.0,Follower,1.262245038567325,self_logit,,
predictive_nll,held-out trajectory,175.0,Follower,0.966043078716302,social_logit,,
predictive_nll,held-out trajectory,175.0,Follower,0.9525138108497389,rf_full,,
predictive_nll,held-out trajectory,180.0,Follower,0.8211741122320817,self_logit,,
predictive_nll,held-out trajectory,180.0,Follower,0.7365130687876197,social_logit,,
predictive_nll,held-out trajectory,180.0,Follower,0.6656030566632499,rf_full,,
predictive_nll,held-out trajectory,185.0,Follower,1.844408903749966,self_logit,,
predictive_nll,held-out trajectory,185.0,Follower,1.5667144921930394,social_logit,,
predictive_nll,held-out trajectory,185.0,Follower,1.3659406494425923,rf_full,,
predictive_nll,held-out trajectory,190.0,Follower,0.9372708392775152,self_logit,,
predictive_nll,held-out trajectory,190.0,Follower,0.7720262541073344,social_logit,,
predictive_nll,held-out trajectory,190.0,Follower,0.90402839215931,rf_full,,
predictive_nll,held-out trajectory,195.0,Follower,1.909440635242809,self_logit,,
predictive_nll,held-out trajectory,195.0,Follower,1.4688648395733426,social_logit,,
predictive_nll,held-out trajectory,195.0,Follower,1.2914738431706714,rf_full,,
predictive_nll,held-out trajectory,200.0,Follower,1.280493359211947,self_logit,,
predictive_nll,held-out trajectory,200.0,Follower,1.0158431015655556,social_logit,,
predictive_nll,held-out trajectory,200.0,Follower,1.1056340860960443,rf_full,,
predictive_nll,held-out trajectory,205.0,Follower,1.3031619799532723,self_logit,,
predictive_nll,held-out trajectory,205.0,Follower,1.0624733748317017,social_logit,,
predictive_nll,held-out trajectory,205.0,Follower,1.0268472131758413,rf_full,,
predictive_nll,held-out trajectory,210.0,Follower,1.1086721508728548,self_logit,,
predictive_nll,held-out trajectory,210.0,Follower,0.9588823414048682,social_logit,,
predictive_nll,held-out trajectory,210.0,Follower,0.8688832207096914,rf_full,,
predictive_nll,held-out trajectory,215.0,Follower,0.86812111134164,self_logit,,
predictive_nll,held-out trajectory,215.0,Follower,1.0192125043621354,social_logit,,
predictive_nll,held-out trajectory,215.0,Follower,1.0053171056906562,rf_full,,
predictive_nll,held-out trajectory,220.0,Follower,1.0038724387888185,self_logit,,
predictive_nll,held-out trajectory,220.0,Follower,0.1869797368296873,social_logit,,
predictive_nll,held-out trajectory,220.0,Follower,0.209285853951208,rf_full,,
predictive_nll,held-out trajectory,225.0,Follower,1.4596103045451885,self_logit,,
predictive_nll,held-out trajectory,225.0,Follower,1.0627440994248616,social_logit,,
predictive_nll,held-out trajectory,225.0,Follower,1.1166179693134504,rf_full,,
predictive_nll,held-out trajectory,230.0,Follower,1.100423964022904,self_logit,,
predictive_nll,held-out trajectory,230.0,Follower,0.8557418786740683,social_logit,,
predictive_nll,held-out trajectory,230.0,Follower,0.8171088844420429,rf_full,,
predictive_nll,held-out trajectory,235.0,Follower,1.5106140513335822,self_logit,,
predictive_nll,held-out trajectory,235.0,Follower,1.3052248476740014,social_logit,,
predictive_nll,held-out trajectory,235.0,Follower,1.6474089567578276,rf_full,,
predictive_nll,held-out trajectory,240.0,Follower,1.1686412276602467,self_logit,,
predictive_nll,held-out trajectory,240.0,Follower,0.9465348836158812,social_logit,,
predictive_nll,held-out trajectory,240.0,Follower,0.882477706369518,rf_full,,
predictive_nll,held-out trajectory,245.0,Follower,1.0738793809909195,self_logit,,
predictive_nll,held-out trajectory,245.0,Follower,0.7910184391576044,social_logit,,
predictive_nll,held-out trajectory,245.0,Follower,0.7291270318412835,rf_full,,
predictive_nll,held-out trajectory,250.0,Follower,0.9448348800410364,self_logit,,
predictive_nll,held-out trajectory,250.0,Follower,0.7216736353511468,social_logit,,
predictive_nll,held-out trajectory,250.0,Follower,0.8857540637413485,rf_full,,
predictive_nll,held-out trajectory,255.0,Follower,1.2409555621320407,self_logit,,
predictive_nll,held-out trajectory,255.0,Follower,1.0263297066379091,social_logit,,
predictive_nll,held-out trajectory,255.0,Follower,1.1340240901865273,rf_full,,
predictive_nll,held-out trajectory,260.0,Follower,1.3117738158200618,self_logit,,
predictive_nll,held-out trajectory,260.0,Follower,0.9465877701970792,social_logit,,
predictive_nll,held-out trajectory,260.0,Follower,0.676145561545001,rf_full,,
predictive_nll,held-out trajectory,265.0,Follower,1.5298784276821236,self_logit,,
predictive_nll,held-out trajectory,265.0,Follower,1.2583738017078925,social_logit,,
predictive_nll,held-out trajectory,265.0,Follower,1.0956382139941978,rf_full,,
predictive_nll,held-out trajectory,270.0,Follower,0.9192819168074058,self_logit,,
predictive_nll,held-out trajectory,270.0,Follower,0.4057480853243908,social_logit,,
predictive_nll,held-out trajectory,270.0,Follower,0.5335034995244412,rf_full,,
predictive_nll,held-out trajectory,275.0,Follower,1.0440848367511453,self_logit,,
predictive_nll,held-out trajectory,275.0,Follower,0.827687462195672,social_logit,,
predictive_nll,held-out trajectory,275.0,Follower,0.876890763296787,rf_full,,
predictive_nll,held-out trajectory,280.0,Follower,1.0212463399274578,self_logit,,
predictive_nll,held-out trajectory,280.0,Follower,0.79605744864843,social_logit,,
predictive_nll,held-out trajectory,280.0,Follower,0.6972405630064239,rf_full,,
predictive_nll,held-out trajectory,285.0,Follower,1.6017172598625344,self_logit,,
predictive_nll,held-out trajectory,285.0,Follower,1.4930320396737995,social_logit,,
predictive_nll,held-out trajectory,285.0,Follower,1.4707902993925592,rf_full,,
predictive_nll,held-out trajectory,290.0,Follower,1.3009638975626576,self_logit,,
predictive_nll,held-out trajectory,290.0,Follower,0.7093848576345724,social_logit,,
predictive_nll,held-out trajectory,290.0,Follower,0.7430609620592644,rf_full,,
predictive_nll,held-out trajectory,295.0,Follower,1.354006214839511,self_logit,,
predictive_nll,held-out trajectory,295.0,Follower,0.8091143832968157,social_logit,,
predictive_nll,held-out trajectory,295.0,Follower,0.8923159696199519,rf_full,,
predictive_nll,held-out trajectory,300.0,Follower,1.1856408822021989,self_logit,,
predictive_nll,held-out trajectory,300.0,Follower,1.197814901399884,social_logit,,
predictive_nll,held-out trajectory,300.0,Follower,1.3353608194507989,rf_full,,
predictive_nll,held-out trajectory,305.0,Follower,1.3692565746539014,self_logit,,
predictive_nll,held-out trajectory,305.0,Follower,0.688340600018715,social_logit,,
predictive_nll,held-out trajectory,305.0,Follower,0.3132494757884513,rf_full,,
predictive_nll,held-out trajectory,310.0,Follower,1.0183962313707375,self_logit,,
predictive_nll,held-out trajectory,310.0,Follower,0.8307178469257117,social_logit,,
predictive_nll,held-out trajectory,310.0,Follower,0.6841890942529212,rf_full,,
predictive_nll,held-out trajectory,315.0,Follower,0.8872073091471044,self_logit,,
predictive_nll,held-out trajectory,315.0,Follower,0.7257988909618153,social_logit,,
predictive_nll,held-out trajectory,315.0,Follower,0.6680236479208268,rf_full,,
predictive_nll,held-out trajectory,320.0,Follower,1.2629302547734835,self_logit,,
predictive_nll,held-out trajectory,320.0,Follower,1.1631445938338387,social_logit,,
predictive_nll,held-out trajectory,320.0,Follower,0.9937449545706436,rf_full,,
predictive_nll,held-out trajectory,325.0,Follower,1.5801265934390414,self_logit,,
predictive_nll,held-out trajectory,325.0,Follower,1.3960437412552174,social_logit,,
predictive_nll,held-out trajectory,325.0,Follower,1.8379967059338047,rf_full,,
predictive_nll,held-out trajectory,330.0,Follower,0.934135162001677,self_logit,,
predictive_nll,held-out trajectory,330.0,Follower,0.2681219287018655,social_logit,,
predictive_nll,held-out trajectory,330.0,Follower,0.2433153404734276,rf_full,,
predictive_nll,held-out trajectory,335.0,Follower,1.4616946437810676,self_logit,,
predictive_nll,held-out trajectory,335.0,Follower,1.30877169339368,social_logit,,
predictive_nll,held-out trajectory,335.0,Follower,1.230557150707025,rf_full,,
predictive_nll,held-out trajectory,340.0,Follower,0.8859602906218615,self_logit,,
predictive_nll,held-out trajectory,340.0,Follower,0.6772264811873521,social_logit,,
predictive_nll,held-out trajectory,340.0,Follower,0.5173378243080305,rf_full,,
predictive_nll,held-out trajectory,345.0,Follower,1.3321980845800896,self_logit,,
predictive_nll,held-out trajectory,345.0,Follower,1.3700537779203192,social_logit,,
predictive_nll,held-out trajectory,345.0,Follower,1.2482163527878771,rf_full,,
predictive_nll,held-out trajectory,350.0,Follower,1.9585005022150697,self_logit,,
predictive_nll,held-out trajectory,350.0,Follower,1.4211461218816668,social_logit,,
predictive_nll,held-out trajectory,350.0,Follower,1.305958557854969,rf_full,,
predictive_nll,held-out trajectory,355.0,Follower,0.9939492484543588,self_logit,,
predictive_nll,held-out trajectory,355.0,Follower,0.8698400147061697,social_logit,,
predictive_nll,held-out trajectory,355.0,Follower,0.7364022536787829,rf_full,,
predictive_nll,held-out trajectory,360.0,Follower,1.3307327292051243,self_logit,,
predictive_nll,held-out trajectory,360.0,Follower,1.2130603679040677,social_logit,,
predictive_nll,held-out trajectory,360.0,Follower,1.1213868160255367,rf_full,,
predictive_nll,held-out trajectory,365.0,Follower,1.4351079670905722,self_logit,,
predictive_nll,held-out trajectory,365.0,Follower,1.3360724418177934,social_logit,,
predictive_nll,held-out trajectory,365.0,Follower,1.1656976609169152,rf_full,,
predictive_nll,held-out trajectory,370.0,Follower,0.9791488268111166,self_logit,,
predictive_nll,held-out trajectory,370.0,Follower,0.788081388493103,social_logit,,
predictive_nll,held-out trajectory,370.0,Follower,0.7345459974706536,rf_full,,
predictive_nll,held-out trajectory,375.0,Follower,1.419191252181696,self_logit,,
predictive_nll,held-out trajectory,375.0,Follower,1.3355184764288373,social_logit,,
predictive_nll,held-out trajectory,375.0,Follower,1.4077502633390404,rf_full,,
predictive_nll,held-out trajectory,380.0,Follower,1.213529721975266,self_logit,,
predictive_nll,held-out trajectory,380.0,Follower,0.8244788256980666,social_logit,,
predictive_nll,held-out trajectory,380.0,Follower,0.7521428200879375,rf_full,,
predictive_nll,held-out trajectory,385.0,Follower,1.1153627310851817,self_logit,,
predictive_nll,held-out trajectory,385.0,Follower,0.8861275923780707,social_logit,,
predictive_nll,held-out trajectory,385.0,Follower,0.7675606463354199,rf_full,,
predictive_nll,held-out trajectory,390.0,Follower,0.9402806892492436,self_logit,,
predictive_nll,held-out trajectory,390.0,Follower,0.7360539886660776,social_logit,,
predictive_nll,held-out trajectory,390.0,Follower,0.8089813720203989,rf_full,,
predictive_nll,held-out trajectory,395.0,Follower,1.3500282418676055,self_logit,,
predictive_nll,held-out trajectory,395.0,Follower,1.0993306089444337,social_logit,,
predictive_nll,held-out trajectory,395.0,Follower,1.0879604986243796,rf_full,,
predictive_nll,held-out trajectory,400.0,Follower,1.5131022148706237,self_logit,,
predictive_nll,held-out trajectory,400.0,Follower,1.3712525805602684,social_logit,,
predictive_nll,held-out trajectory,400.0,Follower,1.328772703018308,rf_full,,
predictive_nll,held-out trajectory,405.0,Follower,1.5064445812176377,self_logit,,
predictive_nll,held-out trajectory,405.0,Follower,1.2367019849339795,social_logit,,
predictive_nll,held-out trajectory,405.0,Follower,1.2503643047584685,rf_full,,
predictive_nll,held-out trajectory,410.0,Follower,0.9128633899099928,self_logit,,
predictive_nll,held-out trajectory,410.0,Follower,0.921718728539686,social_logit,,
predictive_nll,held-out trajectory,410.0,Follower,1.2152804761270954,rf_full,,
predictive_nll,held-out trajectory,415.0,Follower,1.3257034087526849,self_logit,,
predictive_nll,held-out trajectory,415.0,Follower,1.4192194888192418,social_logit,,
predictive_nll,held-out trajectory,415.0,Follower,1.26346821678127,rf_full,,
predictive_nll,held-out trajectory,420.0,Follower,1.0429652591366765,self_logit,,
predictive_nll,held-out trajectory,420.0,Follower,0.9224444312219366,social_logit,,
predictive_nll,held-out trajectory,420.0,Follower,0.8261721409438156,rf_full,,
predictive_nll,held-out trajectory,425.0,Follower,1.3819782645203769,self_logit,,
predictive_nll,held-out trajectory,425.0,Follower,1.0751768508191692,social_logit,,
predictive_nll,held-out trajectory,425.0,Follower,1.2485567366651449,rf_full,,
predictive_nll,held-out trajectory,430.0,Follower,0.9898344945168016,self_logit,,
predictive_nll,held-out trajectory,430.0,Follower,0.9691482630475966,social_logit,,
predictive_nll,held-out trajectory,430.0,Follower,0.9302019734793132,rf_full,,
predictive_nll,held-out trajectory,435.0,Follower,0.9028793711546508,self_logit,,
predictive_nll,held-out trajectory,435.0,Follower,0.1366458508862306,social_logit,,
predictive_nll,held-out trajectory,435.0,Follower,0.429107097054603,rf_full,,
predictive_nll,held-out trajectory,440.0,Follower,0.9423203457246936,self_logit,,
predictive_nll,held-out trajectory,440.0,Follower,0.7607032292664437,social_logit,,
predictive_nll,held-out trajectory,440.0,Follower,0.5717531980295314,rf_full,,
predictive_nll,held-out trajectory,445.0,Follower,0.867590157713143,self_logit,,
predictive_nll,held-out trajectory,445.0,Follower,0.713889291868632,social_logit,,
predictive_nll,held-out trajectory,445.0,Follower,0.5947304919748514,rf_full,,
predictive_nll,held-out trajectory,450.0,Follower,0.9085257725160172,self_logit,,
predictive_nll,held-out trajectory,450.0,Follower,0.4949859209408963,social_logit,,
predictive_nll,held-out trajectory,450.0,Follower,0.5580338683934185,rf_full,,
predictive_nll,held-out trajectory,455.0,Follower,1.5664759121199932,self_logit,,
predictive_nll,held-out trajectory,455.0,Follower,1.3804929329020428,social_logit,,
predictive_nll,held-out trajectory,455.0,Follower,1.4342482221656692,rf_full,,
predictive_nll,held-out trajectory,460.0,Follower,1.367094279993331,self_logit,,
predictive_nll,held-out trajectory,460.0,Follower,1.112158449541948,social_logit,,
predictive_nll,held-out trajectory,460.0,Follower,1.079996056349264,rf_full,,
predictive_nll,held-out trajectory,465.0,Follower,1.7280842292691012,self_logit,,
predictive_nll,held-out trajectory,465.0,Follower,1.2250273683013,social_logit,,
predictive_nll,held-out trajectory,465.0,Follower,0.9712982078094236,rf_full,,
predictive_nll,held-out trajectory,470.0,Follower,1.2044312250105185,self_logit,,
predictive_nll,held-out trajectory,470.0,Follower,0.7636162073649588,social_logit,,
predictive_nll,held-out trajectory,470.0,Follower,0.7169937183781562,rf_full,,
predictive_nll,held-out trajectory,475.0,Follower,1.4453715167461731,self_logit,,
predictive_nll,held-out trajectory,475.0,Follower,1.4444494268051205,social_logit,,
predictive_nll,held-out trajectory,475.0,Follower,1.259506678449767,rf_full,,
predictive_nll,held-out trajectory,480.0,Follower,1.0421949923377978,self_logit,,
predictive_nll,held-out trajectory,480.0,Follower,0.8457233220145604,social_logit,,
predictive_nll,held-out trajectory,480.0,Follower,0.835774255323252,rf_full,,
predictive_nll,held-out trajectory,485.0,Follower,1.4331365928311328,self_logit,,
predictive_nll,held-out trajectory,485.0,Follower,1.005689972278978,social_logit,,
predictive_nll,held-out trajectory,485.0,Follower,0.8094534025577852,rf_full,,
predictive_nll,held-out trajectory,490.0,Follower,0.9453220096482388,self_logit,,
predictive_nll,held-out trajectory,490.0,Follower,1.0307673689140728,social_logit,,
predictive_nll,held-out trajectory,490.0,Follower,0.9339170738030256,rf_full,,
predictive_nll,held-out trajectory,495.0,Follower,1.478262513821895,self_logit,,
predictive_nll,held-out trajectory,495.0,Follower,1.234327980000561,social_logit,,
predictive_nll,held-out trajectory,495.0,Follower,1.2311460891434935,rf_full,,
predictive_nll,held-out trajectory,500.0,Follower,1.55761597563027,self_logit,,
predictive_nll,held-out trajectory,500.0,Follower,1.4353374015986693,social_logit,,
predictive_nll,held-out trajectory,500.0,Follower,1.500880873015227,rf_full,,
predictive_nll,held-out trajectory,505.0,Follower,1.8608005312655636,self_logit,,
predictive_nll,held-out trajectory,505.0,Follower,1.450181421838399,social_logit,,
predictive_nll,held-out trajectory,505.0,Follower,1.317505194925972,rf_full,,
predictive_nll,held-out trajectory,510.0,Follower,1.1781579098679618,self_logit,,
predictive_nll,held-out trajectory,510.0,Follower,0.9136616418755112,social_logit,,
predictive_nll,held-out trajectory,510.0,Follower,0.7373097341641376,rf_full,,
predictive_nll,held-out trajectory,515.0,Follower,1.4314321976388282,self_logit,,
predictive_nll,held-out trajectory,515.0,Follower,1.2709997486958735,social_logit,,
predictive_nll,held-out trajectory,515.0,Follower,1.1404111222553344,rf_full,,
predictive_nll,held-out trajectory,520.0,Follower,1.2456093693621233,self_logit,,
predictive_nll,held-out trajectory,520.0,Follower,1.0581230462241125,social_logit,,
predictive_nll,held-out trajectory,520.0,Follower,0.9942786725456808,rf_full,,
predictive_nll,held-out trajectory,525.0,Follower,1.312227713562966,self_logit,,
predictive_nll,held-out trajectory,525.0,Follower,1.241286694898008,social_logit,,
predictive_nll,held-out trajectory,525.0,Follower,1.1840237508324072,rf_full,,
predictive_nll,held-out trajectory,530.0,Follower,0.9830229632899066,self_logit,,
predictive_nll,held-out trajectory,530.0,Follower,0.8374103919427263,social_logit,,
predictive_nll,held-out trajectory,530.0,Follower,0.8198482639651182,rf_full,,
predictive_nll,held-out trajectory,535.0,Follower,1.6000496222281506,self_logit,,
predictive_nll,held-out trajectory,535.0,Follower,1.1362464606358516,social_logit,,
predictive_nll,held-out trajectory,535.0,Follower,1.0390243349489718,rf_full,,
predictive_nll,held-out trajectory,540.0,Follower,1.527287807180273,self_logit,,
predictive_nll,held-out trajectory,540.0,Follower,1.2651018115613744,social_logit,,
predictive_nll,held-out trajectory,540.0,Follower,1.3888026130449438,rf_full,,
predictive_nll,held-out trajectory,545.0,Follower,1.44383655353054,self_logit,,
predictive_nll,held-out trajectory,545.0,Follower,1.1306254510141622,social_logit,,
predictive_nll,held-out trajectory,545.0,Follower,1.2689780190880582,rf_full,,
predictive_nll,held-out trajectory,550.0,Follower,1.2696558297471363,self_logit,,
predictive_nll,held-out trajectory,550.0,Follower,0.9873028170452592,social_logit,,
predictive_nll,held-out trajectory,550.0,Follower,0.9177303004080584,rf_full,,
predictive_nll,held-out trajectory,555.0,Follower,1.271626539078729,self_logit,,
predictive_nll,held-out trajectory,555.0,Follower,1.3548672238447117,social_logit,,
predictive_nll,held-out trajectory,555.0,Follower,1.2883521254861787,rf_full,,
predictive_nll,held-out trajectory,560.0,Follower,1.1861470871111257,self_logit,,
predictive_nll,held-out trajectory,560.0,Follower,0.8637237584299583,social_logit,,
predictive_nll,held-out trajectory,560.0,Follower,0.7636042321080896,rf_full,,
predictive_nll,held-out trajectory,565.0,Follower,1.165282731078917,self_logit,,
predictive_nll,held-out trajectory,565.0,Follower,1.1102120570895626,social_logit,,
predictive_nll,held-out trajectory,565.0,Follower,1.0845464744273394,rf_full,,
predictive_nll,held-out trajectory,570.0,Follower,1.0912865903028777,self_logit,,
predictive_nll,held-out trajectory,570.0,Follower,0.9421212737224433,social_logit,,
predictive_nll,held-out trajectory,570.0,Follower,0.9641771956450912,rf_full,,
predictive_nll,held-out trajectory,575.0,Follower,1.573597777140167,self_logit,,
predictive_nll,held-out trajectory,575.0,Follower,1.082075115048511,social_logit,,
predictive_nll,held-out trajectory,575.0,Follower,1.1912714670631912,rf_full,,
predictive_nll,held-out trajectory,580.0,Follower,1.3001005486870387,self_logit,,
predictive_nll,held-out trajectory,580.0,Follower,1.1086075216399087,social_logit,,
predictive_nll,held-out trajectory,580.0,Follower,0.8504472804940179,rf_full,,
predictive_nll,held-out trajectory,585.0,Follower,1.547353385856692,self_logit,,
predictive_nll,held-out trajectory,585.0,Follower,1.4749769748176838,social_logit,,
predictive_nll,held-out trajectory,585.0,Follower,1.3534072250466098,rf_full,,
predictive_nll,held-out trajectory,590.0,Follower,0.9302118262978922,self_logit,,
predictive_nll,held-out trajectory,590.0,Follower,0.8026857138184822,social_logit,,
predictive_nll,held-out trajectory,590.0,Follower,0.7598969219479773,rf_full,,
predictive_nll,held-out trajectory,595.0,Follower,1.3692565746539014,self_logit,,
predictive_nll,held-out trajectory,595.0,Follower,0.6903528753218999,social_logit,,
predictive_nll,held-out trajectory,595.0,Follower,0.3591011207949804,rf_full,,
predictive_nll,held-out trajectory,600.0,Follower,1.5548931800693089,self_logit,,
predictive_nll,held-out trajectory,600.0,Follower,1.0603002918002349,social_logit,,
predictive_nll,held-out trajectory,600.0,Follower,0.9973322162563266,rf_full,,
predictive_nll,held-out trajectory,605.0,Follower,1.179582361954479,self_logit,,
predictive_nll,held-out trajectory,605.0,Follower,1.1901478059842945,social_logit,,
predictive_nll,held-out trajectory,605.0,Follower,1.0234379881986948,rf_full,,
predictive_nll,held-out trajectory,610.0,Follower,1.515949755891601,self_logit,,
predictive_nll,held-out trajectory,610.0,Follower,1.364511497765888,social_logit,,
predictive_nll,held-out trajectory,610.0,Follower,0.9470597709690938,rf_full,,
predictive_nll,held-out trajectory,615.0,Follower,1.688996688796829,self_logit,,
predictive_nll,held-out trajectory,615.0,Follower,1.8137222626514704,social_logit,,
predictive_nll,held-out trajectory,615.0,Follower,1.443435429708668,rf_full,,
predictive_nll,held-out trajectory,620.0,Follower,0.9429457942589248,self_logit,,
predictive_nll,held-out trajectory,620.0,Follower,0.6409607644177234,social_logit,,
predictive_nll,held-out trajectory,620.0,Follower,0.5841945913835181,rf_full,,
predictive_nll,held-out trajectory,625.0,Follower,0.927151362691382,self_logit,,
predictive_nll,held-out trajectory,625.0,Follower,0.8096111712937472,social_logit,,
predictive_nll,held-out trajectory,625.0,Follower,0.7603484046461297,rf_full,,
predictive_nll,held-out trajectory,630.0,Follower,0.9936613094231302,self_logit,,
predictive_nll,held-out trajectory,630.0,Follower,0.5947231249642309,social_logit,,
predictive_nll,held-out trajectory,630.0,Follower,0.4061484489957652,rf_full,,
predictive_nll,held-out trajectory,635.0,Follower,1.4266053679705577,self_logit,,
predictive_nll,held-out trajectory,635.0,Follower,1.9340047181622064,social_logit,,
predictive_nll,held-out trajectory,635.0,Follower,1.7578008220216303,rf_full,,
predictive_nll,held-out trajectory,640.0,Follower,1.2875590384245603,self_logit,,
predictive_nll,held-out trajectory,640.0,Follower,1.0419157863204185,social_logit,,
predictive_nll,held-out trajectory,640.0,Follower,1.1308424080128172,rf_full,,
predictive_nll,held-out trajectory,645.0,Follower,0.9531798257372184,self_logit,,
predictive_nll,held-out trajectory,645.0,Follower,0.53552137160532,social_logit,,
predictive_nll,held-out trajectory,645.0,Follower,0.590183289477711,rf_full,,
predictive_nll,held-out trajectory,650.0,Follower,1.4207002774888142,self_logit,,
predictive_nll,held-out trajectory,650.0,Follower,0.9415750498439204,social_logit,,
predictive_nll,held-out trajectory,650.0,Follower,0.8527227094522405,rf_full,,
predictive_nll,held-out trajectory,655.0,Follower,1.297420075514105,self_logit,,
predictive_nll,held-out trajectory,655.0,Follower,0.7024620027235601,social_logit,,
predictive_nll,held-out trajectory,655.0,Follower,0.8989033143607879,rf_full,,
predictive_nll,held-out trajectory,660.0,Follower,1.509398082404475,self_logit,,
predictive_nll,held-out trajectory,660.0,Follower,1.413013579154555,social_logit,,
predictive_nll,held-out trajectory,660.0,Follower,1.3454459424396177,rf_full,,
predictive_nll,held-out trajectory,665.0,Follower,1.5070367542483254,self_logit,,
predictive_nll,held-out trajectory,665.0,Follower,1.175966854919232,social_logit,,
predictive_nll,held-out trajectory,665.0,Follower,1.476375640334009,rf_full,,
predictive_nll,held-out trajectory,670.0,Follower,1.5495177694567108,self_logit,,
predictive_nll,held-out trajectory,670.0,Follower,0.8868626054699936,social_logit,,
predictive_nll,held-out trajectory,670.0,Follower,0.8186644938220343,rf_full,,
predictive_nll,held-out trajectory,675.0,Follower,0.8725390875999075,self_logit,,
predictive_nll,held-out trajectory,675.0,Follower,0.8998049908285081,social_logit,,
predictive_nll,held-out trajectory,675.0,Follower,0.890427150930121,rf_full,,
predictive_nll,held-out trajectory,680.0,Follower,0.9519476085954276,self_logit,,
predictive_nll,held-out trajectory,680.0,Follower,0.2828919479864354,social_logit,,
predictive_nll,held-out trajectory,680.0,Follower,0.185567739819524,rf_full,,
predictive_nll,held-out trajectory,685.0,Follower,1.0055918359121503,self_logit,,
predictive_nll,held-out trajectory,685.0,Follower,0.7899427587466097,social_logit,,
predictive_nll,held-out trajectory,685.0,Follower,0.7382622752758232,rf_full,,
predictive_nll,held-out trajectory,690.0,Follower,1.3012003028585435,self_logit,,
predictive_nll,held-out trajectory,690.0,Follower,1.099096631814373,social_logit,,
predictive_nll,held-out trajectory,690.0,Follower,1.0199526867548303,rf_full,,
predictive_nll,held-out trajectory,695.0,Follower,1.4293331407028609,self_logit,,
predictive_nll,held-out trajectory,695.0,Follower,1.317156862831226,social_logit,,
predictive_nll,held-out trajectory,695.0,Follower,1.3631541572594257,rf_full,,
predictive_nll,held-out trajectory,700.0,Follower,0.822288230077886,self_logit,,
predictive_nll,held-out trajectory,700.0,Follower,1.01149617414097,social_logit,,
predictive_nll,held-out trajectory,700.0,Follower,0.6987511682898356,rf_full,,
predictive_nll,held-out trajectory,705.0,Follower,0.9105338924592696,self_logit,,
predictive_nll,held-out trajectory,705.0,Follower,0.5893225669034751,social_logit,,
predictive_nll,held-out trajectory,705.0,Follower,0.6565232194764015,rf_full,,
predictive_nll,held-out trajectory,710.0,Follower,1.2639716354902129,self_logit,,
predictive_nll,held-out trajectory,710.0,Follower,0.98730961782538,social_logit,,
predictive_nll,held-out trajectory,710.0,Follower,1.0247676673361523,rf_full,,
predictive_nll,held-out trajectory,715.0,Follower,0.904459327579178,self_logit,,
predictive_nll,held-out trajectory,715.0,Follower,0.7378779734269763,social_logit,,
predictive_nll,held-out trajectory,715.0,Follower,0.6558490859087296,rf_full,,
predictive_nll,held-out trajectory,720.0,Follower,0.9219106859527562,self_logit,,
predictive_nll,held-out trajectory,720.0,Follower,0.6673878997048021,social_logit,,
predictive_nll,held-out trajectory,720.0,Follower,0.663963530647524,rf_full,,
predictive_nll,held-out trajectory,725.0,Follower,1.3187519823965157,self_logit,,
predictive_nll,held-out trajectory,725.0,Follower,0.9988153270910872,social_logit,,
predictive_nll,held-out trajectory,725.0,Follower,0.7586939616485634,rf_full,,
predictive_nll,held-out trajectory,730.0,Follower,1.4304008787220832,self_logit,,
predictive_nll,held-out trajectory,730.0,Follower,0.9479745720623196,social_logit,,
predictive_nll,held-out trajectory,730.0,Follower,0.7839433277717965,rf_full,,
predictive_nll,held-out trajectory,735.0,Follower,1.5551936184058974,self_logit,,
predictive_nll,held-out trajectory,735.0,Follower,1.4498995145428568,social_logit,,
predictive_nll,held-out trajectory,735.0,Follower,2.222598173084579,rf_full,,
predictive_nll,held-out trajectory,740.0,Follower,1.5233072666724363,self_logit,,
predictive_nll,held-out trajectory,740.0,Follower,1.3757652521351138,social_logit,,
predictive_nll,held-out trajectory,740.0,Follower,1.6389335571256685,rf_full,,
predictive_nll,held-out trajectory,745.0,Follower,1.4416711583313395,self_logit,,
predictive_nll,held-out trajectory,745.0,Follower,1.1262860061080398,social_logit,,
predictive_nll,held-out trajectory,745.0,Follower,1.1419093582710866,rf_full,,
predictive_nll,held-out trajectory,750.0,Follower,0.9363842912224551,self_logit,,
predictive_nll,held-out trajectory,750.0,Follower,0.9480663677217096,social_logit,,
predictive_nll,held-out trajectory,750.0,Follower,0.9280638317977692,rf_full,,
predictive_nll,held-out trajectory,755.0,Follower,1.3970982168206616,self_logit,,
predictive_nll,held-out trajectory,755.0,Follower,1.0641674925625515,social_logit,,
predictive_nll,held-out trajectory,755.0,Follower,1.1925094886844785,rf_full,,
predictive_nll,held-out trajectory,760.0,Follower,2.0707599002738397,self_logit,,
predictive_nll,held-out trajectory,760.0,Follower,1.528097518751596,social_logit,,
predictive_nll,held-out trajectory,760.0,Follower,1.3083895021585938,rf_full,,
predictive_nll,held-out trajectory,765.0,Follower,1.5209367459153151,self_logit,,
predictive_nll,held-out trajectory,765.0,Follower,1.1418780505737804,social_logit,,
predictive_nll,held-out trajectory,765.0,Follower,1.0141665211294066,rf_full,,
predictive_nll,held-out trajectory,770.0,Follower,1.2882247626697196,self_logit,,
predictive_nll,held-out trajectory,770.0,Follower,0.9661998630065932,social_logit,,
predictive_nll,held-out trajectory,770.0,Follower,0.9402153000173848,rf_full,,
predictive_nll,held-out trajectory,775.0,Follower,1.2331712955600096,self_logit,,
predictive_nll,held-out trajectory,775.0,Follower,0.9844778050902512,social_logit,,
predictive_nll,held-out trajectory,775.0,Follower,0.9796172713037672,rf_full,,
predictive_nll,held-out trajectory,780.0,Follower,1.3230493656586928,self_logit,,
predictive_nll,held-out trajectory,780.0,Follower,0.8652811849988991,social_logit,,
predictive_nll,held-out trajectory,780.0,Follower,0.9530012571069956,rf_full,,
predictive_nll,held-out trajectory,785.0,Follower,1.355038974184006,self_logit,,
predictive_nll,held-out trajectory,785.0,Follower,1.217800788246541,social_logit,,
predictive_nll,held-out trajectory,785.0,Follower,1.2364700231330723,rf_full,,
predictive_nll,held-out trajectory,790.0,Follower,1.286560126660499,self_logit,,
predictive_nll,held-out trajectory,790.0,Follower,1.0652254845654512,social_logit,,
predictive_nll,held-out trajectory,790.0,Follower,1.0140052781241056,rf_full,,
predictive_nll,held-out trajectory,795.0,Follower,1.406725200135897,self_logit,,
predictive_nll,held-out trajectory,795.0,Follower,1.3889825978745427,social_logit,,
predictive_nll,held-out trajectory,795.0,Follower,1.422648293009808,rf_full,,
predictive_nll,held-out trajectory,800.0,Follower,0.915636906662349,self_logit,,
predictive_nll,held-out trajectory,800.0,Follower,0.4723399718260617,social_logit,,
predictive_nll,held-out trajectory,800.0,Follower,0.4605591614567552,rf_full,,
predictive_nll,held-out trajectory,805.0,Follower,1.549120702254953,self_logit,,
predictive_nll,held-out trajectory,805.0,Follower,1.4728055645931366,social_logit,,
predictive_nll,held-out trajectory,805.0,Follower,1.2521266353582643,rf_full,,
predictive_nll,held-out trajectory,810.0,Follower,1.674102320374513,self_logit,,
predictive_nll,held-out trajectory,810.0,Follower,1.1742445166094386,social_logit,,
predictive_nll,held-out trajectory,810.0,Follower,0.7662989937039071,rf_full,,
predictive_nll,held-out trajectory,815.0,Follower,1.5712435127030744,self_logit,,
predictive_nll,held-out trajectory,815.0,Follower,1.1785953145595538,social_logit,,
predictive_nll,held-out trajectory,815.0,Follower,1.0085610113388797,rf_full,,
predictive_nll,held-out trajectory,820.0,Follower,1.2152564422593493,self_logit,,
predictive_nll,held-out trajectory,820.0,Follower,0.7396163909127972,social_logit,,
predictive_nll,held-out trajectory,820.0,Follower,0.8229902944905758,rf_full,,
predictive_nll,held-out trajectory,825.0,Follower,1.1464887495873657,self_logit,,
predictive_nll,held-out trajectory,825.0,Follower,0.663669564598879,social_logit,,
predictive_nll,held-out trajectory,825.0,Follower,0.5528243951438497,rf_full,,
predictive_nll,held-out trajectory,830.0,Follower,1.1354968784630233,self_logit,,
predictive_nll,held-out trajectory,830.0,Follower,0.8681246724633066,social_logit,,
predictive_nll,held-out trajectory,830.0,Follower,0.7948882520484555,rf_full,,
predictive_nll,held-out trajectory,835.0,Follower,1.1479263382317508,self_logit,,
predictive_nll,held-out trajectory,835.0,Follower,1.09095109632818,social_logit,,
predictive_nll,held-out trajectory,835.0,Follower,1.0540727309012443,rf_full,,
predictive_nll,held-out trajectory,840.0,Follower,1.652856764593044,self_logit,,
predictive_nll,held-out trajectory,840.0,Follower,0.9877210842203872,social_logit,,
predictive_nll,held-out trajectory,840.0,Follower,1.182403514360271,rf_full,,
predictive_nll,held-out trajectory,845.0,Follower,0.973926178198339,self_logit,,
predictive_nll,held-out trajectory,845.0,Follower,0.6849324669812896,social_logit,,
predictive_nll,held-out trajectory,845.0,Follower,0.5752874103334625,rf_full,,
predictive_nll,held-out trajectory,850.0,Follower,0.6871723910777582,self_logit,,
predictive_nll,held-out trajectory,850.0,Follower,0.700003546897535,social_logit,,
predictive_nll,held-out trajectory,850.0,Follower,1.0164627227835383,rf_full,,
predictive_nll,held-out trajectory,855.0,Follower,1.3341513312647633,self_logit,,
predictive_nll,held-out trajectory,855.0,Follower,0.9594956655456168,social_logit,,
predictive_nll,held-out trajectory,855.0,Follower,1.0295878946598231,rf_full,,
predictive_nll,held-out trajectory,860.0,Follower,2.1511392870915658,self_logit,,
predictive_nll,held-out trajectory,860.0,Follower,1.5775399923593836,social_logit,,
predictive_nll,held-out trajectory,860.0,Follower,1.523075001992245,rf_full,,
predictive_nll,held-out trajectory,865.0,Follower,0.8788026935806081,self_logit,,
predictive_nll,held-out trajectory,865.0,Follower,0.6962058778625666,social_logit,,
predictive_nll,held-out trajectory,865.0,Follower,0.6405091166103353,rf_full,,
predictive_nll,held-out trajectory,870.0,Follower,1.0168886264815085,self_logit,,
predictive_nll,held-out trajectory,870.0,Follower,0.8069856704550311,social_logit,,
predictive_nll,held-out trajectory,870.0,Follower,0.7693716841969436,rf_full,,
predictive_nll,held-out trajectory,875.0,Follower,1.4433705320083046,self_logit,,
predictive_nll,held-out trajectory,875.0,Follower,1.4949035996989095,social_logit,,
predictive_nll,held-out trajectory,875.0,Follower,1.324648082934791,rf_full,,
predictive_nll,held-out trajectory,880.0,Follower,1.996982161853385,self_logit,,
predictive_nll,held-out trajectory,880.0,Follower,2.003542942152708,social_logit,,
predictive_nll,held-out trajectory,880.0,Follower,3.808471294057041,rf_full,,
predictive_nll,held-out trajectory,885.0,Follower,1.8062667196256228,self_logit,,
predictive_nll,held-out trajectory,885.0,Follower,1.291212697383809,social_logit,,
predictive_nll,held-out trajectory,885.0,Follower,1.0815149270792392,rf_full,,
predictive_nll,held-out trajectory,890.0,Follower,0.8116519264027029,self_logit,,
predictive_nll,held-out trajectory,890.0,Follower,0.6503872741022723,social_logit,,
predictive_nll,held-out trajectory,890.0,Follower,0.6782235349307958,rf_full,,
predictive_nll,held-out trajectory,895.0,Follower,1.2040313533788356,self_logit,,
predictive_nll,held-out trajectory,895.0,Follower,0.9589226542380456,social_logit,,
predictive_nll,held-out trajectory,895.0,Follower,1.0250429616347263,rf_full,,
predictive_nll,held-out trajectory,900.0,Follower,1.389943781096881,self_logit,,
predictive_nll,held-out trajectory,900.0,Follower,0.9273436025123412,social_logit,,
predictive_nll,held-out trajectory,900.0,Follower,0.8052764348097307,rf_full,,
predictive_nll,held-out trajectory,905.0,Follower,1.6890033234133992,self_logit,,
predictive_nll,held-out trajectory,905.0,Follower,1.1835906945271746,social_logit,,
predictive_nll,held-out trajectory,905.0,Follower,0.8779364130045448,rf_full,,
predictive_nll,held-out trajectory,910.0,Follower,1.3081108451162686,self_logit,,
predictive_nll,held-out trajectory,910.0,Follower,1.0267024004339138,social_logit,,
predictive_nll,held-out trajectory,910.0,Follower,0.9157117144066488,rf_full,,
predictive_nll,held-out trajectory,915.0,Follower,1.130686707656367,self_logit,,
predictive_nll,held-out trajectory,915.0,Follower,0.8802639488869333,social_logit,,
predictive_nll,held-out trajectory,915.0,Follower,0.7832929194404472,rf_full,,
predictive_nll,held-out trajectory,920.0,Follower,0.9550074636595032,self_logit,,
predictive_nll,held-out trajectory,920.0,Follower,0.695601496402896,social_logit,,
predictive_nll,held-out trajectory,920.0,Follower,0.8084014166592128,rf_full,,
predictive_nll,held-out trajectory,925.0,Follower,1.4398820703637396,self_logit,,
predictive_nll,held-out trajectory,925.0,Follower,1.2606343355202152,social_logit,,
predictive_nll,held-out trajectory,925.0,Follower,0.9830294361921688,rf_full,,
predictive_nll,held-out trajectory,930.0,Follower,1.4867157393498067,self_logit,,
predictive_nll,held-out trajectory,930.0,Follower,1.386982646530342,social_logit,,
predictive_nll,held-out trajectory,930.0,Follower,1.8167544840600292,rf_full,,
predictive_nll,held-out trajectory,935.0,Follower,1.6816766916842325,self_logit,,
predictive_nll,held-out trajectory,935.0,Follower,1.6365984458341687,social_logit,,
predictive_nll,held-out trajectory,935.0,Follower,1.4940294816614756,rf_full,,
predictive_nll,held-out trajectory,940.0,Follower,1.3702656028811926,self_logit,,
predictive_nll,held-out trajectory,940.0,Follower,1.0463129254206345,social_logit,,
predictive_nll,held-out trajectory,940.0,Follower,1.0269486748378662,rf_full,,
predictive_nll,held-out trajectory,945.0,Follower,1.2249641155458966,self_logit,,
predictive_nll,held-out trajectory,945.0,Follower,1.0783859466221757,social_logit,,
predictive_nll,held-out trajectory,945.0,Follower,0.9936836370632788,rf_full,,
predictive_nll,held-out trajectory,950.0,Follower,0.9600528817712026,self_logit,,
predictive_nll,held-out trajectory,950.0,Follower,0.5233731541845067,social_logit,,
predictive_nll,held-out trajectory,950.0,Follower,0.5958375019645962,rf_full,,
predictive_nll,held-out trajectory,955.0,Follower,0.9722563166839536,self_logit,,
predictive_nll,held-out trajectory,955.0,Follower,0.8421957834025722,social_logit,,
predictive_nll,held-out trajectory,955.0,Follower,0.8492886237907861,rf_full,,
predictive_nll,held-out trajectory,960.0,Follower,1.4088801429113058,self_logit,,
predictive_nll,held-out trajectory,960.0,Follower,1.0427181339617724,social_logit,,
predictive_nll,held-out trajectory,960.0,Follower,1.000857052784894,rf_full,,
predictive_nll,held-out trajectory,965.0,Follower,1.0884455006559044,self_logit,,
predictive_nll,held-out trajectory,965.0,Follower,0.8335372524570955,social_logit,,
predictive_nll,held-out trajectory,965.0,Follower,0.8977585164692846,rf_full,,
predictive_nll,held-out trajectory,970.0,Follower,1.4152322304097242,self_logit,,
predictive_nll,held-out trajectory,970.0,Follower,1.3270773275362255,social_logit,,
predictive_nll,held-out trajectory,970.0,Follower,1.335665906832281,rf_full,,
predictive_nll,held-out trajectory,975.0,Follower,1.134289180125999,self_logit,,
predictive_nll,held-out trajectory,975.0,Follower,0.9059569823079368,social_logit,,
predictive_nll,held-out trajectory,975.0,Follower,0.783084092756145,rf_full,,
predictive_nll,held-out trajectory,980.0,Follower,1.508013194606329,self_logit,,
predictive_nll,held-out trajectory,980.0,Follower,0.9691478314484012,social_logit,,
predictive_nll,held-out trajectory,980.0,Follower,0.9594717861370342,rf_full,,
predictive_nll,held-out trajectory,985.0,Follower,1.1350389755504322,self_logit,,
predictive_nll,held-out trajectory,985.0,Follower,0.9424457729129974,social_logit,,
predictive_nll,held-out trajectory,985.0,Follower,0.823452425411637,rf_full,,
predictive_nll,held-out trajectory,990.0,Follower,1.033468437612694,self_logit,,
predictive_nll,held-out trajectory,990.0,Follower,0.8231935706635427,social_logit,,
predictive_nll,held-out trajectory,990.0,Follower,0.866327314965299,rf_full,,
predictive_nll,held-out trajectory,995.0,Follower,1.2584125661555898,self_logit,,
predictive_nll,held-out trajectory,995.0,Follower,0.7510985200973451,social_logit,,
predictive_nll,held-out trajectory,995.0,Follower,0.6596986958824756,rf_full,,
predictive_nll,held-out trajectory,0.0,Leader,1.2709070737087569,self_logit,,
predictive_nll,held-out trajectory,0.0,Leader,1.180489965759188,social_logit,,
predictive_nll,held-out trajectory,0.0,Leader,1.0426563302324665,rf_full,,
predictive_nll,held-out trajectory,5.0,Leader,1.0520814391499809,self_logit,,
predictive_nll,held-out trajectory,5.0,Leader,1.0418116733616771,social_logit,,
predictive_nll,held-out trajectory,5.0,Leader,1.027142517545572,rf_full,,
predictive_nll,held-out trajectory,10.0,Leader,0.7868314813544953,self_logit,,
predictive_nll,held-out trajectory,10.0,Leader,0.6562296481311526,social_logit,,
predictive_nll,held-out trajectory,10.0,Leader,0.7508781988774214,rf_full,,
predictive_nll,held-out trajectory,15.0,Leader,0.0369449680876116,self_logit,,
predictive_nll,held-out trajectory,15.0,Leader,0.0259125065271957,social_logit,,
predictive_nll,held-out trajectory,15.0,Leader,0.0282360762961905,rf_full,,
predictive_nll,held-out trajectory,20.0,Leader,0.6816790198154042,self_logit,,
predictive_nll,held-out trajectory,20.0,Leader,0.5549692720713735,social_logit,,
predictive_nll,held-out trajectory,20.0,Leader,0.6037913278793897,rf_full,,
predictive_nll,held-out trajectory,25.0,Leader,0.8104626916794744,self_logit,,
predictive_nll,held-out trajectory,25.0,Leader,0.8596525634215373,social_logit,,
predictive_nll,held-out trajectory,25.0,Leader,0.6839397196478442,rf_full,,
predictive_nll,held-out trajectory,30.0,Leader,1.1394281055070086,self_logit,,
predictive_nll,held-out trajectory,30.0,Leader,0.964267705607187,social_logit,,
predictive_nll,held-out trajectory,30.0,Leader,0.9120340025589668,rf_full,,
predictive_nll,held-out trajectory,35.0,Leader,1.0709190007381617,self_logit,,
predictive_nll,held-out trajectory,35.0,Leader,1.148378006436939,social_logit,,
predictive_nll,held-out trajectory,35.0,Leader,1.0575653799281763,rf_full,,
predictive_nll,held-out trajectory,40.0,Leader,0.6018008641536431,self_logit,,
predictive_nll,held-out trajectory,40.0,Leader,0.5881731525725848,social_logit,,
predictive_nll,held-out trajectory,40.0,Leader,0.6576594608900078,rf_full,,
predictive_nll,held-out trajectory,45.0,Leader,0.6812792362406723,self_logit,,
predictive_nll,held-out trajectory,45.0,Leader,0.6099919867158666,social_logit,,
predictive_nll,held-out trajectory,45.0,Leader,0.4867792303935007,rf_full,,
predictive_nll,held-out trajectory,50.0,Leader,1.3701355750931197,self_logit,,
predictive_nll,held-out trajectory,50.0,Leader,1.1769858211263815,social_logit,,
predictive_nll,held-out trajectory,50.0,Leader,1.143256554243926,rf_full,,
predictive_nll,held-out trajectory,55.0,Leader,1.335032380130826,self_logit,,
predictive_nll,held-out trajectory,55.0,Leader,1.3601086399878155,social_logit,,
predictive_nll,held-out trajectory,55.0,Leader,1.235131580553158,rf_full,,
predictive_nll,held-out trajectory,60.0,Leader,1.497745596207415,self_logit,,
predictive_nll,held-out trajectory,60.0,Leader,1.450491247056029,social_logit,,
predictive_nll,held-out trajectory,60.0,Leader,1.5979146402802444,rf_full,,
predictive_nll,held-out trajectory,65.0,Leader,0.3730334192008824,self_logit,,
predictive_nll,held-out trajectory,65.0,Leader,0.4039414273736993,social_logit,,
predictive_nll,held-out trajectory,65.0,Leader,0.4699697114285339,rf_full,,
predictive_nll,held-out trajectory,70.0,Leader,0.6861785655039154,self_logit,,
predictive_nll,held-out trajectory,70.0,Leader,0.6403703157684073,social_logit,,
predictive_nll,held-out trajectory,70.0,Leader,0.7489137685632763,rf_full,,
predictive_nll,held-out trajectory,75.0,Leader,0.5356245516787214,self_logit,,
predictive_nll,held-out trajectory,75.0,Leader,0.5327334203482011,social_logit,,
predictive_nll,held-out trajectory,75.0,Leader,0.5342411186419236,rf_full,,
predictive_nll,held-out trajectory,80.0,Leader,0.7510718641720848,self_logit,,
predictive_nll,held-out trajectory,80.0,Leader,0.8343740479236015,social_logit,,
predictive_nll,held-out trajectory,80.0,Leader,0.8229340420474627,rf_full,,
predictive_nll,held-out trajectory,85.0,Leader,0.7984986652133407,self_logit,,
predictive_nll,held-out trajectory,85.0,Leader,1.0376543227857469,social_logit,,
predictive_nll,held-out trajectory,85.0,Leader,0.8654180450458995,rf_full,,
predictive_nll,held-out trajectory,90.0,Leader,0.3767699327797686,self_logit,,
predictive_nll,held-out trajectory,90.0,Leader,0.390227546525664,social_logit,,
predictive_nll,held-out trajectory,90.0,Leader,0.3630882940960387,rf_full,,
predictive_nll,held-out trajectory,95.0,Leader,0.0254458182673468,self_logit,,
predictive_nll,held-out trajectory,95.0,Leader,0.0266521646146985,social_logit,,
predictive_nll,held-out trajectory,95.0,Leader,0.0175265137420012,rf_full,,
predictive_nll,held-out trajectory,100.0,Leader,1.148105504320403,self_logit,,
predictive_nll,held-out trajectory,100.0,Leader,0.8221826560445484,social_logit,,
predictive_nll,held-out trajectory,100.0,Leader,0.7772537756851718,rf_full,,
predictive_nll,held-out trajectory,105.0,Leader,1.2746121070271392,self_logit,,
predictive_nll,held-out trajectory,105.0,Leader,1.263647986025676,social_logit,,
predictive_nll,held-out trajectory,105.0,Leader,1.2963929123881026,rf_full,,
predictive_nll,held-out trajectory,110.0,Leader,1.110534626197513,self_logit,,
predictive_nll,held-out trajectory,110.0,Leader,0.8473631353025151,social_logit,,
predictive_nll,held-out trajectory,110.0,Leader,0.7344022451449537,rf_full,,
predictive_nll,held-out trajectory,115.0,Leader,0.5462519578603511,self_logit,,
predictive_nll,held-out trajectory,115.0,Leader,0.6155087379756371,social_logit,,
predictive_nll,held-out trajectory,115.0,Leader,0.6874035936273194,rf_full,,
predictive_nll,held-out trajectory,120.0,Leader,0.3292555999240485,self_logit,,
predictive_nll,held-out trajectory,120.0,Leader,0.2599513220866722,social_logit,,
predictive_nll,held-out trajectory,120.0,Leader,0.2582649610447314,rf_full,,
predictive_nll,held-out trajectory,125.0,Leader,1.0964361745994349,self_logit,,
predictive_nll,held-out trajectory,125.0,Leader,0.9518949741669848,social_logit,,
predictive_nll,held-out trajectory,125.0,Leader,0.8534381877117878,rf_full,,
predictive_nll,held-out trajectory,130.0,Leader,0.8199876389323009,self_logit,,
predictive_nll,held-out trajectory,130.0,Leader,0.8232930889900605,social_logit,,
predictive_nll,held-out trajectory,130.0,Leader,0.7496840032499051,rf_full,,
predictive_nll,held-out trajectory,135.0,Leader,1.2968529138627969,self_logit,,
predictive_nll,held-out trajectory,135.0,Leader,1.2915449656185585,social_logit,,
predictive_nll,held-out trajectory,135.0,Leader,1.1810218145481306,rf_full,,
predictive_nll,held-out trajectory,140.0,Leader,0.5478435127788625,self_logit,,
predictive_nll,held-out trajectory,140.0,Leader,0.5115397358974616,social_logit,,
predictive_nll,held-out trajectory,140.0,Leader,0.5045552331807325,rf_full,,
predictive_nll,held-out trajectory,145.0,Leader,0.0369449680876116,self_logit,,
predictive_nll,held-out trajectory,145.0,Leader,0.0217600156703979,social_logit,,
predictive_nll,held-out trajectory,145.0,Leader,0.0141601730728503,rf_full,,
predictive_nll,held-out trajectory,150.0,Leader,1.162976989390198,self_logit,,
predictive_nll,held-out trajectory,150.0,Leader,1.0041511834942425,social_logit,,
predictive_nll,held-out trajectory,150.0,Leader,0.9380214470506564,rf_full,,
predictive_nll,held-out trajectory,155.0,Leader,0.9231164034009026,self_logit,,
predictive_nll,held-out trajectory,155.0,Leader,0.618190907675204,social_logit,,
predictive_nll,held-out trajectory,155.0,Leader,0.6798278649514446,rf_full,,
predictive_nll,held-out trajectory,160.0,Leader,0.0254458182673468,self_logit,,
predictive_nll,held-out trajectory,160.0,Leader,0.0184951004497841,social_logit,,
predictive_nll,held-out trajectory,160.0,Leader,0.0075825422401965,rf_full,,
predictive_nll,held-out trajectory,165.0,Leader,1.872073910482855,self_logit,,
predictive_nll,held-out trajectory,165.0,Leader,1.6865435178022838,social_logit,,
predictive_nll,held-out trajectory,165.0,Leader,1.3999486782627255,rf_full,,
predictive_nll,held-out trajectory,170.0,Leader,0.4593303352720063,self_logit,,
predictive_nll,held-out trajectory,170.0,Leader,0.3778304048597135,social_logit,,
predictive_nll,held-out trajectory,170.0,Leader,0.387157975946075,rf_full,,
predictive_nll,held-out trajectory,175.0,Leader,0.709172163517278,self_logit,,
predictive_nll,held-out trajectory,175.0,Leader,0.7227993824799106,social_logit,,
predictive_nll,held-out trajectory,175.0,Leader,0.7295915131616445,rf_full,,
predictive_nll,held-out trajectory,180.0,Leader,1.098619710402183,self_logit,,
predictive_nll,held-out trajectory,180.0,Leader,0.9234836639136874,social_logit,,
predictive_nll,held-out trajectory,180.0,Leader,0.8441184587364987,rf_full,,
predictive_nll,held-out trajectory,185.0,Leader,0.8337500802286049,self_logit,,
predictive_nll,held-out trajectory,185.0,Leader,0.8477797435094696,social_logit,,
predictive_nll,held-out trajectory,185.0,Leader,0.7654880892686169,rf_full,,
predictive_nll,held-out trajectory,190.0,Leader,0.8560582849392182,self_logit,,
predictive_nll,held-out trajectory,190.0,Leader,0.8482390963658951,social_logit,,
predictive_nll,held-out trajectory,190.0,Leader,0.9829504691967322,rf_full,,
predictive_nll,held-out trajectory,195.0,Leader,0.0369449680876116,self_logit,,
predictive_nll,held-out trajectory,195.0,Leader,0.055018481498232,social_logit,,
predictive_nll,held-out trajectory,195.0,Leader,0.0721037036936864,rf_full,,
predictive_nll,held-out trajectory,200.0,Leader,0.5307126032353089,self_logit,,
predictive_nll,held-out trajectory,200.0,Leader,0.4629201371437741,social_logit,,
predictive_nll,held-out trajectory,200.0,Leader,0.4243740517127157,rf_full,,
predictive_nll,held-out trajectory,205.0,Leader,0.6098743557910878,self_logit,,
predictive_nll,held-out trajectory,205.0,Leader,0.5765136532498072,social_logit,,
predictive_nll,held-out trajectory,205.0,Leader,0.5258255655516518,rf_full,,
predictive_nll,held-out trajectory,210.0,Leader,0.5046455731175299,self_logit,,
predictive_nll,held-out trajectory,210.0,Leader,0.51912569713951,social_logit,,
predictive_nll,held-out trajectory,210.0,Leader,0.5095879209206661,rf_full,,
predictive_nll,held-out trajectory,215.0,Leader,2.1414986736946706,self_logit,,
predictive_nll,held-out trajectory,215.0,Leader,1.6813280627288376,social_logit,,
predictive_nll,held-out trajectory,215.0,Leader,1.9875460137943748,rf_full,,
predictive_nll,held-out trajectory,220.0,Leader,0.0254458182673468,self_logit,,
predictive_nll,held-out trajectory,220.0,Leader,0.0195412785058766,social_logit,,
predictive_nll,held-out trajectory,220.0,Leader,0.0066894741203419,rf_full,,
predictive_nll,held-out trajectory,225.0,Leader,0.7664707940794994,self_logit,,
predictive_nll,held-out trajectory,225.0,Leader,0.6214534370167077,social_logit,,
predictive_nll,held-out trajectory,225.0,Leader,0.4869103378658176,rf_full,,
predictive_nll,held-out trajectory,230.0,Leader,0.4979455451711678,self_logit,,
predictive_nll,held-out trajectory,230.0,Leader,0.4086607619987433,social_logit,,
predictive_nll,held-out trajectory,230.0,Leader,0.4203835353400004,rf_full,,
predictive_nll,held-out trajectory,235.0,Leader,0.783052262116785,self_logit,,
predictive_nll,held-out trajectory,235.0,Leader,0.6737443804689457,social_logit,,
predictive_nll,held-out trajectory,235.0,Leader,0.7168603973386927,rf_full,,
predictive_nll,held-out trajectory,240.0,Leader,1.148869700318642,self_logit,,
predictive_nll,held-out trajectory,240.0,Leader,1.1635299144936984,social_logit,,
predictive_nll,held-out trajectory,240.0,Leader,1.0513050364893004,rf_full,,
predictive_nll,held-out trajectory,245.0,Leader,0.9299490142814582,self_logit,,
predictive_nll,held-out trajectory,245.0,Leader,1.0266434191905136,social_logit,,
predictive_nll,held-out trajectory,245.0,Leader,0.9535777165767136,rf_full,,
predictive_nll,held-out trajectory,250.0,Leader,1.301179695573944,self_logit,,
predictive_nll,held-out trajectory,250.0,Leader,1.2530876653770815,social_logit,,
predictive_nll,held-out trajectory,250.0,Leader,1.0218864075140128,rf_full,,
predictive_nll,held-out trajectory,255.0,Leader,0.3270881873194646,self_logit,,
predictive_nll,held-out trajectory,255.0,Leader,0.2503165484991251,social_logit,,
predictive_nll,held-out trajectory,255.0,Leader,0.2799078490407297,rf_full,,
predictive_nll,held-out trajectory,260.0,Leader,0.5538109031007575,self_logit,,
predictive_nll,held-out trajectory,260.0,Leader,0.544727497237566,social_logit,,
predictive_nll,held-out trajectory,260.0,Leader,0.4393456432058952,rf_full,,
predictive_nll,held-out trajectory,265.0,Leader,0.867654687575872,self_logit,,
predictive_nll,held-out trajectory,265.0,Leader,0.8660239565227977,social_logit,,
predictive_nll,held-out trajectory,265.0,Leader,0.7936212914650782,rf_full,,
predictive_nll,held-out trajectory,270.0,Leader,0.6031926058343322,self_logit,,
predictive_nll,held-out trajectory,270.0,Leader,0.5888698595891599,social_logit,,
predictive_nll,held-out trajectory,270.0,Leader,0.6471952822117457,rf_full,,
predictive_nll,held-out trajectory,275.0,Leader,0.5556216757382567,self_logit,,
predictive_nll,held-out trajectory,275.0,Leader,0.7009118980695574,social_logit,,
predictive_nll,held-out trajectory,275.0,Leader,0.5097486948254221,rf_full,,
predictive_nll,held-out trajectory,280.0,Leader,1.4880330078698534,self_logit,,
predictive_nll,held-out trajectory,280.0,Leader,1.368691052311961,social_logit,,
predictive_nll,held-out trajectory,280.0,Leader,0.9649195606498376,rf_full,,
predictive_nll,held-out trajectory,285.0,Leader,1.0604832742499235,self_logit,,
predictive_nll,held-out trajectory,285.0,Leader,1.1091401428562615,social_logit,,
predictive_nll,held-out trajectory,285.0,Leader,1.0477513124864175,rf_full,,
predictive_nll,held-out trajectory,290.0,Leader,0.3324269616499734,self_logit,,
predictive_nll,held-out trajectory,290.0,Leader,0.3630641837485805,social_logit,,
predictive_nll,held-out trajectory,290.0,Leader,0.3679923619661709,rf_full,,
predictive_nll,held-out trajectory,295.0,Leader,0.728295265343575,self_logit,,
predictive_nll,held-out trajectory,295.0,Leader,0.7869652868278209,social_logit,,
predictive_nll,held-out trajectory,295.0,Leader,0.937440016722018,rf_full,,
predictive_nll,held-out trajectory,300.0,Leader,0.9497309900667156,self_logit,,
predictive_nll,held-out trajectory,300.0,Leader,0.8756869942077057,social_logit,,
predictive_nll,held-out trajectory,300.0,Leader,0.8384697267820986,rf_full,,
predictive_nll,held-out trajectory,305.0,Leader,0.0369449680876116,self_logit,,
predictive_nll,held-out trajectory,305.0,Leader,0.0197945919054802,social_logit,,
predictive_nll,held-out trajectory,305.0,Leader,0.0227858985668991,rf_full,,
predictive_nll,held-out trajectory,310.0,Leader,0.7852742317950585,self_logit,,
predictive_nll,held-out trajectory,310.0,Leader,0.7440566032611454,social_logit,,
predictive_nll,held-out trajectory,310.0,Leader,0.6851874877184204,rf_full,,
predictive_nll,held-out trajectory,315.0,Leader,0.9281028682591876,self_logit,,
predictive_nll,held-out trajectory,315.0,Leader,0.8030771480927719,social_logit,,
predictive_nll,held-out trajectory,315.0,Leader,0.6989355046239316,rf_full,,
predictive_nll,held-out trajectory,320.0,Leader,0.9839572617118456,self_logit,,
predictive_nll,held-out trajectory,320.0,Leader,0.999504878901757,social_logit,,
predictive_nll,held-out trajectory,320.0,Leader,0.8617791735342112,rf_full,,
predictive_nll,held-out trajectory,325.0,Leader,0.7287818343749525,self_logit,,
predictive_nll,held-out trajectory,325.0,Leader,0.6679744679771533,social_logit,,
predictive_nll,held-out trajectory,325.0,Leader,0.7076317148637308,rf_full,,
predictive_nll,held-out trajectory,330.0,Leader,0.0369449680876116,self_logit,,
predictive_nll,held-out trajectory,330.0,Leader,0.061403082342096,social_logit,,
predictive_nll,held-out trajectory,330.0,Leader,0.0710999045280389,rf_full,,
predictive_nll,held-out trajectory,335.0,Leader,1.3853143032385749,self_logit,,
predictive_nll,held-out trajectory,335.0,Leader,1.4132557443984284,social_logit,,
predictive_nll,held-out trajectory,335.0,Leader,1.2134362410296862,rf_full,,
predictive_nll,held-out trajectory,340.0,Leader,0.8154751923548899,self_logit,,
predictive_nll,held-out trajectory,340.0,Leader,0.6152219112421132,social_logit,,
predictive_nll,held-out trajectory,340.0,Leader,0.5300129872754407,rf_full,,
predictive_nll,held-out trajectory,345.0,Leader,1.1019006419991406,self_logit,,
predictive_nll,held-out trajectory,345.0,Leader,0.8251038847677423,social_logit,,
predictive_nll,held-out trajectory,345.0,Leader,0.7775442387326188,rf_full,,
predictive_nll,held-out trajectory,350.0,Leader,0.5307857947724955,self_logit,,
predictive_nll,held-out trajectory,350.0,Leader,0.4746195286208745,social_logit,,
predictive_nll,held-out trajectory,350.0,Leader,0.5115286664000187,rf_full,,
predictive_nll,held-out trajectory,355.0,Leader,0.8047070397546985,self_logit,,
predictive_nll,held-out trajectory,355.0,Leader,0.7049025948436956,social_logit,,
predictive_nll,held-out trajectory,355.0,Leader,0.8009344422319491,rf_full,,
predictive_nll,held-out trajectory,360.0,Leader,1.815358425026412,self_logit,,
predictive_nll,held-out trajectory,360.0,Leader,1.77736210874491,social_logit,,
predictive_nll,held-out trajectory,360.0,Leader,1.3273899548210346,rf_full,,
predictive_nll,held-out trajectory,365.0,Leader,0.8697126826789662,self_logit,,
predictive_nll,held-out trajectory,365.0,Leader,0.8791567006616837,social_logit,,
predictive_nll,held-out trajectory,365.0,Leader,1.1703663566975326,rf_full,,
predictive_nll,held-out trajectory,370.0,Leader,0.9950417821552632,self_logit,,
predictive_nll,held-out trajectory,370.0,Leader,1.0095343215606425,social_logit,,
predictive_nll,held-out trajectory,370.0,Leader,0.8946380205158492,rf_full,,
predictive_nll,held-out trajectory,375.0,Leader,1.2416224615953075,self_logit,,
predictive_nll,held-out trajectory,375.0,Leader,1.102066929089596,social_logit,,
predictive_nll,held-out trajectory,375.0,Leader,1.204349205832364,rf_full,,
predictive_nll,held-out trajectory,380.0,Leader,0.2772692619183996,self_logit,,
predictive_nll,held-out trajectory,380.0,Leader,0.4810414783664263,social_logit,,
predictive_nll,held-out trajectory,380.0,Leader,0.4543644752656393,rf_full,,
predictive_nll,held-out trajectory,385.0,Leader,0.7919155024079407,self_logit,,
predictive_nll,held-out trajectory,385.0,Leader,0.7956028386039511,social_logit,,
predictive_nll,held-out trajectory,385.0,Leader,0.7475037370898916,rf_full,,
predictive_nll,held-out trajectory,390.0,Leader,0.4953980885865583,self_logit,,
predictive_nll,held-out trajectory,390.0,Leader,0.4387071486005629,social_logit,,
predictive_nll,held-out trajectory,390.0,Leader,0.5376598561289769,rf_full,,
predictive_nll,held-out trajectory,395.0,Leader,1.6294229370935025,self_logit,,
predictive_nll,held-out trajectory,395.0,Leader,1.6865228465594946,social_logit,,
predictive_nll,held-out trajectory,395.0,Leader,1.594356263968992,rf_full,,
predictive_nll,held-out trajectory,400.0,Leader,1.267254140531446,self_logit,,
predictive_nll,held-out trajectory,400.0,Leader,1.297770622673268,social_logit,,
predictive_nll,held-out trajectory,400.0,Leader,1.1949363104091264,rf_full,,
predictive_nll,held-out trajectory,405.0,Leader,1.0733368518149993,self_logit,,
predictive_nll,held-out trajectory,405.0,Leader,1.0645934860252952,social_logit,,
predictive_nll,held-out trajectory,405.0,Leader,0.8857844359522437,rf_full,,
predictive_nll,held-out trajectory,410.0,Leader,1.8155294045594863,self_logit,,
predictive_nll,held-out trajectory,410.0,Leader,1.7145375009032982,social_logit,,
predictive_nll,held-out trajectory,410.0,Leader,1.5174943473147724,rf_full,,
predictive_nll,held-out trajectory,415.0,Leader,0.567397178366781,self_logit,,
predictive_nll,held-out trajectory,415.0,Leader,0.724917506411779,social_logit,,
predictive_nll,held-out trajectory,415.0,Leader,0.6000210618856329,rf_full,,
predictive_nll,held-out trajectory,420.0,Leader,1.3783054074385868,self_logit,,
predictive_nll,held-out trajectory,420.0,Leader,1.3803020563034032,social_logit,,
predictive_nll,held-out trajectory,420.0,Leader,1.199111297707169,rf_full,,
predictive_nll,held-out trajectory,425.0,Leader,0.6952171204551874,self_logit,,
predictive_nll,held-out trajectory,425.0,Leader,0.6086245113496588,social_logit,,
predictive_nll,held-out trajectory,425.0,Leader,0.6321804981668928,rf_full,,
predictive_nll,held-out trajectory,430.0,Leader,1.3140804987223451,self_logit,,
predictive_nll,held-out trajectory,430.0,Leader,1.136651970500147,social_logit,,
predictive_nll,held-out trajectory,430.0,Leader,1.0577819970389557,rf_full,,
predictive_nll,held-out trajectory,435.0,Leader,0.0369449680876116,self_logit,,
predictive_nll,held-out trajectory,435.0,Leader,0.0217600156703979,social_logit,,
predictive_nll,held-out trajectory,435.0,Leader,0.0141601730728503,rf_full,,
predictive_nll,held-out trajectory,440.0,Leader,0.9386017731271536,self_logit,,
predictive_nll,held-out trajectory,440.0,Leader,0.9085167351927922,social_logit,,
predictive_nll,held-out trajectory,440.0,Leader,0.9008376781691332,rf_full,,
predictive_nll,held-out trajectory,445.0,Leader,1.4072959910613154,self_logit,,
predictive_nll,held-out trajectory,445.0,Leader,1.2432540178552476,social_logit,,
predictive_nll,held-out trajectory,445.0,Leader,0.9776428079977458,rf_full,,
predictive_nll,held-out trajectory,450.0,Leader,0.3190922917533936,self_logit,,
predictive_nll,held-out trajectory,450.0,Leader,0.3142491679956972,social_logit,,
predictive_nll,held-out trajectory,450.0,Leader,0.3906229665427785,rf_full,,
predictive_nll,held-out trajectory,455.0,Leader,1.0055994273600164,self_logit,,
predictive_nll,held-out trajectory,455.0,Leader,0.9983191455197676,social_logit,,
predictive_nll,held-out trajectory,455.0,Leader,1.0302890092653525,rf_full,,
predictive_nll,held-out trajectory,460.0,Leader,0.6689734569891178,self_logit,,
predictive_nll,held-out trajectory,460.0,Leader,0.7236251842338434,social_logit,,
predictive_nll,held-out trajectory,460.0,Leader,0.6831097227639777,rf_full,,
predictive_nll,held-out trajectory,465.0,Leader,0.6840035048633121,self_logit,,
predictive_nll,held-out trajectory,465.0,Leader,0.6071548950143694,social_logit,,
predictive_nll,held-out trajectory,465.0,Leader,0.7438946713146419,rf_full,,
predictive_nll,held-out trajectory,470.0,Leader,0.894449997133737,self_logit,,
predictive_nll,held-out trajectory,470.0,Leader,0.9690722947721688,social_logit,,
predictive_nll,held-out trajectory,470.0,Leader,1.0217755291691029,rf_full,,
predictive_nll,held-out trajectory,475.0,Leader,0.6662576724811172,self_logit,,
predictive_nll,held-out trajectory,475.0,Leader,0.6986365566383528,social_logit,,
predictive_nll,held-out trajectory,475.0,Leader,1.0398329022047863,rf_full,,
predictive_nll,held-out trajectory,480.0,Leader,0.8155066471762767,self_logit,,
predictive_nll,held-out trajectory,480.0,Leader,0.8445447078449334,social_logit,,
predictive_nll,held-out trajectory,480.0,Leader,0.7078303780502676,rf_full,,
predictive_nll,held-out trajectory,485.0,Leader,0.2456199517105031,self_logit,,
predictive_nll,held-out trajectory,485.0,Leader,0.246076124051736,social_logit,,
predictive_nll,held-out trajectory,485.0,Leader,0.2051272012951329,rf_full,,
predictive_nll,held-out trajectory,490.0,Leader,0.8764177848360557,self_logit,,
predictive_nll,held-out trajectory,490.0,Leader,0.7516470973598207,social_logit,,
predictive_nll,held-out trajectory,490.0,Leader,0.721046658773243,rf_full,,
predictive_nll,held-out trajectory,495.0,Leader,0.642845772496098,self_logit,,
predictive_nll,held-out trajectory,495.0,Leader,0.6619322267654039,social_logit,,
predictive_nll,held-out trajectory,495.0,Leader,0.4708047839691704,rf_full,,
predictive_nll,held-out trajectory,500.0,Leader,0.97918517717579,self_logit,,
predictive_nll,held-out trajectory,500.0,Leader,1.1268137791328676,social_logit,,
predictive_nll,held-out trajectory,500.0,Leader,0.8606959025332613,rf_full,,
predictive_nll,held-out trajectory,505.0,Leader,0.6921653060561068,self_logit,,
predictive_nll,held-out trajectory,505.0,Leader,0.6528193323248619,social_logit,,
predictive_nll,held-out trajectory,505.0,Leader,0.6824133485045147,rf_full,,
predictive_nll,held-out trajectory,510.0,Leader,0.705613984288666,self_logit,,
predictive_nll,held-out trajectory,510.0,Leader,0.5801950597555722,social_logit,,
predictive_nll,held-out trajectory,510.0,Leader,0.4879439207125834,rf_full,,
predictive_nll,held-out trajectory,515.0,Leader,1.0122472540492486,self_logit,,
predictive_nll,held-out trajectory,515.0,Leader,1.06576577893497,social_logit,,
predictive_nll,held-out trajectory,515.0,Leader,0.9260589241263372,rf_full,,
predictive_nll,held-out trajectory,520.0,Leader,1.1429200133675332,self_logit,,
predictive_nll,held-out trajectory,520.0,Leader,1.033174527501911,social_logit,,
predictive_nll,held-out trajectory,520.0,Leader,1.1551614158168613,rf_full,,
predictive_nll,held-out trajectory,525.0,Leader,0.8337582201214808,self_logit,,
predictive_nll,held-out trajectory,525.0,Leader,0.6897495814855858,social_logit,,
predictive_nll,held-out trajectory,525.0,Leader,0.6889929248574908,rf_full,,
predictive_nll,held-out trajectory,530.0,Leader,1.0124816289170782,self_logit,,
predictive_nll,held-out trajectory,530.0,Leader,0.974237827913928,social_logit,,
predictive_nll,held-out trajectory,530.0,Leader,1.4035590653285996,rf_full,,
predictive_nll,held-out trajectory,535.0,Leader,0.5759535773712133,self_logit,,
predictive_nll,held-out trajectory,535.0,Leader,0.5848351673747985,social_logit,,
predictive_nll,held-out trajectory,535.0,Leader,0.6239645639018173,rf_full,,
predictive_nll,held-out trajectory,540.0,Leader,0.6542294990403897,self_logit,,
predictive_nll,held-out trajectory,540.0,Leader,0.618724261472365,social_logit,,
predictive_nll,held-out trajectory,540.0,Leader,0.5891296177464886,rf_full,,
predictive_nll,held-out trajectory,545.0,Leader,0.3514897705656587,self_logit,,
predictive_nll,held-out trajectory,545.0,Leader,0.3138866569914159,social_logit,,
predictive_nll,held-out trajectory,545.0,Leader,0.3275840266456166,rf_full,,
predictive_nll,held-out trajectory,550.0,Leader,0.7550957233924523,self_logit,,
predictive_nll,held-out trajectory,550.0,Leader,0.7686580189395495,social_logit,,
predictive_nll,held-out trajectory,550.0,Leader,0.7527125677179121,rf_full,,
predictive_nll,held-out trajectory,555.0,Leader,1.1178742992022277,self_logit,,
predictive_nll,held-out trajectory,555.0,Leader,1.0318701219229007,social_logit,,
predictive_nll,held-out trajectory,555.0,Leader,0.9871212079729872,rf_full,,
predictive_nll,held-out trajectory,560.0,Leader,0.620575035987929,self_logit,,
predictive_nll,held-out trajectory,560.0,Leader,0.59879203860722,social_logit,,
predictive_nll,held-out trajectory,560.0,Leader,0.5799340840855912,rf_full,,
predictive_nll,held-out trajectory,565.0,Leader,0.9903056513866796,self_logit,,
predictive_nll,held-out trajectory,565.0,Leader,0.8779183790863099,social_logit,,
predictive_nll,held-out trajectory,565.0,Leader,0.8199482768839433,rf_full,,
predictive_nll,held-out trajectory,570.0,Leader,1.150904766107384,self_logit,,
predictive_nll,held-out trajectory,570.0,Leader,0.8779457780923549,social_logit,,
predictive_nll,held-out trajectory,570.0,Leader,0.8073987088605131,rf_full,,
predictive_nll,held-out trajectory,575.0,Leader,0.5305307112120445,self_logit,,
predictive_nll,held-out trajectory,575.0,Leader,0.5214556105105462,social_logit,,
predictive_nll,held-out trajectory,575.0,Leader,0.575004594071359,rf_full,,
predictive_nll,held-out trajectory,580.0,Leader,1.9255222988728224,self_logit,,
predictive_nll,held-out trajectory,580.0,Leader,2.005950222128251,social_logit,,
predictive_nll,held-out trajectory,580.0,Leader,1.7649254592855377,rf_full,,
predictive_nll,held-out trajectory,585.0,Leader,1.311854289417479,self_logit,,
predictive_nll,held-out trajectory,585.0,Leader,1.3746258650090424,social_logit,,
predictive_nll,held-out trajectory,585.0,Leader,1.2015042563329996,rf_full,,
predictive_nll,held-out trajectory,590.0,Leader,0.7846567573202983,self_logit,,
predictive_nll,held-out trajectory,590.0,Leader,0.7132424101687603,social_logit,,
predictive_nll,held-out trajectory,590.0,Leader,0.7643683292240331,rf_full,,
predictive_nll,held-out trajectory,595.0,Leader,0.0369449680876116,self_logit,,
predictive_nll,held-out trajectory,595.0,Leader,0.0197945919054802,social_logit,,
predictive_nll,held-out trajectory,595.0,Leader,0.0227858985668991,rf_full,,
predictive_nll,held-out trajectory,600.0,Leader,0.4520832913586415,self_logit,,
predictive_nll,held-out trajectory,600.0,Leader,0.4942649348597896,social_logit,,
predictive_nll,held-out trajectory,600.0,Leader,0.5059449438633744,rf_full,,
predictive_nll,held-out trajectory,605.0,Leader,0.9395800994480736,self_logit,,
predictive_nll,held-out trajectory,605.0,Leader,1.0228853548092671,social_logit,,
predictive_nll,held-out trajectory,605.0,Leader,0.9355070527575252,rf_full,,
predictive_nll,held-out trajectory,610.0,Leader,0.728519414216397,self_logit,,
predictive_nll,held-out trajectory,610.0,Leader,0.5254979193173869,social_logit,,
predictive_nll,held-out trajectory,610.0,Leader,0.4205366661453595,rf_full,,
predictive_nll,held-out trajectory,615.0,Leader,1.5407973085505662,self_logit,,
predictive_nll,held-out trajectory,615.0,Leader,1.3192866593221095,social_logit,,
predictive_nll,held-out trajectory,615.0,Leader,1.2363537395912083,rf_full,,
predictive_nll,held-out trajectory,620.0,Leader,0.9728978695157956,self_logit,,
predictive_nll,held-out trajectory,620.0,Leader,0.8220971072654178,social_logit,,
predictive_nll,held-out trajectory,620.0,Leader,0.9072799969184658,rf_full,,
predictive_nll,held-out trajectory,625.0,Leader,1.3806707598005774,self_logit,,
predictive_nll,held-out trajectory,625.0,Leader,1.2390246478311182,social_logit,,
predictive_nll,held-out trajectory,625.0,Leader,1.209169455347616,rf_full,,
predictive_nll,held-out trajectory,630.0,Leader,0.0369449680876116,self_logit,,
predictive_nll,held-out trajectory,630.0,Leader,0.0262821050901786,social_logit,,
predictive_nll,held-out trajectory,630.0,Leader,0.0203334031868131,rf_full,,
predictive_nll,held-out trajectory,635.0,Leader,1.611702437527604,self_logit,,
predictive_nll,held-out trajectory,635.0,Leader,1.6525752873105874,social_logit,,
predictive_nll,held-out trajectory,635.0,Leader,1.4381526962599775,rf_full,,
predictive_nll,held-out trajectory,640.0,Leader,0.7648739557068417,self_logit,,
predictive_nll,held-out trajectory,640.0,Leader,0.7714911831955911,social_logit,,
predictive_nll,held-out trajectory,640.0,Leader,0.7102671025066869,rf_full,,
predictive_nll,held-out trajectory,645.0,Leader,1.0404332179780655,self_logit,,
predictive_nll,held-out trajectory,645.0,Leader,1.0549315726221242,social_logit,,
predictive_nll,held-out trajectory,645.0,Leader,1.048072091132351,rf_full,,
predictive_nll,held-out trajectory,650.0,Leader,0.7058512707893156,self_logit,,
predictive_nll,held-out trajectory,650.0,Leader,0.7625667220271033,social_logit,,
predictive_nll,held-out trajectory,650.0,Leader,0.6971130039656075,rf_full,,
predictive_nll,held-out trajectory,655.0,Leader,0.5563842724849264,self_logit,,
predictive_nll,held-out trajectory,655.0,Leader,0.5219748945807012,social_logit,,
predictive_nll,held-out trajectory,655.0,Leader,0.6170568093012482,rf_full,,
predictive_nll,held-out trajectory,660.0,Leader,1.2718357056093323,self_logit,,
predictive_nll,held-out trajectory,660.0,Leader,1.2456089482381874,social_logit,,
predictive_nll,held-out trajectory,660.0,Leader,1.051886440449028,rf_full,,
predictive_nll,held-out trajectory,665.0,Leader,0.6949333385136878,self_logit,,
predictive_nll,held-out trajectory,665.0,Leader,0.6880301376550231,social_logit,,
predictive_nll,held-out trajectory,665.0,Leader,0.7154960127266414,rf_full,,
predictive_nll,held-out trajectory,670.0,Leader,0.5238954367687946,self_logit,,
predictive_nll,held-out trajectory,670.0,Leader,0.5176852026835689,social_logit,,
predictive_nll,held-out trajectory,670.0,Leader,0.570086004234882,rf_full,,
predictive_nll,held-out trajectory,675.0,Leader,1.4139904666695118,self_logit,,
predictive_nll,held-out trajectory,675.0,Leader,1.1324666041620457,social_logit,,
predictive_nll,held-out trajectory,675.0,Leader,1.0142105003767752,rf_full,,
predictive_nll,held-out trajectory,680.0,Leader,0.0254458182673468,self_logit,,
predictive_nll,held-out trajectory,680.0,Leader,0.0171194114436752,social_logit,,
predictive_nll,held-out trajectory,680.0,Leader,0.0071662052047212,rf_full,,
predictive_nll,held-out trajectory,685.0,Leader,0.4273819008797905,self_logit,,
predictive_nll,held-out trajectory,685.0,Leader,0.5693143769196841,social_logit,,
predictive_nll,held-out trajectory,685.0,Leader,0.493470322049349,rf_full,,
predictive_nll,held-out trajectory,690.0,Leader,0.4459671205436296,self_logit,,
predictive_nll,held-out trajectory,690.0,Leader,0.5710773488300975,social_logit,,
predictive_nll,held-out trajectory,690.0,Leader,0.5633737091396006,rf_full,,
predictive_nll,held-out trajectory,695.0,Leader,1.1982029160474614,self_logit,,
predictive_nll,held-out trajectory,695.0,Leader,1.0400478263531732,social_logit,,
predictive_nll,held-out trajectory,695.0,Leader,0.9366433561525288,rf_full,,
predictive_nll,held-out trajectory,700.0,Leader,1.185483524034156,self_logit,,
predictive_nll,held-out trajectory,700.0,Leader,1.0784923176142671,social_logit,,
predictive_nll,held-out trajectory,700.0,Leader,0.7886933399421605,rf_full,,
predictive_nll,held-out trajectory,705.0,Leader,0.4158699777138395,self_logit,,
predictive_nll,held-out trajectory,705.0,Leader,0.462839566989386,social_logit,,
predictive_nll,held-out trajectory,705.0,Leader,0.6733339368136231,rf_full,,
predictive_nll,held-out trajectory,710.0,Leader,0.8923879451749371,self_logit,,
predictive_nll,held-out trajectory,710.0,Leader,0.9189589793475376,social_logit,,
predictive_nll,held-out trajectory,710.0,Leader,0.8627242359046176,rf_full,,
predictive_nll,held-out trajectory,715.0,Leader,0.9534239458394992,self_logit,,
predictive_nll,held-out trajectory,715.0,Leader,0.8435478205063603,social_logit,,
predictive_nll,held-out trajectory,715.0,Leader,0.7208249469533101,rf_full,,
predictive_nll,held-out trajectory,720.0,Leader,0.8796740555968818,self_logit,,
predictive_nll,held-out trajectory,720.0,Leader,0.8791715264595892,social_logit,,
predictive_nll,held-out trajectory,720.0,Leader,0.970029984051357,rf_full,,
predictive_nll,held-out trajectory,725.0,Leader,0.4513375098966735,self_logit,,
predictive_nll,held-out trajectory,725.0,Leader,0.382278480008505,social_logit,,
predictive_nll,held-out trajectory,725.0,Leader,0.3443633848189565,rf_full,,
predictive_nll,held-out trajectory,730.0,Leader,0.0369449680876116,self_logit,,
predictive_nll,held-out trajectory,730.0,Leader,0.0765853614960086,social_logit,,
predictive_nll,held-out trajectory,730.0,Leader,0.0997541660687966,rf_full,,
predictive_nll,held-out trajectory,735.0,Leader,1.2319041555095624,self_logit,,
predictive_nll,held-out trajectory,735.0,Leader,1.2862014164830506,social_logit,,
predictive_nll,held-out trajectory,735.0,Leader,1.256360130972494,rf_full,,
predictive_nll,held-out trajectory,740.0,Leader,0.897454446922205,self_logit,,
predictive_nll,held-out trajectory,740.0,Leader,0.8232545847453823,social_logit,,
predictive_nll,held-out trajectory,740.0,Leader,0.8101370956831283,rf_full,,
predictive_nll,held-out trajectory,745.0,Leader,0.9439183284362984,self_logit,,
predictive_nll,held-out trajectory,745.0,Leader,0.8922278566568509,social_logit,,
predictive_nll,held-out trajectory,745.0,Leader,0.9995040835706652,rf_full,,
predictive_nll,held-out trajectory,750.0,Leader,1.474856652000535,self_logit,,
predictive_nll,held-out trajectory,750.0,Leader,1.4005717195768268,social_logit,,
predictive_nll,held-out trajectory,750.0,Leader,1.3537560139883995,rf_full,,
predictive_nll,held-out trajectory,755.0,Leader,1.085889510743843,self_logit,,
predictive_nll,held-out trajectory,755.0,Leader,1.1492825146852867,social_logit,,
predictive_nll,held-out trajectory,755.0,Leader,0.9501616407918252,rf_full,,
predictive_nll,held-out trajectory,760.0,Leader,0.0369449680876116,self_logit,,
predictive_nll,held-out trajectory,760.0,Leader,0.0201429584516055,social_logit,,
predictive_nll,held-out trajectory,760.0,Leader,0.0180565824087762,rf_full,,
predictive_nll,held-out trajectory,765.0,Leader,1.3285916692357338,self_logit,,
predictive_nll,held-out trajectory,765.0,Leader,1.329787695602688,social_logit,,
predictive_nll,held-out trajectory,765.0,Leader,1.497058336057483,rf_full,,
predictive_nll,held-out trajectory,770.0,Leader,0.5955109899535257,self_logit,,
predictive_nll,held-out trajectory,770.0,Leader,0.5767366407538018,social_logit,,
predictive_nll,held-out trajectory,770.0,Leader,0.5573605098989122,rf_full,,
predictive_nll,held-out trajectory,775.0,Leader,0.4762773316945251,self_logit,,
predictive_nll,held-out trajectory,775.0,Leader,0.4483561491830281,social_logit,,
predictive_nll,held-out trajectory,775.0,Leader,0.4942246631585939,rf_full,,
predictive_nll,held-out trajectory,780.0,Leader,0.4323440953338338,self_logit,,
predictive_nll,held-out trajectory,780.0,Leader,0.4241316940444933,social_logit,,
predictive_nll,held-out trajectory,780.0,Leader,0.6035333699372174,rf_full,,
predictive_nll,held-out trajectory,785.0,Leader,0.5016345872584849,self_logit,,
predictive_nll,held-out trajectory,785.0,Leader,0.5452177737801661,social_logit,,
predictive_nll,held-out trajectory,785.0,Leader,0.5996115200780348,rf_full,,
predictive_nll,held-out trajectory,790.0,Leader,0.3327375544973889,self_logit,,
predictive_nll,held-out trajectory,790.0,Leader,0.3188684020640936,social_logit,,
predictive_nll,held-out trajectory,790.0,Leader,0.3523363460486487,rf_full,,
predictive_nll,held-out trajectory,795.0,Leader,1.101364979046025,self_logit,,
predictive_nll,held-out trajectory,795.0,Leader,1.0831267879741089,social_logit,,
predictive_nll,held-out trajectory,795.0,Leader,1.0781325083935729,rf_full,,
predictive_nll,held-out trajectory,800.0,Leader,0.5037272825265198,self_logit,,
predictive_nll,held-out trajectory,800.0,Leader,0.5464400991903425,social_logit,,
predictive_nll,held-out trajectory,800.0,Leader,0.5649199455245393,rf_full,,
predictive_nll,held-out trajectory,805.0,Leader,0.7154625572964286,self_logit,,
predictive_nll,held-out trajectory,805.0,Leader,0.5566467050006856,social_logit,,
predictive_nll,held-out trajectory,805.0,Leader,0.6680809768638705,rf_full,,
predictive_nll,held-out trajectory,810.0,Leader,0.6442995223301035,self_logit,,
predictive_nll,held-out trajectory,810.0,Leader,0.6710553452882374,social_logit,,
predictive_nll,held-out trajectory,810.0,Leader,0.5370455246605514,rf_full,,
predictive_nll,held-out trajectory,815.0,Leader,0.2784422766942653,self_logit,,
predictive_nll,held-out trajectory,815.0,Leader,0.263771043788706,social_logit,,
predictive_nll,held-out trajectory,815.0,Leader,0.4184849164779233,rf_full,,
predictive_nll,held-out trajectory,820.0,Leader,0.4590242955412631,self_logit,,
predictive_nll,held-out trajectory,820.0,Leader,0.5188715732227843,social_logit,,
predictive_nll,held-out trajectory,820.0,Leader,0.4848944515004082,rf_full,,
predictive_nll,held-out trajectory,825.0,Leader,0.705613984288666,self_logit,,
predictive_nll,held-out trajectory,825.0,Leader,0.5788222312062226,social_logit,,
predictive_nll,held-out trajectory,825.0,Leader,0.5059898611174495,rf_full,,
predictive_nll,held-out trajectory,830.0,Leader,1.2365720658018584,self_logit,,
predictive_nll,held-out trajectory,830.0,Leader,1.3038579168714486,social_logit,,
predictive_nll,held-out trajectory,830.0,Leader,1.0585849885163123,rf_full,,
predictive_nll,held-out trajectory,835.0,Leader,1.2054163863334866,self_logit,,
predictive_nll,held-out trajectory,835.0,Leader,1.1710267307014266,social_logit,,
predictive_nll,held-out trajectory,835.0,Leader,1.0415738230617015,rf_full,,
predictive_nll,held-out trajectory,840.0,Leader,0.0254458182673468,self_logit,,
predictive_nll,held-out trajectory,840.0,Leader,0.0200216691120959,social_logit,,
predictive_nll,held-out trajectory,840.0,Leader,0.1352588767191029,rf_full,,
predictive_nll,held-out trajectory,845.0,Leader,0.7483291212820731,self_logit,,
predictive_nll,held-out trajectory,845.0,Leader,0.6648049617840669,social_logit,,
predictive_nll,held-out trajectory,845.0,Leader,0.6645211144999239,rf_full,,
predictive_nll,held-out trajectory,850.0,Leader,0.7848443603274109,self_logit,,
predictive_nll,held-out trajectory,850.0,Leader,0.6851490687448811,social_logit,,
predictive_nll,held-out trajectory,850.0,Leader,0.6291049153495601,rf_full,,
predictive_nll,held-out trajectory,855.0,Leader,0.6126829516260023,self_logit,,
predictive_nll,held-out trajectory,855.0,Leader,0.5747331220249599,social_logit,,
predictive_nll,held-out trajectory,855.0,Leader,0.5389376064950715,rf_full,,
predictive_nll,held-out trajectory,860.0,Leader,0.0254458182673468,self_logit,,
predictive_nll,held-out trajectory,860.0,Leader,0.0191522873470393,social_logit,,
predictive_nll,held-out trajectory,860.0,Leader,0.0158285163970524,rf_full,,
predictive_nll,held-out trajectory,865.0,Leader,1.4121141445843033,self_logit,,
predictive_nll,held-out trajectory,865.0,Leader,1.2504251644255953,social_logit,,
predictive_nll,held-out trajectory,865.0,Leader,1.1238447468421788,rf_full,,
predictive_nll,held-out trajectory,870.0,Leader,1.3751395276543952,self_logit,,
predictive_nll,held-out trajectory,870.0,Leader,1.204502035683089,social_logit,,
predictive_nll,held-out trajectory,870.0,Leader,1.157040427379432,rf_full,,
predictive_nll,held-out trajectory,875.0,Leader,0.6607822355056024,self_logit,,
predictive_nll,held-out trajectory,875.0,Leader,0.765280773285076,social_logit,,
predictive_nll,held-out trajectory,875.0,Leader,0.6590633550104325,rf_full,,
predictive_nll,held-out trajectory,880.0,Leader,0.6105905469421652,self_logit,,
predictive_nll,held-out trajectory,880.0,Leader,0.6508237779713754,social_logit,,
predictive_nll,held-out trajectory,880.0,Leader,0.6358970141856991,rf_full,,
predictive_nll,held-out trajectory,885.0,Leader,0.0254458182673468,self_logit,,
predictive_nll,held-out trajectory,885.0,Leader,0.0202462236847299,social_logit,,
predictive_nll,held-out trajectory,885.0,Leader,0.0055246458166547,rf_full,,
predictive_nll,held-out trajectory,890.0,Leader,1.115673163425164,self_logit,,
predictive_nll,held-out trajectory,890.0,Leader,0.8211014401966686,social_logit,,
predictive_nll,held-out trajectory,890.0,Leader,0.8078371089005488,rf_full,,
predictive_nll,held-out trajectory,895.0,Leader,1.3025377146877453,self_logit,,
predictive_nll,held-out trajectory,895.0,Leader,1.240744637858516,social_logit,,
predictive_nll,held-out trajectory,895.0,Leader,1.4763623058096524,rf_full,,
predictive_nll,held-out trajectory,900.0,Leader,0.6902142922666954,self_logit,,
predictive_nll,held-out trajectory,900.0,Leader,0.6140103052743354,social_logit,,
predictive_nll,held-out trajectory,900.0,Leader,0.6183139047152957,rf_full,,
predictive_nll,held-out trajectory,905.0,Leader,0.8207752162976747,self_logit,,
predictive_nll,held-out trajectory,905.0,Leader,0.7345891394649717,social_logit,,
predictive_nll,held-out trajectory,905.0,Leader,0.6008510441419473,rf_full,,
predictive_nll,held-out trajectory,910.0,Leader,0.5872685696071432,self_logit,,
predictive_nll,held-out trajectory,910.0,Leader,0.5842740507669405,social_logit,,
predictive_nll,held-out trajectory,910.0,Leader,0.5032641692758302,rf_full,,
predictive_nll,held-out trajectory,915.0,Leader,0.5718677212724591,self_logit,,
predictive_nll,held-out trajectory,915.0,Leader,0.5424204522315773,social_logit,,
predictive_nll,held-out trajectory,915.0,Leader,0.6154447249588345,rf_full,,
predictive_nll,held-out trajectory,920.0,Leader,1.079468629983026,self_logit,,
predictive_nll,held-out trajectory,920.0,Leader,1.035300621674181,social_logit,,
predictive_nll,held-out trajectory,920.0,Leader,0.9784550988570838,rf_full,,
predictive_nll,held-out trajectory,925.0,Leader,0.6801794886548851,self_logit,,
predictive_nll,held-out trajectory,925.0,Leader,0.6472123758087912,social_logit,,
predictive_nll,held-out trajectory,925.0,Leader,0.5773995760426253,rf_full,,
predictive_nll,held-out trajectory,930.0,Leader,1.1709480647060773,self_logit,,
predictive_nll,held-out trajectory,930.0,Leader,1.2562453121991692,social_logit,,
predictive_nll,held-out trajectory,930.0,Leader,1.138321105140531,rf_full,,
predictive_nll,held-out trajectory,935.0,Leader,1.312815234154867,self_logit,,
predictive_nll,held-out trajectory,935.0,Leader,1.34791122256193,social_logit,,
predictive_nll,held-out trajectory,935.0,Leader,1.2056513575289094,rf_full,,
predictive_nll,held-out trajectory,940.0,Leader,0.5756113991436576,self_logit,,
predictive_nll,held-out trajectory,940.0,Leader,0.4134009796944,social_logit,,
predictive_nll,held-out trajectory,940.0,Leader,0.4111164031222613,rf_full,,
predictive_nll,held-out trajectory,945.0,Leader,0.9091373838789087,self_logit,,
predictive_nll,held-out trajectory,945.0,Leader,0.7994725425512491,social_logit,,
predictive_nll,held-out trajectory,945.0,Leader,0.7994437356022889,rf_full,,
predictive_nll,held-out trajectory,950.0,Leader,0.8541842501623907,self_logit,,
predictive_nll,held-out trajectory,950.0,Leader,0.777575452951998,social_logit,,
predictive_nll,held-out trajectory,950.0,Leader,0.9164721324645968,rf_full,,
predictive_nll,held-out trajectory,955.0,Leader,1.0173317739378829,self_logit,,
predictive_nll,held-out trajectory,955.0,Leader,0.9713732011522502,social_logit,,
predictive_nll,held-out trajectory,955.0,Leader,0.8873170011250723,rf_full,,
predictive_nll,held-out trajectory,960.0,Leader,0.743360426101466,self_logit,,
predictive_nll,held-out trajectory,960.0,Leader,0.7001995525758821,social_logit,,
predictive_nll,held-out trajectory,960.0,Leader,0.7786269954876845,rf_full,,
predictive_nll,held-out trajectory,965.0,Leader,1.6384145001822066,self_logit,,
predictive_nll,held-out trajectory,965.0,Leader,1.640052886164132,social_logit,,
predictive_nll,held-out trajectory,965.0,Leader,1.1792153131976393,rf_full,,
predictive_nll,held-out trajectory,970.0,Leader,0.9875398100386334,self_logit,,
predictive_nll,held-out trajectory,970.0,Leader,0.8502212232748801,social_logit,,
predictive_nll,held-out trajectory,970.0,Leader,0.8919903593748452,rf_full,,
predictive_nll,held-out trajectory,975.0,Leader,0.5296272250275891,self_logit,,
predictive_nll,held-out trajectory,975.0,Leader,0.5019561883243263,social_logit,,
predictive_nll,held-out trajectory,975.0,Leader,0.496190277456104,rf_full,,
predictive_nll,held-out trajectory,980.0,Leader,1.2411005117348948,self_logit,,
predictive_nll,held-out trajectory,980.0,Leader,1.2744839736895714,social_logit,,
predictive_nll,held-out trajectory,980.0,Leader,0.9292042186183695,rf_full,,
predictive_nll,held-out trajectory,985.0,Leader,0.4944281044608726,self_logit,,
predictive_nll,held-out trajectory,985.0,Leader,0.6374278579313906,social_logit,,
predictive_nll,held-out trajectory,985.0,Leader,0.5604177519850547,rf_full,,
predictive_nll,held-out trajectory,990.0,Leader,0.7502706066324438,self_logit,,
predictive_nll,held-out trajectory,990.0,Leader,0.7044897747288232,social_logit,,
predictive_nll,held-out trajectory,990.0,Leader,0.6199856036136642,rf_full,,
predictive_nll,held-out trajectory,995.0,Leader,0.523102775269223,self_logit,,
predictive_nll,held-out trajectory,995.0,Leader,0.508552306249975,social_logit,,
predictive_nll,held-out trajectory,995.0,Leader,0.5105834180662965,rf_full,,
entropy_gate,trajectory with low/high entropy bins,5.0,Follower,0.6515038725653687,,0.2347668015091196,0.8862706740744883
entropy_gate,trajectory with low/high entropy bins,10.0,Follower,0.0460554347653073,,0.1727484413244441,0.2188038760897515
entropy_gate,trajectory with low/high entropy bins,15.0,Follower,0.5074733146744088,,0.3880475645838391,0.895520879258248
entropy_gate,trajectory with low/high entropy bins,20.0,Follower,-0.0195813171924793,,0.4553183000537963,0.4357369828613169
entropy_gate,trajectory with low/high entropy bins,25.0,Follower,0.2901678575441025,,0.1936795483088276,0.4838474058529301
entropy_gate,trajectory with low/high entropy bins,45.0,Follower,-0.0479466636191113,,0.4851529352553523,0.437206271636241
entropy_gate,trajectory with low/high entropy bins,55.0,Follower,-0.0679609550894608,,0.0423417089718776,-0.0256192461175832
entropy_gate,trajectory with low/high entropy bins,60.0,Follower,-0.2611109255249976,,0.3479285462128629,0.0868176206878653
entropy_gate,trajectory with low/high entropy bins,65.0,Follower,-0.0607663988940895,,0.1222839274848874,0.0615175285907979
entropy_gate,trajectory with low/high entropy bins,70.0,Follower,0.3328278413717196,,0.1739971290053769,0.5068249703770965
entropy_gate,trajectory with low/high entropy bins,75.0,Follower,0.1933905088208946,,0.1739971290053769,0.3673876378262715
entropy_gate,trajectory with low/high entropy bins,80.0,Follower,-0.3789392905898543,,0.526304179979197,0.1473648893893426
entropy_gate,trajectory with low/high entropy bins,90.0,Follower,0.6355214190600321,,0.2599994601982158,0.895520879258248
entropy_gate,trajectory with low/high entropy bins,95.0,Follower,-0.056384007115024,,0.6812380989693416,0.6248540918543176
entropy_gate,trajectory with low/high entropy bins,100.0,Follower,-0.1792552489803776,,0.0581384366726316,-0.1211168123077459
entropy_gate,trajectory with low/high entropy bins,110.0,Follower,1.4176759813084088,,-0.4140097711442467,1.003666210164162
entropy_gate,trajectory with low/high entropy bins,115.0,Follower,-0.0062841025440921,,0.525783655992793,0.5194995534487008
entropy_gate,trajectory with low/high entropy bins,120.0,Follower,0.2924032125290034,,0.4386805937892811,0.7310838063182845
entropy_gate,trajectory with low/high entropy bins,125.0,Follower,0.4529894707424425,,0.1448686964187464,0.597858167161189
entropy_gate,trajectory with low/high entropy bins,130.0,Follower,0.1877043728195084,,0.1739971290053769,0.3617015018248853
entropy_gate,trajectory with low/high entropy bins,140.0,Follower,0.2059372594237605,,0.1641381318166596,0.3700753912404201
entropy_gate,trajectory with low/high entropy bins,150.0,Follower,-0.2528184241692283,,0.1699271731642919,-0.0828912510049364
entropy_gate,trajectory with low/high entropy bins,160.0,Follower,0.518414028318255,,0.1739971290053769,0.6924111573236319
entropy_gate,trajectory with low/high entropy bins,165.0,Follower,-0.2171690725321601,,0.2482837439014177,0.0311146713692575
entropy_gate,trajectory with low/high entropy bins,170.0,Follower,0.0850745532073691,,0.2505362913152259,0.335610844522595
entropy_gate,trajectory with low/high entropy bins,175.0,Follower,0.0906406727905975,,0.2498212473419262,0.3404619201325238
entropy_gate,trajectory with low/high entropy bins,190.0,Follower,0.4490145197076968,,-0.0731407363621549,0.3758737833455418
entropy_gate,trajectory with low/high entropy bins,195.0,Follower,0.4671679518032333,,0.5550638112465213,1.0222317630497546
entropy_gate,trajectory with low/high entropy bins,200.0,Follower,-0.0027486738184272,,0.4888066085242634,0.4860579347058361
entropy_gate,trajectory with low/high entropy bins,205.0,Follower,-0.0523384064517553,,0.3880475645838391,0.3357091581320837
entropy_gate,trajectory with low/high entropy bins,210.0,Follower,0.5045873319077232,,0.0114975762855039,0.5160849081932272
entropy_gate,trajectory with low/high entropy bins,215.0,Follower,-0.0450277138474558,,0.0574873757150847,0.0124596618676288
entropy_gate,trajectory with low/high entropy bins,230.0,Follower,-0.0340244105002213,,0.3719754093288508,0.3379509988286294
entropy_gate,trajectory with low/high entropy bins,235.0,Follower,0.4511666455417179,,0.2492413597281319,0.7004080052698498
entropy_gate,trajectory with low/high entropy bins,240.0,Follower,-0.1771518651664284,,0.4044093758976315,0.227257510731203
entropy_gate,trajectory with low/high entropy bins,245.0,Follower,0.2825347856593085,,0.1739971290053769,0.4565319146646854
entropy_gate,trajectory with low/high entropy bins,255.0,Follower,-0.1108470728050849,,0.3070962725029009,0.196249199697816
entropy_gate,trajectory with low/high entropy bins,260.0,Follower,-0.1034999142491457,,0.5752134184068876,0.4717135041577418
entropy_gate,trajectory with low/high entropy bins,265.0,Follower,0.2981524048377551,,0.4700959191318871,0.7682483239696423
entropy_gate,trajectory with low/high entropy bins,285.0,Follower,0.5442110089354734,,-0.3216959293587508,0.2225150795767225
entropy_gate,trajectory with low/high entropy bins,290.0,Follower,0.038013512621978,,0.526304179979197,0.564317692601175
entropy_gate,trajectory with low/high entropy bins,295.0,Follower,-0.131876813860987,,0.6165649182772449,0.4846881044162578
entropy_gate,trajectory with low/high entropy bins,300.0,Follower,-0.3745692682122498,,0.2172054639589165,-0.1573638042533333
entropy_gate,trajectory with low/high entropy bins,310.0,Follower,0.5450695431185274,,-0.1312885300259602,0.4137810130925672
entropy_gate,trajectory with low/high entropy bins,320.0,Follower,0.4050872655502526,,-0.1390447296576964,0.2660425358925562
entropy_gate,trajectory with low/high entropy bins,325.0,Follower,0.5117658159915546,,-0.1874252887713233,0.3243405272202313
entropy_gate,trajectory with low/high entropy bins,335.0,Follower,0.7069549464343646,,0.0186488985410568,0.7256038449754215
entropy_gate,trajectory with low/high entropy bins,350.0,Follower,0.3650027848248637,,0.4039483832134048,0.7689511680382686
entropy_gate,trajectory with low/high entropy bins,355.0,Follower,0.5010610361417049,,-0.063854764505464,0.437206271636241
entropy_gate,trajectory with low/high entropy bins,360.0,Follower,-0.1269871170199324,,0.1735793314221167,0.0465922144021842
entropy_gate,trajectory with low/high entropy bins,365.0,Follower,-0.9788205102090412,,0.4386805937892811,-0.5401399164197601
entropy_gate,trajectory with low/high entropy bins,375.0,Follower,0.4871915477178885,,0.020044062841279,0.5072356105591675
entropy_gate,trajectory with low/high entropy bins,380.0,Follower,0.1846253664876008,,0.1969291591122267,0.3815545255998275
entropy_gate,trajectory with low/high entropy bins,395.0,Follower,0.3279979420199316,,0.1980599128355532,0.5260578548554848
entropy_gate,trajectory with low/high entropy bins,400.0,Follower,0.0191723050321101,,0.0352506426484664,0.0544229476805766
entropy_gate,trajectory with low/high entropy bins,405.0,Follower,0.1257453165700935,,0.2442121085362005,0.3699574251062941
entropy_gate,trajectory with low/high entropy bins,420.0,Follower,-1.1424548486903103,,1.0207607350236247,-0.1216941136666855
entropy_gate,trajectory with low/high entropy bins,425.0,Follower,0.0012414791275321,,0.2427190224096363,0.2439605015371685
entropy_gate,trajectory with low/high entropy bins,430.0,Follower,-0.0778160067362226,,0.1274006794851835,0.0495846727489608
entropy_gate,trajectory with low/high entropy bins,455.0,Follower,0.3616639529712688,,0.0185467134306241,0.380210666401893
entropy_gate,trajectory with low/high entropy bins,460.0,Follower,0.5361554192711732,,-0.1433093085323349,0.3928461107388382
entropy_gate,trajectory with low/high entropy bins,465.0,Follower,-0.5631355719834845,,0.7538554411815793,0.1907198691980948
entropy_gate,trajectory with low/high entropy bins,470.0,Follower,0.687275074407508,,0.1294809522704319,0.8167560266779399
entropy_gate,trajectory with low/high entropy bins,475.0,Follower,0.315339778080515,,0.526304179979197,0.841643958059712
entropy_gate,trajectory with low/high entropy bins,480.0,Follower,0.3073326982192739,,0.1739971290053769,0.4813298272246508
entropy_gate,trajectory with low/high entropy bins,485.0,Follower,0.5025617433176967,,0.1739971290053769,0.6765588723230735
entropy_gate,trajectory with low/high entropy bins,495.0,Follower,0.7671377315555314,,-0.1110149645490509,0.6561227670064805
entropy_gate,trajectory with low/high entropy bins,500.0,Follower,0.6009007871340205,,-0.5246176953281428,0.0762830918058776
entropy_gate,trajectory with low/high entropy bins,505.0,Follower,-0.2394122375766083,,0.4542273133377476,0.2148150757611392
entropy_gate,trajectory with low/high entropy bins,510.0,Follower,-0.2306291937009985,,0.6445931810511545,0.413963987350156
entropy_gate,trajectory with low/high entropy bins,515.0,Follower,0.3869407284941136,,0.0722405893308905,0.4591813178250042
entropy_gate,trajectory with low/high entropy bins,525.0,Follower,-0.4303371925529169,,0.2495300119447029,-0.180807180608214
entropy_gate,trajectory with low/high entropy bins,530.0,Follower,0.1365018575141821,,0.1739971290053769,0.310498986519559
entropy_gate,trajectory with low/high entropy bins,535.0,Follower,0.0461927296399887,,0.4174879467696082,0.463680676409597
entropy_gate,trajectory with low/high entropy bins,540.0,Follower,0.5372287028395794,,-0.3701776643868633,0.167051038452716
entropy_gate,trajectory with low/high entropy bins,545.0,Follower,0.2603602751843606,,0.4387224887118536,0.6990827638962143
entropy_gate,trajectory with low/high entropy bins,550.0,Follower,0.1180431622130734,,0.3967604743159376,0.5148036365290111
entropy_gate,trajectory with low/high entropy bins,555.0,Follower,-0.9489892875708142,,0.0370861074427417,-0.9119031801280726
entropy_gate,trajectory with low/high entropy bins,560.0,Follower,-0.1534451983096784,,0.526304179979197,0.3728589816695185
entropy_gate,trajectory with low/high entropy bins,570.0,Follower,0.3955901698028289,,-0.1890070568417795,0.2065831129610494
entropy_gate,trajectory with low/high entropy bins,575.0,Follower,-0.0247414885054867,,0.5923091949137188,0.5675677064082321
entropy_gate,trajectory with low/high entropy bins,585.0,Follower,-0.5294109575177519,,0.6020606500616107,0.0726496925438588
entropy_gate,trajectory with low/high entropy bins,600.0,Follower,-1.6095596153139713,,1.8636020204711337,0.2540424051571623
entropy_gate,trajectory with low/high entropy bins,610.0,Follower,-0.0120217505679996,,0.2172054639589165,0.2051837133909168
entropy_gate,trajectory with low/high entropy bins,615.0,Follower,-0.6762708532210735,,0.4386805937892811,-0.2375902594317924
entropy_gate,trajectory with low/high entropy bins,630.0,Follower,0.0972275217436933,,0.457175872281518,0.5544033940252113
entropy_gate,trajectory with low/high entropy bins,635.0,Follower,-0.1845006950273204,,-0.2937688447879459,-0.4782695398152664
entropy_gate,trajectory with low/high entropy bins,650.0,Follower,-0.3415394914919006,,0.8601909893787751,0.5186514978868745
entropy_gate,trajectory with low/high entropy bins,655.0,Follower,-0.7213065742206641,,0.6020606500616107,-0.1192459241590535
entropy_gate,trajectory with low/high entropy bins,660.0,Follower,-0.2290884883310391,,0.1375773027352902,-0.0915111855957488
entropy_gate,trajectory with low/high entropy bins,680.0,Follower,0.5025617433176967,,0.1739971290053769,0.6765588723230735
entropy_gate,trajectory with low/high entropy bins,685.0,Follower,-0.0823555403432307,,0.1693776769296354,0.0870221365864046
entropy_gate,trajectory with low/high entropy bins,690.0,Follower,-0.502708130374463,,0.2772984982811868,-0.2254096320932762
entropy_gate,trajectory with low/high entropy bins,695.0,Follower,-0.400353042013655,,0.0048012114337234,-0.3955518305799316
entropy_gate,trajectory with low/high entropy bins,725.0,Follower,0.3728743484330977,,0.3961549535882368,0.7690293020213346
entropy_gate,trajectory with low/high entropy bins,730.0,Follower,-0.1437074025416823,,0.6981107965668937,0.5544033940252113
entropy_gate,trajectory with low/high entropy bins,735.0,Follower,0.0486386183205918,,0.0922839759255089,0.1409225942461008
entropy_gate,trajectory with low/high entropy bins,740.0,Follower,0.4688694861507441,,-0.1015563955205038,0.3673130906302403
entropy_gate,trajectory with low/high entropy bins,745.0,Follower,0.4216751140002595,,0.2899036706622669,0.7115787846625264
entropy_gate,trajectory with low/high entropy bins,755.0,Follower,0.0156907946826819,,0.3670917423600786,0.3827825370427605
entropy_gate,trajectory with low/high entropy bins,770.0,Follower,0.7945408205661437,,-0.0999203340382043,0.6946204865279394
entropy_gate,trajectory with low/high entropy bins,780.0,Follower,-0.0734978049058334,,0.6410655113140655,0.5675677064082321
entropy_gate,trajectory with low/high entropy bins,785.0,Follower,-0.1226443806737254,,0.6025187412841212,0.4798743606103958
entropy_gate,trajectory with low/high entropy bins,790.0,Follower,-0.5084598952542924,,0.8167795474234935,0.3083196521692011
entropy_gate,trajectory with low/high entropy bins,805.0,Follower,-0.8174481860019208,,0.4553183000537963,-0.3621298859481245
entropy_gate,trajectory with low/high entropy bins,810.0,Follower,0.2250305252975438,,0.2908635564463333,0.5158940817438772
entropy_gate,trajectory with low/high entropy bins,815.0,Follower,0.1723192627826181,,0.1739971290053769,0.346316391787995
entropy_gate,trajectory with low/high entropy bins,820.0,Follower,0.6139305233952304,,0.1075921531875656,0.7215226765827959
entropy_gate,trajectory with low/high entropy bins,825.0,Follower,-0.0327627109023249,,0.6445931810511545,0.6118304701488295
entropy_gate,trajectory with low/high entropy bins,830.0,Follower,0.0590534062663948,,0.291114228436708,0.3501676347031028
entropy_gate,trajectory with low/high entropy bins,835.0,Follower,-0.1813490810477274,,-0.0153010707633346,-0.1966501518110621
entropy_gate,trajectory with low/high entropy bins,850.0,Follower,-0.3139663317766893,,0.1081223720625799,-0.2058439597141094
entropy_gate,trajectory with low/high entropy bins,855.0,Follower,-0.0412865495335493,,0.3328762409945365,0.2915896914609872
entropy_gate,trajectory with low/high entropy bins,875.0,Follower,0.4942033015498202,,-0.2412562141508782,0.252947087398942
entropy_gate,trajectory with low/high entropy bins,880.0,Follower,0.2049367554731705,,-0.0722940561188485,0.132642699354322
entropy_gate,trajectory with low/high entropy bins,885.0,Follower,0.2619241221650449,,0.212751394312304,0.4746755164773489
entropy_gate,trajectory with low/high entropy bins,895.0,Follower,-0.1722681932976648,,0.2498212473419262,0.0775530540442614
entropy_gate,trajectory with low/high entropy bins,900.0,Follower,-0.1394424136594924,,0.6445931810511545,0.5051507673916621
entropy_gate,trajectory with low/high entropy bins,905.0,Follower,-0.6294966751971951,,1.115189233096932,0.4856925578997368
entropy_gate,trajectory with low/high entropy bins,915.0,Follower,-0.6621702952693681,,0.5410137287185847,-0.1211565665507834
entropy_gate,trajectory with low/high entropy bins,925.0,Follower,-0.4259941206413302,,0.4553183000537963,0.029324179412466
entropy_gate,trajectory with low/high entropy bins,930.0,Follower,0.1183756811167174,,-0.0060421068374246,0.1123335742792928
entropy_gate,trajectory with low/high entropy bins,935.0,Follower,-0.2546269061868619,,0.3443063273087461,0.0896794211218841
entropy_gate,trajectory with low/high entropy bins,940.0,Follower,0.1889291999825914,,0.2735701989769041,0.4624993989594955
entropy_gate,trajectory with low/high entropy bins,960.0,Follower,0.2874056451679991,,0.0403041611001642,0.3277098062681634
entropy_gate,trajectory with low/high entropy bins,965.0,Follower,-0.1828690238418938,,0.7500380589745257,0.5671690351326318
entropy_gate,trajectory with low/high entropy bins,970.0,Follower,0.5940872787546785,,-0.8474302033501805,-0.253342924595502
entropy_gate,trajectory with low/high entropy bins,975.0,Follower,0.070097666512307,,0.2772984982811868,0.3473961647934939
entropy_gate,trajectory with low/high entropy bins,980.0,Follower,1.1766867720690857,,-0.5086246906099077,0.6680620814591779
entropy_gate,trajectory with low/high entropy bins,985.0,Follower,0.1259132676032481,,0.2772984982811868,0.4032117658844349
entropy_gate,trajectory with low/high entropy bins,990.0,Follower,-0.0713485453654343,,0.2772984982811868,0.2059499529157524
entropy_gate,trajectory with low/high entropy bins,995.0,Follower,-0.1387056172284333,,0.5831759828478855,0.4444703656194522
entropy_gate,trajectory with low/high entropy bins,0.0,Leader,-0.3613868455020286,,0.4569346491961554,0.0955478036941267
entropy_gate,trajectory with low/high entropy bins,5.0,Leader,0.0323905401073872,,-0.0176230876217516,0.0147674524856355
entropy_gate,trajectory with low/high entropy bins,20.0,Leader,0.2780895247562551,,-0.0178003915073085,0.2602891332489466
entropy_gate,trajectory with low/high entropy bins,35.0,Leader,0.5765916049960094,,-0.6171734785925379,-0.0405818735965285
entropy_gate,trajectory with low/high entropy bins,45.0,Leader,0.0546231276114975,,0.0127263300435102,0.0673494576550077
entropy_gate,trajectory with low/high entropy bins,55.0,Leader,0.3614456548291558,,-0.2627998280959007,0.098645826733255
entropy_gate,trajectory with low/high entropy bins,60.0,Leader,-0.2363536622893919,,-0.1557749429090577,-0.3921286051984496
entropy_gate,trajectory with low/high entropy bins,65.0,Leader,0.1091411687109372,,-0.0007547058279838,0.1083864628829534
entropy_gate,trajectory with low/high entropy bins,70.0,Leader,0.3335994984528887,,0.0070415463991699,0.3406410448520587
entropy_gate,trajectory with low/high entropy bins,85.0,Leader,-0.7901367735346956,,0.0086405336624513,-0.7814962398722443
entropy_gate,trajectory with low/high entropy bins,100.0,Leader,-0.650524959320164,,0.8910333943505306,0.2405084350303666
entropy_gate,trajectory with low/high entropy bins,115.0,Leader,-0.289481228417195,,0.0202272419997558,-0.2692539864174391
entropy_gate,trajectory with low/high entropy bins,125.0,Leader,-1.5975306315327955,,1.5741664748575437,-0.023364156675252
entropy_gate,trajectory with low/high entropy bins,130.0,Leader,-0.089983365749872,,0.0031958268475496,-0.0867875389023224
entropy_gate,trajectory with low/high entropy bins,155.0,Leader,-0.6947910518608944,,0.8910333943505306,0.1962423424896362
entropy_gate,trajectory with low/high entropy bins,170.0,Leader,-0.0884825128316802,,0.0020610490327914,-0.0864214637988888
entropy_gate,trajectory with low/high entropy bins,175.0,Leader,-0.3659401658300007,,0.0086405336624513,-0.3572996321675494
entropy_gate,trajectory with low/high entropy bins,205.0,Leader,0.0668067506885648,,0.0063317201482893,0.0731384708368541
entropy_gate,trajectory with low/high entropy bins,210.0,Leader,0.2589095015522494,,0.0114143303298648,0.2703238318821143
entropy_gate,trajectory with low/high entropy bins,215.0,Leader,-0.6334297523035519,,0.5591454432971635,-0.0742843090063884
entropy_gate,trajectory with low/high entropy bins,230.0,Leader,0.0586378339602265,,0.0003191237349635,0.0589569576951901
entropy_gate,trajectory with low/high entropy bins,245.0,Leader,-0.2077258627115975,,0.0041653918159292,-0.2035604708956683
entropy_gate,trajectory with low/high entropy bins,250.0,Leader,0.2245042478666491,,0.0056536427821353,0.2301578906487844
entropy_gate,trajectory with low/high entropy bins,260.0,Leader,0.039669122276273,,0.0070415463991699,0.046710668675443
entropy_gate,trajectory with low/high entropy bins,265.0,Leader,0.0959320321603104,,0.0112170900071157,0.1071491221674261
entropy_gate,trajectory with low/high entropy bins,270.0,Leader,-0.3897400741232334,,0.1386102184966581,-0.2511298556265753
entropy_gate,trajectory with low/high entropy bins,285.0,Leader,-0.3805066832402691,,-0.0245682503232735,-0.4050749335635426
entropy_gate,trajectory with low/high entropy bins,290.0,Leader,-0.3127408976581243,,0.0219394633444314,-0.2908014343136929
entropy_gate,trajectory with low/high entropy bins,295.0,Leader,-0.2730599022533344,,0.0120736353297966,-0.2609862669235377
entropy_gate,trajectory with low/high entropy bins,320.0,Leader,-0.0868382348458492,,-0.0043854166858261,-0.0912236515316753
entropy_gate,trajectory with low/high entropy bins,335.0,Leader,-0.173398797074381,,-0.0959778773460513,-0.2693766744204323
entropy_gate,trajectory with low/high entropy bins,350.0,Leader,0.0803794191358344,,-0.0005996082656094,0.079779810870225
entropy_gate,trajectory with low/high entropy bins,370.0,Leader,-0.10379479339465,,0.0424074916993411,-0.0613873016953088
entropy_gate,trajectory with low/high entropy bins,380.0,Leader,-0.6319283740492847,,0.0121929093927548,-0.6197354646565298
entropy_gate,trajectory with low/high entropy bins,390.0,Leader,0.2480204823023575,,0.0238374591067553,0.2718579414091129
entropy_gate,trajectory with low/high entropy bins,395.0,Leader,-0.2541022685460058,,-0.0043854166858261,-0.2584876852318319
entropy_gate,trajectory with low/high entropy bins,400.0,Leader,0.0128541480378026,,-0.0043854166858261,0.0084687313519765
entropy_gate,trajectory with low/high entropy bins,405.0,Leader,0.0539608080218539,,0.0126553417258033,0.0666161497476572
entropy_gate,trajectory with low/high entropy bins,410.0,Leader,-0.1386872184258934,,0.2639212182912639,0.1252339998653704
entropy_gate,trajectory with low/high entropy bins,425.0,Leader,0.0760554358886747,,0.0175797470372848,0.0936351829259595
entropy_gate,trajectory with low/high entropy bins,455.0,Leader,0.0915704656198702,,0.0069865277482199,0.0985569933680902
entropy_gate,trajectory with low/high entropy bins,460.0,Leader,-0.1506673559782815,,0.0218955940835301,-0.1287717618947514
entropy_gate,trajectory with low/high entropy bins,465.0,Leader,0.1342210999481384,,-0.0245682503232735,0.1096528496248649
entropy_gate,trajectory with low/high entropy bins,470.0,Leader,-1.36405148683,,0.0018508817261958,-1.362200605103804
entropy_gate,trajectory with low/high entropy bins,480.0,Leader,0.0348676307469202,,0.0067128906038665,0.0415805213507868
entropy_gate,trajectory with low/high entropy bins,500.0,Leader,-0.2244104488848587,,0.0137841028285307,-0.2106263460563279
entropy_gate,trajectory with low/high entropy bins,505.0,Leader,-0.0153114074504713,,0.0150532422088296,-0.0002581652416416
entropy_gate,trajectory with low/high entropy bins,510.0,Leader,-0.0242221452874603,,-0.0043854166858261,-0.0286075619732864
entropy_gate,trajectory with low/high entropy bins,515.0,Leader,-0.033585994439217,,0.0068518697458995,-0.0267341246933174
entropy_gate,trajectory with low/high entropy bins,520.0,Leader,-0.3320019452321806,,0.3580603463840011,0.0260584011518205
entropy_gate,trajectory with low/high entropy bins,535.0,Leader,0.0100723779296453,,0.0110687571436122,0.0211411350732575
entropy_gate,trajectory with low/high entropy bins,540.0,Leader,0.0502721730774491,,0.0070415463991699,0.0573137194766191
entropy_gate,trajectory with low/high entropy bins,545.0,Leader,0.377828729423553,,0.0117335819833773,0.3895623114069304
entropy_gate,trajectory with low/high entropy bins,550.0,Leader,-0.0264733022553135,,-0.0205906372629874,-0.047063939518301
entropy_gate,trajectory with low/high entropy bins,560.0,Leader,0.1414545195170798,,0.0177382005796161,0.159192720096696
entropy_gate,trajectory with low/high entropy bins,565.0,Leader,-0.4527428640130825,,0.4041442452184287,-0.0485986187946538
entropy_gate,trajectory with low/high entropy bins,570.0,Leader,-0.5726032466170579,,0.7646449975247496,0.1920417509076917
entropy_gate,trajectory with low/high entropy bins,575.0,Leader,0.0319619753229125,,0.0110687571436122,0.0430307324665247
entropy_gate,trajectory with low/high entropy bins,600.0,Leader,0.1418500879104043,,0.0238956344175366,0.165745722327941
entropy_gate,trajectory with low/high entropy bins,625.0,Leader,-0.4467314166036279,,0.4569346491961554,0.0102032325925274
entropy_gate,trajectory with low/high entropy bins,635.0,Leader,0.180740746043773,,-0.0622325359694134,0.1185082100743596
entropy_gate,trajectory with low/high entropy bins,640.0,Leader,-0.2022704164887407,,0.0065090040306061,-0.1957614124581346
entropy_gate,trajectory with low/high entropy bins,645.0,Leader,-0.1082621386123085,,0.0040657897863083,-0.1041963488260002
entropy_gate,trajectory with low/high entropy bins,650.0,Leader,-0.0808382644130662,,0.0033238307975331,-0.0775144336155331
entropy_gate,trajectory with low/high entropy bins,670.0,Leader,0.0469935264007341,,0.0215711275398648,0.068564653940599
entropy_gate,trajectory with low/high entropy bins,675.0,Leader,-0.9962912389254236,,0.9541755658179292,-0.0421156731074945
entropy_gate,trajectory with low/high entropy bins,685.0,Leader,-0.6176355331493905,,0.0094338488398427,-0.6082016843095477
entropy_gate,trajectory with low/high entropy bins,690.0,Leader,-0.4965462850935406,,0.0234446294582055,-0.4731016556353351
entropy_gate,trajectory with low/high entropy bins,710.0,Leader,-0.0638683583369658,,0.0003018077435277,-0.0635665505934381
entropy_gate,trajectory with low/high entropy bins,720.0,Leader,-0.1976707978062045,,0.1254073890740632,-0.0722634087321412
entropy_gate,trajectory with low/high entropy bins,735.0,Leader,-0.0214166663845396,,-0.0260868205311932,-0.0475034869157328
entropy_gate,trajectory with low/high entropy bins,745.0,Leader,0.1146848410476461,,-0.0425549304796968,0.0721299105679493
entropy_gate,trajectory with low/high entropy bins,750.0,Leader,0.1176064597050353,,-0.3071644691322893,-0.1895580094272539
entropy_gate,trajectory with low/high entropy bins,755.0,Leader,0.0346282093611532,,0.0065090040306061,0.0411372133917594
entropy_gate,trajectory with low/high entropy bins,765.0,Leader,0.1479707489303018,,0.0127162003176846,0.1606869492479865
entropy_gate,trajectory with low/high entropy bins,770.0,Leader,0.1550333064658512,,0.0056536427821353,0.1606869492479865
entropy_gate,trajectory with low/high entropy bins,785.0,Leader,-0.1292452982522364,,0.0089195314933926,-0.1203257667588437
entropy_gate,trajectory with low/high entropy bins,790.0,Leader,0.3780978817044549,,0.0058111765523622,0.3839090582568172
entropy_gate,trajectory with low/high entropy bins,795.0,Leader,-0.1805516369661561,,0.1481067585508224,-0.0324448784153336
entropy_gate,trajectory with low/high entropy bins,805.0,Leader,0.0905232874790525,,-0.0178003915073085,0.072722895971744
entropy_gate,trajectory with low/high entropy bins,810.0,Leader,-0.0860881367619011,,-0.0007670420616037,-0.0868551788235049
entropy_gate,trajectory with low/high entropy bins,820.0,Leader,0.0830895039674861,,0.0114143303298648,0.0945038342973509
entropy_gate,trajectory with low/high entropy bins,825.0,Leader,-0.0603163601389159,,-0.0053713840717365,-0.0656877442106524
entropy_gate,trajectory with low/high entropy bins,830.0,Leader,-0.0439122229290034,,-0.0014783600774568,-0.0453905830064603
entropy_gate,trajectory with low/high entropy bins,835.0,Leader,-0.7314635693128735,,0.2708919576542795,-0.460571611658594
entropy_gate,trajectory with low/high entropy bins,855.0,Leader,-0.0963065579519093,,0.0041653918159292,-0.0921411661359801
entropy_gate,trajectory with low/high entropy bins,875.0,Leader,0.1749699605346912,,0.0041653918159292,0.1791353523506204
entropy_gate,trajectory with low/high entropy bins,880.0,Leader,0.0016105025047008,,0.011224698997743,0.0128352015024438
entropy_gate,trajectory with low/high entropy bins,890.0,Leader,-0.7840699635833347,,0.7843362567405852,0.0002662931572504
entropy_gate,trajectory with low/high entropy bins,900.0,Leader,-0.0596238995377882,,-0.0043854166858261,-0.0640093162236143
entropy_gate,trajectory with low/high entropy bins,910.0,Leader,-0.3252201015637143,,0.0086039545422879,-0.3166161470214264
entropy_gate,trajectory with low/high entropy bins,915.0,Leader,0.1648549815336694,,-0.1019910607960314,0.0628639207376379
entropy_gate,trajectory with low/high entropy bins,920.0,Leader,-0.0410340978606512,,0.0003018077435277,-0.0407322901171235
entropy_gate,trajectory with low/high entropy bins,925.0,Leader,-0.2947379029280007,,-0.0172419283038222,-0.3119798312318229
entropy_gate,trajectory with low/high entropy bins,930.0,Leader,-0.0852253756521652,,0.0089605644582481,-0.076264811193917
entropy_gate,trajectory with low/high entropy bins,935.0,Leader,-0.1807844103685896,,0.0127263300435102,-0.1680580803250794
entropy_gate,trajectory with low/high entropy bins,945.0,Leader,-0.431197897934602,,0.4569346491961554,0.0257367512615533
entropy_gate,trajectory with low/high entropy bins,965.0,Leader,0.0107345719634105,,0.0111323105744785,0.0218668825378891
entropy_gate,trajectory with low/high entropy bins,980.0,Leader,0.1253001312797883,,0.0215711275398648,0.1468712588196532
entropy_gate,trajectory with low/high entropy bins,985.0,Leader,-0.5945315661150558,,0.0218948904005415,-0.5726366757145143
entropy_gate,trajectory with low/high entropy bins,990.0,Leader,-0.0071165484414038,,0.0127263300435102,0.0056097816021063
entropy_gate,trajectory with low/high entropy bins,995.0,Leader,0.0172203013079052,,0.0070415463991699,0.0242618477070752
